solid OpenSCAD_Model
  facet normal 0 0 -1
    outer loop
      vertex 1.79999 62.0809 0
      vertex 6.40799 62.4874 0
      vertex 1.79999 61.2527 0
    endloop
  endfacet
  facet normal -0 0 -1
    outer loop
      vertex 6.40799 62.4874 0
      vertex 1.79999 62.0809 0
      vertex 6.29814 63.2862 0
    endloop
  endfacet
  facet normal 0 0 -1
    outer loop
      vertex 1.79999 53.3309 0
      vertex 7.56836 54.0483 0
      vertex 1.79999 52.5027 0
    endloop
  endfacet
  facet normal -0 0 -1
    outer loop
      vertex 7.56836 54.0483 0
      vertex 1.79999 53.3309 0
      vertex 7.45853 54.8471 0
    endloop
  endfacet
  facet normal 0 0 -1
    outer loop
      vertex 1.79999 44.5809 0
      vertex 8.72873 45.6092 0
      vertex 1.79999 43.7527 0
    endloop
  endfacet
  facet normal -0 0 -1
    outer loop
      vertex 8.72873 45.6092 0
      vertex 1.79999 44.5809 0
      vertex 8.6189 46.408 0
    endloop
  endfacet
  facet normal 0 0 -1
    outer loop
      vertex 9.64207 -8.56001 0
      vertex 16 -12 0
      vertex 9.68546 -8.7781 0
    endloop
  endfacet
  facet normal 0 0 -1
    outer loop
      vertex 16 -12 0
      vertex 9.68546 -3.82189 0
      vertex 9.7 -3.6 0
    endloop
  endfacet
  facet normal 0 0 -1
    outer loop
      vertex 9.57059 -8.34944 0
      vertex 16 -12 0
      vertex 9.64207 -8.56001 0
    endloop
  endfacet
  facet normal 0 0 -1
    outer loop
      vertex 16 -12 0
      vertex 9.64207 -4.03999 0
      vertex 9.68546 -3.82189 0
    endloop
  endfacet
  facet normal 0 0 -1
    outer loop
      vertex 9.57059 -4.25056 0
      vertex 16 -12 0
      vertex 9.57059 -8.34944 0
    endloop
  endfacet
  facet normal 0 0 -1
    outer loop
      vertex 16 -12 0
      vertex 9.57059 -4.25056 0
      vertex 9.64207 -4.03999 0
    endloop
  endfacet
  facet normal 0 0 -1
    outer loop
      vertex 9.47224 -8.15 0
      vertex 9.57059 -4.25056 0
      vertex 9.57059 -8.34944 0
    endloop
  endfacet
  facet normal 0 0 -1
    outer loop
      vertex 9.47224 -8.15 0
      vertex 9.47224 -4.45 0
      vertex 9.57059 -4.25056 0
    endloop
  endfacet
  facet normal 0 0 -1
    outer loop
      vertex 9.3487 -7.96511 0
      vertex 9.47224 -4.45 0
      vertex 9.47224 -8.15 0
    endloop
  endfacet
  facet normal 0 0 -1
    outer loop
      vertex 9.3487 -7.96511 0
      vertex 9.3487 -4.63489 0
      vertex 9.47224 -4.45 0
    endloop
  endfacet
  facet normal 0 0 -1
    outer loop
      vertex 9.20208 -7.79792 0
      vertex 9.3487 -4.63489 0
      vertex 9.3487 -7.96511 0
    endloop
  endfacet
  facet normal 0 0 -1
    outer loop
      vertex 9.20208 -7.79792 0
      vertex 9.20208 -4.80208 0
      vertex 9.3487 -4.63489 0
    endloop
  endfacet
  facet normal 0 0 -1
    outer loop
      vertex 9.03489 -7.6513 0
      vertex 9.20208 -4.80208 0
      vertex 9.20208 -7.79792 0
    endloop
  endfacet
  facet normal 0 0 -1
    outer loop
      vertex 9.03489 -7.6513 0
      vertex 9.03489 -4.9487 0
      vertex 9.20208 -4.80208 0
    endloop
  endfacet
  facet normal 0 0 -1
    outer loop
      vertex 8.85 -7.52776 0
      vertex 9.03489 -4.9487 0
      vertex 9.03489 -7.6513 0
    endloop
  endfacet
  facet normal 0 0 -1
    outer loop
      vertex 8.85 -7.52776 0
      vertex 8.85 -5.07224 0
      vertex 9.03489 -4.9487 0
    endloop
  endfacet
  facet normal 0 0 -1
    outer loop
      vertex 8.65056 -7.4294 0
      vertex 8.85 -5.07224 0
      vertex 8.85 -7.52776 0
    endloop
  endfacet
  facet normal 0 0 -1
    outer loop
      vertex 8.65056 -7.4294 0
      vertex 8.65056 -5.1706 0
      vertex 8.85 -5.07224 0
    endloop
  endfacet
  facet normal 0 0 -1
    outer loop
      vertex 8.43999 -7.35793 0
      vertex 8.65056 -5.1706 0
      vertex 8.65056 -7.4294 0
    endloop
  endfacet
  facet normal 0 0 -1
    outer loop
      vertex 8.43999 -7.35793 0
      vertex 8.43999 -5.24207 0
      vertex 8.65056 -5.1706 0
    endloop
  endfacet
  facet normal 0 0 -1
    outer loop
      vertex 8.22189 -7.31454 0
      vertex 8.43999 -5.24207 0
      vertex 8.43999 -7.35793 0
    endloop
  endfacet
  facet normal 0 0 -1
    outer loop
      vertex 8.22189 -7.31454 0
      vertex 8.22189 -5.28546 0
      vertex 8.43999 -5.24207 0
    endloop
  endfacet
  facet normal 0 0 -1
    outer loop
      vertex 8 -7.3 0
      vertex 8.22189 -5.28546 0
      vertex 8.22189 -7.31454 0
    endloop
  endfacet
  facet normal 0 0 -1
    outer loop
      vertex 8 -7.3 0
      vertex 8 -5.3 0
      vertex 8.22189 -5.28546 0
    endloop
  endfacet
  facet normal 0 0 -1
    outer loop
      vertex 7.7781 -7.31454 0
      vertex 8 -5.3 0
      vertex 8 -7.3 0
    endloop
  endfacet
  facet normal 0 0 -1
    outer loop
      vertex 7.7781 -7.31454 0
      vertex 7.7781 -5.28546 0
      vertex 8 -5.3 0
    endloop
  endfacet
  facet normal 0 0 -1
    outer loop
      vertex 7.56001 -7.35793 0
      vertex 7.7781 -5.28546 0
      vertex 7.7781 -7.31454 0
    endloop
  endfacet
  facet normal 0 0 -1
    outer loop
      vertex 7.56001 -7.35793 0
      vertex 7.56001 -5.24207 0
      vertex 7.7781 -5.28546 0
    endloop
  endfacet
  facet normal 0 0 -1
    outer loop
      vertex 7.34944 -7.4294 0
      vertex 7.56001 -5.24207 0
      vertex 7.56001 -7.35793 0
    endloop
  endfacet
  facet normal 0 0 -1
    outer loop
      vertex 7.34944 -7.4294 0
      vertex 7.34944 -5.1706 0
      vertex 7.56001 -5.24207 0
    endloop
  endfacet
  facet normal 0 0 -1
    outer loop
      vertex 7.15 -7.52776 0
      vertex 7.34944 -5.1706 0
      vertex 7.34944 -7.4294 0
    endloop
  endfacet
  facet normal 0 0 -1
    outer loop
      vertex 7.15 -7.52776 0
      vertex 7.15 -5.07224 0
      vertex 7.34944 -5.1706 0
    endloop
  endfacet
  facet normal 0 0 -1
    outer loop
      vertex 6.96511 -7.6513 0
      vertex 7.15 -5.07224 0
      vertex 7.15 -7.52776 0
    endloop
  endfacet
  facet normal 0 0 -1
    outer loop
      vertex 6.96511 -7.6513 0
      vertex 6.96511 -4.9487 0
      vertex 7.15 -5.07224 0
    endloop
  endfacet
  facet normal 0 0 -1
    outer loop
      vertex 6.79792 -7.79792 0
      vertex 6.96511 -4.9487 0
      vertex 6.96511 -7.6513 0
    endloop
  endfacet
  facet normal 0 0 -1
    outer loop
      vertex 6.79792 -7.79792 0
      vertex 6.79792 -4.80208 0
      vertex 6.96511 -4.9487 0
    endloop
  endfacet
  facet normal 0 0 -1
    outer loop
      vertex 6.6513 -7.96511 0
      vertex 6.79792 -4.80208 0
      vertex 6.79792 -7.79792 0
    endloop
  endfacet
  facet normal 0 0 -1
    outer loop
      vertex 6.6513 -7.96511 0
      vertex 6.6513 -4.63489 0
      vertex 6.79792 -4.80208 0
    endloop
  endfacet
  facet normal 0 0 -1
    outer loop
      vertex 6.52776 -8.15 0
      vertex 6.6513 -4.63489 0
      vertex 6.6513 -7.96511 0
    endloop
  endfacet
  facet normal 0 0 -1
    outer loop
      vertex 6.52776 -8.15 0
      vertex 6.52776 -4.45 0
      vertex 6.6513 -4.63489 0
    endloop
  endfacet
  facet normal 0 0 -1
    outer loop
      vertex 6.4294 -8.34944 0
      vertex 6.52776 -4.45 0
      vertex 6.52776 -8.15 0
    endloop
  endfacet
  facet normal 0 0 -1
    outer loop
      vertex 6.4294 -8.34944 0
      vertex 6.4294 -4.25056 0
      vertex 6.52776 -4.45 0
    endloop
  endfacet
  facet normal 0 0 -1
    outer loop
      vertex 0 -12 0
      vertex 6.4294 -8.34944 0
      vertex 6.35793 -8.56001 0
    endloop
  endfacet
  facet normal -0 0 -1
    outer loop
      vertex 6.4294 -8.34944 0
      vertex 0 -12 0
      vertex 6.4294 -4.25056 0
    endloop
  endfacet
  facet normal 0 0 -1
    outer loop
      vertex 0 -12 0
      vertex 6.35793 -8.56001 0
      vertex 6.31454 -8.7781 0
    endloop
  endfacet
  facet normal -0 0 -1
    outer loop
      vertex 6.4294 -4.25056 0
      vertex 0 -12 0
      vertex 6.35793 -4.03999 0
    endloop
  endfacet
  facet normal 0 0 -1
    outer loop
      vertex 0 -12 0
      vertex 6.31454 -8.7781 0
      vertex 6.3 -9 0
    endloop
  endfacet
  facet normal 0 -0 -1
    outer loop
      vertex 1.79999 0.00999451 0
      vertex 6.35793 -4.03999 0
      vertex 0 -12 0
    endloop
  endfacet
  facet normal 0 0 -1
    outer loop
      vertex 1.79999 35.8309 0
      vertex 9.8891 37.1702 0
      vertex 1.79999 35.0027 0
    endloop
  endfacet
  facet normal -0 0 -1
    outer loop
      vertex 9.8891 37.1702 0
      vertex 1.79999 35.8309 0
      vertex 9.77927 37.9689 0
    endloop
  endfacet
  facet normal 0 0 -1
    outer loop
      vertex 1.79999 27.0809 0
      vertex 11.0495 28.7311 0
      vertex 1.79999 26.2527 0
    endloop
  endfacet
  facet normal -0 0 -1
    outer loop
      vertex 11.0495 28.7311 0
      vertex 1.79999 27.0809 0
      vertex 10.9396 29.5299 0
    endloop
  endfacet
  facet normal 0 0 -1
    outer loop
      vertex 1.79999 18.3309 0
      vertex 12.2099 20.292 0
      vertex 1.79999 17.5027 0
    endloop
  endfacet
  facet normal -0 0 -1
    outer loop
      vertex 12.2099 20.292 0
      vertex 1.79999 18.3309 0
      vertex 12.1 21.0908 0
    endloop
  endfacet
  facet normal 0 0 -1
    outer loop
      vertex 1.79999 9.5809 0
      vertex 13.3702 11.8529 0
      vertex 1.79999 8.75269 0
    endloop
  endfacet
  facet normal -0 0 -1
    outer loop
      vertex 13.3702 11.8529 0
      vertex 1.79999 9.5809 0
      vertex 13.2604 12.6517 0
    endloop
  endfacet
  facet normal 0 0 -1
    outer loop
      vertex 16 -12 0
      vertex 15.9986 0.00999451 0
      vertex 16 0.00999451 0
    endloop
  endfacet
  facet normal 0 0 -1
    outer loop
      vertex 16 -12 0
      vertex 14.9986 0.00999451 0
      vertex 15.9986 0.00999451 0
    endloop
  endfacet
  facet normal 0 0 -1
    outer loop
      vertex 9.68546 -8.7781 0
      vertex 16 -12 0
      vertex 9.7 -9 0
    endloop
  endfacet
  facet normal 0 0 -1
    outer loop
      vertex 16 -12 0
      vertex 9.68546 -9.22189 0
      vertex 9.7 -9 0
    endloop
  endfacet
  facet normal 0 0 -1
    outer loop
      vertex 16 -12 0
      vertex 9.64207 -9.43999 0
      vertex 9.68546 -9.22189 0
    endloop
  endfacet
  facet normal 0 0 -1
    outer loop
      vertex 16 -12 0
      vertex 9.57059 -9.65056 0
      vertex 9.64207 -9.43999 0
    endloop
  endfacet
  facet normal 0 0 -1
    outer loop
      vertex 16 -12 0
      vertex 9.47224 -9.85 0
      vertex 9.57059 -9.65056 0
    endloop
  endfacet
  facet normal 0 0 -1
    outer loop
      vertex 16 -12 0
      vertex 9.3487 -10.0349 0
      vertex 9.47224 -9.85 0
    endloop
  endfacet
  facet normal 0 0 -1
    outer loop
      vertex 16 -12 0
      vertex 9.20208 -10.2021 0
      vertex 9.3487 -10.0349 0
    endloop
  endfacet
  facet normal 0 0 -1
    outer loop
      vertex 16 -12 0
      vertex 9.03489 -10.3487 0
      vertex 9.20208 -10.2021 0
    endloop
  endfacet
  facet normal 0 0 -1
    outer loop
      vertex 16 -12 0
      vertex 8.85 -10.4722 0
      vertex 9.03489 -10.3487 0
    endloop
  endfacet
  facet normal 0 0 -1
    outer loop
      vertex 16 -12 0
      vertex 8.65056 -10.5706 0
      vertex 8.85 -10.4722 0
    endloop
  endfacet
  facet normal 0 0 -1
    outer loop
      vertex 16 -12 0
      vertex 8.43999 -10.6421 0
      vertex 8.65056 -10.5706 0
    endloop
  endfacet
  facet normal 0 0 -1
    outer loop
      vertex 16 -12 0
      vertex 8.22189 -10.6855 0
      vertex 8.43999 -10.6421 0
    endloop
  endfacet
  facet normal 0 0 -1
    outer loop
      vertex 16 -12 0
      vertex 8 -10.7 0
      vertex 8.22189 -10.6855 0
    endloop
  endfacet
  facet normal 0 0 -1
    outer loop
      vertex 0 -12 0
      vertex 8 -10.7 0
      vertex 16 -12 0
    endloop
  endfacet
  facet normal 0 0 -1
    outer loop
      vertex 6.35793 -4.03999 0
      vertex 1.79999 0.00999451 0
      vertex 6.31454 -3.82189 0
    endloop
  endfacet
  facet normal 0 0 -1
    outer loop
      vertex 0 -12 0
      vertex 6.3 -9 0
      vertex 6.31454 -9.22189 0
    endloop
  endfacet
  facet normal 0 0 -1
    outer loop
      vertex 0 -12 0
      vertex 6.31454 -9.22189 0
      vertex 6.35793 -9.43999 0
    endloop
  endfacet
  facet normal 0 0 -1
    outer loop
      vertex 0 -12 0
      vertex 6.35793 -9.43999 0
      vertex 6.4294 -9.65056 0
    endloop
  endfacet
  facet normal 0 0 -1
    outer loop
      vertex 0 -12 0
      vertex 1.79999 8.75269 0
      vertex 1.79999 0.00999451 0
    endloop
  endfacet
  facet normal -0 0 -1
    outer loop
      vertex 1.79999 8.75269 0
      vertex 0 -12 0
      vertex 1.79999 9.5809 0
    endloop
  endfacet
  facet normal -0 0 -1
    outer loop
      vertex 1.79999 9.5809 0
      vertex 0 -12 0
      vertex 1.79999 17.5027 0
    endloop
  endfacet
  facet normal -0 0 -1
    outer loop
      vertex 1.79999 17.5027 0
      vertex 0 -12 0
      vertex 1.79999 18.3309 0
    endloop
  endfacet
  facet normal -0 0 -1
    outer loop
      vertex 1.79999 18.3309 0
      vertex 0 -12 0
      vertex 1.79999 26.2527 0
    endloop
  endfacet
  facet normal -0 0 -1
    outer loop
      vertex 1.79999 26.2527 0
      vertex 0 -12 0
      vertex 1.79999 27.0809 0
    endloop
  endfacet
  facet normal -0 0 -1
    outer loop
      vertex 1.79999 27.0809 0
      vertex 0 -12 0
      vertex 1.79999 35.0027 0
    endloop
  endfacet
  facet normal -0 0 -1
    outer loop
      vertex 1.79999 35.0027 0
      vertex 0 -12 0
      vertex 1.79999 35.8309 0
    endloop
  endfacet
  facet normal 0 0 -1
    outer loop
      vertex 0 80 0
      vertex 1.79999 35.8309 0
      vertex 0 -12 0
    endloop
  endfacet
  facet normal 0 0 -1
    outer loop
      vertex 1.79999 35.8309 0
      vertex 0 80 0
      vertex 1.79999 43.7527 0
    endloop
  endfacet
  facet normal 0 0 -1
    outer loop
      vertex 1.79999 43.7527 0
      vertex 0 80 0
      vertex 1.79999 44.5809 0
    endloop
  endfacet
  facet normal 0 0 -1
    outer loop
      vertex 1.79999 44.5809 0
      vertex 0 80 0
      vertex 1.79999 52.5027 0
    endloop
  endfacet
  facet normal 0 0 -1
    outer loop
      vertex 1.79999 52.5027 0
      vertex 0 80 0
      vertex 1.79999 53.3309 0
    endloop
  endfacet
  facet normal 0 0 -1
    outer loop
      vertex 1.79999 53.3309 0
      vertex 0 80 0
      vertex 1.79999 61.2527 0
    endloop
  endfacet
  facet normal 0 0 -1
    outer loop
      vertex 1.79999 61.2527 0
      vertex 0 80 0
      vertex 1.79999 62.0809 0
    endloop
  endfacet
  facet normal 0 0 -1
    outer loop
      vertex 6.31454 -3.82189 0
      vertex 1.79999 0.00999451 0
      vertex 6.3 -3.6 0
    endloop
  endfacet
  facet normal -0 0 -1
    outer loop
      vertex 6.52776 -9.85 0
      vertex 0 -12 0
      vertex 6.4294 -9.65056 0
    endloop
  endfacet
  facet normal -0 0 -1
    outer loop
      vertex 6.6513 -10.0349 0
      vertex 0 -12 0
      vertex 6.52776 -9.85 0
    endloop
  endfacet
  facet normal -0 0 -1
    outer loop
      vertex 6.79792 -10.2021 0
      vertex 0 -12 0
      vertex 6.6513 -10.0349 0
    endloop
  endfacet
  facet normal -0 0 -1
    outer loop
      vertex 6.96511 -10.3487 0
      vertex 0 -12 0
      vertex 6.79792 -10.2021 0
    endloop
  endfacet
  facet normal -0 0 -1
    outer loop
      vertex 7.15 -10.4722 0
      vertex 0 -12 0
      vertex 6.96511 -10.3487 0
    endloop
  endfacet
  facet normal -0 0 -1
    outer loop
      vertex 7.34944 -10.5706 0
      vertex 0 -12 0
      vertex 7.15 -10.4722 0
    endloop
  endfacet
  facet normal -0 0 -1
    outer loop
      vertex 7.56001 -10.6421 0
      vertex 0 -12 0
      vertex 7.34944 -10.5706 0
    endloop
  endfacet
  facet normal -0 0 -1
    outer loop
      vertex 7.7781 -10.6855 0
      vertex 0 -12 0
      vertex 7.56001 -10.6421 0
    endloop
  endfacet
  facet normal -0 0 -1
    outer loop
      vertex 8 -10.7 0
      vertex 0 -12 0
      vertex 7.7781 -10.6855 0
    endloop
  endfacet
  facet normal 0 0 -1
    outer loop
      vertex 13.3702 11.8529 0
      vertex 15.9986 0.00999451 0
      vertex 14.9986 0.00999451 0
    endloop
  endfacet
  facet normal 0 0 -1
    outer loop
      vertex 13.2604 12.6517 0
      vertex 15.9986 0.00999451 0
      vertex 13.3702 11.8529 0
    endloop
  endfacet
  facet normal 0 0 -1
    outer loop
      vertex 12.2099 20.292 0
      vertex 15.9986 0.00999451 0
      vertex 13.2604 12.6517 0
    endloop
  endfacet
  facet normal 0 0 -1
    outer loop
      vertex 12.1 21.0908 0
      vertex 15.9986 0.00999451 0
      vertex 12.2099 20.292 0
    endloop
  endfacet
  facet normal 0 0 -1
    outer loop
      vertex 11.0495 28.7311 0
      vertex 15.9986 0.00999451 0
      vertex 12.1 21.0908 0
    endloop
  endfacet
  facet normal 0 0 -1
    outer loop
      vertex 10.9396 29.5299 0
      vertex 15.9986 0.00999451 0
      vertex 11.0495 28.7311 0
    endloop
  endfacet
  facet normal 0 0 -1
    outer loop
      vertex 9.8891 37.1702 0
      vertex 15.9986 0.00999451 0
      vertex 10.9396 29.5299 0
    endloop
  endfacet
  facet normal 0 0 -1
    outer loop
      vertex 9.77927 37.9689 0
      vertex 15.9986 0.00999451 0
      vertex 9.8891 37.1702 0
    endloop
  endfacet
  facet normal 0 0 -1
    outer loop
      vertex 8.72873 45.6092 0
      vertex 15.9986 0.00999451 0
      vertex 9.77927 37.9689 0
    endloop
  endfacet
  facet normal 0 0 -1
    outer loop
      vertex 8.6189 46.408 0
      vertex 15.9986 0.00999451 0
      vertex 8.72873 45.6092 0
    endloop
  endfacet
  facet normal 0 0 -1
    outer loop
      vertex 5 80 0
      vertex 8.6189 46.408 0
      vertex 7.56836 54.0483 0
    endloop
  endfacet
  facet normal 0 0 -1
    outer loop
      vertex 5 80 0
      vertex 7.56836 54.0483 0
      vertex 7.45853 54.8471 0
    endloop
  endfacet
  facet normal 0 0 -1
    outer loop
      vertex 5 80 0
      vertex 7.45853 54.8471 0
      vertex 6.40799 62.4874 0
    endloop
  endfacet
  facet normal 0 0 -1
    outer loop
      vertex 5 80 0
      vertex 6.40799 62.4874 0
      vertex 6.29814 63.2862 0
    endloop
  endfacet
  facet normal 0 0 -1
    outer loop
      vertex 8.6189 46.408 0
      vertex 5 80 0
      vertex 15.9986 0.00999451 0
    endloop
  endfacet
  facet normal 0 0 -1
    outer loop
      vertex 4.825 74 0
      vertex 5 80 0
      vertex 6.29814 63.2862 0
    endloop
  endfacet
  facet normal 0 0 -1
    outer loop
      vertex 1.79999 74 0
      vertex 5 80 0
      vertex 4.825 74 0
    endloop
  endfacet
  facet normal 0 0 -1
    outer loop
      vertex 1.79999 74 0
      vertex 0 80 0
      vertex 5 80 0
    endloop
  endfacet
  facet normal 0 0 -1
    outer loop
      vertex 1.79999 62.0809 0
      vertex 0 80 0
      vertex 1.79999 74 0
    endloop
  endfacet
  facet normal 0 0 -1
    outer loop
      vertex 16 -12 0
      vertex 9.7 -3.6 0
      vertex 14.9986 0.00999451 0
    endloop
  endfacet
  facet normal 0 0 -1
    outer loop
      vertex 9.68546 -3.37811 0
      vertex 14.9986 0.00999451 0
      vertex 9.7 -3.6 0
    endloop
  endfacet
  facet normal 0 0 -1
    outer loop
      vertex 9.64207 -3.16001 0
      vertex 14.9986 0.00999451 0
      vertex 9.68546 -3.37811 0
    endloop
  endfacet
  facet normal 0 0 -1
    outer loop
      vertex 9.57059 -2.94944 0
      vertex 14.9986 0.00999451 0
      vertex 9.64207 -3.16001 0
    endloop
  endfacet
  facet normal 0 0 -1
    outer loop
      vertex 9.47224 -2.75 0
      vertex 14.9986 0.00999451 0
      vertex 9.57059 -2.94944 0
    endloop
  endfacet
  facet normal 0 0 -1
    outer loop
      vertex 9.3487 -2.56511 0
      vertex 14.9986 0.00999451 0
      vertex 9.47224 -2.75 0
    endloop
  endfacet
  facet normal 0 0 -1
    outer loop
      vertex 9.20208 -2.39792 0
      vertex 14.9986 0.00999451 0
      vertex 9.3487 -2.56511 0
    endloop
  endfacet
  facet normal 0 0 -1
    outer loop
      vertex 9.03489 -2.2513 0
      vertex 14.9986 0.00999451 0
      vertex 9.20208 -2.39792 0
    endloop
  endfacet
  facet normal 0 0 -1
    outer loop
      vertex 8.85 -2.12776 0
      vertex 14.9986 0.00999451 0
      vertex 9.03489 -2.2513 0
    endloop
  endfacet
  facet normal 0 0 -1
    outer loop
      vertex 8.65056 -2.0294 0
      vertex 14.9986 0.00999451 0
      vertex 8.85 -2.12776 0
    endloop
  endfacet
  facet normal 0 0 -1
    outer loop
      vertex 8.43999 -1.95793 0
      vertex 14.9986 0.00999451 0
      vertex 8.65056 -2.0294 0
    endloop
  endfacet
  facet normal 0 0 -1
    outer loop
      vertex 8.22189 -1.91454 0
      vertex 14.9986 0.00999451 0
      vertex 8.43999 -1.95793 0
    endloop
  endfacet
  facet normal 0 0 -1
    outer loop
      vertex 8 -1.9 0
      vertex 14.9986 0.00999451 0
      vertex 8.22189 -1.91454 0
    endloop
  endfacet
  facet normal 0 0 -1
    outer loop
      vertex 1.79999 0.00999451 0
      vertex 8 -1.9 0
      vertex 7.7781 -1.91454 0
    endloop
  endfacet
  facet normal 0 0 -1
    outer loop
      vertex 1.79999 0.00999451 0
      vertex 7.7781 -1.91454 0
      vertex 7.56001 -1.95793 0
    endloop
  endfacet
  facet normal 0 0 -1
    outer loop
      vertex 8 -1.9 0
      vertex 1.79999 0.00999451 0
      vertex 14.9986 0.00999451 0
    endloop
  endfacet
  facet normal 0 0 -1
    outer loop
      vertex 7.34944 -2.0294 0
      vertex 1.79999 0.00999451 0
      vertex 7.56001 -1.95793 0
    endloop
  endfacet
  facet normal 0 0 -1
    outer loop
      vertex 7.15 -2.12776 0
      vertex 1.79999 0.00999451 0
      vertex 7.34944 -2.0294 0
    endloop
  endfacet
  facet normal 0 0 -1
    outer loop
      vertex 6.96511 -2.2513 0
      vertex 1.79999 0.00999451 0
      vertex 7.15 -2.12776 0
    endloop
  endfacet
  facet normal 0 0 -1
    outer loop
      vertex 6.79792 -2.39792 0
      vertex 1.79999 0.00999451 0
      vertex 6.96511 -2.2513 0
    endloop
  endfacet
  facet normal 0 0 -1
    outer loop
      vertex 6.6513 -2.56511 0
      vertex 1.79999 0.00999451 0
      vertex 6.79792 -2.39792 0
    endloop
  endfacet
  facet normal 0 0 -1
    outer loop
      vertex 6.52776 -2.75 0
      vertex 1.79999 0.00999451 0
      vertex 6.6513 -2.56511 0
    endloop
  endfacet
  facet normal 0 0 -1
    outer loop
      vertex 6.4294 -2.94944 0
      vertex 1.79999 0.00999451 0
      vertex 6.52776 -2.75 0
    endloop
  endfacet
  facet normal 0 0 -1
    outer loop
      vertex 6.35793 -3.16001 0
      vertex 1.79999 0.00999451 0
      vertex 6.4294 -2.94944 0
    endloop
  endfacet
  facet normal 0 0 -1
    outer loop
      vertex 6.31454 -3.37811 0
      vertex 1.79999 0.00999451 0
      vertex 6.35793 -3.16001 0
    endloop
  endfacet
  facet normal 0 0 -1
    outer loop
      vertex 1.79999 0.00999451 0
      vertex 6.31454 -3.37811 0
      vertex 6.3 -3.6 0
    endloop
  endfacet
  facet normal 0 0 1
    outer loop
      vertex 1.79999 62.0809 16
      vertex 6.40799 62.4874 16
      vertex 6.29814 63.2862 16
    endloop
  endfacet
  facet normal 0 0 1
    outer loop
      vertex 6.40799 62.4874 16
      vertex 1.79999 62.0809 16
      vertex 1.79999 61.2527 16
    endloop
  endfacet
  facet normal 0 0 1
    outer loop
      vertex 14.9986 0.00999451 16
      vertex 9.64207 -4.03999 16
      vertex 16 -12 16
    endloop
  endfacet
  facet normal 0 0 1
    outer loop
      vertex 16 -12 16
      vertex 9.68546 -8.7781 16
      vertex 9.7 -9 16
    endloop
  endfacet
  facet normal -0 0 1
    outer loop
      vertex 9.57059 -4.25056 16
      vertex 16 -12 16
      vertex 9.64207 -4.03999 16
    endloop
  endfacet
  facet normal 0 0 1
    outer loop
      vertex 16 -12 16
      vertex 9.64207 -8.56001 16
      vertex 9.68546 -8.7781 16
    endloop
  endfacet
  facet normal -0 0 1
    outer loop
      vertex 9.57059 -8.34944 16
      vertex 16 -12 16
      vertex 9.57059 -4.25056 16
    endloop
  endfacet
  facet normal 0 0 1
    outer loop
      vertex 16 -12 16
      vertex 9.57059 -8.34944 16
      vertex 9.64207 -8.56001 16
    endloop
  endfacet
  facet normal -0 0 1
    outer loop
      vertex 9.47224 -4.45 16
      vertex 9.57059 -8.34944 16
      vertex 9.57059 -4.25056 16
    endloop
  endfacet
  facet normal 0 0 1
    outer loop
      vertex 9.47224 -4.45 16
      vertex 9.47224 -8.15 16
      vertex 9.57059 -8.34944 16
    endloop
  endfacet
  facet normal -0 0 1
    outer loop
      vertex 9.3487 -4.63489 16
      vertex 9.47224 -8.15 16
      vertex 9.47224 -4.45 16
    endloop
  endfacet
  facet normal 0 0 1
    outer loop
      vertex 9.3487 -4.63489 16
      vertex 9.3487 -7.96511 16
      vertex 9.47224 -8.15 16
    endloop
  endfacet
  facet normal -0 0 1
    outer loop
      vertex 9.20208 -4.80208 16
      vertex 9.3487 -7.96511 16
      vertex 9.3487 -4.63489 16
    endloop
  endfacet
  facet normal 0 0 1
    outer loop
      vertex 9.20208 -4.80208 16
      vertex 9.20208 -7.79792 16
      vertex 9.3487 -7.96511 16
    endloop
  endfacet
  facet normal -0 0 1
    outer loop
      vertex 9.03489 -4.9487 16
      vertex 9.20208 -7.79792 16
      vertex 9.20208 -4.80208 16
    endloop
  endfacet
  facet normal 0 0 1
    outer loop
      vertex 9.03489 -4.9487 16
      vertex 9.03489 -7.6513 16
      vertex 9.20208 -7.79792 16
    endloop
  endfacet
  facet normal -0 0 1
    outer loop
      vertex 8.85 -5.07224 16
      vertex 9.03489 -7.6513 16
      vertex 9.03489 -4.9487 16
    endloop
  endfacet
  facet normal 0 0 1
    outer loop
      vertex 8.85 -5.07224 16
      vertex 8.85 -7.52776 16
      vertex 9.03489 -7.6513 16
    endloop
  endfacet
  facet normal -0 0 1
    outer loop
      vertex 8.65056 -5.1706 16
      vertex 8.85 -7.52776 16
      vertex 8.85 -5.07224 16
    endloop
  endfacet
  facet normal 0 0 1
    outer loop
      vertex 8.65056 -5.1706 16
      vertex 8.65056 -7.4294 16
      vertex 8.85 -7.52776 16
    endloop
  endfacet
  facet normal -0 0 1
    outer loop
      vertex 8.43999 -5.24207 16
      vertex 8.65056 -7.4294 16
      vertex 8.65056 -5.1706 16
    endloop
  endfacet
  facet normal 0 0 1
    outer loop
      vertex 8.43999 -5.24207 16
      vertex 8.43999 -7.35793 16
      vertex 8.65056 -7.4294 16
    endloop
  endfacet
  facet normal -0 0 1
    outer loop
      vertex 8.22189 -5.28546 16
      vertex 8.43999 -7.35793 16
      vertex 8.43999 -5.24207 16
    endloop
  endfacet
  facet normal 0 0 1
    outer loop
      vertex 8.22189 -5.28546 16
      vertex 8.22189 -7.31454 16
      vertex 8.43999 -7.35793 16
    endloop
  endfacet
  facet normal -0 0 1
    outer loop
      vertex 8 -5.3 16
      vertex 8.22189 -7.31454 16
      vertex 8.22189 -5.28546 16
    endloop
  endfacet
  facet normal 0 0 1
    outer loop
      vertex 8 -5.3 16
      vertex 8 -7.3 16
      vertex 8.22189 -7.31454 16
    endloop
  endfacet
  facet normal 0 0 1
    outer loop
      vertex 7.7781 -5.28546 16
      vertex 8 -7.3 16
      vertex 8 -5.3 16
    endloop
  endfacet
  facet normal 0 0 1
    outer loop
      vertex 7.7781 -5.28546 16
      vertex 7.7781 -7.31454 16
      vertex 8 -7.3 16
    endloop
  endfacet
  facet normal 0 0 1
    outer loop
      vertex 7.56001 -5.24207 16
      vertex 7.7781 -7.31454 16
      vertex 7.7781 -5.28546 16
    endloop
  endfacet
  facet normal 0 0 1
    outer loop
      vertex 7.56001 -5.24207 16
      vertex 7.56001 -7.35793 16
      vertex 7.7781 -7.31454 16
    endloop
  endfacet
  facet normal 0 0 1
    outer loop
      vertex 7.34944 -5.1706 16
      vertex 7.56001 -7.35793 16
      vertex 7.56001 -5.24207 16
    endloop
  endfacet
  facet normal 0 0 1
    outer loop
      vertex 7.34944 -5.1706 16
      vertex 7.34944 -7.4294 16
      vertex 7.56001 -7.35793 16
    endloop
  endfacet
  facet normal 0 0 1
    outer loop
      vertex 7.15 -5.07224 16
      vertex 7.34944 -7.4294 16
      vertex 7.34944 -5.1706 16
    endloop
  endfacet
  facet normal 0 0 1
    outer loop
      vertex 7.15 -5.07224 16
      vertex 7.15 -7.52776 16
      vertex 7.34944 -7.4294 16
    endloop
  endfacet
  facet normal 0 0 1
    outer loop
      vertex 6.96511 -4.9487 16
      vertex 7.15 -7.52776 16
      vertex 7.15 -5.07224 16
    endloop
  endfacet
  facet normal 0 0 1
    outer loop
      vertex 6.96511 -4.9487 16
      vertex 6.96511 -7.6513 16
      vertex 7.15 -7.52776 16
    endloop
  endfacet
  facet normal 0 0 1
    outer loop
      vertex 6.79792 -4.80208 16
      vertex 6.96511 -7.6513 16
      vertex 6.96511 -4.9487 16
    endloop
  endfacet
  facet normal 0 0 1
    outer loop
      vertex 6.79792 -4.80208 16
      vertex 6.79792 -7.79792 16
      vertex 6.96511 -7.6513 16
    endloop
  endfacet
  facet normal 0 0 1
    outer loop
      vertex 6.6513 -4.63489 16
      vertex 6.79792 -7.79792 16
      vertex 6.79792 -4.80208 16
    endloop
  endfacet
  facet normal 0 0 1
    outer loop
      vertex 6.6513 -4.63489 16
      vertex 6.6513 -7.96511 16
      vertex 6.79792 -7.79792 16
    endloop
  endfacet
  facet normal 0 0 1
    outer loop
      vertex 6.52776 -4.45 16
      vertex 6.6513 -7.96511 16
      vertex 6.6513 -4.63489 16
    endloop
  endfacet
  facet normal 0 0 1
    outer loop
      vertex 6.52776 -4.45 16
      vertex 6.52776 -8.15 16
      vertex 6.6513 -7.96511 16
    endloop
  endfacet
  facet normal 0 0 1
    outer loop
      vertex 6.4294 -4.25056 16
      vertex 6.52776 -8.15 16
      vertex 6.52776 -4.45 16
    endloop
  endfacet
  facet normal 0 0 1
    outer loop
      vertex 6.4294 -4.25056 16
      vertex 6.4294 -8.34944 16
      vertex 6.52776 -8.15 16
    endloop
  endfacet
  facet normal 0 0 1
    outer loop
      vertex 0 -12 16
      vertex 6.4294 -4.25056 16
      vertex 6.35793 -4.03999 16
    endloop
  endfacet
  facet normal 0 0 1
    outer loop
      vertex 6.4294 -4.25056 16
      vertex 0 -12 16
      vertex 6.4294 -8.34944 16
    endloop
  endfacet
  facet normal 0 0 1
    outer loop
      vertex 1.79999 0.00999451 16
      vertex 6.35793 -4.03999 16
      vertex 6.31454 -3.82189 16
    endloop
  endfacet
  facet normal 0 0 1
    outer loop
      vertex 6.4294 -8.34944 16
      vertex 0 -12 16
      vertex 6.35793 -8.56001 16
    endloop
  endfacet
  facet normal 0 0 1
    outer loop
      vertex 1.79999 0.00999451 16
      vertex 6.31454 -3.82189 16
      vertex 6.3 -3.6 16
    endloop
  endfacet
  facet normal 0 0 1
    outer loop
      vertex 6.35793 -8.56001 16
      vertex 0 -12 16
      vertex 6.31454 -8.7781 16
    endloop
  endfacet
  facet normal 0 0 1
    outer loop
      vertex 14.9986 0.00999451 16
      vertex 9.68546 -3.37811 16
      vertex 9.7 -3.6 16
    endloop
  endfacet
  facet normal 0 0 1
    outer loop
      vertex 14.9986 0.00999451 16
      vertex 9.64207 -3.16001 16
      vertex 9.68546 -3.37811 16
    endloop
  endfacet
  facet normal 0 0 1
    outer loop
      vertex 14.9986 0.00999451 16
      vertex 9.57059 -2.94944 16
      vertex 9.64207 -3.16001 16
    endloop
  endfacet
  facet normal 0 0 1
    outer loop
      vertex 14.9986 0.00999451 16
      vertex 9.47224 -2.75 16
      vertex 9.57059 -2.94944 16
    endloop
  endfacet
  facet normal 0 0 1
    outer loop
      vertex 14.9986 0.00999451 16
      vertex 9.3487 -2.56511 16
      vertex 9.47224 -2.75 16
    endloop
  endfacet
  facet normal 0 0 1
    outer loop
      vertex 14.9986 0.00999451 16
      vertex 9.20208 -2.39792 16
      vertex 9.3487 -2.56511 16
    endloop
  endfacet
  facet normal 0 0 1
    outer loop
      vertex 14.9986 0.00999451 16
      vertex 9.03489 -2.2513 16
      vertex 9.20208 -2.39792 16
    endloop
  endfacet
  facet normal 0 0 1
    outer loop
      vertex 14.9986 0.00999451 16
      vertex 8.85 -2.12776 16
      vertex 9.03489 -2.2513 16
    endloop
  endfacet
  facet normal 0 0 1
    outer loop
      vertex 14.9986 0.00999451 16
      vertex 8.65056 -2.0294 16
      vertex 8.85 -2.12776 16
    endloop
  endfacet
  facet normal 0 0 1
    outer loop
      vertex 14.9986 0.00999451 16
      vertex 8.43999 -1.95793 16
      vertex 8.65056 -2.0294 16
    endloop
  endfacet
  facet normal 0 0 1
    outer loop
      vertex 14.9986 0.00999451 16
      vertex 8.22189 -1.91454 16
      vertex 8.43999 -1.95793 16
    endloop
  endfacet
  facet normal 0 0 1
    outer loop
      vertex 14.9986 0.00999451 16
      vertex 8 -1.9 16
      vertex 8.22189 -1.91454 16
    endloop
  endfacet
  facet normal -0 0 1
    outer loop
      vertex 1.79999 0.00999451 16
      vertex 8 -1.9 16
      vertex 14.9986 0.00999451 16
    endloop
  endfacet
  facet normal 0 0 1
    outer loop
      vertex 8 -1.9 16
      vertex 1.79999 0.00999451 16
      vertex 7.7781 -1.91454 16
    endloop
  endfacet
  facet normal 0 0 1
    outer loop
      vertex 6.35793 -4.03999 16
      vertex 1.79999 0.00999451 16
      vertex 0 -12 16
    endloop
  endfacet
  facet normal 0 0 1
    outer loop
      vertex 6.31454 -3.37811 16
      vertex 1.79999 0.00999451 16
      vertex 6.3 -3.6 16
    endloop
  endfacet
  facet normal 0 0 1
    outer loop
      vertex 6.35793 -3.16001 16
      vertex 1.79999 0.00999451 16
      vertex 6.31454 -3.37811 16
    endloop
  endfacet
  facet normal 0 0 1
    outer loop
      vertex 6.4294 -2.94944 16
      vertex 1.79999 0.00999451 16
      vertex 6.35793 -3.16001 16
    endloop
  endfacet
  facet normal 0 0 1
    outer loop
      vertex 6.52776 -2.75 16
      vertex 1.79999 0.00999451 16
      vertex 6.4294 -2.94944 16
    endloop
  endfacet
  facet normal 0 0 1
    outer loop
      vertex 6.6513 -2.56511 16
      vertex 1.79999 0.00999451 16
      vertex 6.52776 -2.75 16
    endloop
  endfacet
  facet normal 0 0 1
    outer loop
      vertex 6.79792 -2.39792 16
      vertex 1.79999 0.00999451 16
      vertex 6.6513 -2.56511 16
    endloop
  endfacet
  facet normal 0 0 1
    outer loop
      vertex 6.96511 -2.2513 16
      vertex 1.79999 0.00999451 16
      vertex 6.79792 -2.39792 16
    endloop
  endfacet
  facet normal 0 0 1
    outer loop
      vertex 7.15 -2.12776 16
      vertex 1.79999 0.00999451 16
      vertex 6.96511 -2.2513 16
    endloop
  endfacet
  facet normal 0 0 1
    outer loop
      vertex 7.34944 -2.0294 16
      vertex 1.79999 0.00999451 16
      vertex 7.15 -2.12776 16
    endloop
  endfacet
  facet normal 0 0 1
    outer loop
      vertex 7.56001 -1.95793 16
      vertex 1.79999 0.00999451 16
      vertex 7.34944 -2.0294 16
    endloop
  endfacet
  facet normal 0 0 1
    outer loop
      vertex 7.7781 -1.91454 16
      vertex 1.79999 0.00999451 16
      vertex 7.56001 -1.95793 16
    endloop
  endfacet
  facet normal 0 0 1
    outer loop
      vertex 15.9986 0.00999451 16
      vertex 13.3702 11.8529 16
      vertex 14.9986 0.00999451 16
    endloop
  endfacet
  facet normal 0 0 1
    outer loop
      vertex 15.9986 0.00999451 16
      vertex 13.2604 12.6517 16
      vertex 13.3702 11.8529 16
    endloop
  endfacet
  facet normal 0 0 1
    outer loop
      vertex 15.9986 0.00999451 16
      vertex 12.2099 20.292 16
      vertex 13.2604 12.6517 16
    endloop
  endfacet
  facet normal 0 0 1
    outer loop
      vertex 15.9986 0.00999451 16
      vertex 12.1 21.0908 16
      vertex 12.2099 20.292 16
    endloop
  endfacet
  facet normal 0 0 1
    outer loop
      vertex 15.9986 0.00999451 16
      vertex 11.0495 28.7311 16
      vertex 12.1 21.0908 16
    endloop
  endfacet
  facet normal 0 0 1
    outer loop
      vertex 15.9986 0.00999451 16
      vertex 10.9396 29.5299 16
      vertex 11.0495 28.7311 16
    endloop
  endfacet
  facet normal 0 0 1
    outer loop
      vertex 15.9986 0.00999451 16
      vertex 9.8891 37.1702 16
      vertex 10.9396 29.5299 16
    endloop
  endfacet
  facet normal 0 0 1
    outer loop
      vertex 15.9986 0.00999451 16
      vertex 9.77927 37.9689 16
      vertex 9.8891 37.1702 16
    endloop
  endfacet
  facet normal 0 0 1
    outer loop
      vertex 15.9986 0.00999451 16
      vertex 8.72873 45.6092 16
      vertex 9.77927 37.9689 16
    endloop
  endfacet
  facet normal 0 0 1
    outer loop
      vertex 15.9986 0.00999451 16
      vertex 8.6189 46.408 16
      vertex 8.72873 45.6092 16
    endloop
  endfacet
  facet normal 0 0 1
    outer loop
      vertex 5 80 16
      vertex 8.6189 46.408 16
      vertex 15.9986 0.00999451 16
    endloop
  endfacet
  facet normal 0 0 1
    outer loop
      vertex 8.6189 46.408 16
      vertex 5 80 16
      vertex 7.56836 54.0483 16
    endloop
  endfacet
  facet normal 0 0 1
    outer loop
      vertex 7.56836 54.0483 16
      vertex 5 80 16
      vertex 7.45853 54.8471 16
    endloop
  endfacet
  facet normal 0 0 1
    outer loop
      vertex 7.45853 54.8471 16
      vertex 5 80 16
      vertex 6.40799 62.4874 16
    endloop
  endfacet
  facet normal 0 0 1
    outer loop
      vertex 6.40799 62.4874 16
      vertex 5 80 16
      vertex 6.29814 63.2862 16
    endloop
  endfacet
  facet normal 0 0 1
    outer loop
      vertex 5 80 16
      vertex 4.825 74 16
      vertex 6.29814 63.2862 16
    endloop
  endfacet
  facet normal 0 0 1
    outer loop
      vertex 5 80 16
      vertex 1.79999 74 16
      vertex 4.825 74 16
    endloop
  endfacet
  facet normal 0 0 1
    outer loop
      vertex 0 80 16
      vertex 1.79999 62.0809 16
      vertex 1.79999 74 16
    endloop
  endfacet
  facet normal 0 0 1
    outer loop
      vertex 1.79999 62.0809 16
      vertex 0 80 16
      vertex 1.79999 61.2527 16
    endloop
  endfacet
  facet normal 0 0 1
    outer loop
      vertex 1.79999 61.2527 16
      vertex 0 80 16
      vertex 1.79999 53.3309 16
    endloop
  endfacet
  facet normal 0 0 1
    outer loop
      vertex 1.79999 53.3309 16
      vertex 0 80 16
      vertex 1.79999 52.5027 16
    endloop
  endfacet
  facet normal 0 0 1
    outer loop
      vertex 1.79999 52.5027 16
      vertex 0 80 16
      vertex 1.79999 44.5809 16
    endloop
  endfacet
  facet normal 0 0 1
    outer loop
      vertex 1.79999 44.5809 16
      vertex 0 80 16
      vertex 1.79999 43.7527 16
    endloop
  endfacet
  facet normal 0 0 1
    outer loop
      vertex 1.79999 43.7527 16
      vertex 0 80 16
      vertex 1.79999 35.8309 16
    endloop
  endfacet
  facet normal 0 0 1
    outer loop
      vertex 1.79999 35.8309 16
      vertex 0 80 16
      vertex 1.79999 35.0027 16
    endloop
  endfacet
  facet normal 0 0 1
    outer loop
      vertex 1.79999 35.0027 16
      vertex 0 80 16
      vertex 1.79999 27.0809 16
    endloop
  endfacet
  facet normal 0 0 1
    outer loop
      vertex 0 -12 16
      vertex 1.79999 27.0809 16
      vertex 0 80 16
    endloop
  endfacet
  facet normal 0 0 1
    outer loop
      vertex 1.79999 27.0809 16
      vertex 0 -12 16
      vertex 1.79999 26.2527 16
    endloop
  endfacet
  facet normal 0 0 1
    outer loop
      vertex 1.79999 26.2527 16
      vertex 0 -12 16
      vertex 1.79999 18.3309 16
    endloop
  endfacet
  facet normal 0 0 1
    outer loop
      vertex 1.79999 18.3309 16
      vertex 0 -12 16
      vertex 1.79999 17.5027 16
    endloop
  endfacet
  facet normal 0 0 1
    outer loop
      vertex 1.79999 17.5027 16
      vertex 0 -12 16
      vertex 1.79999 9.5809 16
    endloop
  endfacet
  facet normal 0 0 1
    outer loop
      vertex 1.79999 9.5809 16
      vertex 0 -12 16
      vertex 1.79999 8.75269 16
    endloop
  endfacet
  facet normal -0 0 1
    outer loop
      vertex 0 80 16
      vertex 1.79999 74 16
      vertex 5 80 16
    endloop
  endfacet
  facet normal -0 0 1
    outer loop
      vertex 15.9986 0.00999451 16
      vertex 16 -12 16
      vertex 16 0.00999451 16
    endloop
  endfacet
  facet normal -0 0 1
    outer loop
      vertex 14.9986 0.00999451 16
      vertex 16 -12 16
      vertex 15.9986 0.00999451 16
    endloop
  endfacet
  facet normal 0 0 1
    outer loop
      vertex 9.68546 -3.82189 16
      vertex 14.9986 0.00999451 16
      vertex 9.7 -3.6 16
    endloop
  endfacet
  facet normal 0 0 1
    outer loop
      vertex 9.64207 -4.03999 16
      vertex 14.9986 0.00999451 16
      vertex 9.68546 -3.82189 16
    endloop
  endfacet
  facet normal -0 0 1
    outer loop
      vertex 9.68546 -9.22189 16
      vertex 16 -12 16
      vertex 9.7 -9 16
    endloop
  endfacet
  facet normal -0 0 1
    outer loop
      vertex 9.64207 -9.43999 16
      vertex 16 -12 16
      vertex 9.68546 -9.22189 16
    endloop
  endfacet
  facet normal -0 0 1
    outer loop
      vertex 9.57059 -9.65056 16
      vertex 16 -12 16
      vertex 9.64207 -9.43999 16
    endloop
  endfacet
  facet normal -0 0 1
    outer loop
      vertex 9.47224 -9.85 16
      vertex 16 -12 16
      vertex 9.57059 -9.65056 16
    endloop
  endfacet
  facet normal -0 0 1
    outer loop
      vertex 9.3487 -10.0349 16
      vertex 16 -12 16
      vertex 9.47224 -9.85 16
    endloop
  endfacet
  facet normal -0 0 1
    outer loop
      vertex 9.20208 -10.2021 16
      vertex 16 -12 16
      vertex 9.3487 -10.0349 16
    endloop
  endfacet
  facet normal -0 0 1
    outer loop
      vertex 9.03489 -10.3487 16
      vertex 16 -12 16
      vertex 9.20208 -10.2021 16
    endloop
  endfacet
  facet normal -0 0 1
    outer loop
      vertex 8.85 -10.4722 16
      vertex 16 -12 16
      vertex 9.03489 -10.3487 16
    endloop
  endfacet
  facet normal -0 0 1
    outer loop
      vertex 8.65056 -10.5706 16
      vertex 16 -12 16
      vertex 8.85 -10.4722 16
    endloop
  endfacet
  facet normal -0 0 1
    outer loop
      vertex 8.43999 -10.6421 16
      vertex 16 -12 16
      vertex 8.65056 -10.5706 16
    endloop
  endfacet
  facet normal -0 0 1
    outer loop
      vertex 8.22189 -10.6855 16
      vertex 16 -12 16
      vertex 8.43999 -10.6421 16
    endloop
  endfacet
  facet normal -0 0 1
    outer loop
      vertex 8 -10.7 16
      vertex 16 -12 16
      vertex 8.22189 -10.6855 16
    endloop
  endfacet
  facet normal 0 0 1
    outer loop
      vertex 0 -12 16
      vertex 8 -10.7 16
      vertex 7.7781 -10.6855 16
    endloop
  endfacet
  facet normal 0 0 1
    outer loop
      vertex 6.31454 -8.7781 16
      vertex 0 -12 16
      vertex 6.3 -9 16
    endloop
  endfacet
  facet normal 0 0 1
    outer loop
      vertex 6.3 -9 16
      vertex 0 -12 16
      vertex 6.31454 -9.22189 16
    endloop
  endfacet
  facet normal 0 0 1
    outer loop
      vertex 6.31454 -9.22189 16
      vertex 0 -12 16
      vertex 6.35793 -9.43999 16
    endloop
  endfacet
  facet normal 0 0 1
    outer loop
      vertex 8 -10.7 16
      vertex 0 -12 16
      vertex 16 -12 16
    endloop
  endfacet
  facet normal 0 0 1
    outer loop
      vertex 7.56001 -10.6421 16
      vertex 0 -12 16
      vertex 7.7781 -10.6855 16
    endloop
  endfacet
  facet normal 0 0 1
    outer loop
      vertex 7.34944 -10.5706 16
      vertex 0 -12 16
      vertex 7.56001 -10.6421 16
    endloop
  endfacet
  facet normal 0 0 1
    outer loop
      vertex 7.15 -10.4722 16
      vertex 0 -12 16
      vertex 7.34944 -10.5706 16
    endloop
  endfacet
  facet normal 0 0 1
    outer loop
      vertex 6.96511 -10.3487 16
      vertex 0 -12 16
      vertex 7.15 -10.4722 16
    endloop
  endfacet
  facet normal 0 0 1
    outer loop
      vertex 6.79792 -10.2021 16
      vertex 0 -12 16
      vertex 6.96511 -10.3487 16
    endloop
  endfacet
  facet normal 0 0 1
    outer loop
      vertex 6.6513 -10.0349 16
      vertex 0 -12 16
      vertex 6.79792 -10.2021 16
    endloop
  endfacet
  facet normal 0 0 1
    outer loop
      vertex 6.52776 -9.85 16
      vertex 0 -12 16
      vertex 6.6513 -10.0349 16
    endloop
  endfacet
  facet normal 0 0 1
    outer loop
      vertex 6.4294 -9.65056 16
      vertex 0 -12 16
      vertex 6.52776 -9.85 16
    endloop
  endfacet
  facet normal 0 0 1
    outer loop
      vertex 6.35793 -9.43999 16
      vertex 0 -12 16
      vertex 6.4294 -9.65056 16
    endloop
  endfacet
  facet normal 0 0 1
    outer loop
      vertex 1.79999 8.75269 16
      vertex 0 -12 16
      vertex 1.79999 0.00999451 16
    endloop
  endfacet
  facet normal 0 0 1
    outer loop
      vertex 1.79999 9.5809 16
      vertex 13.3702 11.8529 16
      vertex 13.2604 12.6517 16
    endloop
  endfacet
  facet normal 0 0 1
    outer loop
      vertex 13.3702 11.8529 16
      vertex 1.79999 9.5809 16
      vertex 1.79999 8.75269 16
    endloop
  endfacet
  facet normal 0 0 1
    outer loop
      vertex 1.79999 18.3309 16
      vertex 12.2099 20.292 16
      vertex 12.1 21.0908 16
    endloop
  endfacet
  facet normal 0 0 1
    outer loop
      vertex 12.2099 20.292 16
      vertex 1.79999 18.3309 16
      vertex 1.79999 17.5027 16
    endloop
  endfacet
  facet normal 0 0 1
    outer loop
      vertex 1.79999 27.0809 16
      vertex 11.0495 28.7311 16
      vertex 10.9396 29.5299 16
    endloop
  endfacet
  facet normal 0 0 1
    outer loop
      vertex 11.0495 28.7311 16
      vertex 1.79999 27.0809 16
      vertex 1.79999 26.2527 16
    endloop
  endfacet
  facet normal 0 0 1
    outer loop
      vertex 1.79999 35.8309 16
      vertex 9.8891 37.1702 16
      vertex 9.77927 37.9689 16
    endloop
  endfacet
  facet normal 0 0 1
    outer loop
      vertex 9.8891 37.1702 16
      vertex 1.79999 35.8309 16
      vertex 1.79999 35.0027 16
    endloop
  endfacet
  facet normal 0 0 1
    outer loop
      vertex 1.79999 44.5809 16
      vertex 8.72873 45.6092 16
      vertex 8.6189 46.408 16
    endloop
  endfacet
  facet normal 0 0 1
    outer loop
      vertex 8.72873 45.6092 16
      vertex 1.79999 44.5809 16
      vertex 1.79999 43.7527 16
    endloop
  endfacet
  facet normal 0 0 1
    outer loop
      vertex 1.79999 53.3309 16
      vertex 7.56836 54.0483 16
      vertex 7.45853 54.8471 16
    endloop
  endfacet
  facet normal 0 0 1
    outer loop
      vertex 7.56836 54.0483 16
      vertex 1.79999 53.3309 16
      vertex 1.79999 52.5027 16
    endloop
  endfacet
  facet normal 1 -0 0
    outer loop
      vertex 16 -12 16
      vertex 16 0.00999451 0
      vertex 16 0.00999451 16
    endloop
  endfacet
  facet normal 1 0 0
    outer loop
      vertex 16 0.00999451 0
      vertex 16 -12 16
      vertex 16 -12 0
    endloop
  endfacet
  facet normal 0 1 -0
    outer loop
      vertex 16 0.00999451 0
      vertex 15.9986 0.00999451 16
      vertex 16 0.00999451 16
    endloop
  endfacet
  facet normal 0 1 0
    outer loop
      vertex 15.9986 0.00999451 16
      vertex 16 0.00999451 0
      vertex 15.9986 0.00999451 0
    endloop
  endfacet
  facet normal 0.990679 0.136218 0
    outer loop
      vertex 5 80 16
      vertex 6.32887 70.3355 8
      vertex 5 80 0
    endloop
  endfacet
  facet normal 0.990654 0.136396 -0.000218803
    outer loop
      vertex 5 80 16
      vertex 6.32925 70.3328 8.03738
      vertex 6.32887 70.3355 8
    endloop
  endfacet
  facet normal 0.990683 0.13619 3.59334e-05
    outer loop
      vertex 5 80 16
      vertex 6.33088 70.3209 8.20023
      vertex 6.32925 70.3328 8.03738
    endloop
  endfacet
  facet normal 0.990685 0.136177 5.31423e-05
    outer loop
      vertex 5 80 16
      vertex 6.33571 70.2857 8.35854
      vertex 6.33088 70.3209 8.20023
    endloop
  endfacet
  facet normal 0.990682 0.136196 2.81079e-05
    outer loop
      vertex 5 80 16
      vertex 6.33685 70.2774 8.39588
      vertex 6.33571 70.2857 8.35854
    endloop
  endfacet
  facet normal 0.990678 0.136228 -1.29616e-05
    outer loop
      vertex 5 80 16
      vertex 6.34469 70.2204 8.54574
      vertex 6.33685 70.2774 8.39588
    endloop
  endfacet
  facet normal 0.990668 0.136296 -0.00010445
    outer loop
      vertex 5 80 16
      vertex 6.34662 70.2064 8.58256
      vertex 6.34469 70.2204 8.54574
    endloop
  endfacet
  facet normal 0.990661 0.136347 -0.000173578
    outer loop
      vertex 5 80 16
      vertex 6.34931 70.1869 8.61773
      vertex 6.34662 70.2064 8.58256
    endloop
  endfacet
  facet normal 0.990685 0.136177 5.70648e-05
    outer loop
      vertex 5 80 16
      vertex 6.3599 70.1098 8.75623
      vertex 6.34931 70.1869 8.61773
    endloop
  endfacet
  facet normal 0.990677 0.136232 -1.95402e-05
    outer loop
      vertex 5 80 16
      vertex 6.37276 70.0163 8.87907
      vertex 6.3599 70.1098 8.75623
    endloop
  endfacet
  facet normal 0.990677 0.136235 -2.33763e-05
    outer loop
      vertex 5 80 16
      vertex 6.37635 69.9902 8.91329
      vertex 6.37276 70.0163 8.87907
    endloop
  endfacet
  facet normal 0.99067 0.136283 -9.23155e-05
    outer loop
      vertex 5 80 16
      vertex 6.3807 69.9586 8.94449
      vertex 6.37635 69.9902 8.91329
    endloop
  endfacet
  facet normal 0.99068 0.136209 1.40454e-05
    outer loop
      vertex 5 80 16
      vertex 6.39552 69.8508 9.05076
      vertex 6.3807 69.9586 8.94449
    endloop
  endfacet
  facet normal 0.990684 0.136184 5.21729e-05
    outer loop
      vertex 5 80 16
      vertex 6.41164 69.7335 9.13769
      vertex 6.39552 69.8508 9.05076
    endloop
  endfacet
  facet normal 0.990675 0.136248 -4.57749e-05
    outer loop
      vertex 5 80 16
      vertex 6.41695 69.6949 9.1663
      vertex 6.41164 69.7335 9.13769
    endloop
  endfacet
  facet normal 0.990672 0.136267 -7.46133e-05
    outer loop
      vertex 5 80 16
      vertex 6.43397 69.5712 9.23384
      vertex 6.41695 69.6949 9.1663
    endloop
  endfacet
  facet normal 0.990711 0.135983 0.00037146
    outer loop
      vertex 5 80 16
      vertex 6.44011 69.5264 9.25823
      vertex 6.43397 69.5712 9.23384
    endloop
  endfacet
  facet normal 0.990678 0.136224 -1.04608e-05
    outer loop
      vertex 5 80 16
      vertex 6.45756 69.3995 9.3064
      vertex 6.44011 69.5264 9.25823
    endloop
  endfacet
  facet normal 0.990662 0.136338 -0.000195114
    outer loop
      vertex 5 80 16
      vertex 6.4645 69.3491 9.32556
      vertex 6.45756 69.3995 9.3064
    endloop
  endfacet
  facet normal 0.990679 0.136218 1.35482e-07
    outer loop
      vertex 5 80 16
      vertex 6.47209 69.2939 9.33834
      vertex 6.4645 69.3491 9.32556
    endloop
  endfacet
  facet normal 0.990685 0.136177 6.84195e-05
    outer loop
      vertex 5 80 16
      vertex 6.4896 69.1665 9.36788
      vertex 6.47209 69.2939 9.33834
    endloop
  endfacet
  facet normal 0.990657 0.136377 -0.000264733
    outer loop
      vertex 5 80 16
      vertex 6.49782 69.1068 9.37356
      vertex 6.4896 69.1665 9.36788
    endloop
  endfacet
  facet normal 0.990683 0.136185 5.72611e-05
    outer loop
      vertex 5 80 16
      vertex 6.51492 68.9824 9.38538
      vertex 6.49782 69.1068 9.37356
    endloop
  endfacet
  facet normal 0.990696 0.136096 0.000207877
    outer loop
      vertex 5 80 16
      vertex 6.52363 68.919 9.38306
      vertex 6.51492 68.9824 9.38538
    endloop
  endfacet
  facet normal 0.99067 0.136284 -0.000112574
    outer loop
      vertex 5 80 16
      vertex 6.54 68.8 9.37871
      vertex 6.52363 68.919 9.38306
    endloop
  endfacet
  facet normal 0.990689 0.136143 0.000130618
    outer loop
      vertex 5 80 16
      vertex 6.55538 68.6881 9.35996
      vertex 6.54 68.8 9.37871
    endloop
  endfacet
  facet normal 0.990661 0.136348 -0.000226083
    outer loop
      vertex 5 80 16
      vertex 6.56442 68.6224 9.34894
      vertex 6.55538 68.6881 9.35996
    endloop
  endfacet
  facet normal 0.990679 0.136217 1.58364e-06
    outer loop
      vertex 7.4796 61.9665 9.36788
      vertex 6.56442 68.6224 9.34894
      vertex 5 80 16
    endloop
  endfacet
  facet normal 0.990679 0.136218 0.00025059
    outer loop
      vertex 7.46209 62.0939 9.33834
      vertex 6.56442 68.6224 9.34894
      vertex 7.4796 61.9665 9.36788
    endloop
  endfacet
  facet normal 0.990679 0.136219 8.13584e-07
    outer loop
      vertex 7.4545 62.1491 9.32556
      vertex 6.56442 68.6224 9.34894
      vertex 7.46209 62.0939 9.33834
    endloop
  endfacet
  facet normal 0.990679 0.136218 7.94179e-05
    outer loop
      vertex 6.56442 68.6224 9.34894
      vertex 7.4545 62.1491 9.32556
      vertex 6.57864 68.519 9.31763
    endloop
  endfacet
  facet normal 0.990679 0.13622 -0.000160827
    outer loop
      vertex 7.40695 62.4949 9.1663
      vertex 6.61871 68.2275 9.18661
      vertex 6.60982 68.2922 9.22586
    endloop
  endfacet
  facet normal 0.990679 0.13622 2.01015e-05
    outer loop
      vertex 7.3707 62.7586 8.94449
      vertex 6.65642 67.9533 8.97258
      vertex 6.64865 68.0098 9.0298
    endloop
  endfacet
  facet normal 0.990679 0.13622 0.000107983
    outer loop
      vertex 7.36276 62.8163 8.87907
      vertex 6.67226 67.8381 8.84108
      vertex 6.66502 67.8907 8.90925
    endloop
  endfacet
  facet normal 0.990679 0.136217 -0.000170917
    outer loop
      vertex 7.3499 62.9098 8.75623
      vertex 6.68503 67.7452 8.70429
      vertex 6.67913 67.7882 8.77641
    endloop
  endfacet
  facet normal 0.990679 0.136218 -4.76786e-05
    outer loop
      vertex 7.33662 63.0064 8.58256
      vertex 6.69558 67.6685 8.55544
      vertex 6.69084 67.703 8.63335
    endloop
  endfacet
  facet normal 0.990679 0.136219 -3.23919e-05
    outer loop
      vertex 6.71138 67.5536 8.07658
      vertex 7.31887 63.1355 8
      vertex 6.71201 67.549 8
    endloop
  endfacet
  facet normal 0.990679 0.136217 9.99176e-05
    outer loop
      vertex 6.71067 67.5587 8.16341
      vertex 7.31887 63.1355 8
      vertex 6.71138 67.5536 8.07658
    endloop
  endfacet
  facet normal 0.990679 0.136221 -4.9292e-05
    outer loop
      vertex 7.32088 63.1209 8.20023
      vertex 6.71067 67.5587 8.16341
      vertex 6.70879 67.5724 8.23944
    endloop
  endfacet
  facet normal 0.990678 0.136221 -8.75346e-05
    outer loop
      vertex 7.32088 63.1209 8.20023
      vertex 6.70879 67.5724 8.23944
      vertex 6.70668 67.5878 8.3248
    endloop
  endfacet
  facet normal 0.990679 0.136218 0.000105874
    outer loop
      vertex 7.32685 63.0774 8.39588
      vertex 6.70668 67.5878 8.3248
      vertex 6.70322 67.6129 8.4068
    endloop
  endfacet
  facet normal 0.990679 0.136218 -8.21719e-05
    outer loop
      vertex 7.32685 63.0774 8.39588
      vertex 6.70322 67.6129 8.4068
      vertex 6.70005 67.636 8.48213
    endloop
  endfacet
  facet normal 0.990679 0.136219 1.6731e-05
    outer loop
      vertex 6.69558 67.6685 8.55544
      vertex 7.33662 63.0064 8.58256
      vertex 6.70005 67.636 8.48213
    endloop
  endfacet
  facet normal 0.990679 0.13622 0.00010377
    outer loop
      vertex 6.68503 67.7452 8.70429
      vertex 7.3499 62.9098 8.75623
      vertex 6.69084 67.703 8.63335
    endloop
  endfacet
  facet normal 0.990679 0.13622 0.000132885
    outer loop
      vertex 6.67226 67.8381 8.84108
      vertex 7.36276 62.8163 8.87907
      vertex 6.67913 67.7882 8.77641
    endloop
  endfacet
  facet normal 0.990679 0.136218 -0.000117471
    outer loop
      vertex 6.65642 67.9533 8.97258
      vertex 7.36634 62.7902 8.91329
      vertex 6.66502 67.8907 8.90925
    endloop
  endfacet
  facet normal 0.990679 0.136219 -7.85695e-05
    outer loop
      vertex 7.38552 62.6508 9.05076
      vertex 6.64865 68.0098 9.0298
      vertex 6.64028 68.0707 9.07792
    endloop
  endfacet
  facet normal 0.990679 0.136218 0.000127872
    outer loop
      vertex 7.38552 62.6508 9.05076
      vertex 6.64028 68.0707 9.07792
      vertex 6.63018 68.1441 9.136
    endloop
  endfacet
  facet normal 0.990679 0.136219 4.70759e-05
    outer loop
      vertex 6.61871 68.2275 9.18661
      vertex 7.40695 62.4949 9.1663
      vertex 6.63018 68.1441 9.136
    endloop
  endfacet
  facet normal 0.990679 0.136217 -0.000549383
    outer loop
      vertex 6.57864 68.519 9.31763
      vertex 7.4545 62.1491 9.32556
      vertex 6.5878 68.4523 9.29745
    endloop
  endfacet
  facet normal 0.990679 0.136219 3.81123e-05
    outer loop
      vertex 6.71067 67.5587 8.16341
      vertex 7.3205 63.1236 8.16272
      vertex 7.31887 63.1355 8
    endloop
  endfacet
  facet normal 0.990679 0.136219 -0.000231034
    outer loop
      vertex 6.71067 67.5587 8.16341
      vertex 7.32088 63.1209 8.20023
      vertex 7.3205 63.1236 8.16272
    endloop
  endfacet
  facet normal 0.990679 0.13622 -6.65012e-05
    outer loop
      vertex 6.70668 67.5878 8.3248
      vertex 7.32201 63.1127 8.23721
      vertex 7.32088 63.1209 8.20023
    endloop
  endfacet
  facet normal 0.990679 0.136218 8.56618e-05
    outer loop
      vertex 6.70668 67.5878 8.3248
      vertex 7.32685 63.0774 8.39588
      vertex 7.32201 63.1127 8.23721
    endloop
  endfacet
  facet normal 0.990679 0.136218 -6.84127e-05
    outer loop
      vertex 6.70005 67.636 8.48213
      vertex 7.32875 63.0636 8.43215
      vertex 7.32685 63.0774 8.39588
    endloop
  endfacet
  facet normal 0.990679 0.136218 -3.32066e-05
    outer loop
      vertex 6.70005 67.636 8.48213
      vertex 7.33662 63.0064 8.58256
      vertex 7.32875 63.0636 8.43215
    endloop
  endfacet
  facet normal 0.990679 0.13622 -0.000245294
    outer loop
      vertex 6.69084 67.703 8.63335
      vertex 7.33931 62.9869 8.61773
      vertex 7.33662 63.0064 8.58256
    endloop
  endfacet
  facet normal 0.990679 0.136219 8.10517e-05
    outer loop
      vertex 6.69084 67.703 8.63335
      vertex 7.3499 62.9098 8.75623
      vertex 7.33931 62.9869 8.61773
    endloop
  endfacet
  facet normal 0.990679 0.136216 -3.16889e-05
    outer loop
      vertex 6.67913 67.7882 8.77641
      vertex 7.36276 62.8163 8.87907
      vertex 7.3499 62.9098 8.75623
    endloop
  endfacet
  facet normal 0.990679 0.136219 0.000253653
    outer loop
      vertex 6.66502 67.8907 8.90925
      vertex 7.36634 62.7902 8.91329
      vertex 7.36276 62.8163 8.87907
    endloop
  endfacet
  facet normal 0.990678 0.136222 -0.000472012
    outer loop
      vertex 6.65642 67.9533 8.97258
      vertex 7.3707 62.7586 8.94449
      vertex 7.36634 62.7902 8.91329
    endloop
  endfacet
  facet normal 0.990679 0.13622 2.48106e-05
    outer loop
      vertex 6.64865 68.0098 9.0298
      vertex 7.38552 62.6508 9.05076
      vertex 7.3707 62.7586 8.94449
    endloop
  endfacet
  facet normal 0.990679 0.13622 4.58943e-05
    outer loop
      vertex 6.63018 68.1441 9.136
      vertex 7.39073 62.6129 9.07883
      vertex 7.38552 62.6508 9.05076
    endloop
  endfacet
  facet normal 0.990679 0.13622 5.82339e-05
    outer loop
      vertex 6.63018 68.1441 9.136
      vertex 7.40695 62.4949 9.1663
      vertex 7.39073 62.6129 9.07883
    endloop
  endfacet
  facet normal 0.990679 0.136218 3.63766e-05
    outer loop
      vertex 6.60982 68.2922 9.22586
      vertex 7.42397 62.3711 9.23384
      vertex 7.40695 62.4949 9.1663
    endloop
  endfacet
  facet normal 0.990679 0.136218 0.000254108
    outer loop
      vertex 6.60982 68.2922 9.22586
      vertex 7.43011 62.3264 9.25823
      vertex 7.42397 62.3711 9.23384
    endloop
  endfacet
  facet normal 0.990679 0.136217 -7.99437e-05
    outer loop
      vertex 6.60072 68.3584 9.25545
      vertex 7.43011 62.3264 9.25823
      vertex 6.60982 68.2922 9.22586
    endloop
  endfacet
  facet normal 0.990679 0.136217 0.000209847
    outer loop
      vertex 6.5878 68.4523 9.29745
      vertex 7.43011 62.3264 9.25823
      vertex 6.60072 68.3584 9.25545
    endloop
  endfacet
  facet normal 0.990679 0.136218 -2.58052e-05
    outer loop
      vertex 7.43011 62.3264 9.25823
      vertex 6.5878 68.4523 9.29745
      vertex 7.44756 62.1995 9.3064
    endloop
  endfacet
  facet normal 0.990679 0.136218 -0.00051901
    outer loop
      vertex 7.44756 62.1995 9.3064
      vertex 6.5878 68.4523 9.29745
      vertex 7.4545 62.1491 9.32556
    endloop
  endfacet
  facet normal 0.990659 0.136364 -0.000404022
    outer loop
      vertex 5 80 16
      vertex 7.48782 61.9068 9.37356
      vertex 7.4796 61.9665 9.36788
    endloop
  endfacet
  facet normal 0.990683 0.136187 8.69198e-05
    outer loop
      vertex 5 80 16
      vertex 7.50492 61.7824 9.38538
      vertex 7.48782 61.9068 9.37356
    endloop
  endfacet
  facet normal 0.990696 0.13609 0.00035895
    outer loop
      vertex 5 80 16
      vertex 7.51363 61.719 9.38306
      vertex 7.50492 61.7824 9.38538
    endloop
  endfacet
  facet normal 0.990669 0.136287 -0.000193126
    outer loop
      vertex 5 80 16
      vertex 7.53 61.6 9.37871
      vertex 7.51363 61.719 9.38306
    endloop
  endfacet
  facet normal 0.990679 0.136217 2.52908e-06
    outer loop
      vertex 8.4696 54.7665 9.36788
      vertex 7.53 61.6 9.37871
      vertex 5 80 16
    endloop
  endfacet
  facet normal 0.990679 0.136218 -0.00032792
    outer loop
      vertex 7.53 61.6 9.37871
      vertex 8.4696 54.7665 9.36788
      vertex 7.54538 61.4881 9.35996
    endloop
  endfacet
  facet normal 0.990679 0.136219 0.000557945
    outer loop
      vertex 7.54538 61.4881 9.35996
      vertex 8.4696 54.7665 9.36788
      vertex 7.55442 61.4224 9.34894
    endloop
  endfacet
  facet normal 0.990679 0.136218 0.00025059
    outer loop
      vertex 8.45209 54.8939 9.33834
      vertex 7.55442 61.4224 9.34894
      vertex 8.4696 54.7665 9.36788
    endloop
  endfacet
  facet normal 0.990679 0.136217 0.000209847
    outer loop
      vertex 8.42011 55.1264 9.25823
      vertex 7.59072 61.1584 9.25545
      vertex 7.5778 61.2523 9.29745
    endloop
  endfacet
  facet normal 0.990679 0.13622 -0.000160827
    outer loop
      vertex 8.39695 55.2949 9.1663
      vertex 7.60871 61.0275 9.18661
      vertex 7.59982 61.0922 9.22586
    endloop
  endfacet
  facet normal 0.990679 0.136217 0.000231827
    outer loop
      vertex 8.37552 55.4508 9.05076
      vertex 7.62862 60.8828 9.08751
      vertex 7.62018 60.9441 9.136
    endloop
  endfacet
  facet normal 0.990678 0.136221 -4.13525e-05
    outer loop
      vertex 8.3607 55.5586 8.94449
      vertex 7.64731 60.7468 8.96601
      vertex 7.63865 60.8098 9.0298
    endloop
  endfacet
  facet normal 0.990679 0.136218 -9.06789e-05
    outer loop
      vertex 8.35276 55.6163 8.87907
      vertex 7.66226 60.6381 8.84108
      vertex 7.65502 60.6908 8.90925
    endloop
  endfacet
  facet normal 0.990679 0.136217 9.99176e-05
    outer loop
      vertex 8.30887 55.9355 8
      vertex 7.70138 60.3536 8.07658
      vertex 7.70067 60.3587 8.16341
    endloop
  endfacet
  facet normal 0.990679 0.136219 -3.23919e-05
    outer loop
      vertex 7.70138 60.3536 8.07658
      vertex 8.30887 55.9355 8
      vertex 7.70201 60.349 8
    endloop
  endfacet
  facet normal 0.990679 0.136219 -0.000203851
    outer loop
      vertex 8.31088 55.9209 8.20023
      vertex 7.70067 60.3587 8.16341
      vertex 7.69857 60.3741 8.24854
    endloop
  endfacet
  facet normal 0.990679 0.136216 8.15513e-05
    outer loop
      vertex 8.31088 55.9209 8.20023
      vertex 7.69857 60.3741 8.24854
      vertex 7.69668 60.3878 8.3248
    endloop
  endfacet
  facet normal 0.990679 0.136218 0.000105874
    outer loop
      vertex 8.31685 55.8774 8.39588
      vertex 7.69668 60.3878 8.3248
      vertex 7.69322 60.4129 8.4068
    endloop
  endfacet
  facet normal 0.990679 0.136218 -8.21719e-05
    outer loop
      vertex 8.31685 55.8774 8.39588
      vertex 7.69322 60.4129 8.4068
      vertex 7.69005 60.436 8.48213
    endloop
  endfacet
  facet normal 0.990679 0.136219 1.6731e-05
    outer loop
      vertex 8.32662 55.8064 8.58256
      vertex 7.69005 60.436 8.48213
      vertex 7.68558 60.4685 8.55544
    endloop
  endfacet
  facet normal 0.990679 0.136218 -4.76786e-05
    outer loop
      vertex 8.32662 55.8064 8.58256
      vertex 7.68558 60.4685 8.55544
      vertex 7.68084 60.503 8.63335
    endloop
  endfacet
  facet normal 0.990679 0.136218 0.000104682
    outer loop
      vertex 8.33716 55.7297 8.7204
      vertex 7.68084 60.503 8.63335
      vertex 7.67503 60.5452 8.70429
    endloop
  endfacet
  facet normal 0.990679 0.136217 -0.000170918
    outer loop
      vertex 8.3399 55.7098 8.75622
      vertex 7.67503 60.5452 8.70429
      vertex 7.66913 60.5882 8.77641
    endloop
  endfacet
  facet normal 0.990679 0.13622 0.000132885
    outer loop
      vertex 7.66226 60.6381 8.84108
      vertex 8.35276 55.6163 8.87907
      vertex 7.66913 60.5882 8.77641
    endloop
  endfacet
  facet normal 0.990679 0.136218 0.000174881
    outer loop
      vertex 7.64731 60.7468 8.96601
      vertex 8.35635 55.5902 8.91329
      vertex 7.65502 60.6908 8.90925
    endloop
  endfacet
  facet normal 0.990679 0.136219 -0.00012986
    outer loop
      vertex 7.62862 60.8828 9.08751
      vertex 8.37552 55.4508 9.05076
      vertex 7.63865 60.8098 9.0298
    endloop
  endfacet
  facet normal 0.990679 0.136219 4.70759e-05
    outer loop
      vertex 7.60871 61.0275 9.18661
      vertex 8.39695 55.2949 9.1663
      vertex 7.62018 60.9441 9.136
    endloop
  endfacet
  facet normal 0.990679 0.136217 -7.99437e-05
    outer loop
      vertex 7.59072 61.1584 9.25545
      vertex 8.42011 55.1264 9.25823
      vertex 7.59982 61.0922 9.22586
    endloop
  endfacet
  facet normal 0.990679 0.136219 8.13584e-07
    outer loop
      vertex 8.4445 54.9491 9.32556
      vertex 7.55442 61.4224 9.34894
      vertex 8.45209 54.8939 9.33834
    endloop
  endfacet
  facet normal 0.990679 0.136219 3.81123e-05
    outer loop
      vertex 7.70067 60.3587 8.16341
      vertex 8.3105 55.9236 8.16272
      vertex 8.30887 55.9355 8
    endloop
  endfacet
  facet normal 0.990679 0.136219 -0.000231034
    outer loop
      vertex 7.70067 60.3587 8.16341
      vertex 8.31088 55.9209 8.20023
      vertex 8.3105 55.9236 8.16272
    endloop
  endfacet
  facet normal 0.990679 0.13622 -6.65012e-05
    outer loop
      vertex 7.69668 60.3878 8.3248
      vertex 8.31201 55.9127 8.23721
      vertex 8.31088 55.9209 8.20023
    endloop
  endfacet
  facet normal 0.990679 0.136218 8.56618e-05
    outer loop
      vertex 7.69668 60.3878 8.3248
      vertex 8.31685 55.8774 8.39588
      vertex 8.31201 55.9127 8.23721
    endloop
  endfacet
  facet normal 0.990679 0.136218 -6.84127e-05
    outer loop
      vertex 7.69005 60.436 8.48213
      vertex 8.31875 55.8636 8.43215
      vertex 8.31685 55.8774 8.39588
    endloop
  endfacet
  facet normal 0.990679 0.136218 -3.32066e-05
    outer loop
      vertex 7.69005 60.436 8.48213
      vertex 8.32662 55.8064 8.58256
      vertex 8.31875 55.8636 8.43215
    endloop
  endfacet
  facet normal 0.990679 0.136217 4.43594e-05
    outer loop
      vertex 7.68084 60.503 8.63335
      vertex 8.33716 55.7297 8.7204
      vertex 8.32662 55.8064 8.58256
    endloop
  endfacet
  facet normal 0.990679 0.136218 -0.000104051
    outer loop
      vertex 7.67503 60.5452 8.70429
      vertex 8.3399 55.7098 8.75622
      vertex 8.33716 55.7297 8.7204
    endloop
  endfacet
  facet normal 0.990679 0.136216 -3.16863e-05
    outer loop
      vertex 7.66913 60.5882 8.77641
      vertex 8.35276 55.6163 8.87907
      vertex 8.3399 55.7098 8.75622
    endloop
  endfacet
  facet normal 0.990679 0.136218 -3.65803e-05
    outer loop
      vertex 7.65502 60.6908 8.90925
      vertex 8.35635 55.5902 8.91329
      vertex 8.35276 55.6163 8.87907
    endloop
  endfacet
  facet normal 0.990678 0.136221 -0.000155691
    outer loop
      vertex 7.64731 60.7468 8.96601
      vertex 8.3607 55.5586 8.94449
      vertex 8.35635 55.5902 8.91329
    endloop
  endfacet
  facet normal 0.990679 0.13622 2.48106e-05
    outer loop
      vertex 7.63865 60.8098 9.0298
      vertex 8.37552 55.4508 9.05076
      vertex 8.3607 55.5586 8.94449
    endloop
  endfacet
  facet normal 0.990679 0.13622 4.58943e-05
    outer loop
      vertex 7.62018 60.9441 9.136
      vertex 8.38073 55.4129 9.07883
      vertex 8.37552 55.4508 9.05076
    endloop
  endfacet
  facet normal 0.990679 0.13622 5.82339e-05
    outer loop
      vertex 7.62018 60.9441 9.136
      vertex 8.39695 55.2949 9.1663
      vertex 8.38073 55.4129 9.07883
    endloop
  endfacet
  facet normal 0.990679 0.13622 -0.000161584
    outer loop
      vertex 7.59982 61.0922 9.22586
      vertex 8.41397 55.1712 9.23384
      vertex 8.39695 55.2949 9.1663
    endloop
  endfacet
  facet normal 0.990678 0.136221 0.000818231
    outer loop
      vertex 7.59982 61.0922 9.22586
      vertex 8.42011 55.1264 9.25823
      vertex 8.41397 55.1712 9.23384
    endloop
  endfacet
  facet normal 0.990679 0.136218 -2.58052e-05
    outer loop
      vertex 7.5778 61.2523 9.29745
      vertex 8.43756 54.9995 9.3064
      vertex 8.42011 55.1264 9.25823
    endloop
  endfacet
  facet normal 0.990679 0.136218 -0.00051901
    outer loop
      vertex 7.5778 61.2523 9.29745
      vertex 8.4445 54.9491 9.32556
      vertex 8.43756 54.9995 9.3064
    endloop
  endfacet
  facet normal 0.990679 0.136217 -0.000549383
    outer loop
      vertex 7.56864 61.319 9.31763
      vertex 8.4445 54.9491 9.32556
      vertex 7.5778 61.2523 9.29745
    endloop
  endfacet
  facet normal 0.990679 0.136218 7.94179e-05
    outer loop
      vertex 7.55442 61.4224 9.34894
      vertex 8.4445 54.9491 9.32556
      vertex 7.56864 61.319 9.31763
    endloop
  endfacet
  facet normal 0.99066 0.136353 -0.000522184
    outer loop
      vertex 5 80 16
      vertex 8.47782 54.7068 9.37356
      vertex 8.4696 54.7665 9.36788
    endloop
  endfacet
  facet normal 0.990683 0.13619 0.000112084
    outer loop
      vertex 5 80 16
      vertex 8.49492 54.5824 9.38538
      vertex 8.47782 54.7068 9.37356
    endloop
  endfacet
  facet normal 0.990697 0.136084 0.000524028
    outer loop
      vertex 5 80 16
      vertex 8.50363 54.519 9.38306
      vertex 8.49492 54.5824 9.38538
    endloop
  endfacet
  facet normal 0.990669 0.13629 -0.000281135
    outer loop
      vertex 5 80 16
      vertex 8.52 54.4 9.37871
      vertex 8.50363 54.519 9.38306
    endloop
  endfacet
  facet normal 0.990679 0.136218 1.23326e-06
    outer loop
      vertex 15.9986 0.00999451 16
      vertex 8.52 54.4 9.37871
      vertex 5 80 16
    endloop
  endfacet
  facet normal 0.990682 0.136195 -0.000189645
    outer loop
      vertex 8.52 54.4 9.37871
      vertex 15.9986 0.00999451 16
      vertex 8.53538 54.2881 9.35996
    endloop
  endfacet
  facet normal 0.796556 -0.072209 0.600237
    outer loop
      vertex 8.54442 54.2224 9.34894
      vertex 8.5678 54.0523 9.29745
      vertex 8.55864 54.119 9.31763
    endloop
  endfacet
  facet normal 0.825424 -0.275923 0.492486
    outer loop
      vertex 8.61018 53.7441 9.136
      vertex 8.62865 53.6098 9.0298
      vertex 8.61862 53.6828 9.08751
    endloop
  endfacet
  facet normal 0.271592 0.775694 -0.569681
    outer loop
      vertex 8.64502 53.4907 8.90925
      vertex 8.65913 53.3882 8.77641
      vertex 8.65226 53.4381 8.84108
    endloop
  endfacet
  facet normal 0.994924 -0.091825 0.0411541
    outer loop
      vertex 8.68668 53.1878 8.3248
      vertex 8.69067 53.1587 8.16341
      vertex 8.68857 53.1741 8.24854
    endloop
  endfacet
  facet normal 0.99068 0.136213 -3.20257e-05
    outer loop
      vertex 8.69138 53.1536 8.07658
      vertex 15.9986 0.00999451 16
      vertex 8.69201 53.149 8
    endloop
  endfacet
  facet normal 0.990677 0.136232 9.89934e-05
    outer loop
      vertex 8.69067 53.1587 8.16341
      vertex 15.9986 0.00999451 16
      vertex 8.69138 53.1536 8.07658
    endloop
  endfacet
  facet normal 0.99068 0.136208 -6.72132e-05
    outer loop
      vertex 8.68668 53.1878 8.3248
      vertex 15.9986 0.00999451 16
      vertex 8.69067 53.1587 8.16341
    endloop
  endfacet
  facet normal 0.990677 0.136232 0.000101394
    outer loop
      vertex 8.68322 53.2129 8.4068
      vertex 15.9986 0.00999451 16
      vertex 8.68668 53.1878 8.3248
    endloop
  endfacet
  facet normal 0.99068 0.136207 -7.86419e-05
    outer loop
      vertex 8.68005 53.236 8.48213
      vertex 15.9986 0.00999451 16
      vertex 8.68322 53.2129 8.4068
    endloop
  endfacet
  facet normal 0.990678 0.136224 4.53375e-05
    outer loop
      vertex 8.67533 53.2703 8.55959
      vertex 15.9986 0.00999451 16
      vertex 8.68005 53.236 8.48213
    endloop
  endfacet
  facet normal 0.99068 0.136207 -7.8878e-05
    outer loop
      vertex 8.67084 53.303 8.63335
      vertex 15.9986 0.00999451 16
      vertex 8.67533 53.2703 8.55959
    endloop
  endfacet
  facet normal 0.990677 0.136231 9.70808e-05
    outer loop
      vertex 8.66503 53.3452 8.70428
      vertex 15.9986 0.00999451 16
      vertex 8.67084 53.303 8.63335
    endloop
  endfacet
  facet normal 0.990682 0.136197 -0.000158526
    outer loop
      vertex 8.65913 53.3882 8.77641
      vertex 15.9986 0.00999451 16
      vertex 8.66503 53.3452 8.70428
    endloop
  endfacet
  facet normal 0.990677 0.136232 0.00011016
    outer loop
      vertex 8.64502 53.4907 8.90925
      vertex 15.9986 0.00999451 16
      vertex 8.65913 53.3882 8.77641
    endloop
  endfacet
  facet normal 0.99068 0.136211 -5.75933e-05
    outer loop
      vertex 8.63731 53.5468 8.96601
      vertex 15.9986 0.00999451 16
      vertex 8.64502 53.4907 8.90925
    endloop
  endfacet
  facet normal 0.990679 0.136214 -3.40307e-05
    outer loop
      vertex 8.62865 53.6098 9.0298
      vertex 15.9986 0.00999451 16
      vertex 8.63731 53.5468 8.96601
    endloop
  endfacet
  facet normal 0.990678 0.136222 3.05081e-05
    outer loop
      vertex 8.61018 53.7441 9.136
      vertex 15.9986 0.00999451 16
      vertex 8.62865 53.6098 9.0298
    endloop
  endfacet
  facet normal 0.990678 0.136223 4.09165e-05
    outer loop
      vertex 8.59871 53.8275 9.18661
      vertex 15.9986 0.00999451 16
      vertex 8.61018 53.7441 9.136
    endloop
  endfacet
  facet normal 0.990681 0.136202 -0.000130088
    outer loop
      vertex 8.58982 53.8922 9.22586
      vertex 15.9986 0.00999451 16
      vertex 8.59871 53.8275 9.18661
    endloop
  endfacet
  facet normal 0.99068 0.13621 -6.45797e-05
    outer loop
      vertex 8.58072 53.9584 9.25545
      vertex 15.9986 0.00999451 16
      vertex 8.58982 53.8922 9.22586
    endloop
  endfacet
  facet normal 0.990676 0.136238 0.000162132
    outer loop
      vertex 8.5678 54.0523 9.29745
      vertex 15.9986 0.00999451 16
      vertex 8.58072 53.9584 9.25545
    endloop
  endfacet
  facet normal 0.990681 0.136204 -0.000118692
    outer loop
      vertex 8.54442 54.2224 9.34894
      vertex 15.9986 0.00999451 16
      vertex 8.5678 54.0523 9.29745
    endloop
  endfacet
  facet normal 0.990673 0.136257 0.000326127
    outer loop
      vertex 8.53538 54.2881 9.35996
      vertex 15.9986 0.00999451 16
      vertex 8.54442 54.2224 9.34894
    endloop
  endfacet
  facet normal 0.990654 0.136396 0.000218803
    outer loop
      vertex 6.32925 70.3328 7.96262
      vertex 5 80 0
      vertex 6.32887 70.3355 8
    endloop
  endfacet
  facet normal 0.990683 0.13619 -3.59334e-05
    outer loop
      vertex 6.33088 70.3209 7.79977
      vertex 5 80 0
      vertex 6.32925 70.3328 7.96262
    endloop
  endfacet
  facet normal 0.990685 0.136177 -5.31423e-05
    outer loop
      vertex 6.33571 70.2857 7.64146
      vertex 5 80 0
      vertex 6.33088 70.3209 7.79977
    endloop
  endfacet
  facet normal 0.990682 0.136196 -2.81079e-05
    outer loop
      vertex 6.33685 70.2774 7.60412
      vertex 5 80 0
      vertex 6.33571 70.2857 7.64146
    endloop
  endfacet
  facet normal 0.990678 0.136228 1.29609e-05
    outer loop
      vertex 6.34469 70.2204 7.45425
      vertex 5 80 0
      vertex 6.33685 70.2774 7.60412
    endloop
  endfacet
  facet normal 0.990668 0.136296 0.00010445
    outer loop
      vertex 6.34662 70.2064 7.41743
      vertex 5 80 0
      vertex 6.34469 70.2204 7.45425
    endloop
  endfacet
  facet normal 0.990661 0.136347 0.000173613
    outer loop
      vertex 6.34931 70.1869 7.38227
      vertex 5 80 0
      vertex 6.34662 70.2064 7.41743
    endloop
  endfacet
  facet normal 0.990685 0.136177 -5.70648e-05
    outer loop
      vertex 6.3599 70.1098 7.24377
      vertex 5 80 0
      vertex 6.34931 70.1869 7.38227
    endloop
  endfacet
  facet normal 0.990672 0.136269 7.12958e-05
    outer loop
      vertex 6.36341 70.0843 7.21025
      vertex 5 80 0
      vertex 6.3599 70.1098 7.24377
    endloop
  endfacet
  facet normal 0.990678 0.136223 6.38968e-06
    outer loop
      vertex 6.37635 69.9902 7.08671
      vertex 5 80 0
      vertex 6.36341 70.0843 7.21025
    endloop
  endfacet
  facet normal 0.99067 0.136283 9.23155e-05
    outer loop
      vertex 6.3807 69.9586 7.05551
      vertex 5 80 0
      vertex 6.37635 69.9902 7.08671
    endloop
  endfacet
  facet normal 0.99068 0.136209 -1.40454e-05
    outer loop
      vertex 6.39552 69.8508 6.94924
      vertex 5 80 0
      vertex 6.3807 69.9586 7.05551
    endloop
  endfacet
  facet normal 0.990684 0.136184 -5.21729e-05
    outer loop
      vertex 6.41164 69.7335 6.86231
      vertex 5 80 0
      vertex 6.39552 69.8508 6.94924
    endloop
  endfacet
  facet normal 0.990675 0.136248 4.57749e-05
    outer loop
      vertex 6.41695 69.6949 6.8337
      vertex 5 80 0
      vertex 6.41164 69.7335 6.86231
    endloop
  endfacet
  facet normal 0.990672 0.136267 7.46133e-05
    outer loop
      vertex 6.43397 69.5712 6.76616
      vertex 5 80 0
      vertex 6.41695 69.6949 6.8337
    endloop
  endfacet
  facet normal 0.990711 0.135983 -0.000371391
    outer loop
      vertex 6.44011 69.5264 6.74176
      vertex 5 80 0
      vertex 6.43397 69.5712 6.76616
    endloop
  endfacet
  facet normal 0.990678 0.136224 1.04616e-05
    outer loop
      vertex 6.45756 69.3995 6.6936
      vertex 5 80 0
      vertex 6.44011 69.5264 6.74176
    endloop
  endfacet
  facet normal 0.990662 0.136338 0.000195114
    outer loop
      vertex 6.4645 69.3491 6.67444
      vertex 5 80 0
      vertex 6.45756 69.3995 6.6936
    endloop
  endfacet
  facet normal 0.990679 0.136218 -1.35481e-07
    outer loop
      vertex 6.47209 69.2939 6.66166
      vertex 5 80 0
      vertex 6.4645 69.3491 6.67444
    endloop
  endfacet
  facet normal 0.990685 0.136177 -6.84195e-05
    outer loop
      vertex 6.4896 69.1665 6.63212
      vertex 5 80 0
      vertex 6.47209 69.2939 6.66166
    endloop
  endfacet
  facet normal 0.990657 0.136377 0.000264733
    outer loop
      vertex 6.49782 69.1068 6.62644
      vertex 5 80 0
      vertex 6.4896 69.1665 6.63212
    endloop
  endfacet
  facet normal 0.990683 0.136185 -5.72611e-05
    outer loop
      vertex 6.51492 68.9824 6.61462
      vertex 5 80 0
      vertex 6.49782 69.1068 6.62644
    endloop
  endfacet
  facet normal 0.990677 0.136229 1.84735e-05
    outer loop
      vertex 6.53127 68.8635 6.61897
      vertex 5 80 0
      vertex 6.51492 68.9824 6.61462
    endloop
  endfacet
  facet normal 0.990682 0.136198 -3.51601e-05
    outer loop
      vertex 6.54 68.8 6.62129
      vertex 5 80 0
      vertex 6.53127 68.8635 6.61897
    endloop
  endfacet
  facet normal 0.990672 0.13627 8.88652e-05
    outer loop
      vertex 6.54905 68.7342 6.63232
      vertex 5 80 0
      vertex 6.54 68.8 6.62129
    endloop
  endfacet
  facet normal 0.990683 0.136188 -5.31306e-05
    outer loop
      vertex 6.56442 68.6224 6.65106
      vertex 5 80 0
      vertex 6.54905 68.7342 6.63232
    endloop
  endfacet
  facet normal 0.990679 0.136218 -7.94179e-05
    outer loop
      vertex 7.4545 62.1491 6.67444
      vertex 6.56442 68.6224 6.65106
      vertex 6.57864 68.519 6.68237
    endloop
  endfacet
  facet normal 0.990679 0.136217 0.000549383
    outer loop
      vertex 7.4545 62.1491 6.67444
      vertex 6.57864 68.519 6.68237
      vertex 6.5878 68.4523 6.70255
    endloop
  endfacet
  facet normal 0.990679 0.136217 -0.000209846
    outer loop
      vertex 7.43011 62.3264 6.74176
      vertex 6.5878 68.4523 6.70255
      vertex 6.60072 68.3584 6.74455
    endloop
  endfacet
  facet normal 0.990679 0.136217 7.99704e-05
    outer loop
      vertex 7.43011 62.3264 6.74176
      vertex 6.60072 68.3584 6.74455
      vertex 6.60982 68.2922 6.77413
    endloop
  endfacet
  facet normal 0.990679 0.136219 -4.70759e-05
    outer loop
      vertex 7.40695 62.4949 6.8337
      vertex 6.61871 68.2275 6.81339
      vertex 6.63018 68.1441 6.864
    endloop
  endfacet
  facet normal 0.990679 0.136218 0.000117471
    outer loop
      vertex 7.36634 62.7902 7.08671
      vertex 6.65642 67.9533 7.02742
      vertex 6.66502 67.8907 7.09075
    endloop
  endfacet
  facet normal 0.990679 0.13622 -0.000132885
    outer loop
      vertex 7.36276 62.8163 7.12093
      vertex 6.67226 67.8381 7.15892
      vertex 6.67913 67.7882 7.22359
    endloop
  endfacet
  facet normal 0.990679 0.136219 -1.6731e-05
    outer loop
      vertex 7.33662 63.0064 7.41743
      vertex 6.69558 67.6685 7.44456
      vertex 6.70005 67.636 7.51787
    endloop
  endfacet
  facet normal 0.990679 0.136219 3.23919e-05
    outer loop
      vertex 7.31887 63.1355 8
      vertex 6.71138 67.5536 7.92342
      vertex 6.71201 67.549 8
    endloop
  endfacet
  facet normal 0.990679 0.136217 -9.99061e-05
    outer loop
      vertex 7.31887 63.1355 8
      vertex 6.71067 67.5587 7.83658
      vertex 6.71138 67.5536 7.92342
    endloop
  endfacet
  facet normal 0.990679 0.136219 -3.81123e-05
    outer loop
      vertex 7.3205 63.1236 7.83728
      vertex 6.71067 67.5587 7.83658
      vertex 7.31887 63.1355 8
    endloop
  endfacet
  facet normal 0.990679 0.136219 0.000231034
    outer loop
      vertex 7.32088 63.1209 7.79977
      vertex 6.71067 67.5587 7.83658
      vertex 7.3205 63.1236 7.83728
    endloop
  endfacet
  facet normal 0.990679 0.136221 4.9292e-05
    outer loop
      vertex 6.71067 67.5587 7.83658
      vertex 7.32088 63.1209 7.79977
      vertex 6.70879 67.5724 7.76055
    endloop
  endfacet
  facet normal 0.990678 0.136221 8.75449e-05
    outer loop
      vertex 6.70879 67.5724 7.76055
      vertex 7.32088 63.1209 7.79977
      vertex 6.70668 67.5878 7.6752
    endloop
  endfacet
  facet normal 0.990679 0.13622 6.65012e-05
    outer loop
      vertex 7.32201 63.1127 7.76279
      vertex 6.70668 67.5878 7.6752
      vertex 7.32088 63.1209 7.79977
    endloop
  endfacet
  facet normal 0.990679 0.136218 -8.56618e-05
    outer loop
      vertex 7.32685 63.0774 7.60412
      vertex 6.70668 67.5878 7.6752
      vertex 7.32201 63.1127 7.76279
    endloop
  endfacet
  facet normal 0.990679 0.136218 -0.000105874
    outer loop
      vertex 6.70668 67.5878 7.6752
      vertex 7.32685 63.0774 7.60412
      vertex 6.70322 67.6129 7.5932
    endloop
  endfacet
  facet normal 0.990679 0.136218 8.21719e-05
    outer loop
      vertex 6.70322 67.6129 7.5932
      vertex 7.32685 63.0774 7.60412
      vertex 6.70005 67.636 7.51787
    endloop
  endfacet
  facet normal 0.990679 0.136218 6.84127e-05
    outer loop
      vertex 7.32875 63.0636 7.56785
      vertex 6.70005 67.636 7.51787
      vertex 7.32685 63.0774 7.60412
    endloop
  endfacet
  facet normal 0.990679 0.136218 3.32044e-05
    outer loop
      vertex 7.33662 63.0064 7.41743
      vertex 6.70005 67.636 7.51787
      vertex 7.32875 63.0636 7.56785
    endloop
  endfacet
  facet normal 0.990679 0.136218 4.76786e-05
    outer loop
      vertex 6.69558 67.6685 7.44456
      vertex 7.33662 63.0064 7.41743
      vertex 6.69084 67.703 7.36665
    endloop
  endfacet
  facet normal 0.990679 0.13622 0.000245364
    outer loop
      vertex 7.33931 62.9869 7.38227
      vertex 6.69084 67.703 7.36665
      vertex 7.33662 63.0064 7.41743
    endloop
  endfacet
  facet normal 0.990679 0.136219 -8.10517e-05
    outer loop
      vertex 7.3499 62.9098 7.24377
      vertex 6.69084 67.703 7.36665
      vertex 7.33931 62.9869 7.38227
    endloop
  endfacet
  facet normal 0.990678 0.136222 -0.00017089
    outer loop
      vertex 6.69084 67.703 7.36665
      vertex 7.3499 62.9098 7.24377
      vertex 6.68497 67.7456 7.29502
    endloop
  endfacet
  facet normal 0.990679 0.136217 0.000242098
    outer loop
      vertex 6.68497 67.7456 7.29502
      vertex 7.3499 62.9098 7.24377
      vertex 6.67913 67.7882 7.22359
    endloop
  endfacet
  facet normal 0.990679 0.136216 3.16889e-05
    outer loop
      vertex 7.36276 62.8163 7.12093
      vertex 6.67913 67.7882 7.22359
      vertex 7.3499 62.9098 7.24377
    endloop
  endfacet
  facet normal 0.990679 0.13622 -0.000107983
    outer loop
      vertex 6.67226 67.8381 7.15892
      vertex 7.36276 62.8163 7.12093
      vertex 6.66502 67.8907 7.09075
    endloop
  endfacet
  facet normal 0.990679 0.136219 -0.000253653
    outer loop
      vertex 7.36634 62.7902 7.08671
      vertex 6.66502 67.8907 7.09075
      vertex 7.36276 62.8163 7.12093
    endloop
  endfacet
  facet normal 0.990678 0.136222 0.000472012
    outer loop
      vertex 7.3707 62.7586 7.05551
      vertex 6.65642 67.9533 7.02742
      vertex 7.36634 62.7902 7.08671
    endloop
  endfacet
  facet normal 0.990679 0.13622 -2.01015e-05
    outer loop
      vertex 6.65642 67.9533 7.02742
      vertex 7.3707 62.7586 7.05551
      vertex 6.64865 68.0098 6.9702
    endloop
  endfacet
  facet normal 0.990679 0.13622 -2.48106e-05
    outer loop
      vertex 7.38552 62.6508 6.94924
      vertex 6.64865 68.0098 6.9702
      vertex 7.3707 62.7586 7.05551
    endloop
  endfacet
  facet normal 0.990679 0.136219 7.85695e-05
    outer loop
      vertex 6.64865 68.0098 6.9702
      vertex 7.38552 62.6508 6.94924
      vertex 6.64028 68.0707 6.92208
    endloop
  endfacet
  facet normal 0.990679 0.136218 -0.000127872
    outer loop
      vertex 6.64028 68.0707 6.92208
      vertex 7.38552 62.6508 6.94924
      vertex 6.63018 68.1441 6.864
    endloop
  endfacet
  facet normal 0.990679 0.13622 -4.58943e-05
    outer loop
      vertex 7.39073 62.6129 6.92117
      vertex 6.63018 68.1441 6.864
      vertex 7.38552 62.6508 6.94924
    endloop
  endfacet
  facet normal 0.990679 0.13622 -5.82339e-05
    outer loop
      vertex 7.40695 62.4949 6.8337
      vertex 6.63018 68.1441 6.864
      vertex 7.39073 62.6129 6.92117
    endloop
  endfacet
  facet normal 0.990679 0.13622 0.000160786
    outer loop
      vertex 6.61871 68.2275 6.81339
      vertex 7.40695 62.4949 6.8337
      vertex 6.60982 68.2922 6.77413
    endloop
  endfacet
  facet normal 0.990679 0.136218 -3.63765e-05
    outer loop
      vertex 7.42397 62.3711 6.76616
      vertex 6.60982 68.2922 6.77413
      vertex 7.40695 62.4949 6.8337
    endloop
  endfacet
  facet normal 0.990679 0.136218 -0.000254003
    outer loop
      vertex 7.43011 62.3264 6.74176
      vertex 6.60982 68.2922 6.77413
      vertex 7.42397 62.3711 6.76616
    endloop
  endfacet
  facet normal 0.990679 0.136218 2.58106e-05
    outer loop
      vertex 6.5878 68.4523 6.70255
      vertex 7.43011 62.3264 6.74176
      vertex 7.44756 62.1995 6.6936
    endloop
  endfacet
  facet normal 0.990679 0.136218 0.00051901
    outer loop
      vertex 6.5878 68.4523 6.70255
      vertex 7.44756 62.1995 6.6936
      vertex 7.4545 62.1491 6.67444
    endloop
  endfacet
  facet normal 0.990679 0.136219 -8.12958e-07
    outer loop
      vertex 6.56442 68.6224 6.65106
      vertex 7.4545 62.1491 6.67444
      vertex 7.46209 62.0939 6.66165
    endloop
  endfacet
  facet normal 0.990679 0.136218 -0.000250676
    outer loop
      vertex 6.56442 68.6224 6.65106
      vertex 7.46209 62.0939 6.66165
      vertex 7.4796 61.9665 6.63212
    endloop
  endfacet
  facet normal 0.990679 0.136217 -1.58364e-06
    outer loop
      vertex 6.56442 68.6224 6.65106
      vertex 7.4796 61.9665 6.63212
      vertex 5 80 0
    endloop
  endfacet
  facet normal 0.990659 0.136364 0.000404022
    outer loop
      vertex 7.48782 61.9068 6.62644
      vertex 5 80 0
      vertex 7.4796 61.9665 6.63212
    endloop
  endfacet
  facet normal 0.990683 0.136187 -8.69198e-05
    outer loop
      vertex 7.50492 61.7824 6.61462
      vertex 5 80 0
      vertex 7.48782 61.9068 6.62644
    endloop
  endfacet
  facet normal 0.990677 0.13623 3.18986e-05
    outer loop
      vertex 7.52127 61.6635 6.61897
      vertex 5 80 0
      vertex 7.50492 61.7824 6.61462
    endloop
  endfacet
  facet normal 0.990682 0.136197 -6.03173e-05
    outer loop
      vertex 7.53 61.6 6.62129
      vertex 5 80 0
      vertex 7.52127 61.6635 6.61897
    endloop
  endfacet
  facet normal 0.990679 0.136217 -0.000232142
    outer loop
      vertex 8.4696 54.7665 6.63212
      vertex 7.53 61.6 6.62129
      vertex 7.53905 61.5342 6.63232
    endloop
  endfacet
  facet normal 0.990679 0.136217 0.000124498
    outer loop
      vertex 8.4696 54.7665 6.63212
      vertex 7.53905 61.5342 6.63232
      vertex 7.55442 61.4224 6.65106
    endloop
  endfacet
  facet normal 0.990679 0.136218 -7.94179e-05
    outer loop
      vertex 8.4445 54.9491 6.67444
      vertex 7.55442 61.4224 6.65106
      vertex 7.56864 61.319 6.68237
    endloop
  endfacet
  facet normal 0.990679 0.136217 0.000549383
    outer loop
      vertex 8.4445 54.9491 6.67444
      vertex 7.56864 61.319 6.68237
      vertex 7.5778 61.2523 6.70255
    endloop
  endfacet
  facet normal 0.990679 0.136217 7.99704e-05
    outer loop
      vertex 8.42011 55.1264 6.74176
      vertex 7.59072 61.1584 6.74455
      vertex 7.59982 61.0922 6.77413
    endloop
  endfacet
  facet normal 0.990679 0.136219 -4.70852e-05
    outer loop
      vertex 8.39695 55.2949 6.8337
      vertex 7.60871 61.0275 6.81339
      vertex 7.62018 60.9441 6.86399
    endloop
  endfacet
  facet normal 0.990679 0.136219 0.00012986
    outer loop
      vertex 8.37552 55.4508 6.94924
      vertex 7.62862 60.8828 6.91249
      vertex 7.63865 60.8098 6.9702
    endloop
  endfacet
  facet normal 0.990679 0.136218 -0.000174881
    outer loop
      vertex 8.35635 55.5902 7.08671
      vertex 7.64731 60.7468 7.03399
      vertex 7.65502 60.6908 7.09075
    endloop
  endfacet
  facet normal 0.990679 0.13622 -0.000132885
    outer loop
      vertex 8.35276 55.6163 7.12093
      vertex 7.66226 60.6381 7.15892
      vertex 7.66913 60.5882 7.22359
    endloop
  endfacet
  facet normal 0.990679 0.136219 3.23919e-05
    outer loop
      vertex 8.30887 55.9355 8
      vertex 7.70138 60.3536 7.92342
      vertex 7.70201 60.349 8
    endloop
  endfacet
  facet normal 0.990679 0.136217 -9.99061e-05
    outer loop
      vertex 7.70138 60.3536 7.92342
      vertex 8.30887 55.9355 8
      vertex 7.70067 60.3587 7.83658
    endloop
  endfacet
  facet normal 0.990679 0.136219 -3.81123e-05
    outer loop
      vertex 8.3105 55.9236 7.83728
      vertex 7.70067 60.3587 7.83658
      vertex 8.30887 55.9355 8
    endloop
  endfacet
  facet normal 0.990679 0.136219 0.000231034
    outer loop
      vertex 8.31088 55.9209 7.79977
      vertex 7.70067 60.3587 7.83658
      vertex 8.3105 55.9236 7.83728
    endloop
  endfacet
  facet normal 0.990679 0.136219 0.000203875
    outer loop
      vertex 7.70067 60.3587 7.83658
      vertex 8.31088 55.9209 7.79977
      vertex 7.69857 60.3741 7.75146
    endloop
  endfacet
  facet normal 0.990679 0.136216 -8.15513e-05
    outer loop
      vertex 7.69857 60.3741 7.75146
      vertex 8.31088 55.9209 7.79977
      vertex 7.69668 60.3878 7.6752
    endloop
  endfacet
  facet normal 0.990679 0.13622 6.65012e-05
    outer loop
      vertex 8.31201 55.9127 7.76279
      vertex 7.69668 60.3878 7.6752
      vertex 8.31088 55.9209 7.79977
    endloop
  endfacet
  facet normal 0.990679 0.136218 -8.56618e-05
    outer loop
      vertex 8.31685 55.8774 7.60412
      vertex 7.69668 60.3878 7.6752
      vertex 8.31201 55.9127 7.76279
    endloop
  endfacet
  facet normal 0.990679 0.136218 -0.000105874
    outer loop
      vertex 7.69668 60.3878 7.6752
      vertex 8.31685 55.8774 7.60412
      vertex 7.69322 60.4129 7.5932
    endloop
  endfacet
  facet normal 0.990679 0.136218 8.21719e-05
    outer loop
      vertex 7.69322 60.4129 7.5932
      vertex 8.31685 55.8774 7.60412
      vertex 7.69005 60.436 7.51787
    endloop
  endfacet
  facet normal 0.990679 0.136218 6.84127e-05
    outer loop
      vertex 8.31875 55.8636 7.56785
      vertex 7.69005 60.436 7.51787
      vertex 8.31685 55.8774 7.60412
    endloop
  endfacet
  facet normal 0.990679 0.136218 3.32044e-05
    outer loop
      vertex 8.32662 55.8064 7.41743
      vertex 7.69005 60.436 7.51787
      vertex 8.31875 55.8636 7.56785
    endloop
  endfacet
  facet normal 0.990679 0.136219 -1.6731e-05
    outer loop
      vertex 7.69005 60.436 7.51787
      vertex 8.32662 55.8064 7.41743
      vertex 7.68558 60.4685 7.44456
    endloop
  endfacet
  facet normal 0.990679 0.136218 4.76786e-05
    outer loop
      vertex 7.68558 60.4685 7.44456
      vertex 8.32662 55.8064 7.41743
      vertex 7.68084 60.503 7.36665
    endloop
  endfacet
  facet normal 0.990679 0.136217 -4.43627e-05
    outer loop
      vertex 8.33716 55.7297 7.2796
      vertex 7.68084 60.503 7.36665
      vertex 8.32662 55.8064 7.41743
    endloop
  endfacet
  facet normal 0.990679 0.136218 -0.000104682
    outer loop
      vertex 7.68084 60.503 7.36665
      vertex 8.33716 55.7297 7.2796
      vertex 7.67503 60.5452 7.29571
    endloop
  endfacet
  facet normal 0.990679 0.136218 0.000104021
    outer loop
      vertex 8.3399 55.7098 7.24377
      vertex 7.67503 60.5452 7.29571
      vertex 8.33716 55.7297 7.2796
    endloop
  endfacet
  facet normal 0.990679 0.136217 0.000170917
    outer loop
      vertex 7.67503 60.5452 7.29571
      vertex 8.3399 55.7098 7.24377
      vertex 7.66913 60.5882 7.22359
    endloop
  endfacet
  facet normal 0.990679 0.136216 3.16889e-05
    outer loop
      vertex 8.35276 55.6163 7.12093
      vertex 7.66913 60.5882 7.22359
      vertex 8.3399 55.7098 7.24377
    endloop
  endfacet
  facet normal 0.990679 0.136218 9.06789e-05
    outer loop
      vertex 7.66226 60.6381 7.15892
      vertex 8.35276 55.6163 7.12093
      vertex 7.65502 60.6908 7.09075
    endloop
  endfacet
  facet normal 0.990679 0.136218 3.65803e-05
    outer loop
      vertex 8.35635 55.5902 7.08671
      vertex 7.65502 60.6908 7.09075
      vertex 8.35276 55.6163 7.12093
    endloop
  endfacet
  facet normal 0.990678 0.136221 0.000155691
    outer loop
      vertex 8.3607 55.5586 7.05551
      vertex 7.64731 60.7468 7.03399
      vertex 8.35635 55.5902 7.08671
    endloop
  endfacet
  facet normal 0.990678 0.136221 4.13525e-05
    outer loop
      vertex 7.64731 60.7468 7.03399
      vertex 8.3607 55.5586 7.05551
      vertex 7.63865 60.8098 6.9702
    endloop
  endfacet
  facet normal 0.990679 0.13622 -2.48106e-05
    outer loop
      vertex 8.37552 55.4508 6.94924
      vertex 7.63865 60.8098 6.9702
      vertex 8.3607 55.5586 7.05551
    endloop
  endfacet
  facet normal 0.990679 0.136217 -0.000231779
    outer loop
      vertex 7.62862 60.8828 6.91249
      vertex 8.37552 55.4508 6.94924
      vertex 7.62018 60.9441 6.86399
    endloop
  endfacet
  facet normal 0.990679 0.13622 -4.58941e-05
    outer loop
      vertex 8.38073 55.4129 6.92117
      vertex 7.62018 60.9441 6.86399
      vertex 8.37552 55.4508 6.94924
    endloop
  endfacet
  facet normal 0.990679 0.13622 -5.82337e-05
    outer loop
      vertex 8.39695 55.2949 6.8337
      vertex 7.62018 60.9441 6.86399
      vertex 8.38073 55.4129 6.92117
    endloop
  endfacet
  facet normal 0.990679 0.13622 0.000160786
    outer loop
      vertex 7.60871 61.0275 6.81339
      vertex 8.39695 55.2949 6.8337
      vertex 7.59982 61.0922 6.77413
    endloop
  endfacet
  facet normal 0.990679 0.13622 0.000161583
    outer loop
      vertex 8.41397 55.1712 6.76616
      vertex 7.59982 61.0922 6.77413
      vertex 8.39695 55.2949 6.8337
    endloop
  endfacet
  facet normal 0.990678 0.136221 -0.000817893
    outer loop
      vertex 8.42011 55.1264 6.74176
      vertex 7.59982 61.0922 6.77413
      vertex 8.41397 55.1712 6.76616
    endloop
  endfacet
  facet normal 0.990679 0.136217 -0.000209846
    outer loop
      vertex 7.59072 61.1584 6.74455
      vertex 8.42011 55.1264 6.74176
      vertex 7.5778 61.2523 6.70255
    endloop
  endfacet
  facet normal 0.990679 0.136218 2.58106e-05
    outer loop
      vertex 8.43756 54.9995 6.6936
      vertex 7.5778 61.2523 6.70255
      vertex 8.42011 55.1264 6.74176
    endloop
  endfacet
  facet normal 0.990679 0.136218 0.00051901
    outer loop
      vertex 8.4445 54.9491 6.67444
      vertex 7.5778 61.2523 6.70255
      vertex 8.43756 54.9995 6.6936
    endloop
  endfacet
  facet normal 0.990679 0.136219 -8.13584e-07
    outer loop
      vertex 7.55442 61.4224 6.65106
      vertex 8.4445 54.9491 6.67444
      vertex 8.45209 54.8939 6.66166
    endloop
  endfacet
  facet normal 0.990679 0.136218 -0.00025059
    outer loop
      vertex 7.55442 61.4224 6.65106
      vertex 8.45209 54.8939 6.66166
      vertex 8.4696 54.7665 6.63212
    endloop
  endfacet
  facet normal 0.990679 0.136217 -2.52908e-06
    outer loop
      vertex 7.53 61.6 6.62129
      vertex 8.4696 54.7665 6.63212
      vertex 5 80 0
    endloop
  endfacet
  facet normal 0.99066 0.136353 0.000522184
    outer loop
      vertex 8.47782 54.7068 6.62644
      vertex 5 80 0
      vertex 8.4696 54.7665 6.63212
    endloop
  endfacet
  facet normal 0.990683 0.13619 -0.000112084
    outer loop
      vertex 8.49492 54.5824 6.61462
      vertex 5 80 0
      vertex 8.47782 54.7068 6.62644
    endloop
  endfacet
  facet normal 0.990677 0.13623 4.65679e-05
    outer loop
      vertex 8.51127 54.4635 6.61897
      vertex 5 80 0
      vertex 8.49492 54.5824 6.61462
    endloop
  endfacet
  facet normal 0.990682 0.136196 -8.78021e-05
    outer loop
      vertex 8.52 54.4 6.62129
      vertex 5 80 0
      vertex 8.51127 54.4635 6.61897
    endloop
  endfacet
  facet normal 0.990677 0.136234 -0.000131697
    outer loop
      vertex 15.9986 0.00999451 0
      vertex 8.52 54.4 6.62129
      vertex 8.52905 54.3342 6.63232
    endloop
  endfacet
  facet normal 0.99068 0.136209 7.46878e-05
    outer loop
      vertex 15.9986 0.00999451 0
      vertex 8.52905 54.3342 6.63232
      vertex 8.54442 54.2224 6.65106
    endloop
  endfacet
  facet normal 0.796556 -0.072209 -0.600237
    outer loop
      vertex 8.5678 54.0523 6.70255
      vertex 8.54442 54.2224 6.65106
      vertex 8.55864 54.119 6.68237
    endloop
  endfacet
  facet normal -0.226716 0.482299 0.84616
    outer loop
      vertex 8.61018 53.7441 6.864
      vertex 8.58982 53.8922 6.77413
      vertex 8.59871 53.8275 6.81339
    endloop
  endfacet
  facet normal 0.825424 -0.275923 -0.492486
    outer loop
      vertex 8.62865 53.6098 6.9702
      vertex 8.61018 53.7441 6.864
      vertex 8.61862 53.6828 6.91249
    endloop
  endfacet
  facet normal 0.271592 0.775694 0.569681
    outer loop
      vertex 8.65913 53.3882 7.22359
      vertex 8.64502 53.4907 7.09075
      vertex 8.65226 53.4381 7.15892
    endloop
  endfacet
  facet normal 0.995292 -0.0880581 -0.0404865
    outer loop
      vertex 8.69067 53.1587 7.83658
      vertex 8.68668 53.1878 7.6752
      vertex 8.68857 53.1741 7.75146
    endloop
  endfacet
  facet normal 0.990679 0.136218 -0
    outer loop
      vertex 15.9986 0.00999451 0
      vertex 8.69201 53.149 8
      vertex 15.9986 0.00999451 16
    endloop
  endfacet
  facet normal 0.99068 0.136213 3.20257e-05
    outer loop
      vertex 8.69201 53.149 8
      vertex 15.9986 0.00999451 0
      vertex 8.69138 53.1536 7.92342
    endloop
  endfacet
  facet normal 0.990677 0.136232 -9.89821e-05
    outer loop
      vertex 8.69138 53.1536 7.92342
      vertex 15.9986 0.00999451 0
      vertex 8.69067 53.1587 7.83658
    endloop
  endfacet
  facet normal 0.99068 0.136208 6.72173e-05
    outer loop
      vertex 8.69067 53.1587 7.83658
      vertex 15.9986 0.00999451 0
      vertex 8.68668 53.1878 7.6752
    endloop
  endfacet
  facet normal 0.990677 0.136232 -0.000101394
    outer loop
      vertex 8.68668 53.1878 7.6752
      vertex 15.9986 0.00999451 0
      vertex 8.68322 53.2129 7.5932
    endloop
  endfacet
  facet normal 0.99068 0.136207 7.86419e-05
    outer loop
      vertex 8.68322 53.2129 7.5932
      vertex 15.9986 0.00999451 0
      vertex 8.68005 53.236 7.51787
    endloop
  endfacet
  facet normal 0.990678 0.136224 -4.53375e-05
    outer loop
      vertex 8.68005 53.236 7.51787
      vertex 15.9986 0.00999451 0
      vertex 8.67533 53.2703 7.44041
    endloop
  endfacet
  facet normal 0.99068 0.136207 7.8878e-05
    outer loop
      vertex 8.67533 53.2703 7.44041
      vertex 15.9986 0.00999451 0
      vertex 8.67084 53.303 7.36665
    endloop
  endfacet
  facet normal 0.990677 0.136231 -9.70682e-05
    outer loop
      vertex 8.67084 53.303 7.36665
      vertex 15.9986 0.00999451 0
      vertex 8.66503 53.3452 7.29571
    endloop
  endfacet
  facet normal 0.990682 0.136197 0.000158547
    outer loop
      vertex 8.66503 53.3452 7.29571
      vertex 15.9986 0.00999451 0
      vertex 8.65913 53.3882 7.22359
    endloop
  endfacet
  facet normal 0.990677 0.136232 -0.00011016
    outer loop
      vertex 8.65913 53.3882 7.22359
      vertex 15.9986 0.00999451 0
      vertex 8.64502 53.4907 7.09075
    endloop
  endfacet
  facet normal 0.99068 0.136211 5.75933e-05
    outer loop
      vertex 8.64502 53.4907 7.09075
      vertex 15.9986 0.00999451 0
      vertex 8.63731 53.5468 7.03399
    endloop
  endfacet
  facet normal 0.990679 0.136214 3.40307e-05
    outer loop
      vertex 8.63731 53.5468 7.03399
      vertex 15.9986 0.00999451 0
      vertex 8.62865 53.6098 6.9702
    endloop
  endfacet
  facet normal 0.990678 0.136222 -3.05081e-05
    outer loop
      vertex 8.62865 53.6098 6.9702
      vertex 15.9986 0.00999451 0
      vertex 8.61018 53.7441 6.864
    endloop
  endfacet
  facet normal 0.990679 0.136214 3.36598e-05
    outer loop
      vertex 8.61018 53.7441 6.864
      vertex 15.9986 0.00999451 0
      vertex 8.58982 53.8922 6.77413
    endloop
  endfacet
  facet normal 0.99068 0.13621 6.45968e-05
    outer loop
      vertex 8.58982 53.8922 6.77413
      vertex 15.9986 0.00999451 0
      vertex 8.58072 53.9584 6.74455
    endloop
  endfacet
  facet normal 0.990676 0.136238 -0.000162132
    outer loop
      vertex 8.58072 53.9584 6.74455
      vertex 15.9986 0.00999451 0
      vertex 8.5678 54.0523 6.70255
    endloop
  endfacet
  facet normal 0.990681 0.136204 0.000118692
    outer loop
      vertex 8.5678 54.0523 6.70255
      vertex 15.9986 0.00999451 0
      vertex 8.54442 54.2224 6.65106
    endloop
  endfacet
  facet normal 0.990679 0.136218 -1.23326e-06
    outer loop
      vertex 8.52 54.4 6.62129
      vertex 15.9986 0.00999451 0
      vertex 5 80 0
    endloop
  endfacet
  facet normal 0 1 0
    outer loop
      vertex 5 80 16
      vertex 0 80 8
      vertex 0 80 16
    endloop
  endfacet
  facet normal 0 1 -0
    outer loop
      vertex 5 80 0
      vertex 0 80 8
      vertex 5 80 16
    endloop
  endfacet
  facet normal 0 1 0
    outer loop
      vertex 0 80 8
      vertex 5 80 0
      vertex 0 80 0
    endloop
  endfacet
  facet normal -1 0 0
    outer loop
      vertex 0 80 0
      vertex 0 77 5.89494
      vertex 0 80 8
    endloop
  endfacet
  facet normal -1 0 0
    outer loop
      vertex 0 -12 0
      vertex 0 77 5.89494
      vertex 0 80 0
    endloop
  endfacet
  facet normal -1 -0 0
    outer loop
      vertex 0 77 5.89494
      vertex 0 -12 0
      vertex 0 -12 5.89494
    endloop
  endfacet
  facet normal -1 -0 0
    outer loop
      vertex 0 80 8
      vertex 0 77 5.89494
      vertex 0 77 8
    endloop
  endfacet
  facet normal -1 0 0
    outer loop
      vertex 0 77 10.1051
      vertex 0 80 8
      vertex 0 77 8
    endloop
  endfacet
  facet normal -1 0 0
    outer loop
      vertex 0 80 8
      vertex 0 77 10.1051
      vertex 0 80 16
    endloop
  endfacet
  facet normal -1 0 0
    outer loop
      vertex 0 -12 16
      vertex 0 77 10.1051
      vertex 0 -12 10.1051
    endloop
  endfacet
  facet normal -1 0 0
    outer loop
      vertex 0 77 10.1051
      vertex 0 -12 16
      vertex 0 80 16
    endloop
  endfacet
  facet normal 0 -1 0
    outer loop
      vertex -1.25 -12 9.25
      vertex -1.25 -12 10.45
      vertex -1.56979 -12 10.429
    endloop
  endfacet
  facet normal 0 -1 0
    outer loop
      vertex -1.41316 -12 9.23931
      vertex -1.56979 -12 10.429
      vertex -1.88411 -12 10.3665
    endloop
  endfacet
  facet normal 0 -1 0
    outer loop
      vertex -1.25 -12 10.45
      vertex -1.25 -12 9.25
      vertex -0.93021 -12 10.429
    endloop
  endfacet
  facet normal 0 -1 0
    outer loop
      vertex -1.57352 -12 9.20741
      vertex -1.88411 -12 10.3665
      vertex -2.18757 -12 10.2635
    endloop
  endfacet
  facet normal 0 -1 0
    outer loop
      vertex -1.08684 -12 9.23931
      vertex -0.93021 -12 10.429
      vertex -1.25 -12 9.25
    endloop
  endfacet
  facet normal 0 -1 0
    outer loop
      vertex -1.72835 -12 9.15485
      vertex -2.18757 -12 10.2635
      vertex -2.475 -12 10.1218
    endloop
  endfacet
  facet normal 0 -1 -0
    outer loop
      vertex -0.93021 -12 10.429
      vertex -1.08684 -12 9.23931
      vertex -0.615892 -12 10.3665
    endloop
  endfacet
  facet normal 0 -1 0
    outer loop
      vertex -0.926476 -12 9.20741
      vertex -0.615892 -12 10.3665
      vertex -1.08684 -12 9.23931
    endloop
  endfacet
  facet normal 0 -1 0
    outer loop
      vertex -1.875 -12 9.08253
      vertex -2.475 -12 10.1218
      vertex -2.74146 -12 9.94372
    endloop
  endfacet
  facet normal 0 -1 0
    outer loop
      vertex 0 -12 10.1051
      vertex 16 -12 16
      vertex 0 -12 16
    endloop
  endfacet
  facet normal 0 -1 0
    outer loop
      vertex -2.01095 -12 8.99169
      vertex -2.74146 -12 9.94372
      vertex -2.98241 -12 9.73241
    endloop
  endfacet
  facet normal 0 -1 0
    outer loop
      vertex -2.13388 -12 8.88388
      vertex -2.98241 -12 9.73241
      vertex -3.19372 -12 9.49146
    endloop
  endfacet
  facet normal 0 -1 0
    outer loop
      vertex -1.56979 -12 10.429
      vertex -1.41316 -12 9.23931
      vertex -1.25 -12 9.25
    endloop
  endfacet
  facet normal 0 -1 0
    outer loop
      vertex -0.771646 -12 9.15485
      vertex -0.312425 -12 10.2635
      vertex -0.926476 -12 9.20741
    endloop
  endfacet
  facet normal 0 -1 -0
    outer loop
      vertex -0.312425 -12 10.2635
      vertex -0.771646 -12 9.15485
      vertex -0.0249996 -12 10.1218
    endloop
  endfacet
  facet normal 0 -1 0
    outer loop
      vertex -0.625 -12 9.08253
      vertex -0.0249996 -12 10.1218
      vertex -0.771646 -12 9.15485
    endloop
  endfacet
  facet normal 0 -1 -0
    outer loop
      vertex -0.0249996 -12 10.1218
      vertex -0.625 -12 9.08253
      vertex 0 -12 10.1051
    endloop
  endfacet
  facet normal 0 -1 0
    outer loop
      vertex -0.489048 -12 8.99169
      vertex 0 -12 10.1051
      vertex -0.625 -12 9.08253
    endloop
  endfacet
  facet normal 0 -1 0
    outer loop
      vertex -0.366116 -12 8.88388
      vertex 0 -12 10.1051
      vertex -0.489048 -12 8.99169
    endloop
  endfacet
  facet normal 0 -1 0
    outer loop
      vertex -0.258307 -12 8.76095
      vertex 0 -12 10.1051
      vertex -0.366116 -12 8.88388
    endloop
  endfacet
  facet normal 0 -1 0
    outer loop
      vertex -0.167468 -12 8.625
      vertex 0 -12 10.1051
      vertex -0.258307 -12 8.76095
    endloop
  endfacet
  facet normal 0 -1 0
    outer loop
      vertex -0.09515 -12 8.47835
      vertex 0 -12 10.1051
      vertex -0.167468 -12 8.625
    endloop
  endfacet
  facet normal 0 -1 0
    outer loop
      vertex -0.042592 -12 8.32352
      vertex 0 -12 10.1051
      vertex -0.09515 -12 8.47835
    endloop
  endfacet
  facet normal 0 -1 0
    outer loop
      vertex -0.0106936 -12 8.16316
      vertex 0 -12 10.1051
      vertex -0.042592 -12 8.32352
    endloop
  endfacet
  facet normal 0 -1 -0
    outer loop
      vertex 0 -12 10.1051
      vertex -0.0106936 -12 8.16316
      vertex 16 -12 16
    endloop
  endfacet
  facet normal 0 -1 0
    outer loop
      vertex 0 -12 8
      vertex 16 -12 16
      vertex -0.0106936 -12 8.16316
    endloop
  endfacet
  facet normal 0 -1 0
    outer loop
      vertex 16 -12 0
      vertex 0 -12 8
      vertex -0.0106936 -12 7.83684
    endloop
  endfacet
  facet normal 0 -1 0
    outer loop
      vertex 0 -12 5.89494
      vertex -0.0106936 -12 7.83684
      vertex -0.042592 -12 7.67648
    endloop
  endfacet
  facet normal 0 -1 0
    outer loop
      vertex 0 -12 5.89494
      vertex -0.042592 -12 7.67648
      vertex -0.09515 -12 7.52165
    endloop
  endfacet
  facet normal 0 -1 0
    outer loop
      vertex 0 -12 5.89494
      vertex -0.09515 -12 7.52165
      vertex -0.167468 -12 7.375
    endloop
  endfacet
  facet normal 0 -1 0
    outer loop
      vertex 0 -12 5.89494
      vertex -0.167468 -12 7.375
      vertex -0.258307 -12 7.23905
    endloop
  endfacet
  facet normal 0 -1 0
    outer loop
      vertex 0 -12 5.89494
      vertex -0.258307 -12 7.23905
      vertex -0.366116 -12 7.11612
    endloop
  endfacet
  facet normal 0 -1 0
    outer loop
      vertex 0 -12 5.89494
      vertex -0.366116 -12 7.11612
      vertex -0.489048 -12 7.00831
    endloop
  endfacet
  facet normal 0 -1 0
    outer loop
      vertex 0 -12 5.89494
      vertex -0.489048 -12 7.00831
      vertex -0.625 -12 6.91747
    endloop
  endfacet
  facet normal 0 -1 0
    outer loop
      vertex -2.18757 -12 5.7365
      vertex -1.72835 -12 6.84515
      vertex -2.475 -12 5.87824
    endloop
  endfacet
  facet normal 0 -1 -0
    outer loop
      vertex -1.72835 -12 6.84515
      vertex -2.18757 -12 5.7365
      vertex -1.57352 -12 6.79259
    endloop
  endfacet
  facet normal 0 -1 0
    outer loop
      vertex -1.88411 -12 5.63348
      vertex -1.57352 -12 6.79259
      vertex -2.18757 -12 5.7365
    endloop
  endfacet
  facet normal 0 -1 -0
    outer loop
      vertex -1.57352 -12 6.79259
      vertex -1.88411 -12 5.63348
      vertex -1.41316 -12 6.76069
    endloop
  endfacet
  facet normal 0 -1 0
    outer loop
      vertex -1.56979 -12 5.57096
      vertex -1.41316 -12 6.76069
      vertex -1.88411 -12 5.63348
    endloop
  endfacet
  facet normal 0 -1 -0
    outer loop
      vertex -1.41316 -12 6.76069
      vertex -1.56979 -12 5.57096
      vertex -1.25 -12 6.75
    endloop
  endfacet
  facet normal 0 -1 0
    outer loop
      vertex -0.0249996 -12 5.87824
      vertex -0.625 -12 6.91747
      vertex -0.771646 -12 6.84515
    endloop
  endfacet
  facet normal 0 -1 0
    outer loop
      vertex -0.0106936 -12 7.83684
      vertex 0 -12 5.89494
      vertex 16 -12 0
    endloop
  endfacet
  facet normal 0 -1 0
    outer loop
      vertex 16 -12 0
      vertex 0 -12 5.89494
      vertex 0 -12 0
    endloop
  endfacet
  facet normal 0 -1 0
    outer loop
      vertex 0 -12 8
      vertex 16 -12 0
      vertex 16 -12 16
    endloop
  endfacet
  facet normal 0 -1 0
    outer loop
      vertex -1.25 -12 5.55
      vertex -1.25 -12 6.75
      vertex -1.56979 -12 5.57096
    endloop
  endfacet
  facet normal 0 -1 0
    outer loop
      vertex -1.25 -12 6.75
      vertex -1.25 -12 5.55
      vertex -1.08684 -12 6.76069
    endloop
  endfacet
  facet normal -0 -1 0
    outer loop
      vertex -0.0249996 -12 5.87824
      vertex -0.771646 -12 6.84515
      vertex -0.312425 -12 5.7365
    endloop
  endfacet
  facet normal 0 -1 0
    outer loop
      vertex -0.625 -12 6.91747
      vertex -0.0249996 -12 5.87824
      vertex 0 -12 5.89494
    endloop
  endfacet
  facet normal -0 -1 0
    outer loop
      vertex -0.93021 -12 5.57096
      vertex -1.08684 -12 6.76069
      vertex -1.25 -12 5.55
    endloop
  endfacet
  facet normal 0 -1 0
    outer loop
      vertex -0.771646 -12 6.84515
      vertex -0.615892 -12 5.63348
      vertex -0.312425 -12 5.7365
    endloop
  endfacet
  facet normal 0 -1 0
    outer loop
      vertex -1.08684 -12 6.76069
      vertex -0.93021 -12 5.57096
      vertex -0.926476 -12 6.79259
    endloop
  endfacet
  facet normal 0 -1 0
    outer loop
      vertex -0.926476 -12 6.79259
      vertex -0.615892 -12 5.63348
      vertex -0.771646 -12 6.84515
    endloop
  endfacet
  facet normal -0 -1 0
    outer loop
      vertex -0.615892 -12 5.63348
      vertex -0.926476 -12 6.79259
      vertex -0.93021 -12 5.57096
    endloop
  endfacet
  facet normal 0 -1 -0
    outer loop
      vertex -0.615892 -12 10.3665
      vertex -0.926476 -12 9.20741
      vertex -0.312425 -12 10.2635
    endloop
  endfacet
  facet normal 0 -1 0
    outer loop
      vertex -2.24169 -12 8.76095
      vertex -3.19372 -12 9.49146
      vertex -3.37176 -12 9.225
    endloop
  endfacet
  facet normal 0 -1 0
    outer loop
      vertex -1.88411 -12 10.3665
      vertex -1.57352 -12 9.20741
      vertex -1.41316 -12 9.23931
    endloop
  endfacet
  facet normal 0 -1 0
    outer loop
      vertex -2.18757 -12 10.2635
      vertex -1.72835 -12 9.15485
      vertex -1.57352 -12 9.20741
    endloop
  endfacet
  facet normal 0 -1 0
    outer loop
      vertex -2.475 -12 10.1218
      vertex -1.875 -12 9.08253
      vertex -1.72835 -12 9.15485
    endloop
  endfacet
  facet normal 0 -1 0
    outer loop
      vertex -2.74146 -12 9.94372
      vertex -2.01095 -12 8.99169
      vertex -1.875 -12 9.08253
    endloop
  endfacet
  facet normal 0 -1 0
    outer loop
      vertex -2.33253 -12 8.625
      vertex -3.37176 -12 9.225
      vertex -3.5135 -12 8.93757
    endloop
  endfacet
  facet normal 0 -1 0
    outer loop
      vertex -2.98241 -12 9.73241
      vertex -2.13388 -12 8.88388
      vertex -2.01095 -12 8.99169
    endloop
  endfacet
  facet normal 0 -1 0
    outer loop
      vertex -3.19372 -12 9.49146
      vertex -2.24169 -12 8.76095
      vertex -2.13388 -12 8.88388
    endloop
  endfacet
  facet normal 0 -1 0
    outer loop
      vertex -2.40485 -12 8.47835
      vertex -3.5135 -12 8.93757
      vertex -3.61652 -12 8.63411
    endloop
  endfacet
  facet normal 0 -1 0
    outer loop
      vertex -3.37176 -12 9.225
      vertex -2.33253 -12 8.625
      vertex -2.24169 -12 8.76095
    endloop
  endfacet
  facet normal 0 -1 0
    outer loop
      vertex -3.5135 -12 8.93757
      vertex -2.40485 -12 8.47835
      vertex -2.33253 -12 8.625
    endloop
  endfacet
  facet normal 0 -1 0
    outer loop
      vertex -3.61652 -12 8.63411
      vertex -2.45741 -12 8.32352
      vertex -2.40485 -12 8.47835
    endloop
  endfacet
  facet normal 0 -1 0
    outer loop
      vertex -3.67904 -12 8.31979
      vertex -2.45741 -12 8.32352
      vertex -3.61652 -12 8.63411
    endloop
  endfacet
  facet normal 0 -1 0
    outer loop
      vertex -3.67904 -12 8.31979
      vertex -2.48931 -12 8.16316
      vertex -2.45741 -12 8.32352
    endloop
  endfacet
  facet normal 0 -1 0
    outer loop
      vertex -3.7 -12 8
      vertex -2.48931 -12 8.16316
      vertex -3.67904 -12 8.31979
    endloop
  endfacet
  facet normal 0 -1 0
    outer loop
      vertex -3.7 -12 8
      vertex -2.5 -12 8
      vertex -2.48931 -12 8.16316
    endloop
  endfacet
  facet normal 0 -1 0
    outer loop
      vertex -3.7 -12 8
      vertex -2.48931 -12 7.83684
      vertex -2.5 -12 8
    endloop
  endfacet
  facet normal 0 -1 0
    outer loop
      vertex -3.67904 -12 7.68021
      vertex -2.48931 -12 7.83684
      vertex -3.7 -12 8
    endloop
  endfacet
  facet normal 0 -1 0
    outer loop
      vertex -3.67904 -12 7.68021
      vertex -2.45741 -12 7.67648
      vertex -2.48931 -12 7.83684
    endloop
  endfacet
  facet normal 0 -1 0
    outer loop
      vertex -3.61652 -12 7.36589
      vertex -2.45741 -12 7.67648
      vertex -3.67904 -12 7.68021
    endloop
  endfacet
  facet normal 0 -1 -0
    outer loop
      vertex -2.45741 -12 7.67648
      vertex -3.61652 -12 7.36589
      vertex -2.40485 -12 7.52165
    endloop
  endfacet
  facet normal 0 -1 0
    outer loop
      vertex -3.5135 -12 7.06242
      vertex -2.40485 -12 7.52165
      vertex -3.61652 -12 7.36589
    endloop
  endfacet
  facet normal 0 -1 -0
    outer loop
      vertex -2.40485 -12 7.52165
      vertex -3.5135 -12 7.06242
      vertex -2.33253 -12 7.375
    endloop
  endfacet
  facet normal 0 -1 0
    outer loop
      vertex -3.37176 -12 6.775
      vertex -2.33253 -12 7.375
      vertex -3.5135 -12 7.06242
    endloop
  endfacet
  facet normal 0 -1 -0
    outer loop
      vertex -2.33253 -12 7.375
      vertex -3.37176 -12 6.775
      vertex -2.24169 -12 7.23905
    endloop
  endfacet
  facet normal 0 -1 0
    outer loop
      vertex -3.19372 -12 6.50853
      vertex -2.24169 -12 7.23905
      vertex -3.37176 -12 6.775
    endloop
  endfacet
  facet normal 0 -1 -0
    outer loop
      vertex -2.24169 -12 7.23905
      vertex -3.19372 -12 6.50853
      vertex -2.13388 -12 7.11612
    endloop
  endfacet
  facet normal 0 -1 0
    outer loop
      vertex -2.98241 -12 6.26759
      vertex -2.13388 -12 7.11612
      vertex -3.19372 -12 6.50853
    endloop
  endfacet
  facet normal 0 -1 -0
    outer loop
      vertex -2.13388 -12 7.11612
      vertex -2.98241 -12 6.26759
      vertex -2.01095 -12 7.00831
    endloop
  endfacet
  facet normal 0 -1 0
    outer loop
      vertex -2.74146 -12 6.05628
      vertex -2.01095 -12 7.00831
      vertex -2.98241 -12 6.26759
    endloop
  endfacet
  facet normal 0 -1 -0
    outer loop
      vertex -2.01095 -12 7.00831
      vertex -2.74146 -12 6.05628
      vertex -1.875 -12 6.91747
    endloop
  endfacet
  facet normal 0 -1 0
    outer loop
      vertex -2.475 -12 5.87824
      vertex -1.875 -12 6.91747
      vertex -2.74146 -12 6.05628
    endloop
  endfacet
  facet normal 0 -1 -0
    outer loop
      vertex -1.875 -12 6.91747
      vertex -2.475 -12 5.87824
      vertex -1.72835 -12 6.84515
    endloop
  endfacet
  facet normal 0 -1 0
    outer loop
      vertex 1.79999 74 0
      vertex 4.825 74 16
      vertex 1.79999 74 16
    endloop
  endfacet
  facet normal 0 -1 -0
    outer loop
      vertex 4.825 74 16
      vertex 1.79999 74 0
      vertex 4.825 74 0
    endloop
  endfacet
  facet normal -0.990679 -0.136218 0
    outer loop
      vertex 6.29814 63.2862 0
      vertex 4.825 74 16
      vertex 4.825 74 0
    endloop
  endfacet
  facet normal -0.990679 -0.136218 0
    outer loop
      vertex 4.825 74 16
      vertex 6.29814 63.2862 0
      vertex 6.29814 63.2862 16
    endloop
  endfacet
  facet normal -0.258824 0.965925 0
    outer loop
      vertex 6.29814 63.2862 0
      vertex 1.79999 62.0809 16
      vertex 6.29814 63.2862 16
    endloop
  endfacet
  facet normal -0.258824 0.965925 0
    outer loop
      vertex 1.79999 62.0809 16
      vertex 6.29814 63.2862 0
      vertex 1.79999 62.0809 0
    endloop
  endfacet
  facet normal 1 -0 0
    outer loop
      vertex 1.79999 62.0809 16
      vertex 1.79999 74 0
      vertex 1.79999 74 16
    endloop
  endfacet
  facet normal 1 0 0
    outer loop
      vertex 1.79999 74 0
      vertex 1.79999 62.0809 16
      vertex 1.79999 62.0809 0
    endloop
  endfacet
  facet normal -0.990679 -0.136218 0
    outer loop
      vertex 7.45853 54.8471 0
      vertex 6.40799 62.4874 16
      vertex 6.40799 62.4874 0
    endloop
  endfacet
  facet normal -0.990679 -0.136218 0
    outer loop
      vertex 6.40799 62.4874 16
      vertex 7.45853 54.8471 0
      vertex 7.45853 54.8471 16
    endloop
  endfacet
  facet normal -0.258819 0.965926 0
    outer loop
      vertex 7.45853 54.8471 0
      vertex 1.79999 53.3309 16
      vertex 7.45853 54.8471 16
    endloop
  endfacet
  facet normal -0.258819 0.965926 0
    outer loop
      vertex 1.79999 53.3309 16
      vertex 7.45853 54.8471 0
      vertex 1.79999 53.3309 0
    endloop
  endfacet
  facet normal 1 -0 0
    outer loop
      vertex 1.79999 53.3309 16
      vertex 1.79999 61.2527 0
      vertex 1.79999 61.2527 16
    endloop
  endfacet
  facet normal 1 0 0
    outer loop
      vertex 1.79999 61.2527 0
      vertex 1.79999 53.3309 16
      vertex 1.79999 53.3309 0
    endloop
  endfacet
  facet normal 0.258817 -0.965926 0
    outer loop
      vertex 1.79999 61.2527 0
      vertex 6.40799 62.4874 16
      vertex 1.79999 61.2527 16
    endloop
  endfacet
  facet normal 0.258817 -0.965926 0
    outer loop
      vertex 6.40799 62.4874 16
      vertex 1.79999 61.2527 0
      vertex 6.40799 62.4874 0
    endloop
  endfacet
  facet normal -0.990679 -0.136218 0
    outer loop
      vertex 8.6189 46.408 0
      vertex 7.56836 54.0483 16
      vertex 7.56836 54.0483 0
    endloop
  endfacet
  facet normal -0.990679 -0.136218 0
    outer loop
      vertex 7.56836 54.0483 16
      vertex 8.6189 46.408 0
      vertex 8.6189 46.408 16
    endloop
  endfacet
  facet normal -0.258816 0.965927 0
    outer loop
      vertex 8.6189 46.408 0
      vertex 1.79999 44.5809 16
      vertex 8.6189 46.408 16
    endloop
  endfacet
  facet normal -0.258816 0.965927 0
    outer loop
      vertex 1.79999 44.5809 16
      vertex 8.6189 46.408 0
      vertex 1.79999 44.5809 0
    endloop
  endfacet
  facet normal 1 -0 0
    outer loop
      vertex 1.79999 44.5809 16
      vertex 1.79999 52.5027 0
      vertex 1.79999 52.5027 16
    endloop
  endfacet
  facet normal 1 0 0
    outer loop
      vertex 1.79999 52.5027 0
      vertex 1.79999 44.5809 16
      vertex 1.79999 44.5809 0
    endloop
  endfacet
  facet normal 0.258814 -0.965927 0
    outer loop
      vertex 1.79999 52.5027 0
      vertex 7.56836 54.0483 16
      vertex 1.79999 52.5027 16
    endloop
  endfacet
  facet normal 0.258814 -0.965927 0
    outer loop
      vertex 7.56836 54.0483 16
      vertex 1.79999 52.5027 0
      vertex 7.56836 54.0483 0
    endloop
  endfacet
  facet normal -0.990679 -0.136218 0
    outer loop
      vertex 9.77927 37.9689 0
      vertex 8.72873 45.6092 16
      vertex 8.72873 45.6092 0
    endloop
  endfacet
  facet normal -0.990679 -0.136218 0
    outer loop
      vertex 8.72873 45.6092 16
      vertex 9.77927 37.9689 0
      vertex 9.77927 37.9689 16
    endloop
  endfacet
  facet normal -0.258814 0.965927 0
    outer loop
      vertex 9.77927 37.9689 0
      vertex 1.79999 35.8309 16
      vertex 9.77927 37.9689 16
    endloop
  endfacet
  facet normal -0.258814 0.965927 0
    outer loop
      vertex 1.79999 35.8309 16
      vertex 9.77927 37.9689 0
      vertex 1.79999 35.8309 0
    endloop
  endfacet
  facet normal 1 -0 0
    outer loop
      vertex 1.79999 35.8309 16
      vertex 1.79999 43.7527 0
      vertex 1.79999 43.7527 16
    endloop
  endfacet
  facet normal 1 0 0
    outer loop
      vertex 1.79999 43.7527 0
      vertex 1.79999 35.8309 16
      vertex 1.79999 35.8309 0
    endloop
  endfacet
  facet normal 0.258813 -0.965928 0
    outer loop
      vertex 1.79999 43.7527 0
      vertex 8.72873 45.6092 16
      vertex 1.79999 43.7527 16
    endloop
  endfacet
  facet normal 0.258813 -0.965928 0
    outer loop
      vertex 8.72873 45.6092 16
      vertex 1.79999 43.7527 0
      vertex 8.72873 45.6092 0
    endloop
  endfacet
  facet normal -0.99068 -0.136213 0
    outer loop
      vertex 10.9396 29.5299 0
      vertex 9.8891 37.1702 16
      vertex 9.8891 37.1702 0
    endloop
  endfacet
  facet normal -0.99068 -0.136213 0
    outer loop
      vertex 9.8891 37.1702 16
      vertex 10.9396 29.5299 0
      vertex 10.9396 29.5299 16
    endloop
  endfacet
  facet normal -0.258824 0.965925 0
    outer loop
      vertex 10.9396 29.5299 0
      vertex 1.79999 27.0809 16
      vertex 10.9396 29.5299 16
    endloop
  endfacet
  facet normal -0.258824 0.965925 0
    outer loop
      vertex 1.79999 27.0809 16
      vertex 10.9396 29.5299 0
      vertex 1.79999 27.0809 0
    endloop
  endfacet
  facet normal 1 -0 0
    outer loop
      vertex 1.79999 27.0809 16
      vertex 1.79999 35.0027 0
      vertex 1.79999 35.0027 16
    endloop
  endfacet
  facet normal 1 0 0
    outer loop
      vertex 1.79999 35.0027 0
      vertex 1.79999 27.0809 16
      vertex 1.79999 27.0809 0
    endloop
  endfacet
  facet normal 0.258822 -0.965925 0
    outer loop
      vertex 1.79999 35.0027 0
      vertex 9.8891 37.1702 16
      vertex 1.79999 35.0027 16
    endloop
  endfacet
  facet normal 0.258822 -0.965925 0
    outer loop
      vertex 9.8891 37.1702 16
      vertex 1.79999 35.0027 0
      vertex 9.8891 37.1702 0
    endloop
  endfacet
  facet normal -0.99068 -0.136213 0
    outer loop
      vertex 12.1 21.0908 0
      vertex 11.0495 28.7311 16
      vertex 11.0495 28.7311 0
    endloop
  endfacet
  facet normal -0.99068 -0.136213 0
    outer loop
      vertex 11.0495 28.7311 16
      vertex 12.1 21.0908 0
      vertex 12.1 21.0908 16
    endloop
  endfacet
  facet normal -0.258821 0.965925 0
    outer loop
      vertex 12.1 21.0908 0
      vertex 1.79999 18.3309 16
      vertex 12.1 21.0908 16
    endloop
  endfacet
  facet normal -0.258821 0.965925 0
    outer loop
      vertex 1.79999 18.3309 16
      vertex 12.1 21.0908 0
      vertex 1.79999 18.3309 0
    endloop
  endfacet
  facet normal 1 -0 0
    outer loop
      vertex 1.79999 18.3309 16
      vertex 1.79999 26.2527 0
      vertex 1.79999 26.2527 16
    endloop
  endfacet
  facet normal 1 0 0
    outer loop
      vertex 1.79999 26.2527 0
      vertex 1.79999 18.3309 16
      vertex 1.79999 18.3309 0
    endloop
  endfacet
  facet normal 0.258819 -0.965926 0
    outer loop
      vertex 1.79999 26.2527 0
      vertex 11.0495 28.7311 16
      vertex 1.79999 26.2527 16
    endloop
  endfacet
  facet normal 0.258819 -0.965926 0
    outer loop
      vertex 11.0495 28.7311 16
      vertex 1.79999 26.2527 0
      vertex 11.0495 28.7311 0
    endloop
  endfacet
  facet normal -0.99068 -0.136213 0
    outer loop
      vertex 13.2604 12.6517 0
      vertex 12.2099 20.292 16
      vertex 12.2099 20.292 0
    endloop
  endfacet
  facet normal -0.99068 -0.136213 0
    outer loop
      vertex 12.2099 20.292 16
      vertex 13.2604 12.6517 0
      vertex 13.2604 12.6517 16
    endloop
  endfacet
  facet normal -0.258818 0.965926 0
    outer loop
      vertex 13.2604 12.6517 0
      vertex 1.79999 9.5809 16
      vertex 13.2604 12.6517 16
    endloop
  endfacet
  facet normal -0.258818 0.965926 0
    outer loop
      vertex 1.79999 9.5809 16
      vertex 13.2604 12.6517 0
      vertex 1.79999 9.5809 0
    endloop
  endfacet
  facet normal 1 -0 0
    outer loop
      vertex 1.79999 9.5809 16
      vertex 1.79999 17.5027 0
      vertex 1.79999 17.5027 16
    endloop
  endfacet
  facet normal 1 0 0
    outer loop
      vertex 1.79999 17.5027 0
      vertex 1.79999 9.5809 16
      vertex 1.79999 9.5809 0
    endloop
  endfacet
  facet normal 0.258817 -0.965926 0
    outer loop
      vertex 1.79999 17.5027 0
      vertex 12.2099 20.292 16
      vertex 1.79999 17.5027 16
    endloop
  endfacet
  facet normal 0.258817 -0.965926 0
    outer loop
      vertex 12.2099 20.292 16
      vertex 1.79999 17.5027 0
      vertex 12.2099 20.292 0
    endloop
  endfacet
  facet normal -0.990679 -0.136218 0
    outer loop
      vertex 14.9986 0.00999451 0
      vertex 13.3702 11.8529 16
      vertex 13.3702 11.8529 0
    endloop
  endfacet
  facet normal -0.990679 -0.136218 0
    outer loop
      vertex 13.3702 11.8529 16
      vertex 14.9986 0.00999451 0
      vertex 14.9986 0.00999451 16
    endloop
  endfacet
  facet normal 0 1 -0
    outer loop
      vertex 14.9986 0.00999451 0
      vertex 1.79999 0.00999451 16
      vertex 14.9986 0.00999451 16
    endloop
  endfacet
  facet normal 0 1 0
    outer loop
      vertex 1.79999 0.00999451 16
      vertex 14.9986 0.00999451 0
      vertex 1.79999 0.00999451 0
    endloop
  endfacet
  facet normal 1 -0 0
    outer loop
      vertex 1.79999 0.00999451 16
      vertex 1.79999 8.75269 0
      vertex 1.79999 8.75269 16
    endloop
  endfacet
  facet normal 1 0 0
    outer loop
      vertex 1.79999 8.75269 0
      vertex 1.79999 0.00999451 16
      vertex 1.79999 0.00999451 0
    endloop
  endfacet
  facet normal 0.258818 -0.965926 0
    outer loop
      vertex 1.79999 8.75269 0
      vertex 13.3702 11.8529 16
      vertex 1.79999 8.75269 16
    endloop
  endfacet
  facet normal 0.258818 -0.965926 0
    outer loop
      vertex 13.3702 11.8529 16
      vertex 1.79999 8.75269 0
      vertex 13.3702 11.8529 0
    endloop
  endfacet
  facet normal 0.321459 0 -0.946924
    outer loop
      vertex -0.615892 76.3417 5.63348
      vertex -0.312425 77 5.7365
      vertex -0.312425 -12 5.7365
    endloop
  endfacet
  facet normal 0.321471 4.7553e-06 -0.94692
    outer loop
      vertex -0.312425 77 5.7365
      vertex -0.51711 76.7389 5.66701
      vertex -0.5 77 5.67282
    endloop
  endfacet
  facet normal 0.321517 -3.59278e-05 -0.946904
    outer loop
      vertex -0.312425 77 5.7365
      vertex -0.568148 76.4824 5.64969
      vertex -0.51711 76.7389 5.66701
    endloop
  endfacet
  facet normal 0.321459 0 -0.946924
    outer loop
      vertex -0.615892 76.3417 5.63348
      vertex -0.312425 -12 5.7365
      vertex -0.615892 -12 5.63348
    endloop
  endfacet
  facet normal 0.321358 5.15325e-05 -0.946958
    outer loop
      vertex -0.312425 77 5.7365
      vertex -0.615892 76.3417 5.63348
      vertex -0.568148 76.4824 5.64969
    endloop
  endfacet
  facet normal 0.442282 0 -0.896876
    outer loop
      vertex -0.312425 -12 5.7365
      vertex -0.0249996 77 5.87824
      vertex -0.0249996 -12 5.87824
    endloop
  endfacet
  facet normal 0.442282 0 -0.896876
    outer loop
      vertex -0.0249996 77 5.87824
      vertex -0.312425 -12 5.7365
      vertex -0.312425 77 5.7365
    endloop
  endfacet
  facet normal -0.831483 0 -0.55555
    outer loop
      vertex -3.37176 -12 6.775
      vertex -3.19372 75.1279 6.50853
      vertex -3.19372 -12 6.50853
    endloop
  endfacet
  facet normal -0.831489 3.86039e-08 -0.555541
    outer loop
      vertex -3.19372 75.1279 6.50853
      vertex -3.37176 -12 6.775
      vertex -3.26537 75.1522 6.61577
    endloop
  endfacet
  facet normal -0.831479 0 -0.555555
    outer loop
      vertex -3.26537 75.1522 6.61577
      vertex -3.37176 -12 6.775
      vertex -3.37176 75.2047 6.775
    endloop
  endfacet
  facet normal 0.194305 0 0.980941
    outer loop
      vertex -0.652241 76.2346 10.3737
      vertex -0.615892 -12 10.3665
      vertex -0.615892 76.3417 10.3665
    endloop
  endfacet
  facet normal 0.195776 6.29995e-07 0.980649
    outer loop
      vertex -0.767949 76 10.3968
      vertex -0.615892 -12 10.3665
      vertex -0.652241 76.2346 10.3737
    endloop
  endfacet
  facet normal 0.195022 -7.24768e-07 0.980799
    outer loop
      vertex -0.913293 75.7825 10.4257
      vertex -0.615892 -12 10.3665
      vertex -0.767949 76 10.3968
    endloop
  endfacet
  facet normal 0.191476 -1.32093e-05 0.981497
    outer loop
      vertex -0.93021 75.7632 10.429
      vertex -0.615892 -12 10.3665
      vertex -0.913293 75.7825 10.4257
    endloop
  endfacet
  facet normal 0.195025 0 0.980798
    outer loop
      vertex -0.615892 -12 10.3665
      vertex -0.93021 75.7632 10.429
      vertex -0.93021 -12 10.429
    endloop
  endfacet
  facet normal 0.0654207 0 0.997858
    outer loop
      vertex -1.08579 75.5858 10.4392
      vertex -0.93021 -12 10.429
      vertex -0.93021 75.7632 10.429
    endloop
  endfacet
  facet normal 0.0656273 3.68662e-07 0.997844
    outer loop
      vertex -1.25 75.4418 10.45
      vertex -0.93021 -12 10.429
      vertex -1.08579 75.5858 10.4392
    endloop
  endfacet
  facet normal 0.065527 0 0.997851
    outer loop
      vertex -0.93021 -12 10.429
      vertex -1.25 75.4418 10.45
      vertex -1.25 -12 10.45
    endloop
  endfacet
  facet normal 0.0654207 0 -0.997858
    outer loop
      vertex -0.93021 -12 5.57096
      vertex -1.08579 75.5858 5.56076
      vertex -0.93021 75.7632 5.57096
    endloop
  endfacet
  facet normal 0.0654027 0 -0.997859
    outer loop
      vertex -1.25 75.4418 5.55
      vertex -0.93021 -12 5.57096
      vertex -1.25 -12 5.55
    endloop
  endfacet
  facet normal 0.0653857 -6.24283e-08 -0.99786
    outer loop
      vertex -0.93021 -12 5.57096
      vertex -1.25 75.4418 5.55
      vertex -1.08579 75.5858 5.56076
    endloop
  endfacet
  facet normal -0.751839 0 0.659347
    outer loop
      vertex -3.19372 -12 9.49146
      vertex -3.01764 75.0681 9.69224
      vertex -3.19372 75.1279 9.49146
    endloop
  endfacet
  facet normal -0.751823 -7.43028e-08 0.659365
    outer loop
      vertex -3.19372 -12 9.49146
      vertex -2.98241 75.0611 9.73241
      vertex -3.01764 75.0681 9.69224
    endloop
  endfacet
  facet normal -0.751836 0 0.65935
    outer loop
      vertex -2.98241 75.0611 9.73241
      vertex -3.19372 -12 9.49146
      vertex -2.98241 -12 9.73241
    endloop
  endfacet
  facet normal 0.321561 -3.81262e-05 0.946889
    outer loop
      vertex -0.51711 76.7389 10.333
      vertex -0.312425 77 10.2635
      vertex -0.5 77 10.3272
    endloop
  endfacet
  facet normal 0.321686 -0.000147203 0.946846
    outer loop
      vertex -0.568148 76.4824 10.3503
      vertex -0.312425 77 10.2635
      vertex -0.51711 76.7389 10.333
    endloop
  endfacet
  facet normal 0.321642 -0.000123241 0.946861
    outer loop
      vertex -0.615892 76.3417 10.3665
      vertex -0.312425 77 10.2635
      vertex -0.568148 76.4824 10.3503
    endloop
  endfacet
  facet normal 0.321403 0 0.946943
    outer loop
      vertex -0.312425 77 10.2635
      vertex -0.615892 76.3417 10.3665
      vertex -0.312425 -12 10.2635
    endloop
  endfacet
  facet normal 0.321403 0 0.946943
    outer loop
      vertex -0.312425 -12 10.2635
      vertex -0.615892 76.3417 10.3665
      vertex -0.615892 -12 10.3665
    endloop
  endfacet
  facet normal -0.946921 0 0.321465
    outer loop
      vertex -3.61652 -12 8.63411
      vertex -3.5135 75.277 8.93757
      vertex -3.61652 75.3458 8.63411
    endloop
  endfacet
  facet normal -0.946921 0 0.321465
    outer loop
      vertex -3.5135 75.277 8.93757
      vertex -3.61652 -12 8.63411
      vertex -3.5135 -12 8.93757
    endloop
  endfacet
  facet normal -0.0645205 0 0.997916
    outer loop
      vertex -1.28248 75.4133 10.4479
      vertex -1.25 -12 10.45
      vertex -1.25 75.4418 10.45
    endloop
  endfacet
  facet normal -0.0655992 -4.0252e-07 0.997846
    outer loop
      vertex -1.5 75.268 10.4336
      vertex -1.25 -12 10.45
      vertex -1.28248 75.4133 10.4479
    endloop
  endfacet
  facet normal -0.0657689 -8.90664e-07 0.997835
    outer loop
      vertex -1.56979 75.2335 10.429
      vertex -1.25 -12 10.45
      vertex -1.5 75.268 10.4336
    endloop
  endfacet
  facet normal -0.065527 0 0.997851
    outer loop
      vertex -1.25 -12 10.45
      vertex -1.56979 75.2335 10.429
      vertex -1.56979 -12 10.429
    endloop
  endfacet
  facet normal -0.0654383 0 -0.997857
    outer loop
      vertex -1.25 -12 5.55
      vertex -1.28248 75.4133 5.55213
      vertex -1.25 75.4418 5.55
    endloop
  endfacet
  facet normal -0.0654168 8.01692e-09 -0.997858
    outer loop
      vertex -1.25 -12 5.55
      vertex -1.5 75.268 5.56639
      vertex -1.28248 75.4133 5.55213
    endloop
  endfacet
  facet normal -0.0654027 -0 -0.997859
    outer loop
      vertex -1.56979 75.2335 5.57096
      vertex -1.25 -12 5.55
      vertex -1.56979 -12 5.57096
    endloop
  endfacet
  facet normal -0.0653423 2.22198e-07 -0.997863
    outer loop
      vertex -1.25 -12 5.55
      vertex -1.56979 75.2335 5.57096
      vertex -1.5 75.268 5.56639
    endloop
  endfacet
  facet normal 0.442182 0 0.896925
    outer loop
      vertex -0.312425 77 10.2635
      vertex -0.0249996 -12 10.1218
      vertex -0.0249996 77 10.1218
    endloop
  endfacet
  facet normal 0.442182 0 0.896925
    outer loop
      vertex -0.0249996 -12 10.1218
      vertex -0.312425 77 10.2635
      vertex -0.312425 -12 10.2635
    endloop
  endfacet
  facet normal -0.980787 0 0.195084
    outer loop
      vertex -3.67904 -12 8.31979
      vertex -3.61652 75.3458 8.63411
      vertex -3.67904 75.3876 8.31979
    endloop
  endfacet
  facet normal -0.980787 0 0.195084
    outer loop
      vertex -3.61652 75.3458 8.63411
      vertex -3.67904 -12 8.31979
      vertex -3.61652 -12 8.63411
    endloop
  endfacet
  facet normal -0.442179 0 -0.896927
    outer loop
      vertex -2.18757 -12 5.7365
      vertex -2.23895 75.0171 5.76183
      vertex -2.18757 75.0273 5.7365
    endloop
  endfacet
  facet normal -0.442277 -0 -0.896879
    outer loop
      vertex -2.475 75.0016 5.87824
      vertex -2.18757 -12 5.7365
      vertex -2.475 -12 5.87824
    endloop
  endfacet
  facet normal -0.442298 -8.72933e-08 -0.896868
    outer loop
      vertex -2.18757 -12 5.7365
      vertex -2.475 75.0016 5.87824
      vertex -2.23895 75.0171 5.76183
    endloop
  endfacet
  facet normal -0.980787 0 -0.195084
    outer loop
      vertex -3.67904 -12 7.68021
      vertex -3.61652 75.3458 7.36589
      vertex -3.61652 -12 7.36589
    endloop
  endfacet
  facet normal -0.980787 0 -0.195084
    outer loop
      vertex -3.61652 75.3458 7.36589
      vertex -3.67904 -12 7.68021
      vertex -3.67904 75.3876 7.68021
    endloop
  endfacet
  facet normal -0.659346 -1.84768e-08 0.751839
    outer loop
      vertex -2.98241 -12 9.73241
      vertex -2.74146 75.0158 9.94372
      vertex -2.76105 75.0171 9.92654
    endloop
  endfacet
  facet normal -0.659351 0 0.751836
    outer loop
      vertex -2.98241 -12 9.73241
      vertex -2.76105 75.0171 9.92654
      vertex -2.98241 75.0611 9.73241
    endloop
  endfacet
  facet normal -0.65935 0 0.751836
    outer loop
      vertex -2.74146 75.0158 9.94372
      vertex -2.98241 -12 9.73241
      vertex -2.74146 -12 9.94372
    endloop
  endfacet
  facet normal 0.555474 0 -0.831534
    outer loop
      vertex -0.0249996 -12 5.87824
      vertex 0 77 5.89494
      vertex 0 -12 5.89494
    endloop
  endfacet
  facet normal 0.555474 0 -0.831534
    outer loop
      vertex 0 77 5.89494
      vertex -0.0249996 -12 5.87824
      vertex -0.0249996 77 5.87824
    endloop
  endfacet
  facet normal -0.441758 0 0.897134
    outer loop
      vertex -2.23895 75.0171 10.2382
      vertex -2.18757 -12 10.2635
      vertex -2.18757 75.0273 10.2635
    endloop
  endfacet
  facet normal -0.442267 -3.74058e-07 0.896883
    outer loop
      vertex -2.475 75.0016 10.1218
      vertex -2.18757 -12 10.2635
      vertex -2.23895 75.0171 10.2382
    endloop
  endfacet
  facet normal -0.442176 0 0.896928
    outer loop
      vertex -2.18757 -12 10.2635
      vertex -2.475 75.0016 10.1218
      vertex -2.475 -12 10.1218
    endloop
  endfacet
  facet normal -0.555468 0 -0.831538
    outer loop
      vertex -2.475 -12 5.87824
      vertex -2.5 75 5.89494
      vertex -2.475 75.0016 5.87824
    endloop
  endfacet
  facet normal -0.555564 -4.00995e-08 -0.831474
    outer loop
      vertex -2.74146 -12 6.05628
      vertex -2.5 75 5.89494
      vertex -2.475 -12 5.87824
    endloop
  endfacet
  facet normal -0.555574 0 -0.831467
    outer loop
      vertex -2.5 75 5.89494
      vertex -2.74146 -12 6.05628
      vertex -2.74146 75.0158 6.05628
    endloop
  endfacet
  facet normal -0.997859 0 -0.0654027
    outer loop
      vertex -3.7 -12 8
      vertex -3.67904 75.3876 7.68021
      vertex -3.67904 -12 7.68021
    endloop
  endfacet
  facet normal -0.997859 0 -0.0654027
    outer loop
      vertex -3.67904 75.3876 7.68021
      vertex -3.7 -12 8
      vertex -3.7 75.4016 8
    endloop
  endfacet
  facet normal -0.321428 0 -0.946934
    outer loop
      vertex -1.88411 -12 5.63348
      vertex -1.98236 75.0681 5.66683
      vertex -1.88411 75.1015 5.63348
    endloop
  endfacet
  facet normal -0.321465 -0 -0.946921
    outer loop
      vertex -2.18757 75.0273 5.7365
      vertex -1.88411 -12 5.63348
      vertex -2.18757 -12 5.7365
    endloop
  endfacet
  facet normal -0.321483 -7.01527e-08 -0.946915
    outer loop
      vertex -1.88411 -12 5.63348
      vertex -2.18757 75.0273 5.7365
      vertex -1.98236 75.0681 5.66683
    endloop
  endfacet
  facet normal -0.896967 0 0.442098
    outer loop
      vertex -3.5135 -12 8.93757
      vertex -3.5 75.268 8.96496
      vertex -3.5135 75.277 8.93757
    endloop
  endfacet
  facet normal -0.896869 -7.72034e-08 0.442296
    outer loop
      vertex -3.5135 -12 8.93757
      vertex -3.37176 75.2047 9.225
      vertex -3.5 75.268 8.96496
    endloop
  endfacet
  facet normal -0.896879 0 0.442277
    outer loop
      vertex -3.37176 75.2047 9.225
      vertex -3.5135 -12 8.93757
      vertex -3.37176 -12 9.225
    endloop
  endfacet
  facet normal 0.195083 0 -0.980787
    outer loop
      vertex -0.615892 -12 5.63348
      vertex -0.652241 76.2346 5.62625
      vertex -0.615892 76.3417 5.63348
    endloop
  endfacet
  facet normal 0.195043 -1.71193e-08 -0.980795
    outer loop
      vertex -0.615892 -12 5.63348
      vertex -0.767949 76 5.60324
      vertex -0.652241 76.2346 5.62625
    endloop
  endfacet
  facet normal 0.195086 5.85343e-08 -0.980786
    outer loop
      vertex -0.615892 -12 5.63348
      vertex -0.913293 75.7825 5.57433
      vertex -0.767949 76 5.60324
    endloop
  endfacet
  facet normal 0.195085 0 -0.980786
    outer loop
      vertex -0.93021 75.7632 5.57096
      vertex -0.615892 -12 5.63348
      vertex -0.93021 -12 5.57096
    endloop
  endfacet
  facet normal 0.195368 1.05314e-06 -0.98073
    outer loop
      vertex -0.615892 -12 5.63348
      vertex -0.93021 75.7632 5.57096
      vertex -0.913293 75.7825 5.57433
    endloop
  endfacet
  facet normal -0.946925 0 -0.321456
    outer loop
      vertex -3.61652 -12 7.36589
      vertex -3.5135 75.277 7.06242
      vertex -3.5135 -12 7.06242
    endloop
  endfacet
  facet normal -0.946925 0 -0.321456
    outer loop
      vertex -3.5135 75.277 7.06242
      vertex -3.61652 -12 7.36589
      vertex -3.61652 75.3458 7.36589
    endloop
  endfacet
  facet normal -0.831479 0 0.555555
    outer loop
      vertex -3.37176 -12 9.225
      vertex -3.26537 75.1522 9.38423
      vertex -3.37176 75.2047 9.225
    endloop
  endfacet
  facet normal -0.831465 -5.60109e-08 0.555577
    outer loop
      vertex -3.37176 -12 9.225
      vertex -3.19372 75.1279 9.49146
      vertex -3.26537 75.1522 9.38423
    endloop
  endfacet
  facet normal -0.831474 0 0.555564
    outer loop
      vertex -3.19372 75.1279 9.49146
      vertex -3.37176 -12 9.225
      vertex -3.19372 -12 9.49146
    endloop
  endfacet
  facet normal -0.65935 0 -0.751836
    outer loop
      vertex -2.98241 -12 6.26759
      vertex -2.74146 75.0158 6.05628
      vertex -2.74146 -12 6.05628
    endloop
  endfacet
  facet normal -0.659346 -1.84768e-08 -0.751839
    outer loop
      vertex -2.74146 75.0158 6.05628
      vertex -2.98241 -12 6.26759
      vertex -2.76105 75.0171 6.07346
    endloop
  endfacet
  facet normal -0.659351 0 -0.751836
    outer loop
      vertex -2.76105 75.0171 6.07346
      vertex -2.98241 -12 6.26759
      vertex -2.98241 75.0611 6.26759
    endloop
  endfacet
  facet normal -0.896873 0 -0.442289
    outer loop
      vertex -3.5135 -12 7.06242
      vertex -3.37176 75.2047 6.775
      vertex -3.37176 -12 6.775
    endloop
  endfacet
  facet normal -0.896869 -2.65248e-08 -0.442296
    outer loop
      vertex -3.37176 75.2047 6.775
      vertex -3.5135 -12 7.06242
      vertex -3.5 75.268 7.03504
    endloop
  endfacet
  facet normal -0.896903 0 -0.442228
    outer loop
      vertex -3.5 75.268 7.03504
      vertex -3.5135 -12 7.06242
      vertex -3.5135 75.277 7.06242
    endloop
  endfacet
  facet normal -0.997859 0 0.0654027
    outer loop
      vertex -3.7 -12 8
      vertex -3.67904 75.3876 8.31979
      vertex -3.7 75.4016 8
    endloop
  endfacet
  facet normal -0.997859 0 0.0654027
    outer loop
      vertex -3.67904 75.3876 8.31979
      vertex -3.7 -12 8
      vertex -3.67904 -12 8.31979
    endloop
  endfacet
  facet normal -0.195155 0 0.980772
    outer loop
      vertex -1.73463 75.1522 10.3962
      vertex -1.56979 -12 10.429
      vertex -1.56979 75.2335 10.429
    endloop
  endfacet
  facet normal -0.19488 5.41432e-07 0.980827
    outer loop
      vertex -1.88411 75.1015 10.3665
      vertex -1.56979 -12 10.429
      vertex -1.73463 75.1522 10.3962
    endloop
  endfacet
  facet normal -0.195024 0 0.980798
    outer loop
      vertex -1.56979 -12 10.429
      vertex -1.88411 75.1015 10.3665
      vertex -1.88411 -12 10.3665
    endloop
  endfacet
  facet normal -0.751822 0 -0.659366
    outer loop
      vertex -3.19372 -12 6.50853
      vertex -2.98241 75.0611 6.26759
      vertex -2.98241 -12 6.26759
    endloop
  endfacet
  facet normal -0.751823 1.39667e-09 -0.659365
    outer loop
      vertex -2.98241 75.0611 6.26759
      vertex -3.19372 -12 6.50853
      vertex -3.01764 75.0681 6.30776
    endloop
  endfacet
  facet normal -0.751822 0 -0.659366
    outer loop
      vertex -3.01764 75.0681 6.30776
      vertex -3.19372 -12 6.50853
      vertex -3.19372 75.1279 6.50853
    endloop
  endfacet
  facet normal -0.320995 0 0.947081
    outer loop
      vertex -1.98236 75.0681 10.3332
      vertex -1.88411 -12 10.3665
      vertex -1.88411 75.1015 10.3665
    endloop
  endfacet
  facet normal -0.321607 -7.69949e-07 0.946873
    outer loop
      vertex -2.18757 75.0273 10.2635
      vertex -1.88411 -12 10.3665
      vertex -1.98236 75.0681 10.3332
    endloop
  endfacet
  facet normal -0.321409 0 0.94694
    outer loop
      vertex -1.88411 -12 10.3665
      vertex -2.18757 75.0273 10.2635
      vertex -2.18757 -12 10.2635
    endloop
  endfacet
  facet normal -0.195098 0 -0.980784
    outer loop
      vertex -1.56979 -12 5.57096
      vertex -1.73463 75.1522 5.60375
      vertex -1.56979 75.2335 5.57096
    endloop
  endfacet
  facet normal -0.195084 -0 -0.980787
    outer loop
      vertex -1.88411 75.1015 5.63348
      vertex -1.56979 -12 5.57096
      vertex -1.88411 -12 5.63348
    endloop
  endfacet
  facet normal -0.195069 5.68797e-08 -0.98079
    outer loop
      vertex -1.56979 -12 5.57096
      vertex -1.88411 75.1015 5.63348
      vertex -1.73463 75.1522 5.60375
    endloop
  endfacet
  facet normal 0.555474 0 0.831534
    outer loop
      vertex -0.0249996 77 10.1218
      vertex 0 -12 10.1051
      vertex 0 77 10.1051
    endloop
  endfacet
  facet normal 0.555474 0 0.831534
    outer loop
      vertex 0 -12 10.1051
      vertex -0.0249996 77 10.1218
      vertex -0.0249996 -12 10.1218
    endloop
  endfacet
  facet normal 0 1 -0
    outer loop
      vertex 0 77 5.89494
      vertex -0.0106936 77 7.83684
      vertex 0 77 8
    endloop
  endfacet
  facet normal 0 1 0
    outer loop
      vertex 0 77 5.89494
      vertex -0.042592 77 7.67648
      vertex -0.0106936 77 7.83684
    endloop
  endfacet
  facet normal 0 1 0
    outer loop
      vertex 0 77 5.89494
      vertex -0.09515 77 7.52165
      vertex -0.042592 77 7.67648
    endloop
  endfacet
  facet normal 0 1 0
    outer loop
      vertex 0 77 5.89494
      vertex -0.167468 77 7.375
      vertex -0.09515 77 7.52165
    endloop
  endfacet
  facet normal 0 1 0
    outer loop
      vertex 0 77 5.89494
      vertex -0.258307 77 7.23905
      vertex -0.167468 77 7.375
    endloop
  endfacet
  facet normal 0 1 0
    outer loop
      vertex 0 77 5.89494
      vertex -0.366116 77 7.11612
      vertex -0.258307 77 7.23905
    endloop
  endfacet
  facet normal 0 1 0
    outer loop
      vertex 0 77 5.89494
      vertex -0.489048 77 7.00831
      vertex -0.366116 77 7.11612
    endloop
  endfacet
  facet normal 0 1 0
    outer loop
      vertex 0 77 5.89494
      vertex -0.5 77 7.00099
      vertex -0.489048 77 7.00831
    endloop
  endfacet
  facet normal 0 1 -0
    outer loop
      vertex -0.0249996 77 5.87824
      vertex -0.5 77 7.00099
      vertex 0 77 5.89494
    endloop
  endfacet
  facet normal 0 1 -0
    outer loop
      vertex -0.312425 77 5.7365
      vertex -0.5 77 7.00099
      vertex -0.0249996 77 5.87824
    endloop
  endfacet
  facet normal 0 1 0
    outer loop
      vertex -0.5 77 7.00099
      vertex -0.312425 77 5.7365
      vertex -0.5 77 5.67282
    endloop
  endfacet
  facet normal 0 1 0
    outer loop
      vertex -0.5 77 8.99901
      vertex -0.312425 77 10.2635
      vertex -0.0249996 77 10.1218
    endloop
  endfacet
  facet normal 0 1 0
    outer loop
      vertex -0.5 77 8.99901
      vertex -0.0249996 77 10.1218
      vertex 0 77 10.1051
    endloop
  endfacet
  facet normal 0 1 0
    outer loop
      vertex -0.312425 77 10.2635
      vertex -0.5 77 8.99901
      vertex -0.5 77 10.3272
    endloop
  endfacet
  facet normal 0 1 0
    outer loop
      vertex 0 77 10.1051
      vertex -0.489048 77 8.99169
      vertex -0.5 77 8.99901
    endloop
  endfacet
  facet normal 0 1 0
    outer loop
      vertex 0 77 10.1051
      vertex -0.366116 77 8.88388
      vertex -0.489048 77 8.99169
    endloop
  endfacet
  facet normal 0 1 0
    outer loop
      vertex 0 77 10.1051
      vertex -0.258307 77 8.76095
      vertex -0.366116 77 8.88388
    endloop
  endfacet
  facet normal 0 1 0
    outer loop
      vertex 0 77 10.1051
      vertex -0.167468 77 8.625
      vertex -0.258307 77 8.76095
    endloop
  endfacet
  facet normal 0 1 0
    outer loop
      vertex 0 77 10.1051
      vertex -0.09515 77 8.47835
      vertex -0.167468 77 8.625
    endloop
  endfacet
  facet normal 0 1 0
    outer loop
      vertex 0 77 10.1051
      vertex -0.042592 77 8.32352
      vertex -0.09515 77 8.47835
    endloop
  endfacet
  facet normal 0 1 0
    outer loop
      vertex 0 77 10.1051
      vertex -0.0106936 77 8.16316
      vertex -0.042592 77 8.32352
    endloop
  endfacet
  facet normal -0 1 0
    outer loop
      vertex -0.0106936 77 8.16316
      vertex 0 77 10.1051
      vertex 0 77 8
    endloop
  endfacet
  facet normal -0.555468 0 0.831538
    outer loop
      vertex -2.5 75 10.1051
      vertex -2.475 -12 10.1218
      vertex -2.475 75.0016 10.1218
    endloop
  endfacet
  facet normal -0.555669 0 0.831403
    outer loop
      vertex -2.74146 -12 9.94372
      vertex -2.5 75 10.1051
      vertex -2.74146 75.0158 9.94372
    endloop
  endfacet
  facet normal -0.55565 -7.59614e-08 0.831416
    outer loop
      vertex -2.5 75 10.1051
      vertex -2.74146 -12 9.94372
      vertex -2.475 -12 10.1218
    endloop
  endfacet
  facet normal -0.195122 0.980779 0
    outer loop
      vertex 8.43999 -5.24207 0
      vertex 8.22189 -5.28546 16
      vertex 8.43999 -5.24207 16
    endloop
  endfacet
  facet normal -0.195122 0.980779 0
    outer loop
      vertex 8.22189 -5.28546 16
      vertex 8.43999 -5.24207 0
      vertex 8.22189 -5.28546 0
    endloop
  endfacet
  facet normal -0.831469 0.555572 0
    outer loop
      vertex 9.3487 -4.63489 0
      vertex 9.47224 -4.45 16
      vertex 9.47224 -4.45 0
    endloop
  endfacet
  facet normal -0.831469 0.555572 0
    outer loop
      vertex 9.47224 -4.45 16
      vertex 9.3487 -4.63489 0
      vertex 9.3487 -4.63489 16
    endloop
  endfacet
  facet normal -0.555572 0.831469 0
    outer loop
      vertex 9.03489 -4.9487 0
      vertex 8.85 -5.07224 16
      vertex 9.03489 -4.9487 16
    endloop
  endfacet
  facet normal -0.555572 0.831469 0
    outer loop
      vertex 8.85 -5.07224 16
      vertex 9.03489 -4.9487 0
      vertex 8.85 -5.07224 0
    endloop
  endfacet
  facet normal 0.442314 -0.89686 0
    outer loop
      vertex 7.15 -2.12776 0
      vertex 7.34944 -2.0294 16
      vertex 7.15 -2.12776 16
    endloop
  endfacet
  facet normal 0.442314 -0.89686 0
    outer loop
      vertex 7.34944 -2.0294 16
      vertex 7.15 -2.12776 0
      vertex 7.34944 -2.0294 0
    endloop
  endfacet
  facet normal 0.946942 -0.321404 0
    outer loop
      vertex 6.35793 -3.16001 16
      vertex 6.4294 -2.94944 0
      vertex 6.4294 -2.94944 16
    endloop
  endfacet
  facet normal 0.946942 -0.321404 0
    outer loop
      vertex 6.4294 -2.94944 0
      vertex 6.35793 -3.16001 16
      vertex 6.35793 -3.16001 0
    endloop
  endfacet
  facet normal -0.99786 0.0653877 0
    outer loop
      vertex 9.68546 -3.82189 0
      vertex 9.7 -3.6 16
      vertex 9.7 -3.6 0
    endloop
  endfacet
  facet normal -0.99786 0.0653877 0
    outer loop
      vertex 9.7 -3.6 16
      vertex 9.68546 -3.82189 0
      vertex 9.68546 -3.82189 16
    endloop
  endfacet
  facet normal 0.659342 0.751844 -0
    outer loop
      vertex 6.96511 -4.9487 0
      vertex 6.79792 -4.80208 16
      vertex 6.96511 -4.9487 16
    endloop
  endfacet
  facet normal 0.659342 0.751844 0
    outer loop
      vertex 6.79792 -4.80208 16
      vertex 6.96511 -4.9487 0
      vertex 6.79792 -4.80208 0
    endloop
  endfacet
  facet normal -0.99786 -0.0653877 0
    outer loop
      vertex 9.7 -3.6 0
      vertex 9.68546 -3.37811 16
      vertex 9.68546 -3.37811 0
    endloop
  endfacet
  facet normal -0.99786 -0.0653877 0
    outer loop
      vertex 9.68546 -3.37811 16
      vertex 9.7 -3.6 0
      vertex 9.7 -3.6 16
    endloop
  endfacet
  facet normal 0.751844 -0.659342 0
    outer loop
      vertex 6.6513 -2.56511 16
      vertex 6.79792 -2.39792 0
      vertex 6.79792 -2.39792 16
    endloop
  endfacet
  facet normal 0.751844 -0.659342 0
    outer loop
      vertex 6.79792 -2.39792 0
      vertex 6.6513 -2.56511 16
      vertex 6.6513 -2.56511 0
    endloop
  endfacet
  facet normal -0.751844 -0.659342 0
    outer loop
      vertex 9.3487 -2.56511 0
      vertex 9.20208 -2.39792 16
      vertex 9.20208 -2.39792 0
    endloop
  endfacet
  facet normal -0.751844 -0.659342 0
    outer loop
      vertex 9.20208 -2.39792 16
      vertex 9.3487 -2.56511 0
      vertex 9.3487 -2.56511 16
    endloop
  endfacet
  facet normal -0.751844 0.659342 0
    outer loop
      vertex 9.20208 -4.80208 0
      vertex 9.3487 -4.63489 16
      vertex 9.3487 -4.63489 0
    endloop
  endfacet
  facet normal -0.751844 0.659342 0
    outer loop
      vertex 9.3487 -4.63489 16
      vertex 9.20208 -4.80208 0
      vertex 9.20208 -4.80208 16
    endloop
  endfacet
  facet normal 0.19513 -0.980777 0
    outer loop
      vertex 7.56001 -1.95793 0
      vertex 7.7781 -1.91454 16
      vertex 7.56001 -1.95793 16
    endloop
  endfacet
  facet normal 0.19513 -0.980777 0
    outer loop
      vertex 7.7781 -1.91454 16
      vertex 7.56001 -1.95793 0
      vertex 7.7781 -1.91454 0
    endloop
  endfacet
  facet normal -0.980779 -0.195122 0
    outer loop
      vertex 9.68546 -3.37811 0
      vertex 9.64207 -3.16001 16
      vertex 9.64207 -3.16001 0
    endloop
  endfacet
  facet normal -0.980779 -0.195122 0
    outer loop
      vertex 9.64207 -3.16001 16
      vertex 9.68546 -3.37811 0
      vertex 9.68546 -3.37811 16
    endloop
  endfacet
  facet normal -0.555572 -0.831469 0
    outer loop
      vertex 8.85 -2.12776 0
      vertex 9.03489 -2.2513 16
      vertex 8.85 -2.12776 16
    endloop
  endfacet
  facet normal -0.555572 -0.831469 -0
    outer loop
      vertex 9.03489 -2.2513 16
      vertex 8.85 -2.12776 0
      vertex 9.03489 -2.2513 0
    endloop
  endfacet
  facet normal 0.980779 -0.195122 0
    outer loop
      vertex 6.31454 -3.37811 16
      vertex 6.35793 -3.16001 0
      vertex 6.35793 -3.16001 16
    endloop
  endfacet
  facet normal 0.980779 -0.195122 0
    outer loop
      vertex 6.35793 -3.16001 0
      vertex 6.31454 -3.37811 16
      vertex 6.31454 -3.37811 0
    endloop
  endfacet
  facet normal 0.831469 0.555572 0
    outer loop
      vertex 6.6513 -4.63489 16
      vertex 6.52776 -4.45 0
      vertex 6.52776 -4.45 16
    endloop
  endfacet
  facet normal 0.831469 0.555572 0
    outer loop
      vertex 6.52776 -4.45 0
      vertex 6.6513 -4.63489 16
      vertex 6.6513 -4.63489 0
    endloop
  endfacet
  facet normal -0.896878 0.442278 0
    outer loop
      vertex 9.47224 -4.45 0
      vertex 9.57059 -4.25056 16
      vertex 9.57059 -4.25056 0
    endloop
  endfacet
  facet normal -0.896878 0.442278 0
    outer loop
      vertex 9.57059 -4.25056 16
      vertex 9.47224 -4.45 0
      vertex 9.47224 -4.45 16
    endloop
  endfacet
  facet normal -0.321404 -0.946942 0
    outer loop
      vertex 8.43999 -1.95793 0
      vertex 8.65056 -2.0294 16
      vertex 8.43999 -1.95793 16
    endloop
  endfacet
  facet normal -0.321404 -0.946942 -0
    outer loop
      vertex 8.65056 -2.0294 16
      vertex 8.43999 -1.95793 0
      vertex 8.65056 -2.0294 0
    endloop
  endfacet
  facet normal -0.659342 -0.751844 0
    outer loop
      vertex 9.03489 -2.2513 0
      vertex 9.20208 -2.39792 16
      vertex 9.03489 -2.2513 16
    endloop
  endfacet
  facet normal -0.659342 -0.751844 -0
    outer loop
      vertex 9.20208 -2.39792 16
      vertex 9.03489 -2.2513 0
      vertex 9.20208 -2.39792 0
    endloop
  endfacet
  facet normal -0.946929 -0.321444 0
    outer loop
      vertex 9.64207 -3.16001 0
      vertex 9.57059 -2.94944 16
      vertex 9.57059 -2.94944 0
    endloop
  endfacet
  facet normal -0.946929 -0.321444 0
    outer loop
      vertex 9.57059 -2.94944 16
      vertex 9.64207 -3.16001 0
      vertex 9.64207 -3.16001 16
    endloop
  endfacet
  facet normal -0.980779 0.195122 0
    outer loop
      vertex 9.64207 -4.03999 0
      vertex 9.68546 -3.82189 16
      vertex 9.68546 -3.82189 0
    endloop
  endfacet
  facet normal -0.980779 0.195122 0
    outer loop
      vertex 9.68546 -3.82189 16
      vertex 9.64207 -4.03999 0
      vertex 9.64207 -4.03999 16
    endloop
  endfacet
  facet normal -0.0653877 -0.99786 0
    outer loop
      vertex 8 -1.9 0
      vertex 8.22189 -1.91454 16
      vertex 8 -1.9 16
    endloop
  endfacet
  facet normal -0.0653877 -0.99786 -0
    outer loop
      vertex 8.22189 -1.91454 16
      vertex 8 -1.9 0
      vertex 8.22189 -1.91454 0
    endloop
  endfacet
  facet normal 0.0653848 -0.99786 0
    outer loop
      vertex 7.7781 -1.91454 0
      vertex 8 -1.9 16
      vertex 7.7781 -1.91454 16
    endloop
  endfacet
  facet normal 0.0653848 -0.99786 0
    outer loop
      vertex 8 -1.9 16
      vertex 7.7781 -1.91454 0
      vertex 8 -1.9 0
    endloop
  endfacet
  facet normal 0.89686 -0.442314 0
    outer loop
      vertex 6.4294 -2.94944 16
      vertex 6.52776 -2.75 0
      vertex 6.52776 -2.75 16
    endloop
  endfacet
  facet normal 0.89686 -0.442314 0
    outer loop
      vertex 6.52776 -2.75 0
      vertex 6.4294 -2.94944 16
      vertex 6.4294 -2.94944 0
    endloop
  endfacet
  facet normal -0.946929 0.321444 0
    outer loop
      vertex 9.57059 -4.25056 0
      vertex 9.64207 -4.03999 16
      vertex 9.64207 -4.03999 0
    endloop
  endfacet
  facet normal -0.946929 0.321444 0
    outer loop
      vertex 9.64207 -4.03999 16
      vertex 9.57059 -4.25056 0
      vertex 9.57059 -4.25056 16
    endloop
  endfacet
  facet normal -0.442314 -0.89686 0
    outer loop
      vertex 8.65056 -2.0294 0
      vertex 8.85 -2.12776 16
      vertex 8.65056 -2.0294 16
    endloop
  endfacet
  facet normal -0.442314 -0.89686 -0
    outer loop
      vertex 8.85 -2.12776 16
      vertex 8.65056 -2.0294 0
      vertex 8.85 -2.12776 0
    endloop
  endfacet
  facet normal -0.831469 -0.555572 0
    outer loop
      vertex 9.47224 -2.75 0
      vertex 9.3487 -2.56511 16
      vertex 9.3487 -2.56511 0
    endloop
  endfacet
  facet normal -0.831469 -0.555572 0
    outer loop
      vertex 9.3487 -2.56511 16
      vertex 9.47224 -2.75 0
      vertex 9.47224 -2.75 16
    endloop
  endfacet
  facet normal 0.442314 0.89686 -0
    outer loop
      vertex 7.34944 -5.1706 0
      vertex 7.15 -5.07224 16
      vertex 7.34944 -5.1706 16
    endloop
  endfacet
  facet normal 0.442314 0.89686 0
    outer loop
      vertex 7.15 -5.07224 16
      vertex 7.34944 -5.1706 0
      vertex 7.15 -5.07224 0
    endloop
  endfacet
  facet normal 0.99786 -0.0653877 0
    outer loop
      vertex 6.3 -3.6 16
      vertex 6.31454 -3.37811 0
      vertex 6.31454 -3.37811 16
    endloop
  endfacet
  facet normal 0.99786 -0.0653877 0
    outer loop
      vertex 6.31454 -3.37811 0
      vertex 6.3 -3.6 16
      vertex 6.3 -3.6 0
    endloop
  endfacet
  facet normal 0.321404 -0.946942 0
    outer loop
      vertex 7.34944 -2.0294 0
      vertex 7.56001 -1.95793 16
      vertex 7.34944 -2.0294 16
    endloop
  endfacet
  facet normal 0.321404 -0.946942 0
    outer loop
      vertex 7.56001 -1.95793 16
      vertex 7.34944 -2.0294 0
      vertex 7.56001 -1.95793 0
    endloop
  endfacet
  facet normal -0.442314 0.89686 0
    outer loop
      vertex 8.85 -5.07224 0
      vertex 8.65056 -5.1706 16
      vertex 8.85 -5.07224 16
    endloop
  endfacet
  facet normal -0.442314 0.89686 0
    outer loop
      vertex 8.65056 -5.1706 16
      vertex 8.85 -5.07224 0
      vertex 8.65056 -5.1706 0
    endloop
  endfacet
  facet normal 0.831469 -0.555572 0
    outer loop
      vertex 6.52776 -2.75 16
      vertex 6.6513 -2.56511 0
      vertex 6.6513 -2.56511 16
    endloop
  endfacet
  facet normal 0.831469 -0.555572 0
    outer loop
      vertex 6.6513 -2.56511 0
      vertex 6.52776 -2.75 16
      vertex 6.52776 -2.75 0
    endloop
  endfacet
  facet normal -0.321404 0.946942 0
    outer loop
      vertex 8.65056 -5.1706 0
      vertex 8.43999 -5.24207 16
      vertex 8.65056 -5.1706 16
    endloop
  endfacet
  facet normal -0.321404 0.946942 0
    outer loop
      vertex 8.43999 -5.24207 16
      vertex 8.65056 -5.1706 0
      vertex 8.43999 -5.24207 0
    endloop
  endfacet
  facet normal 0.99786 0.0653877 0
    outer loop
      vertex 6.31454 -3.82189 16
      vertex 6.3 -3.6 0
      vertex 6.3 -3.6 16
    endloop
  endfacet
  facet normal 0.99786 0.0653877 0
    outer loop
      vertex 6.3 -3.6 0
      vertex 6.31454 -3.82189 16
      vertex 6.31454 -3.82189 0
    endloop
  endfacet
  facet normal 0.555572 -0.831469 0
    outer loop
      vertex 6.96511 -2.2513 0
      vertex 7.15 -2.12776 16
      vertex 6.96511 -2.2513 16
    endloop
  endfacet
  facet normal 0.555572 -0.831469 0
    outer loop
      vertex 7.15 -2.12776 16
      vertex 6.96511 -2.2513 0
      vertex 7.15 -2.12776 0
    endloop
  endfacet
  facet normal 0.321404 0.946942 -0
    outer loop
      vertex 7.56001 -5.24207 0
      vertex 7.34944 -5.1706 16
      vertex 7.56001 -5.24207 16
    endloop
  endfacet
  facet normal 0.321404 0.946942 0
    outer loop
      vertex 7.34944 -5.1706 16
      vertex 7.56001 -5.24207 0
      vertex 7.34944 -5.1706 0
    endloop
  endfacet
  facet normal -0.195122 -0.980779 0
    outer loop
      vertex 8.22189 -1.91454 0
      vertex 8.43999 -1.95793 16
      vertex 8.22189 -1.91454 16
    endloop
  endfacet
  facet normal -0.195122 -0.980779 -0
    outer loop
      vertex 8.43999 -1.95793 16
      vertex 8.22189 -1.91454 0
      vertex 8.43999 -1.95793 0
    endloop
  endfacet
  facet normal 0.751844 0.659342 0
    outer loop
      vertex 6.79792 -4.80208 16
      vertex 6.6513 -4.63489 0
      vertex 6.6513 -4.63489 16
    endloop
  endfacet
  facet normal 0.751844 0.659342 0
    outer loop
      vertex 6.6513 -4.63489 0
      vertex 6.79792 -4.80208 16
      vertex 6.79792 -4.80208 0
    endloop
  endfacet
  facet normal -0.896878 -0.442278 0
    outer loop
      vertex 9.57059 -2.94944 0
      vertex 9.47224 -2.75 16
      vertex 9.47224 -2.75 0
    endloop
  endfacet
  facet normal -0.896878 -0.442278 0
    outer loop
      vertex 9.47224 -2.75 16
      vertex 9.57059 -2.94944 0
      vertex 9.57059 -2.94944 16
    endloop
  endfacet
  facet normal -0.659342 0.751844 0
    outer loop
      vertex 9.20208 -4.80208 0
      vertex 9.03489 -4.9487 16
      vertex 9.20208 -4.80208 16
    endloop
  endfacet
  facet normal -0.659342 0.751844 0
    outer loop
      vertex 9.03489 -4.9487 16
      vertex 9.20208 -4.80208 0
      vertex 9.03489 -4.9487 0
    endloop
  endfacet
  facet normal -0.0653877 0.99786 0
    outer loop
      vertex 8.22189 -5.28546 0
      vertex 8 -5.3 16
      vertex 8.22189 -5.28546 16
    endloop
  endfacet
  facet normal -0.0653877 0.99786 0
    outer loop
      vertex 8 -5.3 16
      vertex 8.22189 -5.28546 0
      vertex 8 -5.3 0
    endloop
  endfacet
  facet normal 0.0653848 0.99786 -0
    outer loop
      vertex 8 -5.3 0
      vertex 7.7781 -5.28546 16
      vertex 8 -5.3 16
    endloop
  endfacet
  facet normal 0.0653848 0.99786 0
    outer loop
      vertex 7.7781 -5.28546 16
      vertex 8 -5.3 0
      vertex 7.7781 -5.28546 0
    endloop
  endfacet
  facet normal 0.555572 0.831469 -0
    outer loop
      vertex 7.15 -5.07224 0
      vertex 6.96511 -4.9487 16
      vertex 7.15 -5.07224 16
    endloop
  endfacet
  facet normal 0.555572 0.831469 0
    outer loop
      vertex 6.96511 -4.9487 16
      vertex 7.15 -5.07224 0
      vertex 6.96511 -4.9487 0
    endloop
  endfacet
  facet normal 0.946942 0.321404 0
    outer loop
      vertex 6.4294 -4.25056 16
      vertex 6.35793 -4.03999 0
      vertex 6.35793 -4.03999 16
    endloop
  endfacet
  facet normal 0.946942 0.321404 0
    outer loop
      vertex 6.35793 -4.03999 0
      vertex 6.4294 -4.25056 16
      vertex 6.4294 -4.25056 0
    endloop
  endfacet
  facet normal 0.659342 -0.751844 0
    outer loop
      vertex 6.79792 -2.39792 0
      vertex 6.96511 -2.2513 16
      vertex 6.79792 -2.39792 16
    endloop
  endfacet
  facet normal 0.659342 -0.751844 0
    outer loop
      vertex 6.96511 -2.2513 16
      vertex 6.79792 -2.39792 0
      vertex 6.96511 -2.2513 0
    endloop
  endfacet
  facet normal 0.89686 0.442314 0
    outer loop
      vertex 6.52776 -4.45 16
      vertex 6.4294 -4.25056 0
      vertex 6.4294 -4.25056 16
    endloop
  endfacet
  facet normal 0.89686 0.442314 0
    outer loop
      vertex 6.4294 -4.25056 0
      vertex 6.52776 -4.45 16
      vertex 6.52776 -4.45 0
    endloop
  endfacet
  facet normal 0.19513 0.980777 -0
    outer loop
      vertex 7.7781 -5.28546 0
      vertex 7.56001 -5.24207 16
      vertex 7.7781 -5.28546 16
    endloop
  endfacet
  facet normal 0.19513 0.980777 0
    outer loop
      vertex 7.56001 -5.24207 16
      vertex 7.7781 -5.28546 0
      vertex 7.56001 -5.24207 0
    endloop
  endfacet
  facet normal 0.980779 0.195122 0
    outer loop
      vertex 6.35793 -4.03999 16
      vertex 6.31454 -3.82189 0
      vertex 6.31454 -3.82189 16
    endloop
  endfacet
  facet normal 0.980779 0.195122 0
    outer loop
      vertex 6.31454 -3.82189 0
      vertex 6.35793 -4.03999 16
      vertex 6.35793 -4.03999 0
    endloop
  endfacet
  facet normal -0.980777 -0.19513 0
    outer loop
      vertex 9.68546 -8.7781 0
      vertex 9.64207 -8.56001 16
      vertex 9.64207 -8.56001 0
    endloop
  endfacet
  facet normal -0.980777 -0.19513 0
    outer loop
      vertex 9.64207 -8.56001 16
      vertex 9.68546 -8.7781 0
      vertex 9.68546 -8.7781 16
    endloop
  endfacet
  facet normal -0.99786 -0.0653848 0
    outer loop
      vertex 9.7 -9 0
      vertex 9.68546 -8.7781 16
      vertex 9.68546 -8.7781 0
    endloop
  endfacet
  facet normal -0.99786 -0.0653848 0
    outer loop
      vertex 9.68546 -8.7781 16
      vertex 9.7 -9 0
      vertex 9.7 -9 16
    endloop
  endfacet
  facet normal -0.0652086 0.997872 0
    outer loop
      vertex 8.22189 -10.6855 0
      vertex 8 -10.7 16
      vertex 8.22189 -10.6855 16
    endloop
  endfacet
  facet normal -0.0652086 0.997872 0
    outer loop
      vertex 8 -10.7 16
      vertex 8.22189 -10.6855 0
      vertex 8 -10.7 0
    endloop
  endfacet
  facet normal 0.659342 -0.751844 0
    outer loop
      vertex 6.79792 -7.79792 0
      vertex 6.96511 -7.6513 16
      vertex 6.79792 -7.79792 16
    endloop
  endfacet
  facet normal 0.659342 -0.751844 0
    outer loop
      vertex 6.96511 -7.6513 16
      vertex 6.79792 -7.79792 0
      vertex 6.96511 -7.6513 0
    endloop
  endfacet
  facet normal 0.831483 0.555551 0
    outer loop
      vertex 6.6513 -10.0349 16
      vertex 6.52776 -9.85 0
      vertex 6.52776 -9.85 16
    endloop
  endfacet
  facet normal 0.831483 0.555551 0
    outer loop
      vertex 6.52776 -9.85 0
      vertex 6.6513 -10.0349 16
      vertex 6.6513 -10.0349 0
    endloop
  endfacet
  facet normal 0.195173 0.980769 -0
    outer loop
      vertex 7.7781 -10.6855 0
      vertex 7.56001 -10.6421 16
      vertex 7.7781 -10.6855 16
    endloop
  endfacet
  facet normal 0.195173 0.980769 0
    outer loop
      vertex 7.56001 -10.6421 16
      vertex 7.7781 -10.6855 0
      vertex 7.56001 -10.6421 0
    endloop
  endfacet
  facet normal -0.659342 -0.751844 0
    outer loop
      vertex 9.03489 -7.6513 0
      vertex 9.20208 -7.79792 16
      vertex 9.03489 -7.6513 16
    endloop
  endfacet
  facet normal -0.659342 -0.751844 -0
    outer loop
      vertex 9.20208 -7.79792 16
      vertex 9.03489 -7.6513 0
      vertex 9.20208 -7.79792 0
    endloop
  endfacet
  facet normal -0.946929 0.321444 0
    outer loop
      vertex 9.57059 -9.65056 0
      vertex 9.64207 -9.43999 16
      vertex 9.64207 -9.43999 0
    endloop
  endfacet
  facet normal -0.946929 0.321444 0
    outer loop
      vertex 9.64207 -9.43999 16
      vertex 9.57059 -9.65056 0
      vertex 9.57059 -9.65056 16
    endloop
  endfacet
  facet normal -0.751863 0.659319 0
    outer loop
      vertex 9.20208 -10.2021 0
      vertex 9.3487 -10.0349 16
      vertex 9.3487 -10.0349 0
    endloop
  endfacet
  facet normal -0.751863 0.659319 0
    outer loop
      vertex 9.3487 -10.0349 16
      vertex 9.20208 -10.2021 0
      vertex 9.20208 -10.2021 16
    endloop
  endfacet
  facet normal -0.751844 -0.659342 0
    outer loop
      vertex 9.3487 -7.96511 0
      vertex 9.20208 -7.79792 16
      vertex 9.20208 -7.79792 0
    endloop
  endfacet
  facet normal -0.751844 -0.659342 0
    outer loop
      vertex 9.20208 -7.79792 16
      vertex 9.3487 -7.96511 0
      vertex 9.3487 -7.96511 16
    endloop
  endfacet
  facet normal 0.946942 0.321404 0
    outer loop
      vertex 6.4294 -9.65056 16
      vertex 6.35793 -9.43999 0
      vertex 6.35793 -9.43999 16
    endloop
  endfacet
  facet normal 0.946942 0.321404 0
    outer loop
      vertex 6.35793 -9.43999 0
      vertex 6.4294 -9.65056 16
      vertex 6.4294 -9.65056 0
    endloop
  endfacet
  facet normal -0.321525 0.946901 0
    outer loop
      vertex 8.65056 -10.5706 0
      vertex 8.43999 -10.6421 16
      vertex 8.65056 -10.5706 16
    endloop
  endfacet
  facet normal -0.321525 0.946901 0
    outer loop
      vertex 8.43999 -10.6421 16
      vertex 8.65056 -10.5706 0
      vertex 8.43999 -10.6421 0
    endloop
  endfacet
  facet normal 0.0652057 0.997872 -0
    outer loop
      vertex 8 -10.7 0
      vertex 7.7781 -10.6855 16
      vertex 8 -10.7 16
    endloop
  endfacet
  facet normal 0.0652057 0.997872 0
    outer loop
      vertex 7.7781 -10.6855 16
      vertex 8 -10.7 0
      vertex 7.7781 -10.6855 0
    endloop
  endfacet
  facet normal 0.321404 -0.946942 0
    outer loop
      vertex 7.34944 -7.4294 0
      vertex 7.56001 -7.35793 16
      vertex 7.34944 -7.4294 16
    endloop
  endfacet
  facet normal 0.321404 -0.946942 0
    outer loop
      vertex 7.56001 -7.35793 16
      vertex 7.34944 -7.4294 0
      vertex 7.56001 -7.35793 0
    endloop
  endfacet
  facet normal -0.946929 -0.321444 0
    outer loop
      vertex 9.64207 -8.56001 0
      vertex 9.57059 -8.34944 16
      vertex 9.57059 -8.34944 0
    endloop
  endfacet
  facet normal -0.946929 -0.321444 0
    outer loop
      vertex 9.57059 -8.34944 16
      vertex 9.64207 -8.56001 0
      vertex 9.64207 -8.56001 16
    endloop
  endfacet
  facet normal 0.751844 -0.659342 0
    outer loop
      vertex 6.6513 -7.96511 16
      vertex 6.79792 -7.79792 0
      vertex 6.79792 -7.79792 16
    endloop
  endfacet
  facet normal 0.751844 -0.659342 0
    outer loop
      vertex 6.79792 -7.79792 0
      vertex 6.6513 -7.96511 16
      vertex 6.6513 -7.96511 0
    endloop
  endfacet
  facet normal 0.442459 0.896789 -0
    outer loop
      vertex 7.34944 -10.5706 0
      vertex 7.15 -10.4722 16
      vertex 7.34944 -10.5706 16
    endloop
  endfacet
  facet normal 0.442459 0.896789 0
    outer loop
      vertex 7.15 -10.4722 16
      vertex 7.34944 -10.5706 0
      vertex 7.15 -10.4722 0
    endloop
  endfacet
  facet normal 0.0653848 -0.99786 0
    outer loop
      vertex 7.7781 -7.31454 0
      vertex 8 -7.3 16
      vertex 7.7781 -7.31454 16
    endloop
  endfacet
  facet normal 0.0653848 -0.99786 0
    outer loop
      vertex 8 -7.3 16
      vertex 7.7781 -7.31454 0
      vertex 8 -7.3 0
    endloop
  endfacet
  facet normal -0.896878 0.442278 0
    outer loop
      vertex 9.47224 -9.85 0
      vertex 9.57059 -9.65056 16
      vertex 9.57059 -9.65056 0
    endloop
  endfacet
  facet normal -0.896878 0.442278 0
    outer loop
      vertex 9.57059 -9.65056 16
      vertex 9.47224 -9.85 0
      vertex 9.47224 -9.85 16
    endloop
  endfacet
  facet normal -0.555447 0.831552 0
    outer loop
      vertex 9.03489 -10.3487 0
      vertex 8.85 -10.4722 16
      vertex 9.03489 -10.3487 16
    endloop
  endfacet
  facet normal -0.555447 0.831552 0
    outer loop
      vertex 8.85 -10.4722 16
      vertex 9.03489 -10.3487 0
      vertex 8.85 -10.4722 0
    endloop
  endfacet
  facet normal 0.980779 0.195122 0
    outer loop
      vertex 6.35793 -9.43999 16
      vertex 6.31454 -9.22189 0
      vertex 6.31454 -9.22189 16
    endloop
  endfacet
  facet normal 0.980779 0.195122 0
    outer loop
      vertex 6.31454 -9.22189 0
      vertex 6.35793 -9.43999 16
      vertex 6.35793 -9.43999 0
    endloop
  endfacet
  facet normal -0.195122 -0.980779 0
    outer loop
      vertex 8.22189 -7.31454 0
      vertex 8.43999 -7.35793 16
      vertex 8.22189 -7.31454 16
    endloop
  endfacet
  facet normal -0.195122 -0.980779 -0
    outer loop
      vertex 8.43999 -7.35793 16
      vertex 8.22189 -7.31454 0
      vertex 8.43999 -7.35793 0
    endloop
  endfacet
  facet normal -0.831469 -0.555572 0
    outer loop
      vertex 9.47224 -8.15 0
      vertex 9.3487 -7.96511 16
      vertex 9.3487 -7.96511 0
    endloop
  endfacet
  facet normal -0.831469 -0.555572 0
    outer loop
      vertex 9.3487 -7.96511 16
      vertex 9.47224 -8.15 0
      vertex 9.47224 -8.15 16
    endloop
  endfacet
  facet normal -0.99786 0.0653877 0
    outer loop
      vertex 9.68546 -9.22189 0
      vertex 9.7 -9 16
      vertex 9.7 -9 0
    endloop
  endfacet
  facet normal -0.99786 0.0653877 0
    outer loop
      vertex 9.7 -9 16
      vertex 9.68546 -9.22189 0
      vertex 9.68546 -9.22189 16
    endloop
  endfacet
  facet normal -0.321404 -0.946942 0
    outer loop
      vertex 8.43999 -7.35793 0
      vertex 8.65056 -7.4294 16
      vertex 8.43999 -7.35793 16
    endloop
  endfacet
  facet normal -0.321404 -0.946942 -0
    outer loop
      vertex 8.65056 -7.4294 16
      vertex 8.43999 -7.35793 0
      vertex 8.65056 -7.4294 0
    endloop
  endfacet
  facet normal -0.555572 -0.831469 0
    outer loop
      vertex 8.85 -7.52776 0
      vertex 9.03489 -7.6513 16
      vertex 8.85 -7.52776 16
    endloop
  endfacet
  facet normal -0.555572 -0.831469 -0
    outer loop
      vertex 9.03489 -7.6513 16
      vertex 8.85 -7.52776 0
      vertex 9.03489 -7.6513 0
    endloop
  endfacet
  facet normal 0.19513 -0.980777 0
    outer loop
      vertex 7.56001 -7.35793 0
      vertex 7.7781 -7.31454 16
      vertex 7.56001 -7.35793 16
    endloop
  endfacet
  facet normal 0.19513 -0.980777 0
    outer loop
      vertex 7.7781 -7.31454 16
      vertex 7.56001 -7.35793 0
      vertex 7.7781 -7.31454 0
    endloop
  endfacet
  facet normal -0.659291 0.751888 0
    outer loop
      vertex 9.20208 -10.2021 0
      vertex 9.03489 -10.3487 16
      vertex 9.20208 -10.2021 16
    endloop
  endfacet
  facet normal -0.659291 0.751888 0
    outer loop
      vertex 9.03489 -10.3487 16
      vertex 9.20208 -10.2021 0
      vertex 9.03489 -10.3487 0
    endloop
  endfacet
  facet normal 0.89686 -0.442314 0
    outer loop
      vertex 6.4294 -8.34944 16
      vertex 6.52776 -8.15 0
      vertex 6.52776 -8.15 16
    endloop
  endfacet
  facet normal 0.89686 -0.442314 0
    outer loop
      vertex 6.52776 -8.15 0
      vertex 6.4294 -8.34944 16
      vertex 6.4294 -8.34944 0
    endloop
  endfacet
  facet normal -0.980779 0.195122 0
    outer loop
      vertex 9.64207 -9.43999 0
      vertex 9.68546 -9.22189 16
      vertex 9.68546 -9.22189 0
    endloop
  endfacet
  facet normal -0.980779 0.195122 0
    outer loop
      vertex 9.68546 -9.22189 16
      vertex 9.64207 -9.43999 0
      vertex 9.64207 -9.43999 16
    endloop
  endfacet
  facet normal -0.195165 0.98077 0
    outer loop
      vertex 8.43999 -10.6421 0
      vertex 8.22189 -10.6855 16
      vertex 8.43999 -10.6421 16
    endloop
  endfacet
  facet normal -0.195165 0.98077 0
    outer loop
      vertex 8.22189 -10.6855 16
      vertex 8.43999 -10.6421 0
      vertex 8.22189 -10.6855 0
    endloop
  endfacet
  facet normal 0.659291 0.751888 -0
    outer loop
      vertex 6.96511 -10.3487 0
      vertex 6.79792 -10.2021 16
      vertex 6.96511 -10.3487 16
    endloop
  endfacet
  facet normal 0.659291 0.751888 0
    outer loop
      vertex 6.79792 -10.2021 16
      vertex 6.96511 -10.3487 0
      vertex 6.79792 -10.2021 0
    endloop
  endfacet
  facet normal 0.751863 0.659319 0
    outer loop
      vertex 6.79792 -10.2021 16
      vertex 6.6513 -10.0349 0
      vertex 6.6513 -10.0349 16
    endloop
  endfacet
  facet normal 0.751863 0.659319 0
    outer loop
      vertex 6.6513 -10.0349 0
      vertex 6.79792 -10.2021 16
      vertex 6.79792 -10.2021 0
    endloop
  endfacet
  facet normal -0.0653877 -0.99786 0
    outer loop
      vertex 8 -7.3 0
      vertex 8.22189 -7.31454 16
      vertex 8 -7.3 16
    endloop
  endfacet
  facet normal -0.0653877 -0.99786 -0
    outer loop
      vertex 8.22189 -7.31454 16
      vertex 8 -7.3 0
      vertex 8.22189 -7.31454 0
    endloop
  endfacet
  facet normal -0.442314 -0.89686 0
    outer loop
      vertex 8.65056 -7.4294 0
      vertex 8.85 -7.52776 16
      vertex 8.65056 -7.4294 16
    endloop
  endfacet
  facet normal -0.442314 -0.89686 -0
    outer loop
      vertex 8.85 -7.52776 16
      vertex 8.65056 -7.4294 0
      vertex 8.85 -7.52776 0
    endloop
  endfacet
  facet normal -0.831483 0.555551 0
    outer loop
      vertex 9.3487 -10.0349 0
      vertex 9.47224 -9.85 16
      vertex 9.47224 -9.85 0
    endloop
  endfacet
  facet normal -0.831483 0.555551 0
    outer loop
      vertex 9.47224 -9.85 16
      vertex 9.3487 -10.0349 0
      vertex 9.3487 -10.0349 16
    endloop
  endfacet
  facet normal 0.99786 0.0653877 0
    outer loop
      vertex 6.31454 -9.22189 16
      vertex 6.3 -9 0
      vertex 6.3 -9 16
    endloop
  endfacet
  facet normal 0.99786 0.0653877 0
    outer loop
      vertex 6.3 -9 0
      vertex 6.31454 -9.22189 16
      vertex 6.31454 -9.22189 0
    endloop
  endfacet
  facet normal -0.442459 0.896789 0
    outer loop
      vertex 8.85 -10.4722 0
      vertex 8.65056 -10.5706 16
      vertex 8.85 -10.4722 16
    endloop
  endfacet
  facet normal -0.442459 0.896789 0
    outer loop
      vertex 8.65056 -10.5706 16
      vertex 8.85 -10.4722 0
      vertex 8.65056 -10.5706 0
    endloop
  endfacet
  facet normal 0.980777 -0.19513 0
    outer loop
      vertex 6.31454 -8.7781 16
      vertex 6.35793 -8.56001 0
      vertex 6.35793 -8.56001 16
    endloop
  endfacet
  facet normal 0.980777 -0.19513 0
    outer loop
      vertex 6.35793 -8.56001 0
      vertex 6.31454 -8.7781 16
      vertex 6.31454 -8.7781 0
    endloop
  endfacet
  facet normal 0.89686 0.442314 0
    outer loop
      vertex 6.52776 -9.85 16
      vertex 6.4294 -9.65056 0
      vertex 6.4294 -9.65056 16
    endloop
  endfacet
  facet normal 0.89686 0.442314 0
    outer loop
      vertex 6.4294 -9.65056 0
      vertex 6.52776 -9.85 16
      vertex 6.52776 -9.85 0
    endloop
  endfacet
  facet normal 0.946942 -0.321404 0
    outer loop
      vertex 6.35793 -8.56001 16
      vertex 6.4294 -8.34944 0
      vertex 6.4294 -8.34944 16
    endloop
  endfacet
  facet normal 0.946942 -0.321404 0
    outer loop
      vertex 6.4294 -8.34944 0
      vertex 6.35793 -8.56001 16
      vertex 6.35793 -8.56001 0
    endloop
  endfacet
  facet normal 0.555572 -0.831469 0
    outer loop
      vertex 6.96511 -7.6513 0
      vertex 7.15 -7.52776 16
      vertex 6.96511 -7.6513 16
    endloop
  endfacet
  facet normal 0.555572 -0.831469 0
    outer loop
      vertex 7.15 -7.52776 16
      vertex 6.96511 -7.6513 0
      vertex 7.15 -7.52776 0
    endloop
  endfacet
  facet normal -0.896878 -0.442278 0
    outer loop
      vertex 9.57059 -8.34944 0
      vertex 9.47224 -8.15 16
      vertex 9.47224 -8.15 0
    endloop
  endfacet
  facet normal -0.896878 -0.442278 0
    outer loop
      vertex 9.47224 -8.15 16
      vertex 9.57059 -8.34944 0
      vertex 9.57059 -8.34944 16
    endloop
  endfacet
  facet normal 0.99786 -0.0653848 0
    outer loop
      vertex 6.3 -9 16
      vertex 6.31454 -8.7781 0
      vertex 6.31454 -8.7781 16
    endloop
  endfacet
  facet normal 0.99786 -0.0653848 0
    outer loop
      vertex 6.31454 -8.7781 0
      vertex 6.3 -9 16
      vertex 6.3 -9 0
    endloop
  endfacet
  facet normal 0.321525 0.946901 -0
    outer loop
      vertex 7.56001 -10.6421 0
      vertex 7.34944 -10.5706 16
      vertex 7.56001 -10.6421 16
    endloop
  endfacet
  facet normal 0.321525 0.946901 0
    outer loop
      vertex 7.34944 -10.5706 16
      vertex 7.56001 -10.6421 0
      vertex 7.34944 -10.5706 0
    endloop
  endfacet
  facet normal 0.442314 -0.89686 0
    outer loop
      vertex 7.15 -7.52776 0
      vertex 7.34944 -7.4294 16
      vertex 7.15 -7.52776 16
    endloop
  endfacet
  facet normal 0.442314 -0.89686 0
    outer loop
      vertex 7.34944 -7.4294 16
      vertex 7.15 -7.52776 0
      vertex 7.34944 -7.4294 0
    endloop
  endfacet
  facet normal 0.831469 -0.555572 0
    outer loop
      vertex 6.52776 -8.15 16
      vertex 6.6513 -7.96511 0
      vertex 6.6513 -7.96511 16
    endloop
  endfacet
  facet normal 0.831469 -0.555572 0
    outer loop
      vertex 6.6513 -7.96511 0
      vertex 6.52776 -8.15 16
      vertex 6.52776 -8.15 0
    endloop
  endfacet
  facet normal 0.555447 0.831552 -0
    outer loop
      vertex 7.15 -10.4722 0
      vertex 6.96511 -10.3487 16
      vertex 7.15 -10.4722 16
    endloop
  endfacet
  facet normal 0.555447 0.831552 0
    outer loop
      vertex 6.96511 -10.3487 16
      vertex 7.15 -10.4722 0
      vertex 6.96511 -10.3487 0
    endloop
  endfacet
  facet normal -0.595337 0.355446 0.720578
    outer loop
      vertex 8.59871 53.8275 6.81339
      vertex 8.58982 53.8922 6.77413
      vertex 8.02 53.7303 6.38321
    endloop
  endfacet
  facet normal -0.595337 0.668187 -0.446207
    outer loop
      vertex 8.66503 53.3452 8.70428
      vertex 8.02 52.8845 8.875
      vertex 8.02 53.0116 9.06533
    endloop
  endfacet
  facet normal -0.595327 0.668146 -0.44628
    outer loop
      vertex 8.02 52.8845 8.875
      vertex 8.66503 53.3452 8.70428
      vertex 8.67084 53.303 8.63335
    endloop
  endfacet
  facet normal -0.595427 -0.667708 -0.446803
    outer loop
      vertex 8.35276 55.6163 8.87907
      vertex 8.35635 55.5902 8.91329
      vertex 8.02 55.7884 9.06533
    endloop
  endfacet
  facet normal -0.595357 -0.0525579 0.801741
    outer loop
      vertex 8.52 54.4 6.62129
      vertex 8.51127 54.4635 6.61897
      vertex 8.02 54.4 6.25
    endloop
  endfacet
  facet normal -0.595356 -0.0525485 0.801742
    outer loop
      vertex 8.02 54.4 6.25
      vertex 8.49492 54.5824 6.61462
      vertex 8.02 54.6284 6.26497
    endloop
  endfacet
  facet normal -0.595359 -0.0525362 0.80174
    outer loop
      vertex 8.49492 54.5824 6.61462
      vertex 8.02 54.4 6.25
      vertex 8.51127 54.4635 6.61897
    endloop
  endfacet
  facet normal -0.595356 -0.0525916 -0.801739
    outer loop
      vertex 8.02 54.4 9.75
      vertex 8.50363 54.519 9.38306
      vertex 8.52 54.4 9.37871
    endloop
  endfacet
  facet normal -0.595364 -0.0525481 -0.801736
    outer loop
      vertex 8.50363 54.519 9.38306
      vertex 8.02 54.4 9.75
      vertex 8.02 54.6284 9.73503
    endloop
  endfacet
  facet normal -0.595354 0.446347 0.668078
    outer loop
      vertex 8.02 53.525 6.48446
      vertex 8.62865 53.6098 6.9702
      vertex 8.61862 53.6828 6.91249
    endloop
  endfacet
  facet normal -0.595336 0.446426 0.668041
    outer loop
      vertex 8.62865 53.6098 6.9702
      vertex 8.02 53.525 6.48446
      vertex 8.02 53.3347 6.61163
    endloop
  endfacet
  facet normal -0.595345 -0.801744 -0.0526493
    outer loop
      vertex 8.02 56.15 8
      vertex 8.3105 55.9236 8.16272
      vertex 8.02 56.135 8.22842
    endloop
  endfacet
  facet normal -0.595337 -0.801748 -0.0526696
    outer loop
      vertex 8.3105 55.9236 8.16272
      vertex 8.02 56.15 8
      vertex 8.30887 55.9355 8
    endloop
  endfacet
  facet normal -0.595233 -0.801889 0.0516905
    outer loop
      vertex 8.31088 55.9209 7.79977
      vertex 8.3105 55.9236 7.83728
      vertex 8.02 56.135 7.77158
    endloop
  endfacet
  facet normal -0.595363 -0.156945 -0.787979
    outer loop
      vertex 8.4696 54.7665 9.36788
      vertex 8.47782 54.7068 9.37356
      vertex 8.02 54.8529 9.69037
    endloop
  endfacet
  facet normal -0.595481 -0.76073 0.258248
    outer loop
      vertex 8.31875 55.8636 7.56785
      vertex 8.31685 55.8774 7.60412
      vertex 8.02 56.0904 7.54707
    endloop
  endfacet
  facet normal -0.595302 0.52958 -0.604285
    outer loop
      vertex 8.63731 53.5468 8.96601
      vertex 8.64502 53.4907 8.90925
      vertex 8.02 53.1626 9.23744
    endloop
  endfacet
  facet normal -0.595271 -0.529475 -0.604408
    outer loop
      vertex 8.37552 55.4508 9.05076
      vertex 8.38073 55.4129 9.07883
      vertex 8.02 55.6374 9.23744
    endloop
  endfacet
  facet normal -0.595424 -0.604483 0.529217
    outer loop
      vertex 8.3607 55.5586 7.05551
      vertex 8.35635 55.5902 7.08671
      vertex 8.02 55.7884 6.93467
    endloop
  endfacet
  facet normal -0.59533 0.529803 0.604062
    outer loop
      vertex 8.02 53.3347 6.61163
      vertex 8.63731 53.5468 7.03399
      vertex 8.62865 53.6098 6.9702
    endloop
  endfacet
  facet normal -0.595334 0.529775 0.604083
    outer loop
      vertex 8.63731 53.5468 7.03399
      vertex 8.02 53.3347 6.61163
      vertex 8.02 53.1626 6.76256
    endloop
  endfacet
  facet normal -0.595494 -0.760758 0.258136
    outer loop
      vertex 8.02 56.0904 7.54707
      vertex 8.32662 55.8064 7.41743
      vertex 8.31875 55.8636 7.56785
    endloop
  endfacet
  facet normal -0.595424 -0.760757 0.2583
    outer loop
      vertex 8.32662 55.8064 7.41743
      vertex 8.02 56.0904 7.54707
      vertex 8.02 56.0168 7.3303
    endloop
  endfacet
  facet normal -0.595373 -0.355377 0.720582
    outer loop
      vertex 8.02 55.0697 6.38321
      vertex 8.42011 55.1264 6.74176
      vertex 8.02 55.275 6.48446
    endloop
  endfacet
  facet normal -0.595384 -0.355343 0.720589
    outer loop
      vertex 8.42011 55.1264 6.74176
      vertex 8.02 55.0697 6.38321
      vertex 8.43756 54.9995 6.6936
    endloop
  endfacet
  facet normal -0.595352 0.0525487 -0.801745
    outer loop
      vertex 8.02 54.4 9.75
      vertex 8.53538 54.2881 9.35996
      vertex 8.02 54.1716 9.73503
    endloop
  endfacet
  facet normal -0.595358 0.0525118 -0.801743
    outer loop
      vertex 8.53538 54.2881 9.35996
      vertex 8.02 54.4 9.75
      vertex 8.52 54.4 9.37871
    endloop
  endfacet
  facet normal -0.595298 -0.720897 0.354863
    outer loop
      vertex 8.3399 55.7098 7.24377
      vertex 8.33716 55.7297 7.2796
      vertex 8.02 55.9155 7.125
    endloop
  endfacet
  facet normal -0.595309 0.60399 -0.529908
    outer loop
      vertex 8.64502 53.4907 8.90925
      vertex 8.02 53.0116 9.06533
      vertex 8.02 53.1626 9.23744
    endloop
  endfacet
  facet normal -0.595411 0.604262 -0.529484
    outer loop
      vertex 8.02 53.0116 9.06533
      vertex 8.64502 53.4907 8.90925
      vertex 8.65226 53.4381 8.84108
    endloop
  endfacet
  facet normal -0.595323 -0.355839 0.720395
    outer loop
      vertex 8.4445 54.9491 6.67444
      vertex 8.43756 54.9995 6.6936
      vertex 8.02 55.0697 6.38321
    endloop
  endfacet
  facet normal -0.595287 0.801831 0.0519575
    outer loop
      vertex 8.69138 53.1536 7.92342
      vertex 8.69067 53.1587 7.83658
      vertex 8.02 52.665 7.77158
    endloop
  endfacet
  facet normal -0.595337 -0.801748 0.0526696
    outer loop
      vertex 8.02 56.15 8
      vertex 8.3105 55.9236 7.83728
      vertex 8.30887 55.9355 8
    endloop
  endfacet
  facet normal -0.595345 -0.801744 0.0526493
    outer loop
      vertex 8.3105 55.9236 7.83728
      vertex 8.02 56.15 8
      vertex 8.02 56.135 7.77158
    endloop
  endfacet
  facet normal -0.595347 -0.604085 0.529758
    outer loop
      vertex 8.02 55.7884 6.93467
      vertex 8.37552 55.4508 6.94924
      vertex 8.3607 55.5586 7.05551
    endloop
  endfacet
  facet normal -0.595279 -0.604007 0.529923
    outer loop
      vertex 8.37552 55.4508 6.94924
      vertex 8.02 55.7884 6.93467
      vertex 8.02 55.6374 6.76256
    endloop
  endfacet
  facet normal -0.595421 0.667705 0.446815
    outer loop
      vertex 8.66503 53.3452 7.29571
      vertex 8.65913 53.3882 7.22359
      vertex 8.02 53.0116 6.93467
    endloop
  endfacet
  facet normal -0.595424 -0.604483 -0.529217
    outer loop
      vertex 8.35635 55.5902 8.91329
      vertex 8.3607 55.5586 8.94449
      vertex 8.02 55.7884 9.06533
    endloop
  endfacet
  facet normal -0.595409 0.604252 -0.529498
    outer loop
      vertex 8.65226 53.4381 8.84108
      vertex 8.65913 53.3882 8.77641
      vertex 8.02 53.0116 9.06533
    endloop
  endfacet
  facet normal -0.595353 -0.0524521 -0.801751
    outer loop
      vertex 8.49492 54.5824 9.38538
      vertex 8.50363 54.519 9.38306
      vertex 8.02 54.6284 9.73503
    endloop
  endfacet
  facet normal -0.595346 0.355386 -0.7206
    outer loop
      vertex 8.02 53.7303 9.61679
      vertex 8.61018 53.7441 9.136
      vertex 8.02 53.525 9.51554
    endloop
  endfacet
  facet normal -0.595342 0.355404 -0.720594
    outer loop
      vertex 8.61018 53.7441 9.136
      vertex 8.02 53.7303 9.61679
      vertex 8.59871 53.8275 9.18661
    endloop
  endfacet
  facet normal -0.595481 -0.76073 -0.258248
    outer loop
      vertex 8.31685 55.8774 8.39588
      vertex 8.31875 55.8636 8.43215
      vertex 8.02 56.0904 8.45293
    endloop
  endfacet
  facet normal -0.595293 0.787976 -0.157229
    outer loop
      vertex 8.68857 53.1741 8.24854
      vertex 8.69067 53.1587 8.16341
      vertex 8.02 52.665 8.22842
    endloop
  endfacet
  facet normal -0.595336 0.446426 -0.668041
    outer loop
      vertex 8.02 53.525 9.51554
      vertex 8.62865 53.6098 9.0298
      vertex 8.02 53.3347 9.38837
    endloop
  endfacet
  facet normal -0.595354 0.446347 -0.668078
    outer loop
      vertex 8.62865 53.6098 9.0298
      vertex 8.02 53.525 9.51554
      vertex 8.61862 53.6828 9.08751
    endloop
  endfacet
  facet normal -0.59534 0.446453 0.668019
    outer loop
      vertex 8.61862 53.6828 6.91249
      vertex 8.61018 53.7441 6.864
      vertex 8.02 53.525 6.48446
    endloop
  endfacet
  facet normal -0.595378 -0.355392 -0.72057
    outer loop
      vertex 8.02 55.0697 9.61679
      vertex 8.42011 55.1264 9.25823
      vertex 8.43756 54.9995 9.3064
    endloop
  endfacet
  facet normal -0.595385 -0.355373 -0.720574
    outer loop
      vertex 8.42011 55.1264 9.25823
      vertex 8.02 55.0697 9.61679
      vertex 8.02 55.275 9.51554
    endloop
  endfacet
  facet normal -0.595348 0.355354 -0.720613
    outer loop
      vertex 8.58982 53.8922 9.22586
      vertex 8.59871 53.8275 9.18661
      vertex 8.02 53.7303 9.61679
    endloop
  endfacet
  facet normal -0.595342 0.355404 0.720594
    outer loop
      vertex 8.02 53.7303 6.38321
      vertex 8.61018 53.7441 6.864
      vertex 8.59871 53.8275 6.81339
    endloop
  endfacet
  facet normal -0.595346 0.355386 0.7206
    outer loop
      vertex 8.61018 53.7441 6.864
      vertex 8.02 53.7303 6.38321
      vertex 8.02 53.525 6.48446
    endloop
  endfacet
  facet normal -0.59533 0.760812 0.258356
    outer loop
      vertex 8.68005 53.236 7.51787
      vertex 8.02 52.7096 7.54707
      vertex 8.68322 53.2129 7.5932
    endloop
  endfacet
  facet normal -0.595337 0.760818 0.258321
    outer loop
      vertex 8.02 52.7096 7.54707
      vertex 8.68005 53.236 7.51787
      vertex 8.02 52.7832 7.3303
    endloop
  endfacet
  facet normal -0.595199 -0.788059 0.157167
    outer loop
      vertex 8.02 56.135 7.77158
      vertex 8.31685 55.8774 7.60412
      vertex 8.31201 55.9127 7.76279
    endloop
  endfacet
  facet normal -0.59548 -0.787972 0.156534
    outer loop
      vertex 8.31685 55.8774 7.60412
      vertex 8.02 56.135 7.77158
      vertex 8.02 56.0904 7.54707
    endloop
  endfacet
  facet normal -0.595307 -0.720853 -0.354937
    outer loop
      vertex 8.33716 55.7297 8.7204
      vertex 8.3399 55.7098 8.75622
      vertex 8.02 55.9155 8.875
    endloop
  endfacet
  facet normal -0.595336 -0.258028 -0.760918
    outer loop
      vertex 8.4445 54.9491 9.32556
      vertex 8.45209 54.8939 9.33834
      vertex 8.02 55.0697 9.61679
    endloop
  endfacet
  facet normal -0.595354 0.0525486 0.801743
    outer loop
      vertex 8.02 54.1716 6.26497
      vertex 8.52905 54.3342 6.63232
      vertex 8.02 54.4 6.25
    endloop
  endfacet
  facet normal -0.595353 0.0525414 0.801745
    outer loop
      vertex 8.52905 54.3342 6.63232
      vertex 8.02 54.1716 6.26497
      vertex 8.54442 54.2224 6.65106
    endloop
  endfacet
  facet normal -0.595358 0.0525111 0.801743
    outer loop
      vertex 8.52905 54.3342 6.63232
      vertex 8.52 54.4 6.62129
      vertex 8.02 54.4 6.25
    endloop
  endfacet
  facet normal -0.595357 -0.529674 -0.604149
    outer loop
      vertex 8.02 55.4653 9.38837
      vertex 8.38073 55.4129 9.07883
      vertex 8.39695 55.2949 9.1663
    endloop
  endfacet
  facet normal -0.595322 -0.529781 -0.60409
    outer loop
      vertex 8.38073 55.4129 9.07883
      vertex 8.02 55.4653 9.38837
      vertex 8.02 55.6374 9.23744
    endloop
  endfacet
  facet normal -0.595427 -0.667708 0.446803
    outer loop
      vertex 8.35635 55.5902 7.08671
      vertex 8.35276 55.6163 7.12093
      vertex 8.02 55.7884 6.93467
    endloop
  endfacet
  facet normal -0.595409 0.604252 0.529498
    outer loop
      vertex 8.65913 53.3882 7.22359
      vertex 8.65226 53.4381 7.15892
      vertex 8.02 53.0116 6.93467
    endloop
  endfacet
  facet normal -0.595363 -0.156945 0.787979
    outer loop
      vertex 8.47782 54.7068 6.62644
      vertex 8.4696 54.7665 6.63212
      vertex 8.02 54.8529 6.30963
    endloop
  endfacet
  facet normal -0.595342 -0.156764 0.788031
    outer loop
      vertex 8.02 54.6284 6.26497
      vertex 8.47782 54.7068 6.62644
      vertex 8.02 54.8529 6.30963
    endloop
  endfacet
  facet normal -0.595352 -0.156713 0.788033
    outer loop
      vertex 8.47782 54.7068 6.62644
      vertex 8.02 54.6284 6.26497
      vertex 8.49492 54.5824 6.61462
    endloop
  endfacet
  facet normal -0.595283 -0.446613 -0.667963
    outer loop
      vertex 8.02 55.275 9.51554
      vertex 8.39695 55.2949 9.1663
      vertex 8.41397 55.1712 9.23384
    endloop
  endfacet
  facet normal -0.595355 -0.446418 -0.66803
    outer loop
      vertex 8.39695 55.2949 9.1663
      vertex 8.02 55.275 9.51554
      vertex 8.02 55.4653 9.38837
    endloop
  endfacet
  facet normal -0.595419 0.667736 -0.446771
    outer loop
      vertex 8.65913 53.3882 8.77641
      vertex 8.66503 53.3452 8.70428
      vertex 8.02 53.0116 9.06533
    endloop
  endfacet
  facet normal -0.595337 0.760818 -0.258321
    outer loop
      vertex 8.68005 53.236 8.48213
      vertex 8.02 52.7096 8.45293
      vertex 8.02 52.7832 8.6697
    endloop
  endfacet
  facet normal -0.59533 0.760812 -0.258356
    outer loop
      vertex 8.02 52.7096 8.45293
      vertex 8.68005 53.236 8.48213
      vertex 8.68322 53.2129 8.4068
    endloop
  endfacet
  facet normal -0.595279 -0.604007 -0.529923
    outer loop
      vertex 8.02 55.7884 9.06533
      vertex 8.37552 55.4508 9.05076
      vertex 8.02 55.6374 9.23744
    endloop
  endfacet
  facet normal -0.595347 -0.604085 -0.529758
    outer loop
      vertex 8.37552 55.4508 9.05076
      vertex 8.02 55.7884 9.06533
      vertex 8.3607 55.5586 8.94449
    endloop
  endfacet
  facet normal -0.595326 0.720543 -0.355534
    outer loop
      vertex 8.67084 53.303 8.63335
      vertex 8.02 52.7832 8.6697
      vertex 8.02 52.8845 8.875
    endloop
  endfacet
  facet normal -0.595301 0.720503 -0.355658
    outer loop
      vertex 8.02 52.7832 8.6697
      vertex 8.67084 53.303 8.63335
      vertex 8.67533 53.2703 8.55959
    endloop
  endfacet
  facet normal -0.595349 0.156744 0.78803
    outer loop
      vertex 8.02 54.1716 6.26497
      vertex 8.55864 54.119 6.68237
      vertex 8.54442 54.2224 6.65106
    endloop
  endfacet
  facet normal -0.595346 0.156763 0.788028
    outer loop
      vertex 8.55864 54.119 6.68237
      vertex 8.02 54.1716 6.26497
      vertex 8.02 53.9471 6.30963
    endloop
  endfacet
  facet normal -0.595355 -0.446418 0.66803
    outer loop
      vertex 8.02 55.275 6.48446
      vertex 8.39695 55.2949 6.8337
      vertex 8.02 55.4653 6.61163
    endloop
  endfacet
  facet normal -0.595283 -0.446613 0.667963
    outer loop
      vertex 8.39695 55.2949 6.8337
      vertex 8.02 55.275 6.48446
      vertex 8.41397 55.1712 6.76616
    endloop
  endfacet
  facet normal -0.595325 0.801732 -0.0530559
    outer loop
      vertex 8.02 52.65 8
      vertex 8.69138 53.1536 8.07658
      vertex 8.69201 53.149 8
    endloop
  endfacet
  facet normal -0.595367 0.801727 -0.0526482
    outer loop
      vertex 8.69138 53.1536 8.07658
      vertex 8.02 52.65 8
      vertex 8.02 52.665 8.22842
    endloop
  endfacet
  facet normal -0.595268 -0.788126 0.156571
    outer loop
      vertex 8.31201 55.9127 7.76279
      vertex 8.31088 55.9209 7.79977
      vertex 8.02 56.135 7.77158
    endloop
  endfacet
  facet normal -0.595291 0.787974 0.157247
    outer loop
      vertex 8.69067 53.1587 7.83658
      vertex 8.68857 53.1741 7.75146
      vertex 8.02 52.665 7.77158
    endloop
  endfacet
  facet normal -0.595336 0.720615 -0.355372
    outer loop
      vertex 8.67533 53.2703 8.55959
      vertex 8.68005 53.236 8.48213
      vertex 8.02 52.7832 8.6697
    endloop
  endfacet
  facet normal -0.595346 0.156763 -0.788028
    outer loop
      vertex 8.02 54.1716 9.73503
      vertex 8.55864 54.119 9.31763
      vertex 8.02 53.9471 9.69037
    endloop
  endfacet
  facet normal -0.595349 0.156744 -0.78803
    outer loop
      vertex 8.55864 54.119 9.31763
      vertex 8.02 54.1716 9.73503
      vertex 8.54442 54.2224 9.34894
    endloop
  endfacet
  facet normal -0.595335 0.156667 -0.788056
    outer loop
      vertex 8.55864 54.119 9.31763
      vertex 8.5678 54.0523 9.29745
      vertex 8.02 53.9471 9.69037
    endloop
  endfacet
  facet normal -0.595353 0.0525604 -0.801743
    outer loop
      vertex 8.53538 54.2881 9.35996
      vertex 8.54442 54.2224 9.34894
      vertex 8.02 54.1716 9.73503
    endloop
  endfacet
  facet normal -0.595268 -0.788126 -0.156571
    outer loop
      vertex 8.31088 55.9209 8.20023
      vertex 8.31201 55.9127 8.23721
      vertex 8.02 56.135 8.22842
    endloop
  endfacet
  facet normal -0.595396 0.788076 -0.156333
    outer loop
      vertex 8.02 52.665 8.22842
      vertex 8.68668 53.1878 8.3248
      vertex 8.68857 53.1741 8.24854
    endloop
  endfacet
  facet normal -0.595355 0.788064 -0.156553
    outer loop
      vertex 8.68668 53.1878 8.3248
      vertex 8.02 52.665 8.22842
      vertex 8.02 52.7096 8.45293
    endloop
  endfacet
  facet normal -0.595323 -0.668168 0.446254
    outer loop
      vertex 8.02 55.9155 7.125
      vertex 8.35276 55.6163 7.12093
      vertex 8.3399 55.7098 7.24377
    endloop
  endfacet
  facet normal -0.595339 -0.668185 0.446206
    outer loop
      vertex 8.35276 55.6163 7.12093
      vertex 8.02 55.9155 7.125
      vertex 8.02 55.7884 6.93467
    endloop
  endfacet
  facet normal -0.595325 0.801732 0.0530559
    outer loop
      vertex 8.69138 53.1536 7.92342
      vertex 8.02 52.65 8
      vertex 8.69201 53.149 8
    endloop
  endfacet
  facet normal -0.595367 0.801727 0.0526482
    outer loop
      vertex 8.02 52.65 8
      vertex 8.69138 53.1536 7.92342
      vertex 8.02 52.665 7.77158
    endloop
  endfacet
  facet normal 1 0 0
    outer loop
      vertex 8.02 56.135 8.22842
      vertex 8.02 56.135 7.77158
      vertex 8.02 56.15 8
    endloop
  endfacet
  facet normal 1 0 0
    outer loop
      vertex 8.02 56.0904 8.45293
      vertex 8.02 56.135 7.77158
      vertex 8.02 56.135 8.22842
    endloop
  endfacet
  facet normal 1 0 0
    outer loop
      vertex 8.02 56.0904 8.45293
      vertex 8.02 56.0904 7.54707
      vertex 8.02 56.135 7.77158
    endloop
  endfacet
  facet normal 1 0 0
    outer loop
      vertex 8.02 56.0168 8.6697
      vertex 8.02 56.0904 7.54707
      vertex 8.02 56.0904 8.45293
    endloop
  endfacet
  facet normal 1 0 0
    outer loop
      vertex 8.02 56.0168 8.6697
      vertex 8.02 56.0168 7.3303
      vertex 8.02 56.0904 7.54707
    endloop
  endfacet
  facet normal 1 0 0
    outer loop
      vertex 8.02 55.9155 8.875
      vertex 8.02 56.0168 7.3303
      vertex 8.02 56.0168 8.6697
    endloop
  endfacet
  facet normal 1 0 0
    outer loop
      vertex 8.02 55.9155 8.875
      vertex 8.02 55.9155 7.125
      vertex 8.02 56.0168 7.3303
    endloop
  endfacet
  facet normal 1 0 0
    outer loop
      vertex 8.02 55.7884 9.06533
      vertex 8.02 55.9155 7.125
      vertex 8.02 55.9155 8.875
    endloop
  endfacet
  facet normal 1 0 0
    outer loop
      vertex 8.02 55.7884 9.06533
      vertex 8.02 55.7884 6.93467
      vertex 8.02 55.9155 7.125
    endloop
  endfacet
  facet normal 1 0 0
    outer loop
      vertex 8.02 55.6374 9.23744
      vertex 8.02 55.7884 6.93467
      vertex 8.02 55.7884 9.06533
    endloop
  endfacet
  facet normal 1 0 0
    outer loop
      vertex 8.02 55.6374 9.23744
      vertex 8.02 55.6374 6.76256
      vertex 8.02 55.7884 6.93467
    endloop
  endfacet
  facet normal 1 0 0
    outer loop
      vertex 8.02 55.4653 9.38837
      vertex 8.02 55.6374 6.76256
      vertex 8.02 55.6374 9.23744
    endloop
  endfacet
  facet normal 1 0 0
    outer loop
      vertex 8.02 55.4653 9.38837
      vertex 8.02 55.4653 6.61163
      vertex 8.02 55.6374 6.76256
    endloop
  endfacet
  facet normal 1 0 0
    outer loop
      vertex 8.02 55.275 9.51554
      vertex 8.02 55.4653 6.61163
      vertex 8.02 55.4653 9.38837
    endloop
  endfacet
  facet normal 1 0 0
    outer loop
      vertex 8.02 55.275 9.51554
      vertex 8.02 55.275 6.48446
      vertex 8.02 55.4653 6.61163
    endloop
  endfacet
  facet normal 1 0 0
    outer loop
      vertex 8.02 55.0697 9.61679
      vertex 8.02 55.275 6.48446
      vertex 8.02 55.275 9.51554
    endloop
  endfacet
  facet normal 1 0 0
    outer loop
      vertex 8.02 55.0697 9.61679
      vertex 8.02 55.0697 6.38321
      vertex 8.02 55.275 6.48446
    endloop
  endfacet
  facet normal 1 0 0
    outer loop
      vertex 8.02 54.8529 9.69037
      vertex 8.02 55.0697 6.38321
      vertex 8.02 55.0697 9.61679
    endloop
  endfacet
  facet normal 1 0 0
    outer loop
      vertex 8.02 54.8529 9.69037
      vertex 8.02 54.8529 6.30963
      vertex 8.02 55.0697 6.38321
    endloop
  endfacet
  facet normal 1 0 0
    outer loop
      vertex 8.02 54.6284 9.73503
      vertex 8.02 54.8529 6.30963
      vertex 8.02 54.8529 9.69037
    endloop
  endfacet
  facet normal 1 0 0
    outer loop
      vertex 8.02 54.6284 9.73503
      vertex 8.02 54.6284 6.26497
      vertex 8.02 54.8529 6.30963
    endloop
  endfacet
  facet normal 1 0 0
    outer loop
      vertex 8.02 54.4 9.75
      vertex 8.02 54.6284 6.26497
      vertex 8.02 54.6284 9.73503
    endloop
  endfacet
  facet normal 1 0 0
    outer loop
      vertex 8.02 54.4 9.75
      vertex 8.02 54.4 6.25
      vertex 8.02 54.6284 6.26497
    endloop
  endfacet
  facet normal 1 -0 0
    outer loop
      vertex 8.02 54.1716 9.73503
      vertex 8.02 54.4 6.25
      vertex 8.02 54.4 9.75
    endloop
  endfacet
  facet normal 1 0 0
    outer loop
      vertex 8.02 54.1716 9.73503
      vertex 8.02 54.1716 6.26497
      vertex 8.02 54.4 6.25
    endloop
  endfacet
  facet normal 1 -0 0
    outer loop
      vertex 8.02 53.9471 9.69037
      vertex 8.02 54.1716 6.26497
      vertex 8.02 54.1716 9.73503
    endloop
  endfacet
  facet normal 1 0 0
    outer loop
      vertex 8.02 53.9471 9.69037
      vertex 8.02 53.9471 6.30963
      vertex 8.02 54.1716 6.26497
    endloop
  endfacet
  facet normal 1 -0 0
    outer loop
      vertex 8.02 53.7303 9.61679
      vertex 8.02 53.9471 6.30963
      vertex 8.02 53.9471 9.69037
    endloop
  endfacet
  facet normal 1 0 0
    outer loop
      vertex 8.02 53.7303 9.61679
      vertex 8.02 53.7303 6.38321
      vertex 8.02 53.9471 6.30963
    endloop
  endfacet
  facet normal 1 -0 0
    outer loop
      vertex 8.02 53.525 9.51554
      vertex 8.02 53.7303 6.38321
      vertex 8.02 53.7303 9.61679
    endloop
  endfacet
  facet normal 1 0 0
    outer loop
      vertex 8.02 53.525 9.51554
      vertex 8.02 53.525 6.48446
      vertex 8.02 53.7303 6.38321
    endloop
  endfacet
  facet normal 1 -0 0
    outer loop
      vertex 8.02 53.3347 9.38837
      vertex 8.02 53.525 6.48446
      vertex 8.02 53.525 9.51554
    endloop
  endfacet
  facet normal 1 0 0
    outer loop
      vertex 8.02 53.3347 9.38837
      vertex 8.02 53.3347 6.61163
      vertex 8.02 53.525 6.48446
    endloop
  endfacet
  facet normal 1 -0 0
    outer loop
      vertex 8.02 53.1626 9.23744
      vertex 8.02 53.3347 6.61163
      vertex 8.02 53.3347 9.38837
    endloop
  endfacet
  facet normal 1 0 0
    outer loop
      vertex 8.02 53.1626 9.23744
      vertex 8.02 53.1626 6.76256
      vertex 8.02 53.3347 6.61163
    endloop
  endfacet
  facet normal 1 -0 0
    outer loop
      vertex 8.02 53.0116 9.06533
      vertex 8.02 53.1626 6.76256
      vertex 8.02 53.1626 9.23744
    endloop
  endfacet
  facet normal 1 0 0
    outer loop
      vertex 8.02 53.0116 9.06533
      vertex 8.02 53.0116 6.93467
      vertex 8.02 53.1626 6.76256
    endloop
  endfacet
  facet normal 1 -0 0
    outer loop
      vertex 8.02 52.8845 8.875
      vertex 8.02 53.0116 6.93467
      vertex 8.02 53.0116 9.06533
    endloop
  endfacet
  facet normal 1 0 0
    outer loop
      vertex 8.02 52.8845 8.875
      vertex 8.02 52.8845 7.125
      vertex 8.02 53.0116 6.93467
    endloop
  endfacet
  facet normal 1 -0 0
    outer loop
      vertex 8.02 52.7832 8.6697
      vertex 8.02 52.8845 7.125
      vertex 8.02 52.8845 8.875
    endloop
  endfacet
  facet normal 1 0 0
    outer loop
      vertex 8.02 52.7832 8.6697
      vertex 8.02 52.7832 7.3303
      vertex 8.02 52.8845 7.125
    endloop
  endfacet
  facet normal 1 -0 0
    outer loop
      vertex 8.02 52.7096 8.45293
      vertex 8.02 52.7832 7.3303
      vertex 8.02 52.7832 8.6697
    endloop
  endfacet
  facet normal 1 0 0
    outer loop
      vertex 8.02 52.7096 8.45293
      vertex 8.02 52.7096 7.54707
      vertex 8.02 52.7832 7.3303
    endloop
  endfacet
  facet normal 1 -0 0
    outer loop
      vertex 8.02 52.665 8.22842
      vertex 8.02 52.7096 7.54707
      vertex 8.02 52.7096 8.45293
    endloop
  endfacet
  facet normal 1 0 0
    outer loop
      vertex 8.02 52.665 8.22842
      vertex 8.02 52.665 7.77158
      vertex 8.02 52.7096 7.54707
    endloop
  endfacet
  facet normal 1 0 -0
    outer loop
      vertex 8.02 52.665 7.77158
      vertex 8.02 52.665 8.22842
      vertex 8.02 52.65 8
    endloop
  endfacet
  facet normal -0.595396 0.788076 0.156333
    outer loop
      vertex 8.68668 53.1878 7.6752
      vertex 8.02 52.665 7.77158
      vertex 8.68857 53.1741 7.75146
    endloop
  endfacet
  facet normal -0.595355 0.788064 0.156553
    outer loop
      vertex 8.02 52.665 7.77158
      vertex 8.68668 53.1878 7.6752
      vertex 8.02 52.7096 7.54707
    endloop
  endfacet
  facet normal -0.59536 -0.25822 0.760834
    outer loop
      vertex 8.02 54.8529 6.30963
      vertex 8.45209 54.8939 6.66166
      vertex 8.02 55.0697 6.38321
    endloop
  endfacet
  facet normal -0.595356 -0.258239 0.760831
    outer loop
      vertex 8.45209 54.8939 6.66166
      vertex 8.02 54.8529 6.30963
      vertex 8.4696 54.7665 6.63212
    endloop
  endfacet
  facet normal -0.595385 -0.720504 -0.355514
    outer loop
      vertex 8.02 56.0168 8.6697
      vertex 8.33716 55.7297 8.7204
      vertex 8.02 55.9155 8.875
    endloop
  endfacet
  facet normal -0.595424 -0.720527 -0.355403
    outer loop
      vertex 8.33716 55.7297 8.7204
      vertex 8.02 56.0168 8.6697
      vertex 8.32662 55.8064 8.58256
    endloop
  endfacet
  facet normal -0.595301 0.720503 0.355658
    outer loop
      vertex 8.67084 53.303 7.36665
      vertex 8.02 52.7832 7.3303
      vertex 8.67533 53.2703 7.44041
    endloop
  endfacet
  facet normal -0.595326 0.720543 0.355534
    outer loop
      vertex 8.02 52.7832 7.3303
      vertex 8.67084 53.303 7.36665
      vertex 8.02 52.8845 7.125
    endloop
  endfacet
  facet normal -0.595352 -0.156713 -0.788033
    outer loop
      vertex 8.02 54.6284 9.73503
      vertex 8.47782 54.7068 9.37356
      vertex 8.49492 54.5824 9.38538
    endloop
  endfacet
  facet normal -0.595342 -0.156764 -0.788031
    outer loop
      vertex 8.47782 54.7068 9.37356
      vertex 8.02 54.6284 9.73503
      vertex 8.02 54.8529 9.69037
    endloop
  endfacet
  facet normal -0.595339 -0.668185 -0.446206
    outer loop
      vertex 8.02 55.9155 8.875
      vertex 8.35276 55.6163 8.87907
      vertex 8.02 55.7884 9.06533
    endloop
  endfacet
  facet normal -0.595333 -0.668179 -0.446225
    outer loop
      vertex 8.35276 55.6163 8.87907
      vertex 8.02 55.9155 8.875
      vertex 8.3399 55.7098 8.75622
    endloop
  endfacet
  facet normal -0.595338 0.258144 0.760877
    outer loop
      vertex 8.58982 53.8922 6.77413
      vertex 8.58072 53.9584 6.74455
      vertex 8.02 53.7303 6.38321
    endloop
  endfacet
  facet normal -0.595324 0.258385 0.760807
    outer loop
      vertex 8.02 53.9471 6.30963
      vertex 8.58072 53.9584 6.74455
      vertex 8.5678 54.0523 6.70255
    endloop
  endfacet
  facet normal -0.595348 0.258223 0.760843
    outer loop
      vertex 8.58072 53.9584 6.74455
      vertex 8.02 53.9471 6.30963
      vertex 8.02 53.7303 6.38321
    endloop
  endfacet
  facet normal -0.595334 0.529775 -0.604083
    outer loop
      vertex 8.02 53.3347 9.38837
      vertex 8.63731 53.5468 8.96601
      vertex 8.02 53.1626 9.23744
    endloop
  endfacet
  facet normal -0.59533 0.529803 -0.604062
    outer loop
      vertex 8.63731 53.5468 8.96601
      vertex 8.02 53.3347 9.38837
      vertex 8.62865 53.6098 9.0298
    endloop
  endfacet
  facet normal -0.595411 0.604262 0.529484
    outer loop
      vertex 8.64502 53.4907 7.09075
      vertex 8.02 53.0116 6.93467
      vertex 8.65226 53.4381 7.15892
    endloop
  endfacet
  facet normal -0.595309 0.60399 0.529908
    outer loop
      vertex 8.02 53.0116 6.93467
      vertex 8.64502 53.4907 7.09075
      vertex 8.02 53.1626 6.76256
    endloop
  endfacet
  facet normal -0.595368 0.760893 -0.258029
    outer loop
      vertex 8.68322 53.2129 8.4068
      vertex 8.68668 53.1878 8.3248
      vertex 8.02 52.7096 8.45293
    endloop
  endfacet
  facet normal -0.595329 0.668175 0.446234
    outer loop
      vertex 8.66503 53.3452 7.29571
      vertex 8.02 52.8845 7.125
      vertex 8.67084 53.303 7.36665
    endloop
  endfacet
  facet normal -0.595332 0.66819 0.446209
    outer loop
      vertex 8.02 52.8845 7.125
      vertex 8.66503 53.3452 7.29571
      vertex 8.02 53.0116 6.93467
    endloop
  endfacet
  facet normal -0.595336 0.720615 0.355372
    outer loop
      vertex 8.68005 53.236 7.51787
      vertex 8.67533 53.2703 7.44041
      vertex 8.02 52.7832 7.3303
    endloop
  endfacet
  facet normal -0.595368 0.760893 0.258029
    outer loop
      vertex 8.68668 53.1878 7.6752
      vertex 8.68322 53.2129 7.5932
      vertex 8.02 52.7096 7.54707
    endloop
  endfacet
  facet normal -0.59548 -0.787972 -0.156534
    outer loop
      vertex 8.02 56.135 8.22842
      vertex 8.31685 55.8774 8.39588
      vertex 8.02 56.0904 8.45293
    endloop
  endfacet
  facet normal -0.595199 -0.788059 -0.157167
    outer loop
      vertex 8.31685 55.8774 8.39588
      vertex 8.02 56.135 8.22842
      vertex 8.31201 55.9127 8.23721
    endloop
  endfacet
  facet normal -0.595233 -0.801889 -0.0516905
    outer loop
      vertex 8.3105 55.9236 8.16272
      vertex 8.31088 55.9209 8.20023
      vertex 8.02 56.135 8.22842
    endloop
  endfacet
  facet normal -0.595419 -0.44557 -0.668538
    outer loop
      vertex 8.41397 55.1712 9.23384
      vertex 8.42011 55.1264 9.25823
      vertex 8.02 55.275 9.51554
    endloop
  endfacet
  facet normal -0.595302 0.52958 0.604285
    outer loop
      vertex 8.64502 53.4907 7.09075
      vertex 8.63731 53.5468 7.03399
      vertex 8.02 53.1626 6.76256
    endloop
  endfacet
  facet normal -0.595415 -0.720523 0.355426
    outer loop
      vertex 8.02 56.0168 7.3303
      vertex 8.33716 55.7297 7.2796
      vertex 8.32662 55.8064 7.41743
    endloop
  endfacet
  facet normal -0.595385 -0.720504 0.355514
    outer loop
      vertex 8.33716 55.7297 7.2796
      vertex 8.02 56.0168 7.3303
      vertex 8.02 55.9155 7.125
    endloop
  endfacet
  facet normal -0.595322 -0.529781 0.60409
    outer loop
      vertex 8.02 55.4653 6.61163
      vertex 8.38073 55.4129 6.92117
      vertex 8.02 55.6374 6.76256
    endloop
  endfacet
  facet normal -0.595357 -0.529674 0.604149
    outer loop
      vertex 8.38073 55.4129 6.92117
      vertex 8.02 55.4653 6.61163
      vertex 8.39695 55.2949 6.8337
    endloop
  endfacet
  facet normal -0.595336 -0.258028 0.760918
    outer loop
      vertex 8.45209 54.8939 6.66166
      vertex 8.4445 54.9491 6.67444
      vertex 8.02 55.0697 6.38321
    endloop
  endfacet
  facet normal -0.595335 0.156667 0.788056
    outer loop
      vertex 8.5678 54.0523 6.70255
      vertex 8.55864 54.119 6.68237
      vertex 8.02 53.9471 6.30963
    endloop
  endfacet
  facet normal -0.59543 -0.760753 -0.258299
    outer loop
      vertex 8.02 56.0904 8.45293
      vertex 8.32662 55.8064 8.58256
      vertex 8.02 56.0168 8.6697
    endloop
  endfacet
  facet normal -0.595492 -0.760754 -0.258152
    outer loop
      vertex 8.32662 55.8064 8.58256
      vertex 8.02 56.0904 8.45293
      vertex 8.31875 55.8636 8.43215
    endloop
  endfacet
  facet normal -0.595323 -0.355839 -0.720395
    outer loop
      vertex 8.43756 54.9995 9.3064
      vertex 8.4445 54.9491 9.32556
      vertex 8.02 55.0697 9.61679
    endloop
  endfacet
  facet normal -0.595271 -0.529475 0.604408
    outer loop
      vertex 8.38073 55.4129 6.92117
      vertex 8.37552 55.4508 6.94924
      vertex 8.02 55.6374 6.76256
    endloop
  endfacet
  facet normal -0.595405 -0.445683 0.668476
    outer loop
      vertex 8.42011 55.1264 6.74176
      vertex 8.41397 55.1712 6.76616
      vertex 8.02 55.275 6.48446
    endloop
  endfacet
  facet normal -0.595288 0.80183 -0.0519635
    outer loop
      vertex 8.69067 53.1587 8.16341
      vertex 8.69138 53.1536 8.07658
      vertex 8.02 52.665 8.22842
    endloop
  endfacet
  facet normal -0.59534 0.446453 -0.668019
    outer loop
      vertex 8.61018 53.7441 9.136
      vertex 8.61862 53.6828 9.08751
      vertex 8.02 53.525 9.51554
    endloop
  endfacet
  facet normal -0.595348 0.258223 -0.760843
    outer loop
      vertex 8.02 53.9471 9.69037
      vertex 8.58072 53.9584 9.25545
      vertex 8.02 53.7303 9.61679
    endloop
  endfacet
  facet normal -0.595324 0.258385 -0.760807
    outer loop
      vertex 8.58072 53.9584 9.25545
      vertex 8.02 53.9471 9.69037
      vertex 8.5678 54.0523 9.29745
    endloop
  endfacet
  facet normal -0.59535 0.258239 -0.760836
    outer loop
      vertex 8.58072 53.9584 9.25545
      vertex 8.58982 53.8922 9.22586
      vertex 8.02 53.7303 9.61679
    endloop
  endfacet
  facet normal -0.595356 -0.258239 -0.760831
    outer loop
      vertex 8.02 54.8529 9.69037
      vertex 8.45209 54.8939 9.33834
      vertex 8.4696 54.7665 9.36788
    endloop
  endfacet
  facet normal -0.59536 -0.25822 -0.760834
    outer loop
      vertex 8.45209 54.8939 9.33834
      vertex 8.02 54.8529 9.69037
      vertex 8.02 55.0697 9.61679
    endloop
  endfacet
  facet normal -0.595351 0.355333 0.720622
    outer loop
      vertex 7.03 60.9303 6.38321
      vertex 7.62018 60.9441 6.86399
      vertex 7.60871 61.0275 6.81339
    endloop
  endfacet
  facet normal -0.595338 0.355388 0.720605
    outer loop
      vertex 7.62018 60.9441 6.86399
      vertex 7.03 60.9303 6.38321
      vertex 7.03 60.725 6.48446
    endloop
  endfacet
  facet normal -0.595442 -0.667623 0.44691
    outer loop
      vertex 7.36634 62.7902 7.08671
      vertex 7.36276 62.8163 7.12093
      vertex 7.03 62.9884 6.93467
    endloop
  endfacet
  facet normal -0.595357 -0.0525579 0.801741
    outer loop
      vertex 7.53 61.6 6.62129
      vertex 7.52127 61.6635 6.61897
      vertex 7.03 61.6 6.25
    endloop
  endfacet
  facet normal -0.595356 -0.0525485 0.801742
    outer loop
      vertex 7.03 61.6 6.25
      vertex 7.50492 61.7824 6.61462
      vertex 7.03 61.8284 6.26497
    endloop
  endfacet
  facet normal -0.595359 -0.0525362 0.80174
    outer loop
      vertex 7.50492 61.7824 6.61462
      vertex 7.03 61.6 6.25
      vertex 7.52127 61.6635 6.61897
    endloop
  endfacet
  facet normal -0.595354 0.446347 0.668078
    outer loop
      vertex 7.03 60.725 6.48446
      vertex 7.63865 60.8098 6.9702
      vertex 7.62862 60.8828 6.91249
    endloop
  endfacet
  facet normal -0.595336 0.446426 0.668041
    outer loop
      vertex 7.63865 60.8098 6.9702
      vertex 7.03 60.725 6.48446
      vertex 7.03 60.5347 6.61163
    endloop
  endfacet
  facet normal -0.595233 -0.801889 0.0516905
    outer loop
      vertex 7.32088 63.1209 7.79977
      vertex 7.3205 63.1236 7.83728
      vertex 7.03 63.335 7.77158
    endloop
  endfacet
  facet normal -0.59533 0.44653 0.667977
    outer loop
      vertex 7.62862 60.8828 6.91249
      vertex 7.62018 60.9441 6.86399
      vertex 7.03 60.725 6.48446
    endloop
  endfacet
  facet normal -0.595481 -0.76073 0.258248
    outer loop
      vertex 7.32875 63.0636 7.56785
      vertex 7.32685 63.0774 7.60412
      vertex 7.03 63.2904 7.54707
    endloop
  endfacet
  facet normal -0.595349 0.156744 0.78803
    outer loop
      vertex 7.03 61.3716 6.26497
      vertex 7.56864 61.319 6.68237
      vertex 7.55442 61.4224 6.65106
    endloop
  endfacet
  facet normal -0.595346 0.156763 0.788028
    outer loop
      vertex 7.56864 61.319 6.68237
      vertex 7.03 61.3716 6.26497
      vertex 7.03 61.1471 6.30963
    endloop
  endfacet
  facet normal -0.595271 -0.529475 -0.604408
    outer loop
      vertex 7.38552 62.6508 9.05076
      vertex 7.39073 62.6129 9.07883
      vertex 7.03 62.8374 9.23744
    endloop
  endfacet
  facet normal -0.595391 -0.446321 -0.668063
    outer loop
      vertex 7.03 62.475 9.51554
      vertex 7.40695 62.4949 9.1663
      vertex 7.42397 62.3711 9.23384
    endloop
  endfacet
  facet normal -0.595355 -0.446418 -0.66803
    outer loop
      vertex 7.40695 62.4949 9.1663
      vertex 7.03 62.475 9.51554
      vertex 7.03 62.6653 9.38837
    endloop
  endfacet
  facet normal -0.59533 0.529803 0.604062
    outer loop
      vertex 7.03 60.5347 6.61163
      vertex 7.64731 60.7468 7.03399
      vertex 7.63865 60.8098 6.9702
    endloop
  endfacet
  facet normal -0.595334 0.529775 0.604083
    outer loop
      vertex 7.64731 60.7468 7.03399
      vertex 7.03 60.5347 6.61163
      vertex 7.03 60.3626 6.76256
    endloop
  endfacet
  facet normal -0.595373 -0.355377 0.720582
    outer loop
      vertex 7.03 62.2697 6.38321
      vertex 7.43011 62.3264 6.74176
      vertex 7.03 62.475 6.48446
    endloop
  endfacet
  facet normal -0.595384 -0.355343 0.720589
    outer loop
      vertex 7.43011 62.3264 6.74176
      vertex 7.03 62.2697 6.38321
      vertex 7.44756 62.1995 6.6936
    endloop
  endfacet
  facet normal -0.595352 0.0525487 -0.801745
    outer loop
      vertex 7.03 61.6 9.75
      vertex 7.54538 61.4881 9.35996
      vertex 7.03 61.3716 9.73503
    endloop
  endfacet
  facet normal -0.595358 0.0525118 -0.801743
    outer loop
      vertex 7.54538 61.4881 9.35996
      vertex 7.03 61.6 9.75
      vertex 7.53 61.6 9.37871
    endloop
  endfacet
  facet normal -0.59543 -0.760753 -0.258299
    outer loop
      vertex 7.03 63.2904 8.45293
      vertex 7.33662 63.0064 8.58256
      vertex 7.03 63.2168 8.6697
    endloop
  endfacet
  facet normal -0.595492 -0.760754 -0.258152
    outer loop
      vertex 7.33662 63.0064 8.58256
      vertex 7.03 63.2904 8.45293
      vertex 7.32875 63.0636 8.43215
    endloop
  endfacet
  facet normal -0.595348 0.355354 -0.720613
    outer loop
      vertex 7.59982 61.0922 9.22586
      vertex 7.60871 61.0275 9.18661
      vertex 7.03 60.9303 9.61679
    endloop
  endfacet
  facet normal -0.595268 -0.788126 0.156571
    outer loop
      vertex 7.32201 63.1127 7.76279
      vertex 7.32088 63.1209 7.79977
      vertex 7.03 63.335 7.77158
    endloop
  endfacet
  facet normal -0.595287 0.801831 0.0519575
    outer loop
      vertex 7.70138 60.3536 7.92342
      vertex 7.70067 60.3587 7.83658
      vertex 7.03 59.865 7.77158
    endloop
  endfacet
  facet normal -0.595337 -0.801748 0.0526696
    outer loop
      vertex 7.03 63.35 8
      vertex 7.3205 63.1236 7.83728
      vertex 7.31887 63.1355 8
    endloop
  endfacet
  facet normal -0.595345 -0.801744 0.0526493
    outer loop
      vertex 7.3205 63.1236 7.83728
      vertex 7.03 63.35 8
      vertex 7.03 63.335 7.77158
    endloop
  endfacet
  facet normal -0.595298 -0.720538 0.35559
    outer loop
      vertex 7.03 63.2168 7.3303
      vertex 7.3499 62.9098 7.24377
      vertex 7.33931 62.9869 7.38227
    endloop
  endfacet
  facet normal -0.595321 -0.720546 0.355535
    outer loop
      vertex 7.3499 62.9098 7.24377
      vertex 7.03 63.2168 7.3303
      vertex 7.03 63.1155 7.125
    endloop
  endfacet
  facet normal -0.595347 -0.604085 0.529758
    outer loop
      vertex 7.03 62.9884 6.93467
      vertex 7.38552 62.6508 6.94924
      vertex 7.3707 62.7586 7.05551
    endloop
  endfacet
  facet normal -0.595279 -0.604007 0.529923
    outer loop
      vertex 7.38552 62.6508 6.94924
      vertex 7.03 62.9884 6.93467
      vertex 7.03 62.8374 6.76256
    endloop
  endfacet
  facet normal -0.595348 0.258223 -0.760843
    outer loop
      vertex 7.03 61.1471 9.69037
      vertex 7.59072 61.1584 9.25545
      vertex 7.03 60.9303 9.61679
    endloop
  endfacet
  facet normal -0.595324 0.258385 -0.760807
    outer loop
      vertex 7.59072 61.1584 9.25545
      vertex 7.03 61.1471 9.69037
      vertex 7.5778 61.2523 9.29745
    endloop
  endfacet
  facet normal -0.59533 0.760812 0.258356
    outer loop
      vertex 7.69005 60.436 7.51787
      vertex 7.03 59.9096 7.54707
      vertex 7.69322 60.4129 7.5932
    endloop
  endfacet
  facet normal -0.595337 0.760818 0.258321
    outer loop
      vertex 7.03 59.9096 7.54707
      vertex 7.69005 60.436 7.51787
      vertex 7.03 59.9832 7.3303
    endloop
  endfacet
  facet normal -0.595409 0.604252 -0.529498
    outer loop
      vertex 7.66226 60.6381 8.84108
      vertex 7.66913 60.5882 8.77641
      vertex 7.03 60.2116 9.06533
    endloop
  endfacet
  facet normal -0.595396 0.788076 -0.156333
    outer loop
      vertex 7.03 59.865 8.22842
      vertex 7.69668 60.3878 8.3248
      vertex 7.69857 60.3741 8.24854
    endloop
  endfacet
  facet normal -0.595355 0.788064 -0.156553
    outer loop
      vertex 7.69668 60.3878 8.3248
      vertex 7.03 59.865 8.22842
      vertex 7.03 59.9096 8.45293
    endloop
  endfacet
  facet normal -0.595396 0.788076 0.156333
    outer loop
      vertex 7.69668 60.3878 7.6752
      vertex 7.03 59.865 7.77158
      vertex 7.69857 60.3741 7.75146
    endloop
  endfacet
  facet normal -0.595355 0.788064 0.156553
    outer loop
      vertex 7.03 59.865 7.77158
      vertex 7.69668 60.3878 7.6752
      vertex 7.03 59.9096 7.54707
    endloop
  endfacet
  facet normal -0.595279 -0.604007 -0.529923
    outer loop
      vertex 7.03 62.9884 9.06533
      vertex 7.38552 62.6508 9.05076
      vertex 7.03 62.8374 9.23744
    endloop
  endfacet
  facet normal -0.595347 -0.604085 -0.529758
    outer loop
      vertex 7.38552 62.6508 9.05076
      vertex 7.03 62.9884 9.06533
      vertex 7.3707 62.7586 8.94449
    endloop
  endfacet
  facet normal -0.595336 0.446426 -0.668041
    outer loop
      vertex 7.03 60.725 9.51554
      vertex 7.63865 60.8098 9.0298
      vertex 7.03 60.5347 9.38837
    endloop
  endfacet
  facet normal -0.595354 0.446347 -0.668078
    outer loop
      vertex 7.63865 60.8098 9.0298
      vertex 7.03 60.725 9.51554
      vertex 7.62862 60.8828 9.08751
    endloop
  endfacet
  facet normal -0.595337 0.355446 0.720578
    outer loop
      vertex 7.60871 61.0275 6.81339
      vertex 7.59982 61.0922 6.77413
      vertex 7.03 60.9303 6.38321
    endloop
  endfacet
  facet normal -0.595377 0.530036 -0.603812
    outer loop
      vertex 7.64731 60.7468 8.96601
      vertex 7.65502 60.6908 8.90925
      vertex 7.03 60.3626 9.23744
    endloop
  endfacet
  facet normal -0.595377 -0.446421 0.668008
    outer loop
      vertex 7.43011 62.3264 6.74176
      vertex 7.42397 62.3711 6.76616
      vertex 7.03 62.475 6.48446
    endloop
  endfacet
  facet normal -0.595346 0.156763 -0.788028
    outer loop
      vertex 7.03 61.3716 9.73503
      vertex 7.56864 61.319 9.31763
      vertex 7.03 61.1471 9.69037
    endloop
  endfacet
  facet normal -0.595349 0.156744 -0.78803
    outer loop
      vertex 7.56864 61.319 9.31763
      vertex 7.03 61.3716 9.73503
      vertex 7.55442 61.4224 9.34894
    endloop
  endfacet
  facet normal -0.595356 -0.0525916 -0.801739
    outer loop
      vertex 7.03 61.6 9.75
      vertex 7.51363 61.719 9.38306
      vertex 7.53 61.6 9.37871
    endloop
  endfacet
  facet normal -0.595364 -0.0525481 -0.801736
    outer loop
      vertex 7.51363 61.719 9.38306
      vertex 7.03 61.6 9.75
      vertex 7.03 61.8284 9.73503
    endloop
  endfacet
  facet normal -0.595199 -0.788059 0.157167
    outer loop
      vertex 7.03 63.335 7.77158
      vertex 7.32685 63.0774 7.60412
      vertex 7.32201 63.1127 7.76279
    endloop
  endfacet
  facet normal -0.59548 -0.787972 0.156534
    outer loop
      vertex 7.32685 63.0774 7.60412
      vertex 7.03 63.335 7.77158
      vertex 7.03 63.2904 7.54707
    endloop
  endfacet
  facet normal -0.595323 -0.668168 0.446254
    outer loop
      vertex 7.03 63.1155 7.125
      vertex 7.36276 62.8163 7.12093
      vertex 7.3499 62.9098 7.24377
    endloop
  endfacet
  facet normal -0.595339 -0.668185 0.446206
    outer loop
      vertex 7.36276 62.8163 7.12093
      vertex 7.03 63.1155 7.125
      vertex 7.03 62.9884 6.93467
    endloop
  endfacet
  facet normal -0.59535 0.258239 -0.760836
    outer loop
      vertex 7.59072 61.1584 9.25545
      vertex 7.59982 61.0922 9.22586
      vertex 7.03 60.9303 9.61679
    endloop
  endfacet
  facet normal -0.595378 -0.355392 -0.72057
    outer loop
      vertex 7.03 62.2697 9.61679
      vertex 7.43011 62.3264 9.25823
      vertex 7.44756 62.1995 9.3064
    endloop
  endfacet
  facet normal -0.595385 -0.355373 -0.720574
    outer loop
      vertex 7.43011 62.3264 9.25823
      vertex 7.03 62.2697 9.61679
      vertex 7.03 62.475 9.51554
    endloop
  endfacet
  facet normal -0.595268 -0.788126 -0.156571
    outer loop
      vertex 7.32088 63.1209 8.20023
      vertex 7.32201 63.1127 8.23721
      vertex 7.03 63.335 8.22842
    endloop
  endfacet
  facet normal -0.595356 -0.258239 -0.760831
    outer loop
      vertex 7.03 62.0529 9.69037
      vertex 7.46209 62.0939 9.33834
      vertex 7.4796 61.9665 9.36788
    endloop
  endfacet
  facet normal -0.59536 -0.25822 -0.760834
    outer loop
      vertex 7.46209 62.0939 9.33834
      vertex 7.03 62.0529 9.69037
      vertex 7.03 62.2697 9.61679
    endloop
  endfacet
  facet normal -0.595354 0.0525486 0.801743
    outer loop
      vertex 7.03 61.3716 6.26497
      vertex 7.53905 61.5342 6.63232
      vertex 7.03 61.6 6.25
    endloop
  endfacet
  facet normal -0.595353 0.0525414 0.801745
    outer loop
      vertex 7.53905 61.5342 6.63232
      vertex 7.03 61.3716 6.26497
      vertex 7.55442 61.4224 6.65106
    endloop
  endfacet
  facet normal -0.595358 0.0525111 0.801743
    outer loop
      vertex 7.53905 61.5342 6.63232
      vertex 7.53 61.6 6.62129
      vertex 7.03 61.6 6.25
    endloop
  endfacet
  facet normal -0.595357 -0.529674 -0.604149
    outer loop
      vertex 7.03 62.6653 9.38837
      vertex 7.39073 62.6129 9.07883
      vertex 7.40695 62.4949 9.1663
    endloop
  endfacet
  facet normal -0.595322 -0.529781 -0.60409
    outer loop
      vertex 7.39073 62.6129 9.07883
      vertex 7.03 62.6653 9.38837
      vertex 7.03 62.8374 9.23744
    endloop
  endfacet
  facet normal -0.595363 -0.156945 0.787979
    outer loop
      vertex 7.48782 61.9068 6.62644
      vertex 7.4796 61.9665 6.63212
      vertex 7.03 62.0529 6.30963
    endloop
  endfacet
  facet normal -0.595346 0.355386 -0.7206
    outer loop
      vertex 7.03 60.9303 9.61679
      vertex 7.62018 60.9441 9.136
      vertex 7.03 60.725 9.51554
    endloop
  endfacet
  facet normal -0.595342 0.355404 -0.720594
    outer loop
      vertex 7.62018 60.9441 9.136
      vertex 7.03 60.9303 9.61679
      vertex 7.60871 61.0275 9.18661
    endloop
  endfacet
  facet normal -0.595325 0.720464 0.355697
    outer loop
      vertex 7.68558 60.4685 7.44456
      vertex 7.03 59.9832 7.3303
      vertex 7.69005 60.436 7.51787
    endloop
  endfacet
  facet normal -0.595345 0.720531 0.355527
    outer loop
      vertex 7.03 59.9832 7.3303
      vertex 7.68558 60.4685 7.44456
      vertex 7.03 60.0845 7.125
    endloop
  endfacet
  facet normal -0.595323 -0.355839 -0.720395
    outer loop
      vertex 7.44756 62.1995 9.3064
      vertex 7.4545 62.1491 9.32556
      vertex 7.03 62.2697 9.61679
    endloop
  endfacet
  facet normal -0.595349 -0.258223 0.760842
    outer loop
      vertex 7.03 62.0529 6.30963
      vertex 7.46209 62.0939 6.66165
      vertex 7.03 62.2697 6.38321
    endloop
  endfacet
  facet normal -0.595358 -0.258183 0.760848
    outer loop
      vertex 7.46209 62.0939 6.66165
      vertex 7.03 62.0529 6.30963
      vertex 7.4796 61.9665 6.63212
    endloop
  endfacet
  facet normal -0.595342 -0.156764 0.788031
    outer loop
      vertex 7.03 61.8284 6.26497
      vertex 7.48782 61.9068 6.62644
      vertex 7.03 62.0529 6.30963
    endloop
  endfacet
  facet normal -0.595352 -0.156713 0.788033
    outer loop
      vertex 7.48782 61.9068 6.62644
      vertex 7.03 61.8284 6.26497
      vertex 7.50492 61.7824 6.61462
    endloop
  endfacet
  facet normal -0.595442 -0.667623 -0.44691
    outer loop
      vertex 7.36276 62.8163 8.87907
      vertex 7.36634 62.7902 8.91329
      vertex 7.03 62.9884 9.06533
    endloop
  endfacet
  facet normal -0.59534 0.446453 -0.668019
    outer loop
      vertex 7.62018 60.9441 9.136
      vertex 7.62862 60.8828 9.08751
      vertex 7.03 60.725 9.51554
    endloop
  endfacet
  facet normal -0.595421 0.667705 -0.446815
    outer loop
      vertex 7.66913 60.5882 8.77641
      vertex 7.67503 60.5452 8.70429
      vertex 7.03 60.2116 9.06533
    endloop
  endfacet
  facet normal -0.595337 0.760818 -0.258321
    outer loop
      vertex 7.69005 60.436 8.48213
      vertex 7.03 59.9096 8.45293
      vertex 7.03 59.9832 8.6697
    endloop
  endfacet
  facet normal -0.59533 0.760812 -0.258356
    outer loop
      vertex 7.03 59.9096 8.45293
      vertex 7.69005 60.436 8.48213
      vertex 7.69322 60.4129 8.4068
    endloop
  endfacet
  facet normal -0.595355 -0.446418 0.66803
    outer loop
      vertex 7.03 62.475 6.48446
      vertex 7.40695 62.4949 6.8337
      vertex 7.03 62.6653 6.61163
    endloop
  endfacet
  facet normal -0.595391 -0.446321 0.668063
    outer loop
      vertex 7.40695 62.4949 6.8337
      vertex 7.03 62.475 6.48446
      vertex 7.42397 62.3711 6.76616
    endloop
  endfacet
  facet normal -0.595341 -0.258155 0.760871
    outer loop
      vertex 7.46209 62.0939 6.66165
      vertex 7.4545 62.1491 6.67444
      vertex 7.03 62.2697 6.38321
    endloop
  endfacet
  facet normal -0.595325 0.801732 -0.0530559
    outer loop
      vertex 7.03 59.85 8
      vertex 7.70138 60.3536 8.07658
      vertex 7.70201 60.349 8
    endloop
  endfacet
  facet normal -0.595367 0.801727 -0.0526482
    outer loop
      vertex 7.70138 60.3536 8.07658
      vertex 7.03 59.85 8
      vertex 7.03 59.865 8.22842
    endloop
  endfacet
  facet normal -0.595291 0.787974 0.157247
    outer loop
      vertex 7.70067 60.3587 7.83658
      vertex 7.69857 60.3741 7.75146
      vertex 7.03 59.865 7.77158
    endloop
  endfacet
  facet normal -0.595371 0.603956 -0.529878
    outer loop
      vertex 7.65502 60.6908 8.90925
      vertex 7.03 60.2116 9.06533
      vertex 7.03 60.3626 9.23744
    endloop
  endfacet
  facet normal -0.595331 0.60385 -0.530044
    outer loop
      vertex 7.03 60.2116 9.06533
      vertex 7.65502 60.6908 8.90925
      vertex 7.66226 60.6381 8.84108
    endloop
  endfacet
  facet normal -0.595353 0.0525604 -0.801743
    outer loop
      vertex 7.54538 61.4881 9.35996
      vertex 7.55442 61.4224 9.34894
      vertex 7.03 61.3716 9.73503
    endloop
  endfacet
  facet normal -0.595463 -0.721063 -0.354249
    outer loop
      vertex 7.33662 63.0064 8.58256
      vertex 7.33931 62.9869 8.61773
      vertex 7.03 63.2168 8.6697
    endloop
  endfacet
  facet normal -0.595439 -0.604565 0.529107
    outer loop
      vertex 7.3707 62.7586 7.05551
      vertex 7.36634 62.7902 7.08671
      vertex 7.03 62.9884 6.93467
    endloop
  endfacet
  facet normal -0.595319 0.720647 0.355335
    outer loop
      vertex 7.68558 60.4685 7.44456
      vertex 7.68084 60.503 7.36665
      vertex 7.03 60.0845 7.125
    endloop
  endfacet
  facet normal -0.595325 0.801732 0.0530559
    outer loop
      vertex 7.70138 60.3536 7.92342
      vertex 7.03 59.85 8
      vertex 7.70201 60.349 8
    endloop
  endfacet
  facet normal -0.595367 0.801727 0.0526482
    outer loop
      vertex 7.03 59.85 8
      vertex 7.70138 60.3536 7.92342
      vertex 7.03 59.865 7.77158
    endloop
  endfacet
  facet normal -0.595345 -0.801744 -0.0526493
    outer loop
      vertex 7.03 63.35 8
      vertex 7.3205 63.1236 8.16272
      vertex 7.03 63.335 8.22842
    endloop
  endfacet
  facet normal -0.595337 -0.801748 -0.0526696
    outer loop
      vertex 7.3205 63.1236 8.16272
      vertex 7.03 63.35 8
      vertex 7.31887 63.1355 8
    endloop
  endfacet
  facet normal -0.595481 -0.76073 -0.258248
    outer loop
      vertex 7.32685 63.0774 8.39588
      vertex 7.32875 63.0636 8.43215
      vertex 7.03 63.2904 8.45293
    endloop
  endfacet
  facet normal -0.595368 0.760893 0.258029
    outer loop
      vertex 7.69668 60.3878 7.6752
      vertex 7.69322 60.4129 7.5932
      vertex 7.03 59.9096 7.54707
    endloop
  endfacet
  facet normal -0.595323 -0.355839 0.720395
    outer loop
      vertex 7.4545 62.1491 6.67444
      vertex 7.44756 62.1995 6.6936
      vertex 7.03 62.2697 6.38321
    endloop
  endfacet
  facet normal 1 0 0
    outer loop
      vertex 7.03 63.335 8.22842
      vertex 7.03 63.335 7.77158
      vertex 7.03 63.35 8
    endloop
  endfacet
  facet normal 1 0 0
    outer loop
      vertex 7.03 63.2904 8.45293
      vertex 7.03 63.335 7.77158
      vertex 7.03 63.335 8.22842
    endloop
  endfacet
  facet normal 1 0 0
    outer loop
      vertex 7.03 63.2904 8.45293
      vertex 7.03 63.2904 7.54707
      vertex 7.03 63.335 7.77158
    endloop
  endfacet
  facet normal 1 0 0
    outer loop
      vertex 7.03 63.2168 8.6697
      vertex 7.03 63.2904 7.54707
      vertex 7.03 63.2904 8.45293
    endloop
  endfacet
  facet normal 1 0 0
    outer loop
      vertex 7.03 63.2168 8.6697
      vertex 7.03 63.2168 7.3303
      vertex 7.03 63.2904 7.54707
    endloop
  endfacet
  facet normal 1 0 0
    outer loop
      vertex 7.03 63.1155 8.875
      vertex 7.03 63.2168 7.3303
      vertex 7.03 63.2168 8.6697
    endloop
  endfacet
  facet normal 1 0 0
    outer loop
      vertex 7.03 63.1155 8.875
      vertex 7.03 63.1155 7.125
      vertex 7.03 63.2168 7.3303
    endloop
  endfacet
  facet normal 1 0 0
    outer loop
      vertex 7.03 62.9884 9.06533
      vertex 7.03 63.1155 7.125
      vertex 7.03 63.1155 8.875
    endloop
  endfacet
  facet normal 1 0 0
    outer loop
      vertex 7.03 62.9884 9.06533
      vertex 7.03 62.9884 6.93467
      vertex 7.03 63.1155 7.125
    endloop
  endfacet
  facet normal 1 0 0
    outer loop
      vertex 7.03 62.8374 9.23744
      vertex 7.03 62.9884 6.93467
      vertex 7.03 62.9884 9.06533
    endloop
  endfacet
  facet normal 1 0 0
    outer loop
      vertex 7.03 62.8374 9.23744
      vertex 7.03 62.8374 6.76256
      vertex 7.03 62.9884 6.93467
    endloop
  endfacet
  facet normal 1 0 0
    outer loop
      vertex 7.03 62.6653 9.38837
      vertex 7.03 62.8374 6.76256
      vertex 7.03 62.8374 9.23744
    endloop
  endfacet
  facet normal 1 0 0
    outer loop
      vertex 7.03 62.6653 9.38837
      vertex 7.03 62.6653 6.61163
      vertex 7.03 62.8374 6.76256
    endloop
  endfacet
  facet normal 1 0 0
    outer loop
      vertex 7.03 62.475 9.51554
      vertex 7.03 62.6653 6.61163
      vertex 7.03 62.6653 9.38837
    endloop
  endfacet
  facet normal 1 0 0
    outer loop
      vertex 7.03 62.475 9.51554
      vertex 7.03 62.475 6.48446
      vertex 7.03 62.6653 6.61163
    endloop
  endfacet
  facet normal 1 0 0
    outer loop
      vertex 7.03 62.2697 9.61679
      vertex 7.03 62.475 6.48446
      vertex 7.03 62.475 9.51554
    endloop
  endfacet
  facet normal 1 0 0
    outer loop
      vertex 7.03 62.2697 9.61679
      vertex 7.03 62.2697 6.38321
      vertex 7.03 62.475 6.48446
    endloop
  endfacet
  facet normal 1 0 0
    outer loop
      vertex 7.03 62.0529 9.69037
      vertex 7.03 62.2697 6.38321
      vertex 7.03 62.2697 9.61679
    endloop
  endfacet
  facet normal 1 0 0
    outer loop
      vertex 7.03 62.0529 9.69037
      vertex 7.03 62.0529 6.30963
      vertex 7.03 62.2697 6.38321
    endloop
  endfacet
  facet normal 1 0 0
    outer loop
      vertex 7.03 61.8284 9.73503
      vertex 7.03 62.0529 6.30963
      vertex 7.03 62.0529 9.69037
    endloop
  endfacet
  facet normal 1 0 0
    outer loop
      vertex 7.03 61.8284 9.73503
      vertex 7.03 61.8284 6.26497
      vertex 7.03 62.0529 6.30963
    endloop
  endfacet
  facet normal 1 0 0
    outer loop
      vertex 7.03 61.6 9.75
      vertex 7.03 61.8284 6.26497
      vertex 7.03 61.8284 9.73503
    endloop
  endfacet
  facet normal 1 0 0
    outer loop
      vertex 7.03 61.6 9.75
      vertex 7.03 61.6 6.25
      vertex 7.03 61.8284 6.26497
    endloop
  endfacet
  facet normal 1 -0 0
    outer loop
      vertex 7.03 61.3716 9.73503
      vertex 7.03 61.6 6.25
      vertex 7.03 61.6 9.75
    endloop
  endfacet
  facet normal 1 0 0
    outer loop
      vertex 7.03 61.3716 9.73503
      vertex 7.03 61.3716 6.26497
      vertex 7.03 61.6 6.25
    endloop
  endfacet
  facet normal 1 -0 0
    outer loop
      vertex 7.03 61.1471 9.69037
      vertex 7.03 61.3716 6.26497
      vertex 7.03 61.3716 9.73503
    endloop
  endfacet
  facet normal 1 0 0
    outer loop
      vertex 7.03 61.1471 9.69037
      vertex 7.03 61.1471 6.30963
      vertex 7.03 61.3716 6.26497
    endloop
  endfacet
  facet normal 1 -0 0
    outer loop
      vertex 7.03 60.9303 9.61679
      vertex 7.03 61.1471 6.30963
      vertex 7.03 61.1471 9.69037
    endloop
  endfacet
  facet normal 1 0 0
    outer loop
      vertex 7.03 60.9303 9.61679
      vertex 7.03 60.9303 6.38321
      vertex 7.03 61.1471 6.30963
    endloop
  endfacet
  facet normal 1 -0 0
    outer loop
      vertex 7.03 60.725 9.51554
      vertex 7.03 60.9303 6.38321
      vertex 7.03 60.9303 9.61679
    endloop
  endfacet
  facet normal 1 0 0
    outer loop
      vertex 7.03 60.725 9.51554
      vertex 7.03 60.725 6.48446
      vertex 7.03 60.9303 6.38321
    endloop
  endfacet
  facet normal 1 -0 0
    outer loop
      vertex 7.03 60.5347 9.38837
      vertex 7.03 60.725 6.48446
      vertex 7.03 60.725 9.51554
    endloop
  endfacet
  facet normal 1 0 0
    outer loop
      vertex 7.03 60.5347 9.38837
      vertex 7.03 60.5347 6.61163
      vertex 7.03 60.725 6.48446
    endloop
  endfacet
  facet normal 1 -0 0
    outer loop
      vertex 7.03 60.3626 9.23744
      vertex 7.03 60.5347 6.61163
      vertex 7.03 60.5347 9.38837
    endloop
  endfacet
  facet normal 1 0 0
    outer loop
      vertex 7.03 60.3626 9.23744
      vertex 7.03 60.3626 6.76256
      vertex 7.03 60.5347 6.61163
    endloop
  endfacet
  facet normal 1 -0 0
    outer loop
      vertex 7.03 60.2116 9.06533
      vertex 7.03 60.3626 6.76256
      vertex 7.03 60.3626 9.23744
    endloop
  endfacet
  facet normal 1 0 0
    outer loop
      vertex 7.03 60.2116 9.06533
      vertex 7.03 60.2116 6.93467
      vertex 7.03 60.3626 6.76256
    endloop
  endfacet
  facet normal 1 -0 0
    outer loop
      vertex 7.03 60.0845 8.875
      vertex 7.03 60.2116 6.93467
      vertex 7.03 60.2116 9.06533
    endloop
  endfacet
  facet normal 1 0 0
    outer loop
      vertex 7.03 60.0845 8.875
      vertex 7.03 60.0845 7.125
      vertex 7.03 60.2116 6.93467
    endloop
  endfacet
  facet normal 1 -0 0
    outer loop
      vertex 7.03 59.9832 8.6697
      vertex 7.03 60.0845 7.125
      vertex 7.03 60.0845 8.875
    endloop
  endfacet
  facet normal 1 0 0
    outer loop
      vertex 7.03 59.9832 8.6697
      vertex 7.03 59.9832 7.3303
      vertex 7.03 60.0845 7.125
    endloop
  endfacet
  facet normal 1 -0 0
    outer loop
      vertex 7.03 59.9096 8.45293
      vertex 7.03 59.9832 7.3303
      vertex 7.03 59.9832 8.6697
    endloop
  endfacet
  facet normal 1 0 0
    outer loop
      vertex 7.03 59.9096 8.45293
      vertex 7.03 59.9096 7.54707
      vertex 7.03 59.9832 7.3303
    endloop
  endfacet
  facet normal 1 -0 0
    outer loop
      vertex 7.03 59.865 8.22842
      vertex 7.03 59.9096 7.54707
      vertex 7.03 59.9096 8.45293
    endloop
  endfacet
  facet normal 1 0 0
    outer loop
      vertex 7.03 59.865 8.22842
      vertex 7.03 59.865 7.77158
      vertex 7.03 59.9096 7.54707
    endloop
  endfacet
  facet normal 1 0 -0
    outer loop
      vertex 7.03 59.865 7.77158
      vertex 7.03 59.865 8.22842
      vertex 7.03 59.85 8
    endloop
  endfacet
  facet normal -0.595421 0.667705 0.446815
    outer loop
      vertex 7.67503 60.5452 7.29571
      vertex 7.66913 60.5882 7.22359
      vertex 7.03 60.2116 6.93467
    endloop
  endfacet
  facet normal -0.595329 0.668175 0.446234
    outer loop
      vertex 7.67503 60.5452 7.29571
      vertex 7.03 60.0845 7.125
      vertex 7.68084 60.503 7.36665
    endloop
  endfacet
  facet normal -0.595332 0.66819 0.446209
    outer loop
      vertex 7.03 60.0845 7.125
      vertex 7.67503 60.5452 7.29571
      vertex 7.03 60.2116 6.93467
    endloop
  endfacet
  facet normal -0.595288 0.80183 -0.0519635
    outer loop
      vertex 7.70067 60.3587 8.16341
      vertex 7.70138 60.3536 8.07658
      vertex 7.03 59.865 8.22842
    endloop
  endfacet
  facet normal -0.595338 0.258144 0.760877
    outer loop
      vertex 7.59982 61.0922 6.77413
      vertex 7.59072 61.1584 6.74455
      vertex 7.03 60.9303 6.38321
    endloop
  endfacet
  facet normal -0.595345 0.720531 -0.355527
    outer loop
      vertex 7.68558 60.4685 8.55544
      vertex 7.03 59.9832 8.6697
      vertex 7.03 60.0845 8.875
    endloop
  endfacet
  facet normal -0.595325 0.720464 -0.355697
    outer loop
      vertex 7.03 59.9832 8.6697
      vertex 7.68558 60.4685 8.55544
      vertex 7.69005 60.436 8.48213
    endloop
  endfacet
  facet normal -0.595324 0.258385 0.760807
    outer loop
      vertex 7.03 61.1471 6.30963
      vertex 7.59072 61.1584 6.74455
      vertex 7.5778 61.2523 6.70255
    endloop
  endfacet
  facet normal -0.595348 0.258223 0.760843
    outer loop
      vertex 7.59072 61.1584 6.74455
      vertex 7.03 61.1471 6.30963
      vertex 7.03 60.9303 6.38321
    endloop
  endfacet
  facet normal -0.595334 0.529775 -0.604083
    outer loop
      vertex 7.03 60.5347 9.38837
      vertex 7.64731 60.7468 8.96601
      vertex 7.03 60.3626 9.23744
    endloop
  endfacet
  facet normal -0.59533 0.529803 -0.604062
    outer loop
      vertex 7.64731 60.7468 8.96601
      vertex 7.03 60.5347 9.38837
      vertex 7.63865 60.8098 9.0298
    endloop
  endfacet
  facet normal -0.595319 0.720647 -0.355335
    outer loop
      vertex 7.68084 60.503 8.63335
      vertex 7.68558 60.4685 8.55544
      vertex 7.03 60.0845 8.875
    endloop
  endfacet
  facet normal -0.595332 0.66819 -0.446209
    outer loop
      vertex 7.67503 60.5452 8.70429
      vertex 7.03 60.0845 8.875
      vertex 7.03 60.2116 9.06533
    endloop
  endfacet
  facet normal -0.595329 0.668175 -0.446234
    outer loop
      vertex 7.03 60.0845 8.875
      vertex 7.67503 60.5452 8.70429
      vertex 7.68084 60.503 8.63335
    endloop
  endfacet
  facet normal -0.595368 0.760893 -0.258029
    outer loop
      vertex 7.69322 60.4129 8.4068
      vertex 7.69668 60.3878 8.3248
      vertex 7.03 59.9096 8.45293
    endloop
  endfacet
  facet normal -0.595331 0.60385 0.530044
    outer loop
      vertex 7.65502 60.6908 7.09075
      vertex 7.03 60.2116 6.93467
      vertex 7.66226 60.6381 7.15892
    endloop
  endfacet
  facet normal -0.595371 0.603956 0.529878
    outer loop
      vertex 7.03 60.2116 6.93467
      vertex 7.65502 60.6908 7.09075
      vertex 7.03 60.3626 6.76256
    endloop
  endfacet
  facet normal -0.59548 -0.787972 -0.156534
    outer loop
      vertex 7.03 63.335 8.22842
      vertex 7.32685 63.0774 8.39588
      vertex 7.03 63.2904 8.45293
    endloop
  endfacet
  facet normal -0.595199 -0.788059 -0.157167
    outer loop
      vertex 7.32685 63.0774 8.39588
      vertex 7.03 63.335 8.22842
      vertex 7.32201 63.1127 8.23721
    endloop
  endfacet
  facet normal -0.595439 -0.604565 -0.529107
    outer loop
      vertex 7.36634 62.7902 8.91329
      vertex 7.3707 62.7586 8.94449
      vertex 7.03 62.9884 9.06533
    endloop
  endfacet
  facet normal -0.595339 -0.668185 -0.446206
    outer loop
      vertex 7.03 63.1155 8.875
      vertex 7.36276 62.8163 8.87907
      vertex 7.03 62.9884 9.06533
    endloop
  endfacet
  facet normal -0.595323 -0.668168 -0.446254
    outer loop
      vertex 7.36276 62.8163 8.87907
      vertex 7.03 63.1155 8.875
      vertex 7.3499 62.9098 8.75623
    endloop
  endfacet
  facet normal -0.595494 -0.760758 0.258136
    outer loop
      vertex 7.03 63.2904 7.54707
      vertex 7.33662 63.0064 7.41743
      vertex 7.32875 63.0636 7.56785
    endloop
  endfacet
  facet normal -0.595424 -0.760757 0.2583
    outer loop
      vertex 7.33662 63.0064 7.41743
      vertex 7.03 63.2904 7.54707
      vertex 7.03 63.2168 7.3303
    endloop
  endfacet
  facet normal -0.595453 -0.72103 0.354332
    outer loop
      vertex 7.33931 62.9869 7.38227
      vertex 7.33662 63.0064 7.41743
      vertex 7.03 63.2168 7.3303
    endloop
  endfacet
  facet normal -0.595377 0.530036 0.603812
    outer loop
      vertex 7.65502 60.6908 7.09075
      vertex 7.64731 60.7468 7.03399
      vertex 7.03 60.3626 6.76256
    endloop
  endfacet
  facet normal -0.595352 -0.156713 -0.788033
    outer loop
      vertex 7.03 61.8284 9.73503
      vertex 7.48782 61.9068 9.37356
      vertex 7.50492 61.7824 9.38538
    endloop
  endfacet
  facet normal -0.595342 -0.156764 -0.788031
    outer loop
      vertex 7.48782 61.9068 9.37356
      vertex 7.03 61.8284 9.73503
      vertex 7.03 62.0529 9.69037
    endloop
  endfacet
  facet normal -0.595335 0.156667 0.788056
    outer loop
      vertex 7.5778 61.2523 6.70255
      vertex 7.56864 61.319 6.68237
      vertex 7.03 61.1471 6.30963
    endloop
  endfacet
  facet normal -0.595271 -0.529475 0.604408
    outer loop
      vertex 7.39073 62.6129 6.92117
      vertex 7.38552 62.6508 6.94924
      vertex 7.03 62.8374 6.76256
    endloop
  endfacet
  facet normal -0.595392 -0.446307 -0.66807
    outer loop
      vertex 7.42397 62.3711 9.23384
      vertex 7.43011 62.3264 9.25823
      vertex 7.03 62.475 9.51554
    endloop
  endfacet
  facet normal -0.595321 -0.720546 -0.355535
    outer loop
      vertex 7.03 63.2168 8.6697
      vertex 7.3499 62.9098 8.75623
      vertex 7.03 63.1155 8.875
    endloop
  endfacet
  facet normal -0.595298 -0.720538 -0.35559
    outer loop
      vertex 7.3499 62.9098 8.75623
      vertex 7.03 63.2168 8.6697
      vertex 7.33931 62.9869 8.61773
    endloop
  endfacet
  facet normal -0.595322 -0.529781 0.60409
    outer loop
      vertex 7.03 62.6653 6.61163
      vertex 7.39073 62.6129 6.92117
      vertex 7.03 62.8374 6.76256
    endloop
  endfacet
  facet normal -0.595357 -0.529674 0.604149
    outer loop
      vertex 7.39073 62.6129 6.92117
      vertex 7.03 62.6653 6.61163
      vertex 7.40695 62.4949 6.8337
    endloop
  endfacet
  facet normal -0.595409 0.604252 0.529498
    outer loop
      vertex 7.66913 60.5882 7.22359
      vertex 7.66226 60.6381 7.15892
      vertex 7.03 60.2116 6.93467
    endloop
  endfacet
  facet normal -0.595233 -0.801889 -0.0516905
    outer loop
      vertex 7.3205 63.1236 8.16272
      vertex 7.32088 63.1209 8.20023
      vertex 7.03 63.335 8.22842
    endloop
  endfacet
  facet normal -0.595293 0.787976 -0.157229
    outer loop
      vertex 7.69857 60.3741 8.24854
      vertex 7.70067 60.3587 8.16341
      vertex 7.03 59.865 8.22842
    endloop
  endfacet
  facet normal -0.595353 -0.0524521 -0.801751
    outer loop
      vertex 7.50492 61.7824 9.38538
      vertex 7.51363 61.719 9.38306
      vertex 7.03 61.8284 9.73503
    endloop
  endfacet
  facet normal -0.595335 0.156667 -0.788056
    outer loop
      vertex 7.56864 61.319 9.31763
      vertex 7.5778 61.2523 9.29745
      vertex 7.03 61.1471 9.69037
    endloop
  endfacet
  facet normal -0.595363 -0.156945 -0.787979
    outer loop
      vertex 7.4796 61.9665 9.36788
      vertex 7.48782 61.9068 9.37356
      vertex 7.03 62.0529 9.69037
    endloop
  endfacet
  facet normal -0.595336 -0.258028 -0.760918
    outer loop
      vertex 7.4545 62.1491 9.32556
      vertex 7.46209 62.0939 9.33834
      vertex 7.03 62.2697 9.61679
    endloop
  endfacet
  facet normal -0.595424 -0.604483 -0.529217
    outer loop
      vertex 6.37635 69.9902 8.91329
      vertex 6.3807 69.9586 8.94449
      vertex 6.04 70.1884 9.06533
    endloop
  endfacet
  facet normal -0.595272 -0.668049 0.4465
    outer loop
      vertex 6.04 70.3155 7.125
      vertex 6.37635 69.9902 7.08671
      vertex 6.36341 70.0843 7.21025
    endloop
  endfacet
  facet normal -0.595403 -0.668146 0.44618
    outer loop
      vertex 6.37635 69.9902 7.08671
      vertex 6.04 70.3155 7.125
      vertex 6.04 70.1884 6.93467
    endloop
  endfacet
  facet normal -0.595353 -0.0524521 -0.801751
    outer loop
      vertex 6.51492 68.9824 9.38538
      vertex 6.52363 68.919 9.38306
      vertex 6.04 69.0284 9.73503
    endloop
  endfacet
  facet normal -0.595357 -0.0525579 0.801741
    outer loop
      vertex 6.54 68.8 6.62129
      vertex 6.53127 68.8635 6.61897
      vertex 6.04 68.8 6.25
    endloop
  endfacet
  facet normal -0.595356 -0.0525485 0.801742
    outer loop
      vertex 6.04 68.8 6.25
      vertex 6.51492 68.9824 6.61462
      vertex 6.04 69.0284 6.26497
    endloop
  endfacet
  facet normal -0.595359 -0.0525362 0.80174
    outer loop
      vertex 6.51492 68.9824 6.61462
      vertex 6.04 68.8 6.25
      vertex 6.53127 68.8635 6.61897
    endloop
  endfacet
  facet normal -0.595356 -0.0525916 -0.801739
    outer loop
      vertex 6.04 68.8 9.75
      vertex 6.52363 68.919 9.38306
      vertex 6.54 68.8 9.37871
    endloop
  endfacet
  facet normal -0.595364 -0.0525481 -0.801736
    outer loop
      vertex 6.52363 68.919 9.38306
      vertex 6.04 68.8 9.75
      vertex 6.04 69.0284 9.73503
    endloop
  endfacet
  facet normal -0.595325 0.801732 0.0530559
    outer loop
      vertex 6.71138 67.5536 7.92342
      vertex 6.04 67.05 8
      vertex 6.71201 67.549 8
    endloop
  endfacet
  facet normal -0.595367 0.801727 0.0526482
    outer loop
      vertex 6.04 67.05 8
      vertex 6.71138 67.5536 7.92342
      vertex 6.04 67.065 7.77158
    endloop
  endfacet
  facet normal -0.595327 0.788084 -0.156557
    outer loop
      vertex 6.70879 67.5724 8.23944
      vertex 6.04 67.065 8.22842
      vertex 6.04 67.1096 8.45293
    endloop
  endfacet
  facet normal -0.595309 0.788064 -0.156723
    outer loop
      vertex 6.04 67.065 8.22842
      vertex 6.70879 67.5724 8.23944
      vertex 6.71067 67.5587 8.16341
    endloop
  endfacet
  facet normal -0.595368 0.760893 -0.258029
    outer loop
      vertex 6.70322 67.6129 8.4068
      vertex 6.70668 67.5878 8.3248
      vertex 6.04 67.1096 8.45293
    endloop
  endfacet
  facet normal -0.595279 -0.604007 -0.529923
    outer loop
      vertex 6.04 70.1884 9.06533
      vertex 6.39552 69.8508 9.05076
      vertex 6.04 70.0374 9.23744
    endloop
  endfacet
  facet normal -0.595347 -0.604085 -0.529758
    outer loop
      vertex 6.39552 69.8508 9.05076
      vertex 6.04 70.1884 9.06533
      vertex 6.3807 69.9586 8.94449
    endloop
  endfacet
  facet normal -0.595324 0.258385 0.760807
    outer loop
      vertex 6.04 68.3471 6.30963
      vertex 6.60072 68.3584 6.74455
      vertex 6.5878 68.4523 6.70255
    endloop
  endfacet
  facet normal -0.595348 0.258223 0.760843
    outer loop
      vertex 6.60072 68.3584 6.74455
      vertex 6.04 68.3471 6.30963
      vertex 6.04 68.1303 6.38321
    endloop
  endfacet
  facet normal -0.595335 0.156667 0.788056
    outer loop
      vertex 6.5878 68.4523 6.70255
      vertex 6.57864 68.519 6.68237
      vertex 6.04 68.3471 6.30963
    endloop
  endfacet
  facet normal -0.595463 -0.721063 -0.354249
    outer loop
      vertex 6.34662 70.2064 8.58256
      vertex 6.34931 70.1869 8.61773
      vertex 6.04 70.4168 8.6697
    endloop
  endfacet
  facet normal -0.595424 -0.604483 0.529217
    outer loop
      vertex 6.3807 69.9586 7.05551
      vertex 6.37635 69.9902 7.08671
      vertex 6.04 70.1884 6.93467
    endloop
  endfacet
  facet normal -0.595311 0.529786 -0.604096
    outer loop
      vertex 6.04 67.7347 9.38837
      vertex 6.66502 67.8907 8.90925
      vertex 6.04 67.5626 9.23744
    endloop
  endfacet
  facet normal -0.595375 0.52952 -0.604266
    outer loop
      vertex 6.66502 67.8907 8.90925
      vertex 6.04 67.7347 9.38837
      vertex 6.65642 67.9533 8.97258
    endloop
  endfacet
  facet normal -0.595494 -0.787879 0.156951
    outer loop
      vertex 6.33685 70.2774 7.60412
      vertex 6.33571 70.2857 7.64146
      vertex 6.04 70.4904 7.54707
    endloop
  endfacet
  facet normal -0.595363 -0.156945 0.787979
    outer loop
      vertex 6.49782 69.1068 6.62644
      vertex 6.4896 69.1665 6.63212
      vertex 6.04 69.2529 6.30963
    endloop
  endfacet
  facet normal -0.595422 -0.760833 -0.25808
    outer loop
      vertex 6.34469 70.2204 8.54574
      vertex 6.34662 70.2064 8.58256
      vertex 6.04 70.4168 8.6697
    endloop
  endfacet
  facet normal -0.595345 0.720531 -0.355527
    outer loop
      vertex 6.69558 67.6685 8.55544
      vertex 6.04 67.1832 8.6697
      vertex 6.04 67.2845 8.875
    endloop
  endfacet
  facet normal -0.595325 0.720464 -0.355697
    outer loop
      vertex 6.04 67.1832 8.6697
      vertex 6.69558 67.6685 8.55544
      vertex 6.70005 67.636 8.48213
    endloop
  endfacet
  facet normal -0.595272 -0.801798 0.0526529
    outer loop
      vertex 6.04 70.535 7.77158
      vertex 6.32925 70.3328 7.96262
      vertex 6.04 70.55 8
    endloop
  endfacet
  facet normal -0.595263 -0.801805 0.0526325
    outer loop
      vertex 6.32925 70.3328 7.96262
      vertex 6.04 70.535 7.77158
      vertex 6.33088 70.3209 7.79977
    endloop
  endfacet
  facet normal -0.595405 -0.445683 0.668476
    outer loop
      vertex 6.44011 69.5264 6.74176
      vertex 6.43397 69.5712 6.76616
      vertex 6.04 69.675 6.48446
    endloop
  endfacet
  facet normal -0.595483 -0.76075 0.258185
    outer loop
      vertex 6.04 70.4904 7.54707
      vertex 6.34469 70.2204 7.45425
      vertex 6.33685 70.2774 7.60412
    endloop
  endfacet
  facet normal -0.595444 -0.760743 0.258295
    outer loop
      vertex 6.34469 70.2204 7.45425
      vertex 6.04 70.4904 7.54707
      vertex 6.04 70.4168 7.3303
    endloop
  endfacet
  facet normal -0.595355 -0.446418 0.66803
    outer loop
      vertex 6.04 69.675 6.48446
      vertex 6.41695 69.6949 6.8337
      vertex 6.04 69.8653 6.61163
    endloop
  endfacet
  facet normal -0.595283 -0.446613 0.667963
    outer loop
      vertex 6.41695 69.6949 6.8337
      vertex 6.04 69.675 6.48446
      vertex 6.43397 69.5712 6.76616
    endloop
  endfacet
  facet normal -0.595409 0.604252 -0.529498
    outer loop
      vertex 6.67226 67.8381 8.84108
      vertex 6.67913 67.7882 8.77641
      vertex 6.04 67.4116 9.06533
    endloop
  endfacet
  facet normal -0.595348 0.355354 -0.720613
    outer loop
      vertex 6.60982 68.2922 9.22586
      vertex 6.61871 68.2275 9.18661
      vertex 6.04 68.1303 9.61679
    endloop
  endfacet
  facet normal -0.595336 -0.258028 0.760918
    outer loop
      vertex 6.47209 69.2939 6.66166
      vertex 6.4645 69.3491 6.67444
      vertex 6.04 69.4697 6.38321
    endloop
  endfacet
  facet normal -0.595349 0.156744 0.78803
    outer loop
      vertex 6.04 68.5716 6.26497
      vertex 6.57864 68.519 6.68237
      vertex 6.56442 68.6224 6.65106
    endloop
  endfacet
  facet normal -0.595346 0.156763 0.788028
    outer loop
      vertex 6.57864 68.519 6.68237
      vertex 6.04 68.5716 6.26497
      vertex 6.04 68.3471 6.30963
    endloop
  endfacet
  facet normal -0.595366 0.787987 0.156898
    outer loop
      vertex 6.70879 67.5724 7.76055
      vertex 6.70668 67.5878 7.6752
      vertex 6.04 67.1096 7.54707
    endloop
  endfacet
  facet normal -0.595325 0.720464 0.355697
    outer loop
      vertex 6.69558 67.6685 7.44456
      vertex 6.04 67.1832 7.3303
      vertex 6.70005 67.636 7.51787
    endloop
  endfacet
  facet normal -0.595345 0.720531 0.355527
    outer loop
      vertex 6.04 67.1832 7.3303
      vertex 6.69558 67.6685 7.44456
      vertex 6.04 67.2845 7.125
    endloop
  endfacet
  facet normal -0.595252 -0.78804 0.157059
    outer loop
      vertex 6.04 70.535 7.77158
      vertex 6.33571 70.2857 7.64146
      vertex 6.33088 70.3209 7.79977
    endloop
  endfacet
  facet normal -0.595445 -0.787998 0.15654
    outer loop
      vertex 6.33571 70.2857 7.64146
      vertex 6.04 70.535 7.77158
      vertex 6.04 70.4904 7.54707
    endloop
  endfacet
  facet normal -0.595288 0.80183 -0.0519635
    outer loop
      vertex 6.71067 67.5587 8.16341
      vertex 6.71138 67.5536 8.07658
      vertex 6.04 67.065 8.22842
    endloop
  endfacet
  facet normal -0.595338 0.258144 0.760877
    outer loop
      vertex 6.60982 68.2922 6.77413
      vertex 6.60072 68.3584 6.74455
      vertex 6.04 68.1303 6.38321
    endloop
  endfacet
  facet normal -0.595373 -0.355377 0.720582
    outer loop
      vertex 6.04 69.4697 6.38321
      vertex 6.44011 69.5264 6.74176
      vertex 6.04 69.675 6.48446
    endloop
  endfacet
  facet normal -0.595384 -0.355343 0.720589
    outer loop
      vertex 6.44011 69.5264 6.74176
      vertex 6.04 69.4697 6.38321
      vertex 6.45756 69.3995 6.6936
    endloop
  endfacet
  facet normal -0.595356 -0.529684 -0.60414
    outer loop
      vertex 6.41164 69.7335 9.13769
      vertex 6.41695 69.6949 9.1663
      vertex 6.04 69.8653 9.38837
    endloop
  endfacet
  facet normal -0.595449 -0.760739 -0.258294
    outer loop
      vertex 6.04 70.4904 8.45293
      vertex 6.34469 70.2204 8.54574
      vertex 6.04 70.4168 8.6697
    endloop
  endfacet
  facet normal -0.595483 -0.760745 -0.2582
    outer loop
      vertex 6.34469 70.2204 8.54574
      vertex 6.04 70.4904 8.45293
      vertex 6.33685 70.2774 8.39588
    endloop
  endfacet
  facet normal -0.59535 0.258239 -0.760836
    outer loop
      vertex 6.60072 68.3584 9.25545
      vertex 6.60982 68.2922 9.22586
      vertex 6.04 68.1303 9.61679
    endloop
  endfacet
  facet normal -0.595342 0.355404 0.720594
    outer loop
      vertex 6.04 68.1303 6.38321
      vertex 6.63018 68.1441 6.864
      vertex 6.61871 68.2275 6.81339
    endloop
  endfacet
  facet normal -0.595346 0.355386 0.7206
    outer loop
      vertex 6.63018 68.1441 6.864
      vertex 6.04 68.1303 6.38321
      vertex 6.04 67.925 6.48446
    endloop
  endfacet
  facet normal -0.595356 -0.529684 0.60414
    outer loop
      vertex 6.41695 69.6949 6.8337
      vertex 6.41164 69.7335 6.86231
      vertex 6.04 69.8653 6.61163
    endloop
  endfacet
  facet normal -0.595352 0.0525487 -0.801745
    outer loop
      vertex 6.04 68.8 9.75
      vertex 6.55538 68.6881 9.35996
      vertex 6.04 68.5716 9.73503
    endloop
  endfacet
  facet normal -0.595358 0.0525118 -0.801743
    outer loop
      vertex 6.55538 68.6881 9.35996
      vertex 6.04 68.8 9.75
      vertex 6.54 68.8 9.37871
    endloop
  endfacet
  facet normal -0.595427 -0.667708 -0.446803
    outer loop
      vertex 6.37276 70.0163 8.87907
      vertex 6.37635 69.9902 8.91329
      vertex 6.04 70.1884 9.06533
    endloop
  endfacet
  facet normal -0.595287 0.801831 0.0519575
    outer loop
      vertex 6.71138 67.5536 7.92342
      vertex 6.71067 67.5587 7.83658
      vertex 6.04 67.065 7.77158
    endloop
  endfacet
  facet normal -0.595323 -0.355839 -0.720395
    outer loop
      vertex 6.45756 69.3995 9.3064
      vertex 6.4645 69.3491 9.32556
      vertex 6.04 69.4697 9.61679
    endloop
  endfacet
  facet normal -0.595356 -0.258239 -0.760831
    outer loop
      vertex 6.04 69.2529 9.69037
      vertex 6.47209 69.2939 9.33834
      vertex 6.4896 69.1665 9.36788
    endloop
  endfacet
  facet normal -0.59536 -0.25822 -0.760834
    outer loop
      vertex 6.47209 69.2939 9.33834
      vertex 6.04 69.2529 9.69037
      vertex 6.04 69.4697 9.61679
    endloop
  endfacet
  facet normal 1 0 0
    outer loop
      vertex 6.04 70.535 8.22842
      vertex 6.04 70.535 7.77158
      vertex 6.04 70.55 8
    endloop
  endfacet
  facet normal 1 0 0
    outer loop
      vertex 6.04 70.4904 8.45293
      vertex 6.04 70.535 7.77158
      vertex 6.04 70.535 8.22842
    endloop
  endfacet
  facet normal 1 0 0
    outer loop
      vertex 6.04 70.4904 8.45293
      vertex 6.04 70.4904 7.54707
      vertex 6.04 70.535 7.77158
    endloop
  endfacet
  facet normal 1 0 0
    outer loop
      vertex 6.04 70.4168 8.6697
      vertex 6.04 70.4904 7.54707
      vertex 6.04 70.4904 8.45293
    endloop
  endfacet
  facet normal 1 0 0
    outer loop
      vertex 6.04 70.4168 8.6697
      vertex 6.04 70.4168 7.3303
      vertex 6.04 70.4904 7.54707
    endloop
  endfacet
  facet normal 1 0 0
    outer loop
      vertex 6.04 70.3155 8.875
      vertex 6.04 70.4168 7.3303
      vertex 6.04 70.4168 8.6697
    endloop
  endfacet
  facet normal 1 0 0
    outer loop
      vertex 6.04 70.3155 8.875
      vertex 6.04 70.3155 7.125
      vertex 6.04 70.4168 7.3303
    endloop
  endfacet
  facet normal 1 0 0
    outer loop
      vertex 6.04 70.1884 9.06533
      vertex 6.04 70.3155 7.125
      vertex 6.04 70.3155 8.875
    endloop
  endfacet
  facet normal 1 0 0
    outer loop
      vertex 6.04 70.1884 9.06533
      vertex 6.04 70.1884 6.93467
      vertex 6.04 70.3155 7.125
    endloop
  endfacet
  facet normal 1 0 0
    outer loop
      vertex 6.04 70.0374 9.23744
      vertex 6.04 70.1884 6.93467
      vertex 6.04 70.1884 9.06533
    endloop
  endfacet
  facet normal 1 0 0
    outer loop
      vertex 6.04 70.0374 9.23744
      vertex 6.04 70.0374 6.76256
      vertex 6.04 70.1884 6.93467
    endloop
  endfacet
  facet normal 1 0 0
    outer loop
      vertex 6.04 69.8653 9.38837
      vertex 6.04 70.0374 6.76256
      vertex 6.04 70.0374 9.23744
    endloop
  endfacet
  facet normal 1 0 0
    outer loop
      vertex 6.04 69.8653 9.38837
      vertex 6.04 69.8653 6.61163
      vertex 6.04 70.0374 6.76256
    endloop
  endfacet
  facet normal 1 0 0
    outer loop
      vertex 6.04 69.675 9.51554
      vertex 6.04 69.8653 6.61163
      vertex 6.04 69.8653 9.38837
    endloop
  endfacet
  facet normal 1 0 0
    outer loop
      vertex 6.04 69.675 9.51554
      vertex 6.04 69.675 6.48446
      vertex 6.04 69.8653 6.61163
    endloop
  endfacet
  facet normal 1 0 0
    outer loop
      vertex 6.04 69.4697 9.61679
      vertex 6.04 69.675 6.48446
      vertex 6.04 69.675 9.51554
    endloop
  endfacet
  facet normal 1 0 0
    outer loop
      vertex 6.04 69.4697 9.61679
      vertex 6.04 69.4697 6.38321
      vertex 6.04 69.675 6.48446
    endloop
  endfacet
  facet normal 1 0 0
    outer loop
      vertex 6.04 69.2529 9.69037
      vertex 6.04 69.4697 6.38321
      vertex 6.04 69.4697 9.61679
    endloop
  endfacet
  facet normal 1 0 0
    outer loop
      vertex 6.04 69.2529 9.69037
      vertex 6.04 69.2529 6.30963
      vertex 6.04 69.4697 6.38321
    endloop
  endfacet
  facet normal 1 0 0
    outer loop
      vertex 6.04 69.0284 9.73503
      vertex 6.04 69.2529 6.30963
      vertex 6.04 69.2529 9.69037
    endloop
  endfacet
  facet normal 1 0 0
    outer loop
      vertex 6.04 69.0284 9.73503
      vertex 6.04 69.0284 6.26497
      vertex 6.04 69.2529 6.30963
    endloop
  endfacet
  facet normal 1 0 0
    outer loop
      vertex 6.04 68.8 9.75
      vertex 6.04 69.0284 6.26497
      vertex 6.04 69.0284 9.73503
    endloop
  endfacet
  facet normal 1 0 0
    outer loop
      vertex 6.04 68.8 9.75
      vertex 6.04 68.8 6.25
      vertex 6.04 69.0284 6.26497
    endloop
  endfacet
  facet normal 1 -0 0
    outer loop
      vertex 6.04 68.5716 9.73503
      vertex 6.04 68.8 6.25
      vertex 6.04 68.8 9.75
    endloop
  endfacet
  facet normal 1 0 0
    outer loop
      vertex 6.04 68.5716 9.73503
      vertex 6.04 68.5716 6.26497
      vertex 6.04 68.8 6.25
    endloop
  endfacet
  facet normal 1 -0 0
    outer loop
      vertex 6.04 68.3471 9.69037
      vertex 6.04 68.5716 6.26497
      vertex 6.04 68.5716 9.73503
    endloop
  endfacet
  facet normal 1 0 0
    outer loop
      vertex 6.04 68.3471 9.69037
      vertex 6.04 68.3471 6.30963
      vertex 6.04 68.5716 6.26497
    endloop
  endfacet
  facet normal 1 -0 0
    outer loop
      vertex 6.04 68.1303 9.61679
      vertex 6.04 68.3471 6.30963
      vertex 6.04 68.3471 9.69037
    endloop
  endfacet
  facet normal 1 0 0
    outer loop
      vertex 6.04 68.1303 9.61679
      vertex 6.04 68.1303 6.38321
      vertex 6.04 68.3471 6.30963
    endloop
  endfacet
  facet normal 1 -0 0
    outer loop
      vertex 6.04 67.925 9.51554
      vertex 6.04 68.1303 6.38321
      vertex 6.04 68.1303 9.61679
    endloop
  endfacet
  facet normal 1 0 0
    outer loop
      vertex 6.04 67.925 9.51554
      vertex 6.04 67.925 6.48446
      vertex 6.04 68.1303 6.38321
    endloop
  endfacet
  facet normal 1 -0 0
    outer loop
      vertex 6.04 67.7347 9.38837
      vertex 6.04 67.925 6.48446
      vertex 6.04 67.925 9.51554
    endloop
  endfacet
  facet normal 1 0 0
    outer loop
      vertex 6.04 67.7347 9.38837
      vertex 6.04 67.7347 6.61163
      vertex 6.04 67.925 6.48446
    endloop
  endfacet
  facet normal 1 -0 0
    outer loop
      vertex 6.04 67.5626 9.23744
      vertex 6.04 67.7347 6.61163
      vertex 6.04 67.7347 9.38837
    endloop
  endfacet
  facet normal 1 0 0
    outer loop
      vertex 6.04 67.5626 9.23744
      vertex 6.04 67.5626 6.76256
      vertex 6.04 67.7347 6.61163
    endloop
  endfacet
  facet normal 1 -0 0
    outer loop
      vertex 6.04 67.4116 9.06533
      vertex 6.04 67.5626 6.76256
      vertex 6.04 67.5626 9.23744
    endloop
  endfacet
  facet normal 1 0 0
    outer loop
      vertex 6.04 67.4116 9.06533
      vertex 6.04 67.4116 6.93467
      vertex 6.04 67.5626 6.76256
    endloop
  endfacet
  facet normal 1 -0 0
    outer loop
      vertex 6.04 67.2845 8.875
      vertex 6.04 67.4116 6.93467
      vertex 6.04 67.4116 9.06533
    endloop
  endfacet
  facet normal 1 0 0
    outer loop
      vertex 6.04 67.2845 8.875
      vertex 6.04 67.2845 7.125
      vertex 6.04 67.4116 6.93467
    endloop
  endfacet
  facet normal 1 -0 0
    outer loop
      vertex 6.04 67.1832 8.6697
      vertex 6.04 67.2845 7.125
      vertex 6.04 67.2845 8.875
    endloop
  endfacet
  facet normal 1 0 0
    outer loop
      vertex 6.04 67.1832 8.6697
      vertex 6.04 67.1832 7.3303
      vertex 6.04 67.2845 7.125
    endloop
  endfacet
  facet normal 1 -0 0
    outer loop
      vertex 6.04 67.1096 8.45293
      vertex 6.04 67.1832 7.3303
      vertex 6.04 67.1832 8.6697
    endloop
  endfacet
  facet normal 1 0 0
    outer loop
      vertex 6.04 67.1096 8.45293
      vertex 6.04 67.1096 7.54707
      vertex 6.04 67.1832 7.3303
    endloop
  endfacet
  facet normal 1 -0 0
    outer loop
      vertex 6.04 67.065 8.22842
      vertex 6.04 67.1096 7.54707
      vertex 6.04 67.1096 8.45293
    endloop
  endfacet
  facet normal 1 0 0
    outer loop
      vertex 6.04 67.065 8.22842
      vertex 6.04 67.065 7.77158
      vertex 6.04 67.1096 7.54707
    endloop
  endfacet
  facet normal 1 0 -0
    outer loop
      vertex 6.04 67.065 7.77158
      vertex 6.04 67.065 8.22842
      vertex 6.04 67.05 8
    endloop
  endfacet
  facet normal -0.595325 0.801732 -0.0530559
    outer loop
      vertex 6.04 67.05 8
      vertex 6.71138 67.5536 8.07658
      vertex 6.71201 67.549 8
    endloop
  endfacet
  facet normal -0.595367 0.801727 -0.0526482
    outer loop
      vertex 6.71138 67.5536 8.07658
      vertex 6.04 67.05 8
      vertex 6.04 67.065 8.22842
    endloop
  endfacet
  facet normal -0.595309 0.60399 -0.529908
    outer loop
      vertex 6.66502 67.8907 8.90925
      vertex 6.04 67.4116 9.06533
      vertex 6.04 67.5626 9.23744
    endloop
  endfacet
  facet normal -0.595411 0.604262 -0.529484
    outer loop
      vertex 6.04 67.4116 9.06533
      vertex 6.66502 67.8907 8.90925
      vertex 6.67226 67.8381 8.84108
    endloop
  endfacet
  facet normal -0.595445 -0.787998 -0.15654
    outer loop
      vertex 6.04 70.535 8.22842
      vertex 6.33571 70.2857 8.35854
      vertex 6.04 70.4904 8.45293
    endloop
  endfacet
  facet normal -0.595252 -0.78804 -0.157059
    outer loop
      vertex 6.33571 70.2857 8.35854
      vertex 6.04 70.535 8.22842
      vertex 6.33088 70.3209 8.20023
    endloop
  endfacet
  facet normal -0.595354 0.0525486 0.801743
    outer loop
      vertex 6.04 68.5716 6.26497
      vertex 6.54905 68.7342 6.63232
      vertex 6.04 68.8 6.25
    endloop
  endfacet
  facet normal -0.595353 0.0525414 0.801745
    outer loop
      vertex 6.54905 68.7342 6.63232
      vertex 6.04 68.5716 6.26497
      vertex 6.56442 68.6224 6.65106
    endloop
  endfacet
  facet normal -0.595358 0.0525111 0.801743
    outer loop
      vertex 6.54905 68.7342 6.63232
      vertex 6.54 68.8 6.62129
      vertex 6.04 68.8 6.25
    endloop
  endfacet
  facet normal -0.595494 -0.787879 -0.156951
    outer loop
      vertex 6.33571 70.2857 8.35854
      vertex 6.33685 70.2774 8.39588
      vertex 6.04 70.4904 8.45293
    endloop
  endfacet
  facet normal -0.595347 -0.604085 0.529758
    outer loop
      vertex 6.04 70.1884 6.93467
      vertex 6.39552 69.8508 6.94924
      vertex 6.3807 69.9586 7.05551
    endloop
  endfacet
  facet normal -0.595279 -0.604007 0.529923
    outer loop
      vertex 6.39552 69.8508 6.94924
      vertex 6.04 70.1884 6.93467
      vertex 6.04 70.0374 6.76256
    endloop
  endfacet
  facet normal -0.595352 -0.156713 -0.788033
    outer loop
      vertex 6.04 69.0284 9.73503
      vertex 6.49782 69.1068 9.37356
      vertex 6.51492 68.9824 9.38538
    endloop
  endfacet
  facet normal -0.595342 -0.156764 -0.788031
    outer loop
      vertex 6.49782 69.1068 9.37356
      vertex 6.04 69.0284 9.73503
      vertex 6.04 69.2529 9.69037
    endloop
  endfacet
  facet normal -0.595369 -0.529592 -0.604208
    outer loop
      vertex 6.04 69.8653 9.38837
      vertex 6.39552 69.8508 9.05076
      vertex 6.41164 69.7335 9.13769
    endloop
  endfacet
  facet normal -0.595285 -0.529799 -0.60411
    outer loop
      vertex 6.39552 69.8508 9.05076
      vertex 6.04 69.8653 9.38837
      vertex 6.04 70.0374 9.23744
    endloop
  endfacet
  facet normal -0.59536 -0.25822 0.760834
    outer loop
      vertex 6.04 69.2529 6.30963
      vertex 6.47209 69.2939 6.66166
      vertex 6.04 69.4697 6.38321
    endloop
  endfacet
  facet normal -0.595356 -0.258239 0.760831
    outer loop
      vertex 6.47209 69.2939 6.66166
      vertex 6.04 69.2529 6.30963
      vertex 6.4896 69.1665 6.63212
    endloop
  endfacet
  facet normal -0.595342 -0.156764 0.788031
    outer loop
      vertex 6.04 69.0284 6.26497
      vertex 6.49782 69.1068 6.62644
      vertex 6.04 69.2529 6.30963
    endloop
  endfacet
  facet normal -0.595352 -0.156713 0.788033
    outer loop
      vertex 6.49782 69.1068 6.62644
      vertex 6.04 69.0284 6.26497
      vertex 6.51492 68.9824 6.61462
    endloop
  endfacet
  facet normal -0.595363 -0.156945 -0.787979
    outer loop
      vertex 6.4896 69.1665 9.36788
      vertex 6.49782 69.1068 9.37356
      vertex 6.04 69.2529 9.69037
    endloop
  endfacet
  facet normal -0.595362 0.446415 -0.668025
    outer loop
      vertex 6.04 67.925 9.51554
      vertex 6.64028 68.0707 9.07792
      vertex 6.04 67.7347 9.38837
    endloop
  endfacet
  facet normal -0.595335 0.446598 -0.667927
    outer loop
      vertex 6.64028 68.0707 9.07792
      vertex 6.04 67.925 9.51554
      vertex 6.63018 68.1441 9.136
    endloop
  endfacet
  facet normal -0.595421 0.667705 -0.446815
    outer loop
      vertex 6.67913 67.7882 8.77641
      vertex 6.68503 67.7452 8.70429
      vertex 6.04 67.4116 9.06533
    endloop
  endfacet
  facet normal -0.595346 0.355386 -0.7206
    outer loop
      vertex 6.04 68.1303 9.61679
      vertex 6.63018 68.1441 9.136
      vertex 6.04 67.925 9.51554
    endloop
  endfacet
  facet normal -0.595342 0.355404 -0.720594
    outer loop
      vertex 6.63018 68.1441 9.136
      vertex 6.04 68.1303 9.61679
      vertex 6.61871 68.2275 9.18661
    endloop
  endfacet
  facet normal -0.595346 0.156763 -0.788028
    outer loop
      vertex 6.04 68.5716 9.73503
      vertex 6.57864 68.519 9.31763
      vertex 6.04 68.3471 9.69037
    endloop
  endfacet
  facet normal -0.595349 0.156744 -0.78803
    outer loop
      vertex 6.57864 68.519 9.31763
      vertex 6.04 68.5716 9.73503
      vertex 6.56442 68.6224 9.34894
    endloop
  endfacet
  facet normal -0.595326 0.446172 -0.66822
    outer loop
      vertex 6.64028 68.0707 9.07792
      vertex 6.64865 68.0098 9.0298
      vertex 6.04 67.7347 9.38837
    endloop
  endfacet
  facet normal -0.595337 0.760818 -0.258321
    outer loop
      vertex 6.70005 67.636 8.48213
      vertex 6.04 67.1096 8.45293
      vertex 6.04 67.1832 8.6697
    endloop
  endfacet
  facet normal -0.59533 0.760812 -0.258356
    outer loop
      vertex 6.04 67.1096 8.45293
      vertex 6.70005 67.636 8.48213
      vertex 6.70322 67.6129 8.4068
    endloop
  endfacet
  facet normal -0.59533 0.760812 0.258356
    outer loop
      vertex 6.70005 67.636 7.51787
      vertex 6.04 67.1096 7.54707
      vertex 6.70322 67.6129 7.5932
    endloop
  endfacet
  facet normal -0.595337 0.760818 0.258321
    outer loop
      vertex 6.04 67.1096 7.54707
      vertex 6.70005 67.636 7.51787
      vertex 6.04 67.1832 7.3303
    endloop
  endfacet
  facet normal -0.595283 -0.446613 -0.667963
    outer loop
      vertex 6.04 69.675 9.51554
      vertex 6.41695 69.6949 9.1663
      vertex 6.43397 69.5712 9.23384
    endloop
  endfacet
  facet normal -0.595355 -0.446418 -0.66803
    outer loop
      vertex 6.41695 69.6949 9.1663
      vertex 6.04 69.675 9.51554
      vertex 6.04 69.8653 9.38837
    endloop
  endfacet
  facet normal -0.595319 0.720647 0.355335
    outer loop
      vertex 6.69558 67.6685 7.44456
      vertex 6.69084 67.703 7.36665
      vertex 6.04 67.2845 7.125
    endloop
  endfacet
  facet normal -0.595417 -0.760837 0.258082
    outer loop
      vertex 6.34662 70.2064 7.41743
      vertex 6.34469 70.2204 7.45425
      vertex 6.04 70.4168 7.3303
    endloop
  endfacet
  facet normal -0.595331 0.668207 0.446185
    outer loop
      vertex 6.69084 67.703 7.36665
      vertex 6.68497 67.7456 7.29502
      vertex 6.04 67.2845 7.125
    endloop
  endfacet
  facet normal -0.595323 -0.355839 0.720395
    outer loop
      vertex 6.4645 69.3491 6.67444
      vertex 6.45756 69.3995 6.6936
      vertex 6.04 69.4697 6.38321
    endloop
  endfacet
  facet normal -0.595332 0.66819 -0.446209
    outer loop
      vertex 6.68503 67.7452 8.70429
      vertex 6.04 67.2845 8.875
      vertex 6.04 67.4116 9.06533
    endloop
  endfacet
  facet normal -0.595329 0.668175 -0.446234
    outer loop
      vertex 6.04 67.2845 8.875
      vertex 6.68503 67.7452 8.70429
      vertex 6.69084 67.703 8.63335
    endloop
  endfacet
  facet normal -0.595285 -0.529799 0.60411
    outer loop
      vertex 6.04 69.8653 6.61163
      vertex 6.39552 69.8508 6.94924
      vertex 6.04 70.0374 6.76256
    endloop
  endfacet
  facet normal -0.595369 -0.529592 0.604208
    outer loop
      vertex 6.39552 69.8508 6.94924
      vertex 6.04 69.8653 6.61163
      vertex 6.41164 69.7335 6.86231
    endloop
  endfacet
  facet normal -0.595378 -0.355392 -0.72057
    outer loop
      vertex 6.04 69.4697 9.61679
      vertex 6.44011 69.5264 9.25823
      vertex 6.45756 69.3995 9.3064
    endloop
  endfacet
  facet normal -0.595385 -0.355373 -0.720574
    outer loop
      vertex 6.44011 69.5264 9.25823
      vertex 6.04 69.4697 9.61679
      vertex 6.04 69.675 9.51554
    endloop
  endfacet
  facet normal -0.595365 0.78799 -0.15688
    outer loop
      vertex 6.70668 67.5878 8.3248
      vertex 6.70879 67.5724 8.23944
      vertex 6.04 67.1096 8.45293
    endloop
  endfacet
  facet normal -0.595337 0.355446 0.720578
    outer loop
      vertex 6.61871 68.2275 6.81339
      vertex 6.60982 68.2922 6.77413
      vertex 6.04 68.1303 6.38321
    endloop
  endfacet
  facet normal -0.595411 0.604262 0.529484
    outer loop
      vertex 6.66502 67.8907 7.09075
      vertex 6.04 67.4116 6.93467
      vertex 6.67226 67.8381 7.15892
    endloop
  endfacet
  facet normal -0.595309 0.60399 0.529908
    outer loop
      vertex 6.04 67.4116 6.93467
      vertex 6.66502 67.8907 7.09075
      vertex 6.04 67.5626 6.76256
    endloop
  endfacet
  facet normal -0.595336 -0.258028 -0.760918
    outer loop
      vertex 6.4645 69.3491 9.32556
      vertex 6.47209 69.2939 9.33834
      vertex 6.04 69.4697 9.61679
    endloop
  endfacet
  facet normal -0.595263 -0.801805 -0.0526325
    outer loop
      vertex 6.04 70.535 8.22842
      vertex 6.32925 70.3328 8.03738
      vertex 6.33088 70.3209 8.20023
    endloop
  endfacet
  facet normal -0.595272 -0.801798 -0.0526529
    outer loop
      vertex 6.32925 70.3328 8.03738
      vertex 6.04 70.535 8.22842
      vertex 6.04 70.55 8
    endloop
  endfacet
  facet normal -0.595328 0.52985 -0.604023
    outer loop
      vertex 6.64865 68.0098 9.0298
      vertex 6.65642 67.9533 8.97258
      vertex 6.04 67.7347 9.38837
    endloop
  endfacet
  facet normal -0.595335 0.446598 0.667927
    outer loop
      vertex 6.04 67.925 6.48446
      vertex 6.64028 68.0707 6.92208
      vertex 6.63018 68.1441 6.864
    endloop
  endfacet
  facet normal -0.595362 0.446415 0.668025
    outer loop
      vertex 6.64028 68.0707 6.92208
      vertex 6.04 67.925 6.48446
      vertex 6.04 67.7347 6.61163
    endloop
  endfacet
  facet normal -0.595409 0.604252 0.529498
    outer loop
      vertex 6.67913 67.7882 7.22359
      vertex 6.67226 67.8381 7.15892
      vertex 6.04 67.4116 6.93467
    endloop
  endfacet
  facet normal -0.595419 -0.44557 -0.668538
    outer loop
      vertex 6.43397 69.5712 9.23384
      vertex 6.44011 69.5264 9.25823
      vertex 6.04 69.675 9.51554
    endloop
  endfacet
  facet normal -0.595339 -0.668185 -0.446206
    outer loop
      vertex 6.04 70.3155 8.875
      vertex 6.37276 70.0163 8.87907
      vertex 6.04 70.1884 9.06533
    endloop
  endfacet
  facet normal -0.595323 -0.668168 -0.446254
    outer loop
      vertex 6.37276 70.0163 8.87907
      vertex 6.04 70.3155 8.875
      vertex 6.3599 70.1098 8.75623
    endloop
  endfacet
  facet normal -0.595321 -0.720546 -0.355535
    outer loop
      vertex 6.04 70.4168 8.6697
      vertex 6.3599 70.1098 8.75623
      vertex 6.04 70.3155 8.875
    endloop
  endfacet
  facet normal -0.595298 -0.720538 -0.35559
    outer loop
      vertex 6.3599 70.1098 8.75623
      vertex 6.04 70.4168 8.6697
      vertex 6.34931 70.1869 8.61773
    endloop
  endfacet
  facet normal -0.595348 0.258223 -0.760843
    outer loop
      vertex 6.04 68.3471 9.69037
      vertex 6.60072 68.3584 9.25545
      vertex 6.04 68.1303 9.61679
    endloop
  endfacet
  facet normal -0.595324 0.258385 -0.760807
    outer loop
      vertex 6.60072 68.3584 9.25545
      vertex 6.04 68.3471 9.69037
      vertex 6.5878 68.4523 9.29745
    endloop
  endfacet
  facet normal -0.595335 0.156667 -0.788056
    outer loop
      vertex 6.57864 68.519 9.31763
      vertex 6.5878 68.4523 9.29745
      vertex 6.04 68.3471 9.69037
    endloop
  endfacet
  facet normal -0.595362 -0.801782 -0.0518613
    outer loop
      vertex 6.32887 70.3355 8
      vertex 6.32925 70.3328 8.03738
      vertex 6.04 70.55 8
    endloop
  endfacet
  facet normal -0.595353 0.0525604 -0.801743
    outer loop
      vertex 6.55538 68.6881 9.35996
      vertex 6.56442 68.6224 9.34894
      vertex 6.04 68.5716 9.73503
    endloop
  endfacet
  facet normal -0.595328 0.52985 0.604023
    outer loop
      vertex 6.65642 67.9533 7.02742
      vertex 6.64865 68.0098 6.9702
      vertex 6.04 67.7347 6.61163
    endloop
  endfacet
  facet normal -0.595375 0.52952 0.604266
    outer loop
      vertex 6.04 67.7347 6.61163
      vertex 6.66502 67.8907 7.09075
      vertex 6.65642 67.9533 7.02742
    endloop
  endfacet
  facet normal -0.595311 0.529786 0.604096
    outer loop
      vertex 6.66502 67.8907 7.09075
      vertex 6.04 67.7347 6.61163
      vertex 6.04 67.5626 6.76256
    endloop
  endfacet
  facet normal -0.595233 0.667795 0.44693
    outer loop
      vertex 6.67913 67.7882 7.22359
      vertex 6.04 67.2845 7.125
      vertex 6.68497 67.7456 7.29502
    endloop
  endfacet
  facet normal -0.595397 0.66815 0.446182
    outer loop
      vertex 6.04 67.2845 7.125
      vertex 6.67913 67.7882 7.22359
      vertex 6.04 67.4116 6.93467
    endloop
  endfacet
  facet normal -0.595362 -0.801782 0.0518613
    outer loop
      vertex 6.32925 70.3328 7.96262
      vertex 6.32887 70.3355 8
      vertex 6.04 70.55 8
    endloop
  endfacet
  facet normal -0.595298 -0.720538 0.35559
    outer loop
      vertex 6.04 70.4168 7.3303
      vertex 6.3599 70.1098 7.24377
      vertex 6.34931 70.1869 7.38227
    endloop
  endfacet
  facet normal -0.595321 -0.720546 0.355535
    outer loop
      vertex 6.3599 70.1098 7.24377
      vertex 6.04 70.4168 7.3303
      vertex 6.04 70.3155 7.125
    endloop
  endfacet
  facet normal -0.59533 -0.668293 0.446058
    outer loop
      vertex 6.36341 70.0843 7.21025
      vertex 6.3599 70.1098 7.24377
      vertex 6.04 70.3155 7.125
    endloop
  endfacet
  facet normal -0.595453 -0.72103 0.354332
    outer loop
      vertex 6.34931 70.1869 7.38227
      vertex 6.34662 70.2064 7.41743
      vertex 6.04 70.4168 7.3303
    endloop
  endfacet
  facet normal -0.595368 0.760893 0.258029
    outer loop
      vertex 6.70668 67.5878 7.6752
      vertex 6.70322 67.6129 7.5932
      vertex 6.04 67.1096 7.54707
    endloop
  endfacet
  facet normal -0.595319 0.720647 -0.355335
    outer loop
      vertex 6.69084 67.703 8.63335
      vertex 6.69558 67.6685 8.55544
      vertex 6.04 67.2845 8.875
    endloop
  endfacet
  facet normal -0.595326 0.446172 0.66822
    outer loop
      vertex 6.64865 68.0098 6.9702
      vertex 6.64028 68.0707 6.92208
      vertex 6.04 67.7347 6.61163
    endloop
  endfacet
  facet normal -0.595307 0.788065 0.156723
    outer loop
      vertex 6.70879 67.5724 7.76055
      vertex 6.04 67.065 7.77158
      vertex 6.71067 67.5587 7.83658
    endloop
  endfacet
  facet normal -0.595325 0.788085 0.156557
    outer loop
      vertex 6.04 67.065 7.77158
      vertex 6.70879 67.5724 7.76055
      vertex 6.04 67.1096 7.54707
    endloop
  endfacet
  facet normal -0.980784 0 0.195095
    outer loop
      vertex -0.042592 -12 7.67648
      vertex -0.0106936 77 7.83684
      vertex -0.042592 77 7.67648
    endloop
  endfacet
  facet normal -0.980784 0 0.195095
    outer loop
      vertex -0.0106936 77 7.83684
      vertex -0.042592 -12 7.67648
      vertex -0.0106936 -12 7.83684
    endloop
  endfacet
  facet normal -0.997859 0 0.0654003
    outer loop
      vertex -0.0106936 -12 7.83684
      vertex 0 77 8
      vertex -0.0106936 77 7.83684
    endloop
  endfacet
  facet normal -0.997859 0 0.0654003
    outer loop
      vertex 0 77 8
      vertex -0.0106936 -12 7.83684
      vertex 0 -12 8
    endloop
  endfacet
  facet normal -0.980784 0 -0.195095
    outer loop
      vertex -0.0106936 -12 8.16316
      vertex -0.042592 77 8.32352
      vertex -0.0106936 77 8.16316
    endloop
  endfacet
  facet normal -0.980784 -0 -0.195095
    outer loop
      vertex -0.042592 77 8.32352
      vertex -0.0106936 -12 8.16316
      vertex -0.042592 -12 8.32352
    endloop
  endfacet
  facet normal -0.442454 0 0.896791
    outer loop
      vertex -0.652241 76.2346 6.90403
      vertex -0.625 -12 6.91747
      vertex -0.625 76.3149 6.91747
    endloop
  endfacet
  facet normal -0.442283 6.5323e-08 0.896875
    outer loop
      vertex -0.767949 76 6.84697
      vertex -0.625 -12 6.91747
      vertex -0.652241 76.2346 6.90403
    endloop
  endfacet
  facet normal -0.441674 1.29662e-06 0.897176
    outer loop
      vertex -0.771646 75.9945 6.84515
      vertex -0.625 -12 6.91747
      vertex -0.767949 76 6.84697
    endloop
  endfacet
  facet normal -0.442299 0 0.896867
    outer loop
      vertex -0.625 -12 6.91747
      vertex -0.771646 75.9945 6.84515
      vertex -0.771646 -12 6.84515
    endloop
  endfacet
  facet normal 0.997861 0 -0.0653783
    outer loop
      vertex -2.48931 -12 8.16316
      vertex -2.5 75 8
      vertex -2.48931 75.0007 8.16316
    endloop
  endfacet
  facet normal 0.997861 0 -0.0653783
    outer loop
      vertex -2.5 75 8
      vertex -2.48931 -12 8.16316
      vertex -2.5 -12 8
    endloop
  endfacet
  facet normal -0.659351 0 -0.751835
    outer loop
      vertex -0.489048 -12 8.99169
      vertex -0.366116 77 8.88388
      vertex -0.366116 -12 8.88388
    endloop
  endfacet
  facet normal -0.659351 0 -0.751835
    outer loop
      vertex -0.366116 77 8.88388
      vertex -0.489048 -12 8.99169
      vertex -0.489048 77 8.99169
    endloop
  endfacet
  facet normal -0.896877 0 0.44228
    outer loop
      vertex -0.167468 -12 7.375
      vertex -0.09515 77 7.52165
      vertex -0.167468 77 7.375
    endloop
  endfacet
  facet normal -0.896877 0 0.44228
    outer loop
      vertex -0.09515 77 7.52165
      vertex -0.167468 -12 7.375
      vertex -0.09515 -12 7.52165
    endloop
  endfacet
  facet normal 0.0654383 0 -0.997857
    outer loop
      vertex -1.25 -12 9.25
      vertex -1.28248 75.4133 9.24787
      vertex -1.25 75.4418 9.25
    endloop
  endfacet
  facet normal 0.0653783 0 -0.997861
    outer loop
      vertex -1.41316 75.326 9.23931
      vertex -1.25 -12 9.25
      vertex -1.41316 -12 9.23931
    endloop
  endfacet
  facet normal 0.0653635 -2.79115e-08 -0.997862
    outer loop
      vertex -1.25 -12 9.25
      vertex -1.41316 75.326 9.23931
      vertex -1.28248 75.4133 9.24787
    endloop
  endfacet
  facet normal 0.831466 0 0.555575
    outer loop
      vertex -2.24169 -12 7.23905
      vertex -2.33253 75.011 7.375
      vertex -2.33253 -12 7.375
    endloop
  endfacet
  facet normal 0.831466 0 0.555575
    outer loop
      vertex -2.33253 75.011 7.375
      vertex -2.24169 -12 7.23905
      vertex -2.24169 75.0169 7.23905
    endloop
  endfacet
  facet normal -0.321423 0 -0.946936
    outer loop
      vertex -0.771646 -12 9.15485
      vertex -0.913293 75.7825 9.20293
      vertex -0.771646 75.9945 9.15485
    endloop
  endfacet
  facet normal -0.321452 -0 -0.946926
    outer loop
      vertex -0.926476 75.7674 9.20741
      vertex -0.771646 -12 9.15485
      vertex -0.926476 -12 9.20741
    endloop
  endfacet
  facet normal -0.321759 -6.04267e-07 -0.946822
    outer loop
      vertex -0.771646 -12 9.15485
      vertex -0.926476 75.7674 9.20741
      vertex -0.913293 75.7825 9.20293
    endloop
  endfacet
  facet normal 0.321452 0 0.946926
    outer loop
      vertex -1.72835 75.1553 6.84515
      vertex -1.57352 -12 6.79259
      vertex -1.57352 75.2317 6.79259
    endloop
  endfacet
  facet normal 0.321452 0 0.946926
    outer loop
      vertex -1.57352 -12 6.79259
      vertex -1.72835 75.1553 6.84515
      vertex -1.72835 -12 6.84515
    endloop
  endfacet
  facet normal -0.442189 0 -0.896922
    outer loop
      vertex -0.625 -12 9.08253
      vertex -0.652241 76.2346 9.09596
      vertex -0.625 76.3149 9.08253
    endloop
  endfacet
  facet normal -0.442346 -6.01736e-08 -0.896845
    outer loop
      vertex -0.625 -12 9.08253
      vertex -0.767949 76 9.15303
      vertex -0.652241 76.2346 9.09596
    endloop
  endfacet
  facet normal -0.442299 -0 -0.896867
    outer loop
      vertex -0.771646 75.9945 9.15485
      vertex -0.625 -12 9.08253
      vertex -0.771646 -12 9.15485
    endloop
  endfacet
  facet normal -0.441674 1.29662e-06 -0.897176
    outer loop
      vertex -0.625 -12 9.08253
      vertex -0.771646 75.9945 9.15485
      vertex -0.767949 76 9.15303
    endloop
  endfacet
  facet normal -0.751833 0 -0.659354
    outer loop
      vertex -0.258307 -12 8.76095
      vertex -0.366116 77 8.88388
      vertex -0.258307 77 8.76095
    endloop
  endfacet
  facet normal -0.751833 -0 -0.659354
    outer loop
      vertex -0.366116 77 8.88388
      vertex -0.258307 -12 8.76095
      vertex -0.366116 -12 8.88388
    endloop
  endfacet
  facet normal 0.751814 0 -0.659375
    outer loop
      vertex -2.13388 -12 8.88388
      vertex -2.23895 75.0171 8.76408
      vertex -2.13388 75.038 8.88388
    endloop
  endfacet
  facet normal 0.752428 1.70464e-06 -0.658675
    outer loop
      vertex -2.13388 -12 8.88388
      vertex -2.24169 75.0169 8.76095
      vertex -2.23895 75.0171 8.76408
    endloop
  endfacet
  facet normal 0.75183 0 -0.659357
    outer loop
      vertex -2.24169 75.0169 8.76095
      vertex -2.13388 -12 8.88388
      vertex -2.24169 -12 8.76095
    endloop
  endfacet
  facet normal 0.555593 0 -0.831454
    outer loop
      vertex -1.875 -12 9.08253
      vertex -1.98236 75.0681 9.01079
      vertex -1.875 75.1046 9.08253
    endloop
  endfacet
  facet normal 0.555575 0 -0.831466
    outer loop
      vertex -2.01095 75.0625 8.99169
      vertex -1.875 -12 9.08253
      vertex -2.01095 -12 8.99169
    endloop
  endfacet
  facet normal 0.555505 -1.5716e-07 -0.831513
    outer loop
      vertex -1.875 -12 9.08253
      vertex -2.01095 75.0625 8.99169
      vertex -1.98236 75.0681 9.01079
    endloop
  endfacet
  facet normal 0.442639 0 0.8967
    outer loop
      vertex -1.73463 75.1522 6.84825
      vertex -1.72835 -12 6.84515
      vertex -1.72835 75.1553 6.84515
    endloop
  endfacet
  facet normal 0.442274 -3.26529e-08 0.89688
    outer loop
      vertex -1.875 75.1046 6.91747
      vertex -1.72835 -12 6.84515
      vertex -1.73463 75.1522 6.84825
    endloop
  endfacet
  facet normal 0.44229 0 0.896872
    outer loop
      vertex -1.72835 -12 6.84515
      vertex -1.875 75.1046 6.91747
      vertex -1.875 -12 6.91747
    endloop
  endfacet
  facet normal -0.0653783 -0 -0.997861
    outer loop
      vertex -1.25 75.4418 9.25
      vertex -1.08684 -12 9.23931
      vertex -1.25 -12 9.25
    endloop
  endfacet
  facet normal -0.0653783 0 -0.997861
    outer loop
      vertex -1.08684 -12 9.23931
      vertex -1.25 75.4418 9.25
      vertex -1.08684 75.5849 9.23931
    endloop
  endfacet
  facet normal 0.946926 0 -0.321452
    outer loop
      vertex -2.40485 -12 8.47835
      vertex -2.45741 75.0028 8.32352
      vertex -2.40485 75.0062 8.47835
    endloop
  endfacet
  facet normal 0.946926 0 -0.321452
    outer loop
      vertex -2.45741 75.0028 8.32352
      vertex -2.40485 -12 8.47835
      vertex -2.45741 -12 8.32352
    endloop
  endfacet
  facet normal 0.659357 0 0.75183
    outer loop
      vertex -2.13388 75.038 7.11612
      vertex -2.01095 -12 7.00831
      vertex -2.01095 75.0625 7.00831
    endloop
  endfacet
  facet normal 0.659357 0 0.75183
    outer loop
      vertex -2.01095 -12 7.00831
      vertex -2.13388 75.038 7.11612
      vertex -2.13388 -12 7.11612
    endloop
  endfacet
  facet normal -0.896877 0 -0.44228
    outer loop
      vertex -0.09515 -12 8.47835
      vertex -0.167468 77 8.625
      vertex -0.09515 77 8.47835
    endloop
  endfacet
  facet normal -0.896877 -0 -0.44228
    outer loop
      vertex -0.167468 77 8.625
      vertex -0.09515 -12 8.47835
      vertex -0.167468 -12 8.625
    endloop
  endfacet
  facet normal -0.997859 0 -0.0654003
    outer loop
      vertex 0 -12 8
      vertex -0.0106936 77 8.16316
      vertex 0 77 8
    endloop
  endfacet
  facet normal -0.997859 -0 -0.0654003
    outer loop
      vertex -0.0106936 77 8.16316
      vertex 0 -12 8
      vertex -0.0106936 -12 8.16316
    endloop
  endfacet
  facet normal -0.321423 0 0.946936
    outer loop
      vertex -0.913293 75.7825 6.79707
      vertex -0.771646 -12 6.84515
      vertex -0.771646 75.9945 6.84515
    endloop
  endfacet
  facet normal -0.321759 -6.04267e-07 0.946822
    outer loop
      vertex -0.926476 75.7674 6.79259
      vertex -0.771646 -12 6.84515
      vertex -0.913293 75.7825 6.79707
    endloop
  endfacet
  facet normal -0.321452 0 0.946926
    outer loop
      vertex -0.771646 -12 6.84515
      vertex -0.926476 75.7674 6.79259
      vertex -0.926476 -12 6.79259
    endloop
  endfacet
  facet normal -0.659351 0 0.751835
    outer loop
      vertex -0.489048 77 7.00831
      vertex -0.366116 -12 7.11612
      vertex -0.366116 77 7.11612
    endloop
  endfacet
  facet normal -0.659351 0 0.751835
    outer loop
      vertex -0.366116 -12 7.11612
      vertex -0.489048 77 7.00831
      vertex -0.489048 -12 7.00831
    endloop
  endfacet
  facet normal 0.19516 0 0.980771
    outer loop
      vertex -1.5 75.268 6.77797
      vertex -1.41316 -12 6.76069
      vertex -1.41316 75.326 6.76069
    endloop
  endfacet
  facet normal 0.195039 -1.26024e-07 0.980796
    outer loop
      vertex -1.57352 75.2317 6.79259
      vertex -1.41316 -12 6.76069
      vertex -1.5 75.268 6.77797
    endloop
  endfacet
  facet normal 0.195105 0 0.980782
    outer loop
      vertex -1.41316 -12 6.76069
      vertex -1.57352 75.2317 6.79259
      vertex -1.57352 -12 6.79259
    endloop
  endfacet
  facet normal -0.831469 0 0.555571
    outer loop
      vertex -0.258307 -12 7.23905
      vertex -0.167468 77 7.375
      vertex -0.258307 77 7.23905
    endloop
  endfacet
  facet normal -0.831469 0 0.555571
    outer loop
      vertex -0.167468 77 7.375
      vertex -0.258307 -12 7.23905
      vertex -0.167468 -12 7.375
    endloop
  endfacet
  facet normal 0.442639 0 -0.8967
    outer loop
      vertex -1.72835 -12 9.15485
      vertex -1.73463 75.1522 9.15175
      vertex -1.72835 75.1553 9.15485
    endloop
  endfacet
  facet normal 0.44229 0 -0.896872
    outer loop
      vertex -1.875 75.1046 9.08253
      vertex -1.72835 -12 9.15485
      vertex -1.875 -12 9.08253
    endloop
  endfacet
  facet normal 0.442274 -3.26529e-08 -0.89688
    outer loop
      vertex -1.72835 -12 9.15485
      vertex -1.875 75.1046 9.08253
      vertex -1.73463 75.1522 9.15175
    endloop
  endfacet
  facet normal -0.195093 0 -0.980785
    outer loop
      vertex -0.926476 -12 9.20741
      vertex -1.08579 75.5858 9.2391
      vertex -0.926476 75.7674 9.20741
    endloop
  endfacet
  facet normal -0.1951 -0 -0.980783
    outer loop
      vertex -1.08684 75.5849 9.23931
      vertex -0.926476 -12 9.20741
      vertex -1.08684 -12 9.23931
    endloop
  endfacet
  facet normal -0.196115 -1.9316e-06 -0.980581
    outer loop
      vertex -0.926476 -12 9.20741
      vertex -1.08684 75.5849 9.23931
      vertex -1.08579 75.5858 9.2391
    endloop
  endfacet
  facet normal 0.980782 0 0.195105
    outer loop
      vertex -2.45741 -12 7.67648
      vertex -2.48931 75.0007 7.83684
      vertex -2.48931 -12 7.83684
    endloop
  endfacet
  facet normal 0.980782 0 0.195105
    outer loop
      vertex -2.48931 75.0007 7.83684
      vertex -2.45741 -12 7.67648
      vertex -2.45741 75.0028 7.67648
    endloop
  endfacet
  facet normal 0.997861 -0 0.0653783
    outer loop
      vertex -2.5 -12 8
      vertex -2.48931 75.0007 7.83684
      vertex -2.5 75 8
    endloop
  endfacet
  facet normal 0.997861 0 0.0653783
    outer loop
      vertex -2.48931 75.0007 7.83684
      vertex -2.5 -12 8
      vertex -2.48931 -12 7.83684
    endloop
  endfacet
  facet normal -0.0653783 0 0.997861
    outer loop
      vertex -1.25 75.4418 6.75
      vertex -1.08684 -12 6.76069
      vertex -1.08684 75.5849 6.76069
    endloop
  endfacet
  facet normal -0.0653783 0 0.997861
    outer loop
      vertex -1.08684 -12 6.76069
      vertex -1.25 75.4418 6.75
      vertex -1.25 -12 6.75
    endloop
  endfacet
  facet normal -0.94693 0 -0.321441
    outer loop
      vertex -0.042592 -12 8.32352
      vertex -0.09515 77 8.47835
      vertex -0.042592 77 8.32352
    endloop
  endfacet
  facet normal -0.94693 -0 -0.321441
    outer loop
      vertex -0.09515 77 8.47835
      vertex -0.042592 -12 8.32352
      vertex -0.09515 -12 8.47835
    endloop
  endfacet
  facet normal 0.896872 0 -0.44229
    outer loop
      vertex -2.33253 -12 8.625
      vertex -2.40485 75.0062 8.47835
      vertex -2.33253 75.011 8.625
    endloop
  endfacet
  facet normal 0.896872 0 -0.44229
    outer loop
      vertex -2.40485 75.0062 8.47835
      vertex -2.33253 -12 8.625
      vertex -2.40485 -12 8.47835
    endloop
  endfacet
  facet normal -0.831469 0 -0.555571
    outer loop
      vertex -0.167468 -12 8.625
      vertex -0.258307 77 8.76095
      vertex -0.167468 77 8.625
    endloop
  endfacet
  facet normal -0.831469 -0 -0.555571
    outer loop
      vertex -0.258307 77 8.76095
      vertex -0.167468 -12 8.625
      vertex -0.258307 -12 8.76095
    endloop
  endfacet
  facet normal -0.555681 1.8561e-05 0.831396
    outer loop
      vertex -0.51711 76.7389 6.98956
      vertex -0.489048 77 7.00831
      vertex -0.5 77 7.00099
    endloop
  endfacet
  facet normal -0.555561 0 0.831475
    outer loop
      vertex -0.489048 77 7.00831
      vertex -0.51711 76.7389 6.98956
      vertex -0.489048 -12 7.00831
    endloop
  endfacet
  facet normal -0.555542 8.85332e-09 0.831488
    outer loop
      vertex -0.568148 76.4824 6.95546
      vertex -0.489048 -12 7.00831
      vertex -0.51711 76.7389 6.98956
    endloop
  endfacet
  facet normal -0.555597 -6.27753e-08 0.831451
    outer loop
      vertex -0.625 76.3149 6.91747
      vertex -0.489048 -12 7.00831
      vertex -0.568148 76.4824 6.95546
    endloop
  endfacet
  facet normal -0.555569 0 0.83147
    outer loop
      vertex -0.489048 -12 7.00831
      vertex -0.625 76.3149 6.91747
      vertex -0.625 -12 6.91747
    endloop
  endfacet
  facet normal 0.946926 0 0.321452
    outer loop
      vertex -2.40485 -12 7.52165
      vertex -2.45741 75.0028 7.67648
      vertex -2.45741 -12 7.67648
    endloop
  endfacet
  facet normal 0.946926 0 0.321452
    outer loop
      vertex -2.45741 75.0028 7.67648
      vertex -2.40485 -12 7.52165
      vertex -2.40485 75.0062 7.52165
    endloop
  endfacet
  facet normal 0.831466 0 -0.555575
    outer loop
      vertex -2.24169 -12 8.76095
      vertex -2.33253 75.011 8.625
      vertex -2.24169 75.0169 8.76095
    endloop
  endfacet
  facet normal 0.831466 0 -0.555575
    outer loop
      vertex -2.33253 75.011 8.625
      vertex -2.24169 -12 8.76095
      vertex -2.33253 -12 8.625
    endloop
  endfacet
  facet normal -0.555561 0 -0.831475
    outer loop
      vertex -0.51711 76.7389 9.01044
      vertex -0.489048 77 8.99169
      vertex -0.489048 -12 8.99169
    endloop
  endfacet
  facet normal -0.555681 1.8561e-05 -0.831396
    outer loop
      vertex -0.489048 77 8.99169
      vertex -0.51711 76.7389 9.01044
      vertex -0.5 77 8.99901
    endloop
  endfacet
  facet normal -0.555542 8.85332e-09 -0.831488
    outer loop
      vertex -0.489048 -12 8.99169
      vertex -0.568148 76.4824 9.04454
      vertex -0.51711 76.7389 9.01044
    endloop
  endfacet
  facet normal -0.555569 -0 -0.83147
    outer loop
      vertex -0.625 76.3149 9.08253
      vertex -0.489048 -12 8.99169
      vertex -0.625 -12 9.08253
    endloop
  endfacet
  facet normal -0.555597 -6.27753e-08 -0.831451
    outer loop
      vertex -0.489048 -12 8.99169
      vertex -0.625 76.3149 9.08253
      vertex -0.568148 76.4824 9.04454
    endloop
  endfacet
  facet normal -0.195093 0 0.980785
    outer loop
      vertex -1.08579 75.5858 6.7609
      vertex -0.926476 -12 6.79259
      vertex -0.926476 75.7674 6.79259
    endloop
  endfacet
  facet normal -0.196115 -1.9316e-06 0.980581
    outer loop
      vertex -1.08684 75.5849 6.76069
      vertex -0.926476 -12 6.79259
      vertex -1.08579 75.5858 6.7609
    endloop
  endfacet
  facet normal -0.1951 0 0.980783
    outer loop
      vertex -0.926476 -12 6.79259
      vertex -1.08684 75.5849 6.76069
      vertex -1.08684 -12 6.76069
    endloop
  endfacet
  facet normal -0.751833 0 0.659354
    outer loop
      vertex -0.366116 -12 7.11612
      vertex -0.258307 77 7.23905
      vertex -0.366116 77 7.11612
    endloop
  endfacet
  facet normal -0.751833 0 0.659354
    outer loop
      vertex -0.258307 77 7.23905
      vertex -0.366116 -12 7.11612
      vertex -0.258307 -12 7.23905
    endloop
  endfacet
  facet normal 0.55554 0 0.83149
    outer loop
      vertex -1.98236 75.0681 6.9892
      vertex -1.875 -12 6.91747
      vertex -1.875 75.1046 6.91747
    endloop
  endfacet
  facet normal 0.555706 2.96807e-07 0.831379
    outer loop
      vertex -2.01095 75.0625 7.00831
      vertex -1.875 -12 6.91747
      vertex -1.98236 75.0681 6.9892
    endloop
  endfacet
  facet normal 0.555575 0 0.831466
    outer loop
      vertex -1.875 -12 6.91747
      vertex -2.01095 75.0625 7.00831
      vertex -2.01095 -12 7.00831
    endloop
  endfacet
  facet normal -0.94693 0 0.321441
    outer loop
      vertex -0.09515 -12 7.52165
      vertex -0.042592 77 7.67648
      vertex -0.09515 77 7.52165
    endloop
  endfacet
  facet normal -0.94693 0 0.321441
    outer loop
      vertex -0.042592 77 7.67648
      vertex -0.09515 -12 7.52165
      vertex -0.042592 -12 7.67648
    endloop
  endfacet
  facet normal 0.980782 0 -0.195105
    outer loop
      vertex -2.45741 -12 8.32352
      vertex -2.48931 75.0007 8.16316
      vertex -2.45741 75.0028 8.32352
    endloop
  endfacet
  facet normal 0.980782 0 -0.195105
    outer loop
      vertex -2.48931 75.0007 8.16316
      vertex -2.45741 -12 8.32352
      vertex -2.48931 -12 8.16316
    endloop
  endfacet
  facet normal 0.321452 0 -0.946926
    outer loop
      vertex -1.72835 75.1553 9.15485
      vertex -1.57352 -12 9.20741
      vertex -1.72835 -12 9.15485
    endloop
  endfacet
  facet normal 0.321452 0 -0.946926
    outer loop
      vertex -1.57352 -12 9.20741
      vertex -1.72835 75.1553 9.15485
      vertex -1.57352 75.2317 9.20741
    endloop
  endfacet
  facet normal 0.19516 0 -0.980771
    outer loop
      vertex -1.41316 -12 9.23931
      vertex -1.5 75.268 9.22203
      vertex -1.41316 75.326 9.23931
    endloop
  endfacet
  facet normal 0.195105 0 -0.980782
    outer loop
      vertex -1.57352 75.2317 9.20741
      vertex -1.41316 -12 9.23931
      vertex -1.57352 -12 9.20741
    endloop
  endfacet
  facet normal 0.195039 -1.26024e-07 -0.980796
    outer loop
      vertex -1.41316 -12 9.23931
      vertex -1.57352 75.2317 9.20741
      vertex -1.5 75.268 9.22203
    endloop
  endfacet
  facet normal 0.0654383 0 0.997857
    outer loop
      vertex -1.28248 75.4133 6.75213
      vertex -1.25 -12 6.75
      vertex -1.25 75.4418 6.75
    endloop
  endfacet
  facet normal 0.0653635 -2.79115e-08 0.997862
    outer loop
      vertex -1.41316 75.326 6.76069
      vertex -1.25 -12 6.75
      vertex -1.28248 75.4133 6.75213
    endloop
  endfacet
  facet normal 0.0653783 0 0.997861
    outer loop
      vertex -1.25 -12 6.75
      vertex -1.41316 75.326 6.76069
      vertex -1.41316 -12 6.76069
    endloop
  endfacet
  facet normal 0.659357 0 -0.75183
    outer loop
      vertex -2.13388 75.038 8.88388
      vertex -2.01095 -12 8.99169
      vertex -2.13388 -12 8.88388
    endloop
  endfacet
  facet normal 0.659357 0 -0.75183
    outer loop
      vertex -2.01095 -12 8.99169
      vertex -2.13388 75.038 8.88388
      vertex -2.01095 75.0625 8.99169
    endloop
  endfacet
  facet normal 0.75183 0 0.659357
    outer loop
      vertex -2.13388 -12 7.11612
      vertex -2.24169 75.0169 7.23905
      vertex -2.24169 -12 7.23905
    endloop
  endfacet
  facet normal 0.752428 1.70464e-06 0.658675
    outer loop
      vertex -2.24169 75.0169 7.23905
      vertex -2.13388 -12 7.11612
      vertex -2.23895 75.0171 7.23592
    endloop
  endfacet
  facet normal 0.751814 0 0.659375
    outer loop
      vertex -2.23895 75.0171 7.23592
      vertex -2.13388 -12 7.11612
      vertex -2.13388 75.038 7.11612
    endloop
  endfacet
  facet normal 0.896872 0 0.44229
    outer loop
      vertex -2.33253 -12 7.375
      vertex -2.40485 75.0062 7.52165
      vertex -2.40485 -12 7.52165
    endloop
  endfacet
  facet normal 0.896872 0 0.44229
    outer loop
      vertex -2.40485 75.0062 7.52165
      vertex -2.33253 -12 7.375
      vertex -2.33253 75.011 7.375
    endloop
  endfacet
  facet normal -0.321884 0.946779 0
    outer loop
      vertex -1.875 75.1046 6.91747
      vertex -1.98236 75.0681 5.66683
      vertex -1.98236 75.0681 6.9892
    endloop
  endfacet
  facet normal -0.321172 0.947021 -6.81553e-05
    outer loop
      vertex -1.73463 75.1522 6.84825
      vertex -1.98236 75.0681 5.66683
      vertex -1.875 75.1046 6.91747
    endloop
  endfacet
  facet normal -0.321833 0.946796 8.64813e-05
    outer loop
      vertex -1.73463 75.1522 6.84825
      vertex -1.88411 75.1015 5.63348
      vertex -1.98236 75.0681 5.66683
    endloop
  endfacet
  facet normal -0.321203 0.94701 0
    outer loop
      vertex -1.88411 75.1015 5.63348
      vertex -1.73463 75.1522 6.84825
      vertex -1.73463 75.1522 5.60375
    endloop
  endfacet
  facet normal -0.321203 0.94701 0
    outer loop
      vertex -1.73463 75.1522 9.15175
      vertex -1.88411 75.1015 10.3665
      vertex -1.73463 75.1522 10.3962
    endloop
  endfacet
  facet normal -0.321833 0.946796 -8.64879e-05
    outer loop
      vertex -1.88411 75.1015 10.3665
      vertex -1.73463 75.1522 9.15175
      vertex -1.98236 75.0681 10.3332
    endloop
  endfacet
  facet normal -0.321172 0.947021 6.81537e-05
    outer loop
      vertex -1.875 75.1046 9.08253
      vertex -1.98236 75.0681 10.3332
      vertex -1.73463 75.1522 9.15175
    endloop
  endfacet
  facet normal -0.321884 0.946779 0
    outer loop
      vertex -1.98236 75.0681 10.3332
      vertex -1.875 75.1046 9.08253
      vertex -1.98236 75.0681 9.01079
    endloop
  endfacet
  facet normal -0.980773 0.195153 0
    outer loop
      vertex -0.568148 76.4824 6.95546
      vertex -0.51711 76.7389 5.66701
      vertex -0.568148 76.4824 5.64969
    endloop
  endfacet
  facet normal -0.980773 0.195153 0
    outer loop
      vertex -0.51711 76.7389 5.66701
      vertex -0.568148 76.4824 6.95546
      vertex -0.51711 76.7389 6.98956
    endloop
  endfacet
  facet normal -0.980773 0.195153 0
    outer loop
      vertex -0.568148 76.4824 9.04454
      vertex -0.51711 76.7389 10.333
      vertex -0.51711 76.7389 9.01044
    endloop
  endfacet
  facet normal -0.980773 0.195153 0
    outer loop
      vertex -0.51711 76.7389 10.333
      vertex -0.568148 76.4824 9.04454
      vertex -0.568148 76.4824 10.3503
    endloop
  endfacet
  facet normal -0.99786 0.0653902 0
    outer loop
      vertex -0.51711 76.7389 6.98956
      vertex -0.5 77 5.67282
      vertex -0.51711 76.7389 5.66701
    endloop
  endfacet
  facet normal -0.99786 0.0653902 0
    outer loop
      vertex -0.5 77 5.67282
      vertex -0.51711 76.7389 6.98956
      vertex -0.5 77 7.00099
    endloop
  endfacet
  facet normal -0.99786 0.0653902 0
    outer loop
      vertex -0.51711 76.7389 9.01044
      vertex -0.5 77 10.3272
      vertex -0.5 77 8.99901
    endloop
  endfacet
  facet normal -0.99786 0.0653902 0
    outer loop
      vertex -0.5 77 10.3272
      vertex -0.51711 76.7389 9.01044
      vertex -0.51711 76.7389 10.333
    endloop
  endfacet
  facet normal 0.322854 0.946448 -0.00124771
    outer loop
      vertex -3.01764 75.0681 9.69224
      vertex -3.26537 75.1522 9.38423
      vertex -3.19372 75.1279 9.49146
    endloop
  endfacet
  facet normal 0.321463 0.946922 0
    outer loop
      vertex -3.01764 75.0681 9.69224
      vertex -3.26537 75.1522 6.61577
      vertex -3.26537 75.1522 9.38423
    endloop
  endfacet
  facet normal 0.321463 0.946922 -0
    outer loop
      vertex -3.01764 75.0681 6.30776
      vertex -3.26537 75.1522 6.61577
      vertex -3.01764 75.0681 9.69224
    endloop
  endfacet
  facet normal 0.322853 0.946448 0.00124702
    outer loop
      vertex -3.26537 75.1522 6.61577
      vertex -3.01764 75.0681 6.30776
      vertex -3.19372 75.1279 6.50853
    endloop
  endfacet
  facet normal -0.555407 0.831579 0
    outer loop
      vertex -1.41316 75.326 6.76069
      vertex -1.5 75.268 5.56639
      vertex -1.5 75.268 6.77797
    endloop
  endfacet
  facet normal -0.555492 0.831522 8.97197e-06
    outer loop
      vertex -1.28248 75.4133 6.75213
      vertex -1.5 75.268 5.56639
      vertex -1.41316 75.326 6.76069
    endloop
  endfacet
  facet normal -0.555459 0.831544 0
    outer loop
      vertex -1.5 75.268 5.56639
      vertex -1.28248 75.4133 6.75213
      vertex -1.28248 75.4133 5.55213
    endloop
  endfacet
  facet normal -0.555459 0.831544 0
    outer loop
      vertex -1.28248 75.4133 9.24787
      vertex -1.5 75.268 10.4336
      vertex -1.28248 75.4133 10.4479
    endloop
  endfacet
  facet normal -0.555492 0.831522 -8.97204e-06
    outer loop
      vertex -1.41316 75.326 9.23931
      vertex -1.5 75.268 10.4336
      vertex -1.28248 75.4133 9.24787
    endloop
  endfacet
  facet normal -0.555407 0.831579 0
    outer loop
      vertex -1.5 75.268 10.4336
      vertex -1.41316 75.326 9.23931
      vertex -1.5 75.268 9.22203
    endloop
  endfacet
  facet normal -0.659378 0.751812 -1.30977e-05
    outer loop
      vertex -1.08684 75.5849 6.76069
      vertex -1.08579 75.5858 5.56076
      vertex -1.25 75.4418 6.75
    endloop
  endfacet
  facet normal -0.650791 0.759257 0
    outer loop
      vertex -1.08579 75.5858 5.56076
      vertex -1.08684 75.5849 6.76069
      vertex -1.08579 75.5858 6.7609
    endloop
  endfacet
  facet normal -0.659324 0.751859 0
    outer loop
      vertex -1.25 75.4418 5.55
      vertex -1.25 75.4418 6.75
      vertex -1.08579 75.5858 5.56076
    endloop
  endfacet
  facet normal -0.659553 0.751658 0
    outer loop
      vertex -1.28248 75.4133 5.55213
      vertex -1.25 75.4418 6.75
      vertex -1.25 75.4418 5.55
    endloop
  endfacet
  facet normal -0.659553 0.751658 0
    outer loop
      vertex -1.25 75.4418 6.75
      vertex -1.28248 75.4133 5.55213
      vertex -1.28248 75.4133 6.75213
    endloop
  endfacet
  facet normal -0.659378 0.751812 1.30982e-05
    outer loop
      vertex -1.08579 75.5858 10.4392
      vertex -1.08684 75.5849 9.23931
      vertex -1.25 75.4418 9.25
    endloop
  endfacet
  facet normal -0.650791 0.759257 0
    outer loop
      vertex -1.08684 75.5849 9.23931
      vertex -1.08579 75.5858 10.4392
      vertex -1.08579 75.5858 9.2391
    endloop
  endfacet
  facet normal -0.659324 0.751859 0
    outer loop
      vertex -1.25 75.4418 9.25
      vertex -1.25 75.4418 10.45
      vertex -1.08579 75.5858 10.4392
    endloop
  endfacet
  facet normal -0.659553 0.751658 0
    outer loop
      vertex -1.25 75.4418 10.45
      vertex -1.25 75.4418 9.25
      vertex -1.28248 75.4133 10.4479
    endloop
  endfacet
  facet normal -0.659553 0.751658 0
    outer loop
      vertex -1.28248 75.4133 10.4479
      vertex -1.25 75.4418 9.25
      vertex -1.28248 75.4133 9.24787
    endloop
  endfacet
  facet normal 0.553212 0.83304 0.00105846
    outer loop
      vertex -3.5 75.268 8.96496
      vertex -3.61652 75.3458 8.63411
      vertex -3.5135 75.277 8.93757
    endloop
  endfacet
  facet normal 0.554628 0.832098 0.000338272
    outer loop
      vertex -3.5 75.268 8.96496
      vertex -3.67904 75.3876 8.31979
      vertex -3.61652 75.3458 8.63411
    endloop
  endfacet
  facet normal 0.555484 0.831527 -4.86758e-06
    outer loop
      vertex -3.5 75.268 8.96496
      vertex -3.7 75.4016 8
      vertex -3.67904 75.3876 8.31979
    endloop
  endfacet
  facet normal 0.555459 0.831544 2.5287e-06
    outer loop
      vertex -3.5 75.268 8.96496
      vertex -3.67904 75.3876 7.68021
      vertex -3.7 75.4016 8
    endloop
  endfacet
  facet normal 0.555667 0.831405 -3.94404e-05
    outer loop
      vertex -3.5 75.268 8.96496
      vertex -3.61652 75.3458 7.36589
      vertex -3.67904 75.3876 7.68021
    endloop
  endfacet
  facet normal 0.555293 0.831655 -0
    outer loop
      vertex -3.5 75.268 7.03504
      vertex -3.61652 75.3458 7.36589
      vertex -3.5 75.268 8.96496
    endloop
  endfacet
  facet normal 0.553214 0.833038 -0.00105749
    outer loop
      vertex -3.61652 75.3458 7.36589
      vertex -3.5 75.268 7.03504
      vertex -3.5135 75.277 7.06242
    endloop
  endfacet
  facet normal -0.946965 0.321336 -4.83654e-06
    outer loop
      vertex -0.652241 76.2346 6.90403
      vertex -0.568148 76.4824 5.64969
      vertex -0.615892 76.3417 5.63348
    endloop
  endfacet
  facet normal -0.946941 0.321406 0
    outer loop
      vertex -0.568148 76.4824 5.64969
      vertex -0.625 76.3149 6.91747
      vertex -0.568148 76.4824 6.95546
    endloop
  endfacet
  facet normal -0.946948 0.321388 0
    outer loop
      vertex -0.652241 76.2346 6.90403
      vertex -0.615892 76.3417 5.63348
      vertex -0.652241 76.2346 5.62625
    endloop
  endfacet
  facet normal -0.946991 0.321261 -2.137e-05
    outer loop
      vertex -0.568148 76.4824 5.64969
      vertex -0.652241 76.2346 6.90403
      vertex -0.625 76.3149 6.91747
    endloop
  endfacet
  facet normal -0.946941 0.321406 0
    outer loop
      vertex -0.625 76.3149 9.08253
      vertex -0.568148 76.4824 10.3503
      vertex -0.568148 76.4824 9.04454
    endloop
  endfacet
  facet normal -0.946991 0.321261 2.13705e-05
    outer loop
      vertex -0.652241 76.2346 9.09596
      vertex -0.568148 76.4824 10.3503
      vertex -0.625 76.3149 9.08253
    endloop
  endfacet
  facet normal -0.946965 0.321336 4.83661e-06
    outer loop
      vertex -0.568148 76.4824 10.3503
      vertex -0.652241 76.2346 9.09596
      vertex -0.615892 76.3417 10.3665
    endloop
  endfacet
  facet normal -0.946948 0.321388 0
    outer loop
      vertex -0.615892 76.3417 10.3665
      vertex -0.652241 76.2346 9.09596
      vertex -0.652241 76.2346 10.3737
    endloop
  endfacet
  facet normal -0.195093 0.980785 0
    outer loop
      vertex -2.13388 75.038 7.11612
      vertex -2.23895 75.0171 5.76183
      vertex -2.23895 75.0171 7.23592
    endloop
  endfacet
  facet normal -0.195433 0.980717 2.74563e-05
    outer loop
      vertex -2.01095 75.0625 7.00831
      vertex -2.23895 75.0171 5.76183
      vertex -2.13388 75.038 7.11612
    endloop
  endfacet
  facet normal -0.192555 0.981286 -0.000519817
    outer loop
      vertex -1.98236 75.0681 6.9892
      vertex -2.23895 75.0171 5.76183
      vertex -2.01095 75.0625 7.00831
    endloop
  endfacet
  facet normal -0.194742 0.980854 -4.45858e-05
    outer loop
      vertex -1.98236 75.0681 6.9892
      vertex -2.18757 75.0273 5.7365
      vertex -2.23895 75.0171 5.76183
    endloop
  endfacet
  facet normal -0.195004 0.980802 0
    outer loop
      vertex -2.18757 75.0273 5.7365
      vertex -1.98236 75.0681 6.9892
      vertex -1.98236 75.0681 5.66683
    endloop
  endfacet
  facet normal -0.195004 0.980802 0
    outer loop
      vertex -1.98236 75.0681 9.01079
      vertex -2.18757 75.0273 10.2635
      vertex -1.98236 75.0681 10.3332
    endloop
  endfacet
  facet normal -0.194742 0.980855 4.45894e-05
    outer loop
      vertex -2.18757 75.0273 10.2635
      vertex -1.98236 75.0681 9.01079
      vertex -2.23895 75.0171 10.2382
    endloop
  endfacet
  facet normal -0.192554 0.981286 0.000519835
    outer loop
      vertex -2.01095 75.0625 8.99169
      vertex -2.23895 75.0171 10.2382
      vertex -1.98236 75.0681 9.01079
    endloop
  endfacet
  facet normal -0.195433 0.980717 -2.74557e-05
    outer loop
      vertex -2.13388 75.038 8.88388
      vertex -2.23895 75.0171 10.2382
      vertex -2.01095 75.0625 8.99169
    endloop
  endfacet
  facet normal -0.195093 0.980785 0
    outer loop
      vertex -2.23895 75.0171 10.2382
      vertex -2.13388 75.038 8.88388
      vertex -2.23895 75.0171 8.76408
    endloop
  endfacet
  facet normal 0.195199 0.980764 -0.000286657
    outer loop
      vertex -2.76105 75.0171 9.92654
      vertex -3.01764 75.0681 9.69224
      vertex -2.98241 75.0611 9.73241
    endloop
  endfacet
  facet normal 0.194947 0.980814 0
    outer loop
      vertex -2.76105 75.0171 9.92654
      vertex -3.01764 75.0681 6.30776
      vertex -3.01764 75.0681 9.69224
    endloop
  endfacet
  facet normal 0.194947 0.980814 -0
    outer loop
      vertex -2.76105 75.0171 6.07346
      vertex -3.01764 75.0681 6.30776
      vertex -2.76105 75.0171 9.92654
    endloop
  endfacet
  facet normal 0.195199 0.980764 0.000286657
    outer loop
      vertex -3.01764 75.0681 6.30776
      vertex -2.76105 75.0171 6.07346
      vertex -2.98241 75.0611 6.26759
    endloop
  endfacet
  facet normal -0.896848 0.442338 0
    outer loop
      vertex -0.767949 76 6.84697
      vertex -0.652241 76.2346 5.62625
      vertex -0.767949 76 5.60324
    endloop
  endfacet
  facet normal -0.896848 0.442338 0
    outer loop
      vertex -0.652241 76.2346 5.62625
      vertex -0.767949 76 6.84697
      vertex -0.652241 76.2346 6.90403
    endloop
  endfacet
  facet normal -0.896848 0.442338 0
    outer loop
      vertex -0.767949 76 9.15303
      vertex -0.652241 76.2346 10.3737
      vertex -0.652241 76.2346 9.09596
    endloop
  endfacet
  facet normal -0.896848 0.442338 0
    outer loop
      vertex -0.652241 76.2346 10.3737
      vertex -0.767949 76 9.15303
      vertex -0.767949 76 10.3968
    endloop
  endfacet
  facet normal -0.0655229 0.997851 0
    outer loop
      vertex -2.23895 75.0171 8.76408
      vertex -2.475 75.0016 10.1218
      vertex -2.23895 75.0171 10.2382
    endloop
  endfacet
  facet normal -0.0640414 0.997947 0.000258673
    outer loop
      vertex -2.475 75.0016 10.1218
      vertex -2.23895 75.0171 8.76408
      vertex -2.5 75 10.1051
    endloop
  endfacet
  facet normal -0.0714474 0.997444 -0.00118943
    outer loop
      vertex -2.24169 75.0169 8.76095
      vertex -2.5 75 10.1051
      vertex -2.23895 75.0171 8.76408
    endloop
  endfacet
  facet normal -0.0649184 0.997891 7.08781e-05
    outer loop
      vertex -2.33253 75.011 8.625
      vertex -2.5 75 10.1051
      vertex -2.24169 75.0169 8.76095
    endloop
  endfacet
  facet normal -0.0660984 0.997813 -6.32048e-05
    outer loop
      vertex -2.40485 75.0062 8.47835
      vertex -2.5 75 10.1051
      vertex -2.33253 75.011 8.625
    endloop
  endfacet
  facet normal -0.064622 0.99791 2.35156e-05
    outer loop
      vertex -2.45741 75.0028 8.32352
      vertex -2.5 75 10.1051
      vertex -2.40485 75.0062 8.47835
    endloop
  endfacet
  facet normal -0.0656792 0.997841 -1.86521e-06
    outer loop
      vertex -2.48931 75.0007 8.16316
      vertex -2.5 75 10.1051
      vertex -2.45741 75.0028 8.32352
    endloop
  endfacet
  facet normal -0.0653418 0.997863 0
    outer loop
      vertex -2.5 75 10.1051
      vertex -2.48931 75.0007 8.16316
      vertex -2.5 75 8
    endloop
  endfacet
  facet normal -0.0653418 0.997863 0
    outer loop
      vertex -2.48931 75.0007 7.83684
      vertex -2.5 75 5.89494
      vertex -2.5 75 8
    endloop
  endfacet
  facet normal -0.0656792 0.997841 1.86524e-06
    outer loop
      vertex -2.45741 75.0028 7.67648
      vertex -2.5 75 5.89494
      vertex -2.48931 75.0007 7.83684
    endloop
  endfacet
  facet normal -0.064622 0.99791 -2.35161e-05
    outer loop
      vertex -2.40485 75.0062 7.52165
      vertex -2.5 75 5.89494
      vertex -2.45741 75.0028 7.67648
    endloop
  endfacet
  facet normal -0.0660984 0.997813 6.32062e-05
    outer loop
      vertex -2.33253 75.011 7.375
      vertex -2.5 75 5.89494
      vertex -2.40485 75.0062 7.52165
    endloop
  endfacet
  facet normal -0.0649184 0.997891 -7.08797e-05
    outer loop
      vertex -2.24169 75.0169 7.23905
      vertex -2.5 75 5.89494
      vertex -2.33253 75.011 7.375
    endloop
  endfacet
  facet normal -0.0714473 0.997444 0.00118946
    outer loop
      vertex -2.23895 75.0171 7.23592
      vertex -2.5 75 5.89494
      vertex -2.24169 75.0169 7.23905
    endloop
  endfacet
  facet normal -0.0640414 0.997947 -0.00025868
    outer loop
      vertex -2.23895 75.0171 7.23592
      vertex -2.475 75.0016 5.87824
      vertex -2.5 75 5.89494
    endloop
  endfacet
  facet normal -0.0655229 0.997851 0
    outer loop
      vertex -2.475 75.0016 5.87824
      vertex -2.23895 75.0171 7.23592
      vertex -2.23895 75.0171 5.76183
    endloop
  endfacet
  facet normal -0.442639 0.8967 0
    outer loop
      vertex -1.72835 75.1553 6.84515
      vertex -1.73463 75.1522 5.60375
      vertex -1.73463 75.1522 6.84825
    endloop
  endfacet
  facet normal -0.442505 0.896766 -8.43035e-07
    outer loop
      vertex -1.57352 75.2317 6.79259
      vertex -1.73463 75.1522 5.60375
      vertex -1.72835 75.1553 6.84515
    endloop
  endfacet
  facet normal -0.442714 0.896663 3.44943e-05
    outer loop
      vertex -1.5 75.268 6.77797
      vertex -1.73463 75.1522 5.60375
      vertex -1.57352 75.2317 6.79259
    endloop
  endfacet
  facet normal -0.442341 0.896847 -5.81686e-05
    outer loop
      vertex -1.5 75.268 6.77797
      vertex -1.56979 75.2335 5.57096
      vertex -1.73463 75.1522 5.60375
    endloop
  endfacet
  facet normal -0.44315 0.896447 0
    outer loop
      vertex -1.56979 75.2335 5.57096
      vertex -1.5 75.268 6.77797
      vertex -1.5 75.268 5.56639
    endloop
  endfacet
  facet normal -0.44315 0.896447 0
    outer loop
      vertex -1.5 75.268 9.22203
      vertex -1.56979 75.2335 10.429
      vertex -1.5 75.268 10.4336
    endloop
  endfacet
  facet normal -0.442341 0.896847 5.81703e-05
    outer loop
      vertex -1.56979 75.2335 10.429
      vertex -1.5 75.268 9.22203
      vertex -1.73463 75.1522 10.3962
    endloop
  endfacet
  facet normal -0.442714 0.896663 -3.44958e-05
    outer loop
      vertex -1.57352 75.2317 9.20741
      vertex -1.73463 75.1522 10.3962
      vertex -1.5 75.268 9.22203
    endloop
  endfacet
  facet normal -0.442505 0.896766 8.43069e-07
    outer loop
      vertex -1.72835 75.1553 9.15485
      vertex -1.73463 75.1522 10.3962
      vertex -1.57352 75.2317 9.20741
    endloop
  endfacet
  facet normal -0.442639 0.8967 0
    outer loop
      vertex -1.73463 75.1522 10.3962
      vertex -1.72835 75.1553 9.15485
      vertex -1.73463 75.1522 9.15175
    endloop
  endfacet
  facet normal -0.829932 0.557865 0
    outer loop
      vertex -0.767949 76 5.60324
      vertex -0.771646 75.9945 6.84515
      vertex -0.767949 76 6.84697
    endloop
  endfacet
  facet normal -0.831443 0.55561 0
    outer loop
      vertex -0.913293 75.7825 6.79707
      vertex -0.767949 76 5.60324
      vertex -0.913293 75.7825 5.57433
    endloop
  endfacet
  facet normal -0.831481 0.555554 -1.48455e-05
    outer loop
      vertex -0.767949 76 5.60324
      vertex -0.913293 75.7825 6.79707
      vertex -0.771646 75.9945 6.84515
    endloop
  endfacet
  facet normal -0.829932 0.557865 0
    outer loop
      vertex -0.771646 75.9945 9.15485
      vertex -0.767949 76 10.3968
      vertex -0.767949 76 9.15303
    endloop
  endfacet
  facet normal -0.831481 0.555554 1.48451e-05
    outer loop
      vertex -0.913293 75.7825 9.20293
      vertex -0.767949 76 10.3968
      vertex -0.771646 75.9945 9.15485
    endloop
  endfacet
  facet normal -0.831443 0.55561 0
    outer loop
      vertex -0.767949 76 10.3968
      vertex -0.913293 75.7825 9.20293
      vertex -0.913293 75.7825 10.4257
    endloop
  endfacet
  facet normal 0.0623494 0.998045 0.00442565
    outer loop
      vertex -2.5 75 10.1051
      vertex -2.76105 75.0171 9.92654
      vertex -2.74146 75.0158 9.94372
    endloop
  endfacet
  facet normal 0.0653646 0.997861 -0
    outer loop
      vertex -2.5 75 8
      vertex -2.76105 75.0171 9.92654
      vertex -2.5 75 10.1051
    endloop
  endfacet
  facet normal 0.0653646 0.997861 0
    outer loop
      vertex -2.5 75 8
      vertex -2.76105 75.0171 6.07346
      vertex -2.76105 75.0171 9.92654
    endloop
  endfacet
  facet normal 0.0661245 0.997811 -0.000103407
    outer loop
      vertex -2.5 75 8
      vertex -2.74146 75.0158 6.05628
      vertex -2.76105 75.0171 6.07346
    endloop
  endfacet
  facet normal 0.0652956 0.997866 0
    outer loop
      vertex -2.74146 75.0158 6.05628
      vertex -2.5 75 8
      vertex -2.5 75 5.89494
    endloop
  endfacet
  facet normal 0.44224 0.896897 0.000233569
    outer loop
      vertex -3.26537 75.1522 9.38423
      vertex -3.5 75.268 8.96496
      vertex -3.37176 75.2047 9.225
    endloop
  endfacet
  facet normal 0.442575 0.896731 0
    outer loop
      vertex -3.26537 75.1522 9.38423
      vertex -3.5 75.268 7.03504
      vertex -3.5 75.268 8.96496
    endloop
  endfacet
  facet normal 0.442575 0.896731 -0
    outer loop
      vertex -3.26537 75.1522 6.61577
      vertex -3.5 75.268 7.03504
      vertex -3.26537 75.1522 9.38423
    endloop
  endfacet
  facet normal 0.44224 0.896897 -0.000233569
    outer loop
      vertex -3.5 75.268 7.03504
      vertex -3.26537 75.1522 6.61577
      vertex -3.37176 75.2047 6.775
    endloop
  endfacet
  facet normal -0.753306 0.657671 0
    outer loop
      vertex -0.913293 75.7825 5.57433
      vertex -0.926476 75.7674 6.79259
      vertex -0.913293 75.7825 6.79707
    endloop
  endfacet
  facet normal -0.752002 0.65916 -5.16426e-05
    outer loop
      vertex -1.08579 75.5858 6.7609
      vertex -0.913293 75.7825 5.57433
      vertex -0.93021 75.7632 5.57096
    endloop
  endfacet
  facet normal -0.751831 0.659356 0
    outer loop
      vertex -1.08579 75.5858 6.7609
      vertex -0.93021 75.7632 5.57096
      vertex -1.08579 75.5858 5.56076
    endloop
  endfacet
  facet normal -0.75173 0.659471 3.93593e-05
    outer loop
      vertex -0.913293 75.7825 5.57433
      vertex -1.08579 75.5858 6.7609
      vertex -0.926476 75.7674 6.79259
    endloop
  endfacet
  facet normal -0.753306 0.657671 0
    outer loop
      vertex -0.926476 75.7674 9.20741
      vertex -0.913293 75.7825 10.4257
      vertex -0.913293 75.7825 9.20293
    endloop
  endfacet
  facet normal -0.75173 0.659471 -3.93584e-05
    outer loop
      vertex -1.08579 75.5858 9.2391
      vertex -0.913293 75.7825 10.4257
      vertex -0.926476 75.7674 9.20741
    endloop
  endfacet
  facet normal -0.752002 0.65916 5.16715e-05
    outer loop
      vertex -0.913293 75.7825 10.4257
      vertex -1.08579 75.5858 9.2391
      vertex -0.93021 75.7632 10.429
    endloop
  endfacet
  facet normal -0.751831 0.659356 0
    outer loop
      vertex -0.93021 75.7632 10.429
      vertex -1.08579 75.5858 9.2391
      vertex -1.08579 75.5858 10.4392
    endloop
  endfacet
endsolid OpenSCAD_Model
