solid OpenSCAD_Model
  facet normal -0.990678 -0.136221 0
    outer loop
      vertex 13.5 31.4 0
      vertex 14.8289 21.7355 6.8
      vertex 13.5 31.4 12.8
    endloop
  endfacet
  facet normal -0.990847 -0.13498 0.00179753
    outer loop
      vertex 13.5 31.4 0
      vertex 14.8292 21.7328 6.76262
      vertex 14.8289 21.7355 6.8
    endloop
  endfacet
  facet normal -0.990644 -0.136468 -0.000369228
    outer loop
      vertex 13.5 31.4 0
      vertex 14.8309 21.7209 6.59977
      vertex 14.8292 21.7328 6.76262
    endloop
  endfacet
  facet normal -0.990699 -0.136075 0.000217833
    outer loop
      vertex 13.5 31.4 0
      vertex 14.8357 21.6857 6.44146
      vertex 14.8309 21.7209 6.59977
    endloop
  endfacet
  facet normal -0.990556 -0.137101 -0.00135864
    outer loop
      vertex 13.5 31.4 0
      vertex 14.8369 21.6774 6.40412
      vertex 14.8357 21.6857 6.44146
    endloop
  endfacet
  facet normal -0.990696 -0.136094 0.000199546
    outer loop
      vertex 13.5 31.4 0
      vertex 14.8447 21.6204 6.25425
      vertex 14.8369 21.6774 6.40412
    endloop
  endfacet
  facet normal -0.990725 -0.135879 0.00054126
    outer loop
      vertex 13.5 31.4 0
      vertex 14.8466 21.6064 6.21743
      vertex 14.8447 21.6204 6.25425
    endloop
  endfacet
  facet normal -0.990645 -0.13646 -0.000391549
    outer loop
      vertex 13.5 31.4 0
      vertex 14.8493 21.5869 6.18227
      vertex 14.8466 21.6064 6.21743
    endloop
  endfacet
  facet normal -0.990679 -0.136214 6.56759e-06
    outer loop
      vertex 13.5 31.4 0
      vertex 14.8599 21.5098 6.04377
      vertex 14.8493 21.5869 6.18227
    endloop
  endfacet
  facet normal -0.990689 -0.136143 0.000125969
    outer loop
      vertex 13.5 31.4 0
      vertex 14.8634 21.4843 6.01025
      vertex 14.8599 21.5098 6.04377
    endloop
  endfacet
  facet normal -0.990696 -0.136091 0.000212138
    outer loop
      vertex 13.5 31.4 0
      vertex 14.8763 21.3902 5.88671
      vertex 14.8634 21.4843 6.01025
    endloop
  endfacet
  facet normal -0.990592 -0.136847 -0.00109715
    outer loop
      vertex 13.5 31.4 0
      vertex 14.8807 21.3586 5.8555
      vertex 14.8763 21.3902 5.88671
    endloop
  endfacet
  facet normal -0.990689 -0.136143 0.000132273
    outer loop
      vertex 13.5 31.4 0
      vertex 14.8955 21.2508 5.74924
      vertex 14.8807 21.3586 5.8555
    endloop
  endfacet
  facet normal -0.990693 -0.136114 0.000184582
    outer loop
      vertex 13.5 31.4 0
      vertex 14.9116 21.1335 5.66231
      vertex 14.8955 21.2508 5.74924
    endloop
  endfacet
  facet normal -0.99069 -0.136135 0.000145638
    outer loop
      vertex 13.5 31.4 0
      vertex 14.9169 21.0949 5.6337
      vertex 14.9116 21.1335 5.66231
    endloop
  endfacet
  facet normal -0.990637 -0.136521 -0.000572283
    outer loop
      vertex 13.5 31.4 0
      vertex 14.934 20.9711 5.56616
      vertex 14.9169 21.0949 5.6337
    endloop
  endfacet
  facet normal -0.990746 -0.135722 0.000951842
    outer loop
      vertex 13.5 31.4 0
      vertex 14.9401 20.9264 5.54176
      vertex 14.934 20.9711 5.56616
    endloop
  endfacet
  facet normal -0.990647 -0.136446 -0.000442398
    outer loop
      vertex 13.5 31.4 0
      vertex 14.9576 20.7995 5.4936
      vertex 14.9401 20.9264 5.54176
    endloop
  endfacet
  facet normal -0.990724 -0.135886 0.00065966
    outer loop
      vertex 13.5 31.4 0
      vertex 14.9645 20.7491 5.47444
      vertex 14.9576 20.7995 5.4936
    endloop
  endfacet
  facet normal -0.990662 -0.13634 -0.000240576
    outer loop
      vertex 13.5 31.4 0
      vertex 14.9721 20.6939 5.46166
      vertex 14.9645 20.7491 5.47444
    endloop
  endfacet
  facet normal -0.990691 -0.136127 0.000184801
    outer loop
      vertex 13.5 31.4 0
      vertex 14.9896 20.5665 5.43212
      vertex 14.9721 20.6939 5.46166
    endloop
  endfacet
  facet normal -0.990695 -0.136098 0.000242441
    outer loop
      vertex 13.5 31.4 0
      vertex 14.9978 20.5068 5.42644
      vertex 14.9896 20.5665 5.43212
    endloop
  endfacet
  facet normal -0.990683 -0.136185 6.48289e-05
    outer loop
      vertex 13.5 31.4 0
      vertex 15.0149 20.3824 5.41462
      vertex 14.9978 20.5068 5.42644
    endloop
  endfacet
  facet normal -0.990616 -0.136671 -0.000942668
    outer loop
      vertex 13.5 31.4 0
      vertex 15.0313 20.2635 5.41897
      vertex 15.0149 20.3824 5.41462
    endloop
  endfacet
  facet normal -0.990749 -0.135701 0.00108953
    outer loop
      vertex 13.5 31.4 0
      vertex 15.04 20.2 5.42129
      vertex 15.0313 20.2635 5.41897
    endloop
  endfacet
  facet normal -0.990823 -0.135144 0.00226052
    outer loop
      vertex 13.5 31.4 0
      vertex 15.049 20.1342 5.43232
      vertex 15.04 20.2 5.42129
    endloop
  endfacet
  facet normal -0.990678 -0.136224 -2.11837e-05
    outer loop
      vertex 15.9796 13.3665 5.43212
      vertex 15.049 20.1342 5.43232
      vertex 13.5 31.4 0
    endloop
  endfacet
  facet normal -0.990677 -0.136224 0.00141749
    outer loop
      vertex 15.049 20.1342 5.43232
      vertex 15.9796 13.3665 5.43212
      vertex 15.0644 20.0224 5.45106
    endloop
  endfacet
  facet normal -0.990678 -0.136222 0.000603123
    outer loop
      vertex 15.9621 13.4939 5.46166
      vertex 15.0644 20.0224 5.45106
      vertex 15.9796 13.3665 5.43212
    endloop
  endfacet
  facet normal -0.990678 -0.136224 -0.00074944
    outer loop
      vertex 15.9545 13.5491 5.47444
      vertex 15.0644 20.0224 5.45106
      vertex 15.9621 13.4939 5.46166
    endloop
  endfacet
  facet normal -0.990678 -0.136224 -0.00057127
    outer loop
      vertex 15.0644 20.0224 5.45106
      vertex 15.9545 13.5491 5.47444
      vertex 15.0786 19.919 5.48237
    endloop
  endfacet
  facet normal -0.990678 -0.13622 0.000588471
    outer loop
      vertex 15.8499 14.3098 6.04377
      vertex 15.185 19.1456 6.09502
      vertex 15.1791 19.1882 6.02359
    endloop
  endfacet
  facet normal -0.990677 -0.136232 0.000307962
    outer loop
      vertex 15.8269 14.4774 6.40412
      vertex 15.2032 19.0129 6.3932
      vertex 15.2 19.036 6.31787
    endloop
  endfacet
  facet normal -0.990678 -0.136224 -0.000204204
    outer loop
      vertex 15.8209 14.5209 6.59977
      vertex 15.2088 18.9724 6.56055
      vertex 15.2067 18.9878 6.4752
    endloop
  endfacet
  facet normal -0.990677 -0.136228 -0.000421026
    outer loop
      vertex 15.2114 18.9536 6.72342
      vertex 15.8189 14.5355 6.8
      vertex 15.212 18.949 6.8
    endloop
  endfacet
  facet normal -0.990678 -0.136221 -1.44229e-05
    outer loop
      vertex 15.2107 18.9587 6.63658
      vertex 15.8189 14.5355 6.8
      vertex 15.2114 18.9536 6.72342
    endloop
  endfacet
  facet normal -0.990679 -0.136221 0.000211323
    outer loop
      vertex 15.2088 18.9724 6.56055
      vertex 15.8209 14.5209 6.59977
      vertex 15.2107 18.9587 6.63658
    endloop
  endfacet
  facet normal -0.990677 -0.136232 0.000584804
    outer loop
      vertex 15.2032 19.0129 6.3932
      vertex 15.8269 14.4774 6.40412
      vertex 15.2067 18.9878 6.4752
    endloop
  endfacet
  facet normal -0.99068 -0.136205 -0.000923027
    outer loop
      vertex 15.8366 14.4064 6.21743
      vertex 15.2 19.036 6.31787
      vertex 15.1956 19.0685 6.24456
    endloop
  endfacet
  facet normal -0.990679 -0.136214 0.000717056
    outer loop
      vertex 15.8366 14.4064 6.21743
      vertex 15.1956 19.0685 6.24456
      vertex 15.1908 19.103 6.16665
    endloop
  endfacet
  facet normal -0.99068 -0.136206 -0.00078755
    outer loop
      vertex 15.185 19.1456 6.09502
      vertex 15.8499 14.3098 6.04377
      vertex 15.1908 19.103 6.16665
    endloop
  endfacet
  facet normal -0.990677 -0.136226 -0.000944435
    outer loop
      vertex 15.8499 14.3098 6.04377
      vertex 15.1791 19.1882 6.02359
      vertex 15.1723 19.2381 5.95892
    endloop
  endfacet
  facet normal -0.990677 -0.136226 0.00097487
    outer loop
      vertex 15.8628 14.2163 5.92093
      vertex 15.1723 19.2381 5.95892
      vertex 15.165 19.2907 5.89075
    endloop
  endfacet
  facet normal -0.990679 -0.136215 -0.000113635
    outer loop
      vertex 15.8663 14.1902 5.88671
      vertex 15.165 19.2907 5.89075
      vertex 15.1564 19.3533 5.82742
    endloop
  endfacet
  facet normal -0.990677 -0.13623 -0.00120213
    outer loop
      vertex 15.8707 14.1586 5.8555
      vertex 15.1564 19.3533 5.82742
      vertex 15.1487 19.4098 5.7702
    endloop
  endfacet
  facet normal -0.99068 -0.136209 0.000552316
    outer loop
      vertex 15.8855 14.0508 5.74924
      vertex 15.1487 19.4098 5.7702
      vertex 15.1403 19.4707 5.72208
    endloop
  endfacet
  facet normal -0.99068 -0.136211 0.000137147
    outer loop
      vertex 15.8855 14.0508 5.74924
      vertex 15.1403 19.4707 5.72208
      vertex 15.1302 19.5441 5.66399
    endloop
  endfacet
  facet normal -0.99068 -0.136211 0.000649355
    outer loop
      vertex 15.9069 13.8949 5.6337
      vertex 15.1302 19.5441 5.66399
      vertex 15.1187 19.6275 5.61339
    endloop
  endfacet
  facet normal -0.99068 -0.136212 0.000104493
    outer loop
      vertex 15.9069 13.8949 5.6337
      vertex 15.1187 19.6275 5.61339
      vertex 15.1098 19.6922 5.57413
    endloop
  endfacet
  facet normal -0.990676 -0.136226 0.00205806
    outer loop
      vertex 15.0786 19.919 5.48237
      vertex 15.9545 13.5491 5.47444
      vertex 15.0878 19.8524 5.50255
    endloop
  endfacet
  facet normal -0.99068 -0.136213 0.000220268
    outer loop
      vertex 15.2107 18.9587 6.63658
      vertex 15.8205 14.5236 6.63728
      vertex 15.8189 14.5355 6.8
    endloop
  endfacet
  facet normal -0.990679 -0.136213 -0.000759732
    outer loop
      vertex 15.2107 18.9587 6.63658
      vertex 15.8209 14.5209 6.59977
      vertex 15.8205 14.5236 6.63728
    endloop
  endfacet
  facet normal -0.990681 -0.136199 0.000732249
    outer loop
      vertex 15.2067 18.9878 6.4752
      vertex 15.822 14.5127 6.56279
      vertex 15.8209 14.5209 6.59977
    endloop
  endfacet
  facet normal -0.990679 -0.136218 -0.000288804
    outer loop
      vertex 15.2067 18.9878 6.4752
      vertex 15.8269 14.4774 6.40412
      vertex 15.822 14.5127 6.56279
    endloop
  endfacet
  facet normal -0.990679 -0.136188 0.00265168
    outer loop
      vertex 15.2 19.036 6.31787
      vertex 15.8287 14.4636 6.36785
      vertex 15.8269 14.4774 6.40412
    endloop
  endfacet
  facet normal -0.990679 -0.13622 -0.000229969
    outer loop
      vertex 15.2 19.036 6.31787
      vertex 15.8366 14.4064 6.21743
      vertex 15.8287 14.4636 6.36785
    endloop
  endfacet
  facet normal -0.990677 -0.136227 -0.000523121
    outer loop
      vertex 15.1908 19.103 6.16665
      vertex 15.8393 14.3869 6.18227
      vertex 15.8366 14.4064 6.21743
    endloop
  endfacet
  facet normal -0.990678 -0.136226 1.31559e-05
    outer loop
      vertex 15.1908 19.103 6.16665
      vertex 15.8499 14.3098 6.04377
      vertex 15.8393 14.3869 6.18227
    endloop
  endfacet
  facet normal -0.990679 -0.136216 -0.000354501
    outer loop
      vertex 15.1723 19.2381 5.95892
      vertex 15.8628 14.2163 5.92093
      vertex 15.8499 14.3098 6.04377
    endloop
  endfacet
  facet normal -0.990676 -0.136216 0.0025681
    outer loop
      vertex 15.165 19.2907 5.89075
      vertex 15.8663 14.1902 5.88671
      vertex 15.8628 14.2163 5.92093
    endloop
  endfacet
  facet normal -0.990675 -0.136233 -0.0017308
    outer loop
      vertex 15.1564 19.3533 5.82742
      vertex 15.8707 14.1586 5.8555
      vertex 15.8663 14.1902 5.88671
    endloop
  endfacet
  facet normal -0.99068 -0.136208 0.000198839
    outer loop
      vertex 15.1487 19.4098 5.7702
      vertex 15.8855 14.0508 5.74924
      vertex 15.8707 14.1586 5.8555
    endloop
  endfacet
  facet normal -0.99068 -0.136207 0.000382043
    outer loop
      vertex 15.1302 19.5441 5.66399
      vertex 15.8907 14.0129 5.72117
      vertex 15.8855 14.0508 5.74924
    endloop
  endfacet
  facet normal -0.99068 -0.136209 0.000269722
    outer loop
      vertex 15.1302 19.5441 5.66399
      vertex 15.9069 13.8949 5.6337
      vertex 15.8907 14.0129 5.72117
    endloop
  endfacet
  facet normal -0.990677 -0.136225 -0.00112459
    outer loop
      vertex 15.1098 19.6922 5.57413
      vertex 15.924 13.7711 5.56616
      vertex 15.9069 13.8949 5.6337
    endloop
  endfacet
  facet normal -0.990676 -0.136229 0.00189744
    outer loop
      vertex 15.1098 19.6922 5.57413
      vertex 15.9301 13.7264 5.54176
      vertex 15.924 13.7711 5.56616
    endloop
  endfacet
  facet normal -0.990679 -0.136218 -8.36422e-05
    outer loop
      vertex 15.1007 19.7584 5.54455
      vertex 15.9301 13.7264 5.54176
      vertex 15.1098 19.6922 5.57413
    endloop
  endfacet
  facet normal -0.990679 -0.136218 -0.00058908
    outer loop
      vertex 15.0878 19.8524 5.50255
      vertex 15.9301 13.7264 5.54176
      vertex 15.1007 19.7584 5.54455
    endloop
  endfacet
  facet normal -0.990678 -0.136221 -0.00104723
    outer loop
      vertex 15.9301 13.7264 5.54176
      vertex 15.0878 19.8524 5.50255
      vertex 15.9476 13.5995 5.4936
    endloop
  endfacet
  facet normal -0.990677 -0.136224 0.00156801
    outer loop
      vertex 15.9476 13.5995 5.4936
      vertex 15.0878 19.8524 5.50255
      vertex 15.9545 13.5491 5.47444
    endloop
  endfacet
  facet normal -0.990694 -0.13611 0.000365467
    outer loop
      vertex 13.5 31.4 0
      vertex 15.9878 13.3068 5.42644
      vertex 15.9796 13.3665 5.43212
    endloop
  endfacet
  facet normal -0.990683 -0.136188 9.87439e-05
    outer loop
      vertex 13.5 31.4 0
      vertex 16.0049 13.1824 5.41462
      vertex 15.9878 13.3068 5.42644
    endloop
  endfacet
  facet normal -0.990679 -0.136218 -3.65927e-06
    outer loop
      vertex 17.8175 0 0
      vertex 16.0049 13.1824 5.41462
      vertex 13.5 31.4 0
    endloop
  endfacet
  facet normal -0.990625 -0.136603 0.000951175
    outer loop
      vertex 16.0049 13.1824 5.41462
      vertex 17.8175 0 0
      vertex 16.0213 13.0635 5.41897
    endloop
  endfacet
  facet normal -0.990739 -0.135778 -0.00107499
    outer loop
      vertex 16.0213 13.0635 5.41897
      vertex 17.8175 0 0
      vertex 16.03 13 5.42129
    endloop
  endfacet
  facet normal -0.990747 -0.135718 -0.0012233
    outer loop
      vertex 16.03 13 5.42129
      vertex 17.8175 0 0
      vertex 16.039 12.9342 5.43232
    endloop
  endfacet
  facet normal -0.372154 -0.315435 -0.872928
    outer loop
      vertex 16.0544 12.8224 5.45106
      vertex 16.0778 12.6523 5.50255
      vertex 16.0686 12.719 5.48237
    endloop
  endfacet
  facet normal -0.990679 -0.136219 -0.000267104
    outer loop
      vertex 16.9201 6.52644 5.54176
      vertex 16.0907 12.5584 5.54455
      vertex 16.0778 12.6523 5.50255
    endloop
  endfacet
  facet normal -0.99068 -0.136213 0.000103311
    outer loop
      vertex 16.8969 6.69493 5.6337
      vertex 16.1087 12.4275 5.61339
      vertex 16.0998 12.4922 5.57413
    endloop
  endfacet
  facet normal -0.990677 -0.136225 0.000975494
    outer loop
      vertex 16.8528 7.01627 5.92093
      vertex 16.1623 12.0381 5.95892
      vertex 16.155 12.0907 5.89075
    endloop
  endfacet
  facet normal -0.990678 -0.136224 -0.000174893
    outer loop
      vertex 16.8399 7.10982 6.04378
      vertex 16.175 11.9452 6.09571
      vertex 16.1691 11.9882 6.02359
    endloop
  endfacet
  facet normal -0.990679 -0.136215 0.00071654
    outer loop
      vertex 16.8266 7.20644 6.21743
      vertex 16.1856 11.8685 6.24456
      vertex 16.1808 11.903 6.16665
    endloop
  endfacet
  facet normal -0.990677 -0.136234 0.000307502
    outer loop
      vertex 16.8169 7.27745 6.40412
      vertex 16.1932 11.8129 6.3932
      vertex 16.19 11.836 6.31787
    endloop
  endfacet
  facet normal -0.990679 -0.136221 -1.44048e-05
    outer loop
      vertex 16.8089 7.33549 6.8
      vertex 16.2014 11.7536 6.72342
      vertex 16.2007 11.7587 6.63658
    endloop
  endfacet
  facet normal -0.990677 -0.136228 -0.000421008
    outer loop
      vertex 16.2014 11.7536 6.72342
      vertex 16.8089 7.33549 6.8
      vertex 16.202 11.749 6.8
    endloop
  endfacet
  facet normal -0.990679 -0.136217 -0.000203361
    outer loop
      vertex 16.8109 7.32088 6.59977
      vertex 16.2007 11.7587 6.63658
      vertex 16.1986 11.7741 6.55146
    endloop
  endfacet
  facet normal -0.99068 -0.136212 0.000212224
    outer loop
      vertex 16.8109 7.32088 6.59977
      vertex 16.1986 11.7741 6.55146
      vertex 16.1967 11.7878 6.4752
    endloop
  endfacet
  facet normal -0.990677 -0.136233 0.000584344
    outer loop
      vertex 16.1932 11.8129 6.3932
      vertex 16.8169 7.27745 6.40412
      vertex 16.1967 11.7878 6.4752
    endloop
  endfacet
  facet normal -0.99068 -0.136206 -0.000923543
    outer loop
      vertex 16.1856 11.8685 6.24456
      vertex 16.8266 7.20644 6.21743
      vertex 16.19 11.836 6.31787
    endloop
  endfacet
  facet normal -0.990678 -0.136225 -3.89598e-05
    outer loop
      vertex 16.175 11.9452 6.09571
      vertex 16.8399 7.10982 6.04378
      vertex 16.1808 11.903 6.16665
    endloop
  endfacet
  facet normal -0.990679 -0.136211 -0.000932597
    outer loop
      vertex 16.1623 12.0381 5.95892
      vertex 16.8528 7.01627 5.92093
      vertex 16.1691 11.9882 6.02359
    endloop
  endfacet
  facet normal -0.990679 -0.136215 -0.000236733
    outer loop
      vertex 16.8563 6.99022 5.88671
      vertex 16.155 12.0907 5.89075
      vertex 16.1473 12.1468 5.83399
    endloop
  endfacet
  facet normal -0.990677 -0.136225 -0.000977855
    outer loop
      vertex 16.8607 6.95856 5.85551
      vertex 16.1473 12.1468 5.83399
      vertex 16.1387 12.2098 5.7702
    endloop
  endfacet
  facet normal -0.990679 -0.13621 0.00108345
    outer loop
      vertex 16.8755 6.85076 5.74924
      vertex 16.1387 12.2098 5.7702
      vertex 16.1286 12.2828 5.71249
    endloop
  endfacet
  facet normal -0.990678 -0.136221 -0.000591044
    outer loop
      vertex 16.8755 6.85076 5.74924
      vertex 16.1286 12.2828 5.71249
      vertex 16.1202 12.3441 5.66399
    endloop
  endfacet
  facet normal -0.99068 -0.136211 0.000648173
    outer loop
      vertex 16.1087 12.4275 5.61339
      vertex 16.8969 6.69493 5.6337
      vertex 16.1202 12.3441 5.66399
    endloop
  endfacet
  facet normal -0.990679 -0.136219 -8.56617e-05
    outer loop
      vertex 16.0907 12.5584 5.54455
      vertex 16.9201 6.52644 5.54176
      vertex 16.0998 12.4922 5.57413
    endloop
  endfacet
  facet normal -0.990674 -0.136257 8.78997e-05
    outer loop
      vertex 17.8175 0 0
      vertex 16.0778 12.6523 5.50255
      vertex 16.0544 12.8224 5.45106
    endloop
  endfacet
  facet normal -0.990655 -0.13639 0.000408494
    outer loop
      vertex 16.039 12.9342 5.43232
      vertex 17.8175 0 0
      vertex 16.0544 12.8224 5.45106
    endloop
  endfacet
  facet normal -0.99068 -0.136213 0.000203548
    outer loop
      vertex 16.2007 11.7587 6.63658
      vertex 16.8105 7.32361 6.63728
      vertex 16.8089 7.33549 6.8
    endloop
  endfacet
  facet normal -0.990679 -0.136213 -0.00065077
    outer loop
      vertex 16.2007 11.7587 6.63658
      vertex 16.8109 7.32088 6.59977
      vertex 16.8105 7.32361 6.63728
    endloop
  endfacet
  facet normal -0.990681 -0.136197 0.000768718
    outer loop
      vertex 16.1967 11.7878 6.4752
      vertex 16.812 7.31267 6.56279
      vertex 16.8109 7.32088 6.59977
    endloop
  endfacet
  facet normal -0.990679 -0.136219 -0.000357388
    outer loop
      vertex 16.1967 11.7878 6.4752
      vertex 16.8169 7.27745 6.40412
      vertex 16.812 7.31267 6.56279
    endloop
  endfacet
  facet normal -0.990679 -0.13619 0.00265224
    outer loop
      vertex 16.19 11.836 6.31787
      vertex 16.8187 7.26365 6.36785
      vertex 16.8169 7.27745 6.40412
    endloop
  endfacet
  facet normal -0.990678 -0.136221 -0.000220386
    outer loop
      vertex 16.19 11.836 6.31787
      vertex 16.8266 7.20644 6.21743
      vertex 16.8187 7.26365 6.36785
    endloop
  endfacet
  facet normal -0.990678 -0.136227 -0.000391168
    outer loop
      vertex 16.1808 11.903 6.16665
      vertex 16.8372 7.12975 6.0796
      vertex 16.8266 7.20644 6.21743
    endloop
  endfacet
  facet normal -0.990673 -0.136255 0.00113721
    outer loop
      vertex 16.1808 11.903 6.16665
      vertex 16.8399 7.10982 6.04378
      vertex 16.8372 7.12975 6.0796
    endloop
  endfacet
  facet normal -0.990678 -0.136224 -0.000292923
    outer loop
      vertex 16.1691 11.9882 6.02359
      vertex 16.8528 7.01627 5.92093
      vertex 16.8399 7.10982 6.04378
    endloop
  endfacet
  facet normal -0.990676 -0.136217 0.00236936
    outer loop
      vertex 16.155 12.0907 5.89075
      vertex 16.8563 6.99022 5.88671
      vertex 16.8528 7.01627 5.92093
    endloop
  endfacet
  facet normal -0.990676 -0.136227 -0.00147493
    outer loop
      vertex 16.1473 12.1468 5.83399
      vertex 16.8607 6.95856 5.85551
      vertex 16.8563 6.99022 5.88671
    endloop
  endfacet
  facet normal -0.99068 -0.136207 0.000197785
    outer loop
      vertex 16.1387 12.2098 5.7702
      vertex 16.8755 6.85076 5.74924
      vertex 16.8607 6.95856 5.85551
    endloop
  endfacet
  facet normal -0.99068 -0.136209 0.000190615
    outer loop
      vertex 16.1202 12.3441 5.66399
      vertex 16.8807 6.8129 5.72117
      vertex 16.8755 6.85076 5.74924
    endloop
  endfacet
  facet normal -0.99068 -0.136209 0.000223648
    outer loop
      vertex 16.1202 12.3441 5.66399
      vertex 16.8969 6.69493 5.6337
      vertex 16.8807 6.8129 5.72117
    endloop
  endfacet
  facet normal -0.990677 -0.136226 -0.00116292
    outer loop
      vertex 16.0998 12.4922 5.57413
      vertex 16.914 6.57115 5.56616
      vertex 16.8969 6.69493 5.6337
    endloop
  endfacet
  facet normal -0.990675 -0.13623 0.00195552
    outer loop
      vertex 16.0998 12.4922 5.57413
      vertex 16.9201 6.52644 5.54176
      vertex 16.914 6.57115 5.56616
    endloop
  endfacet
  facet normal -0.990679 -0.136219 5.14267e-08
    outer loop
      vertex 16.0778 12.6523 5.50255
      vertex 17.8175 0 0
      vertex 16.9445 6.34906 5.47444
    endloop
  endfacet
  facet normal -0.990678 -0.136224 -0.00103916
    outer loop
      vertex 16.0778 12.6523 5.50255
      vertex 16.9376 6.39954 5.4936
      vertex 16.9201 6.52644 5.54176
    endloop
  endfacet
  facet normal -0.990675 -0.136228 0.00214701
    outer loop
      vertex 16.0778 12.6523 5.50255
      vertex 16.9445 6.34906 5.47444
      vertex 16.9376 6.39954 5.4936
    endloop
  endfacet
  facet normal -0.990618 -0.136658 0.000518989
    outer loop
      vertex 16.9445 6.34906 5.47444
      vertex 17.8175 0 0
      vertex 16.9521 6.29392 5.46166
    endloop
  endfacet
  facet normal -0.990704 -0.136037 -0.00021054
    outer loop
      vertex 16.9521 6.29392 5.46166
      vertex 17.8175 0 0
      vertex 16.9696 6.16652 5.43212
    endloop
  endfacet
  facet normal -0.990711 -0.135983 -0.000272475
    outer loop
      vertex 16.9696 6.16652 5.43212
      vertex 17.8175 0 0
      vertex 16.9778 6.10679 5.42644
    endloop
  endfacet
  facet normal -0.990685 -0.136174 -5.35236e-05
    outer loop
      vertex 16.9778 6.10679 5.42644
      vertex 17.8175 0 0
      vertex 16.9949 5.98239 5.41462
    endloop
  endfacet
  facet normal -0.990623 -0.136621 0.000449679
    outer loop
      vertex 16.9949 5.98239 5.41462
      vertex 17.8175 0 0
      vertex 17.0113 5.86349 5.41897
    endloop
  endfacet
  facet normal -0.990739 -0.135778 -0.00047999
    outer loop
      vertex 17.0113 5.86349 5.41897
      vertex 17.8175 0 0
      vertex 17.02 5.8 5.42129
    endloop
  endfacet
  facet normal -0.990758 -0.13564 -0.000630116
    outer loop
      vertex 17.02 5.8 5.42129
      vertex 17.8175 0 0
      vertex 17.029 5.73421 5.43232
    endloop
  endfacet
  facet normal -0.990604 -0.13676 0.000454626
    outer loop
      vertex 17.8175 0 0
      vertex 17.1523 4.8381 5.95892
      vertex 17.145 4.89075 5.89075
    endloop
  endfacet
  facet normal -0.990664 -0.136324 7.63881e-05
    outer loop
      vertex 17.8175 0 0
      vertex 17.1753 4.67034 6.24041
      vertex 17.1708 4.703 6.16665
    endloop
  endfacet
  facet normal -0.990633 -0.136554 0.000243724
    outer loop
      vertex 17.8175 0 0
      vertex 17.1832 4.61295 6.3932
      vertex 17.18 4.63603 6.31787
    endloop
  endfacet
  facet normal -0.990702 -0.13605 -0.000113852
    outer loop
      vertex 17.8175 0 0
      vertex 17.1914 4.55357 6.72342
      vertex 17.1907 4.55874 6.63658
    endloop
  endfacet
  facet normal -0.99074 -0.135774 -0.000304593
    outer loop
      vertex 17.1914 4.55357 6.72342
      vertex 17.8175 0 0
      vertex 17.192 4.54902 6.8
    endloop
  endfacet
  facet normal -0.990696 -0.136092 -8.44542e-05
    outer loop
      vertex 17.1886 4.57408 6.55146
      vertex 17.8175 0 0
      vertex 17.1907 4.55874 6.63658
    endloop
  endfacet
  facet normal -0.990658 -0.136368 0.000112119
    outer loop
      vertex 17.1867 4.58782 6.4752
      vertex 17.8175 0 0
      vertex 17.1886 4.57408 6.55146
    endloop
  endfacet
  facet normal -0.990607 -0.136736 0.000377488
    outer loop
      vertex 17.1832 4.61295 6.3932
      vertex 17.8175 0 0
      vertex 17.1867 4.58782 6.4752
    endloop
  endfacet
  facet normal -0.990704 -0.136036 -0.000143278
    outer loop
      vertex 17.1753 4.67034 6.24041
      vertex 17.8175 0 0
      vertex 17.18 4.63603 6.31787
    endloop
  endfacet
  facet normal -0.990686 -0.13617 -4.38213e-05
    outer loop
      vertex 17.165 4.74522 6.09571
      vertex 17.8175 0 0
      vertex 17.1708 4.703 6.16665
    endloop
  endfacet
  facet normal -0.990684 -0.13618 -3.53512e-05
    outer loop
      vertex 17.1591 4.78816 6.02359
      vertex 17.8175 0 0
      vertex 17.165 4.74522 6.09571
    endloop
  endfacet
  facet normal -0.990766 -0.135581 -0.000520983
    outer loop
      vertex 17.1523 4.8381 5.95892
      vertex 17.8175 0 0
      vertex 17.1591 4.78816 6.02359
    endloop
  endfacet
  facet normal -0.990689 -0.136143 -6.77617e-05
    outer loop
      vertex 17.1373 4.94681 5.83399
      vertex 17.8175 0 0
      vertex 17.145 4.89075 5.89075
    endloop
  endfacet
  facet normal -0.99075 -0.135701 -0.000449666
    outer loop
      vertex 17.1287 5.00981 5.7702
      vertex 17.8175 0 0
      vertex 17.1373 4.94681 5.83399
    endloop
  endfacet
  facet normal -0.99061 -0.136719 0.000451272
    outer loop
      vertex 17.1186 5.0828 5.71249
      vertex 17.8175 0 0
      vertex 17.1287 5.00981 5.7702
    endloop
  endfacet
  facet normal -0.990721 -0.135914 -0.000278888
    outer loop
      vertex 17.1102 5.14413 5.66399
      vertex 17.8175 0 0
      vertex 17.1186 5.0828 5.71249
    endloop
  endfacet
  facet normal -0.990647 -0.136451 0.000218486
    outer loop
      vertex 17.0987 5.22754 5.61339
      vertex 17.8175 0 0
      vertex 17.1102 5.14413 5.66399
    endloop
  endfacet
  facet normal -0.990672 -0.136268 4.52036e-05
    outer loop
      vertex 17.0898 5.29223 5.57413
      vertex 17.8175 0 0
      vertex 17.0987 5.22754 5.61339
    endloop
  endfacet
  facet normal -0.990678 -0.136222 2.01741e-07
    outer loop
      vertex 17.0807 5.35841 5.54455
      vertex 17.8175 0 0
      vertex 17.0898 5.29223 5.57413
    endloop
  endfacet
  facet normal -0.990695 -0.136098 -0.000121532
    outer loop
      vertex 17.0678 5.45235 5.50255
      vertex 17.8175 0 0
      vertex 17.0807 5.35841 5.54455
    endloop
  endfacet
  facet normal -0.990626 -0.136603 0.000387705
    outer loop
      vertex 17.0586 5.51901 5.48237
      vertex 17.8175 0 0
      vertex 17.0678 5.45235 5.50255
    endloop
  endfacet
  facet normal -0.990696 -0.136094 -0.000134362
    outer loop
      vertex 17.0444 5.62241 5.45106
      vertex 17.8175 0 0
      vertex 17.0586 5.51901 5.48237
    endloop
  endfacet
  facet normal -0.990651 -0.136423 0.000211401
    outer loop
      vertex 17.029 5.73421 5.43232
      vertex 17.8175 0 0
      vertex 17.0444 5.62241 5.45106
    endloop
  endfacet
  facet normal -0.990828 -0.13512 -0.00180778
    outer loop
      vertex 14.8292 21.7328 6.83738
      vertex 13.5 31.4 12.8
      vertex 14.8289 21.7355 6.8
    endloop
  endfacet
  facet normal -0.990648 -0.136439 0.000371365
    outer loop
      vertex 14.8309 21.7209 7.00023
      vertex 13.5 31.4 12.8
      vertex 14.8292 21.7328 6.83738
    endloop
  endfacet
  facet normal -0.990696 -0.136091 -0.000221366
    outer loop
      vertex 14.8357 21.6857 7.15854
      vertex 13.5 31.4 12.8
      vertex 14.8309 21.7209 7.00023
    endloop
  endfacet
  facet normal -0.99057 -0.137003 0.00138068
    outer loop
      vertex 14.8369 21.6774 7.19588
      vertex 13.5 31.4 12.8
      vertex 14.8357 21.6857 7.15854
    endloop
  endfacet
  facet normal -0.990694 -0.136107 -0.000204668
    outer loop
      vertex 14.8447 21.6204 7.34575
      vertex 13.5 31.4 12.8
      vertex 14.8369 21.6774 7.19588
    endloop
  endfacet
  facet normal -0.99072 -0.135915 -0.000555271
    outer loop
      vertex 14.8466 21.6064 7.38256
      vertex 13.5 31.4 12.8
      vertex 14.8447 21.6204 7.34575
    endloop
  endfacet
  facet normal -0.990649 -0.136436 0.000405036
    outer loop
      vertex 14.8493 21.5869 7.41773
      vertex 13.5 31.4 12.8
      vertex 14.8466 21.6064 7.38256
    endloop
  endfacet
  facet normal -0.990679 -0.136215 -6.79593e-06
    outer loop
      vertex 14.8599 21.5098 7.55623
      vertex 13.5 31.4 12.8
      vertex 14.8493 21.5869 7.41773
    endloop
  endfacet
  facet normal -0.990661 -0.136349 0.000251516
    outer loop
      vertex 14.8728 21.4163 7.67907
      vertex 13.5 31.4 12.8
      vertex 14.8599 21.5098 7.55623
    endloop
  endfacet
  facet normal -0.990804 -0.135291 -0.00184931
    outer loop
      vertex 14.8763 21.3902 7.71329
      vertex 13.5 31.4 12.8
      vertex 14.8728 21.4163 7.67907
    endloop
  endfacet
  facet normal -0.990599 -0.13679 0.00115602
    outer loop
      vertex 14.8807 21.3586 7.74449
      vertex 13.5 31.4 12.8
      vertex 14.8763 21.3902 7.71329
    endloop
  endfacet
  facet normal -0.990688 -0.13615 -0.000139341
    outer loop
      vertex 14.8955 21.2508 7.85076
      vertex 13.5 31.4 12.8
      vertex 14.8807 21.3586 7.74449
    endloop
  endfacet
  facet normal -0.990692 -0.136123 -0.000196423
    outer loop
      vertex 14.9116 21.1335 7.93769
      vertex 13.5 31.4 12.8
      vertex 14.8955 21.2508 7.85076
    endloop
  endfacet
  facet normal -0.990689 -0.136142 -0.00015498
    outer loop
      vertex 14.9169 21.0949 7.9663
      vertex 13.5 31.4 12.8
      vertex 14.9116 21.1335 7.93769
    endloop
  endfacet
  facet normal -0.99064 -0.136497 0.000616072
    outer loop
      vertex 14.934 20.9711 8.03384
      vertex 13.5 31.4 12.8
      vertex 14.9169 21.0949 7.9663
    endloop
  endfacet
  facet normal -0.990741 -0.135761 -0.00102464
    outer loop
      vertex 14.9401 20.9264 8.05824
      vertex 13.5 31.4 12.8
      vertex 14.934 20.9711 8.03384
    endloop
  endfacet
  facet normal -0.990649 -0.136431 0.000483002
    outer loop
      vertex 14.9576 20.7995 8.1064
      vertex 13.5 31.4 12.8
      vertex 14.9401 20.9264 8.05824
    endloop
  endfacet
  facet normal -0.990721 -0.135908 -0.000720153
    outer loop
      vertex 14.9645 20.7491 8.12556
      vertex 13.5 31.4 12.8
      vertex 14.9576 20.7995 8.1064
    endloop
  endfacet
  facet normal -0.990663 -0.136334 0.00026753
    outer loop
      vertex 14.9721 20.6939 8.13834
      vertex 13.5 31.4 12.8
      vertex 14.9645 20.7491 8.12556
    endloop
  endfacet
  facet normal -0.990691 -0.136132 -0.000205496
    outer loop
      vertex 14.9896 20.5665 8.16788
      vertex 13.5 31.4 12.8
      vertex 14.9721 20.6939 8.13834
    endloop
  endfacet
  facet normal -0.990695 -0.136102 -0.000276691
    outer loop
      vertex 14.9978 20.5068 8.17356
      vertex 13.5 31.4 12.8
      vertex 14.9896 20.5665 8.16788
    endloop
  endfacet
  facet normal -0.990683 -0.136186 -7.39897e-05
    outer loop
      vertex 15.0149 20.3824 8.18538
      vertex 13.5 31.4 12.8
      vertex 14.9978 20.5068 8.17356
    endloop
  endfacet
  facet normal -0.990719 -0.135924 -0.000710704
    outer loop
      vertex 15.0236 20.319 8.18306
      vertex 13.5 31.4 12.8
      vertex 15.0149 20.3824 8.18538
    endloop
  endfacet
  facet normal -0.990632 -0.136554 0.000830116
    outer loop
      vertex 15.04 20.2 8.17871
      vertex 13.5 31.4 12.8
      vertex 15.0236 20.319 8.18306
    endloop
  endfacet
  facet normal -0.990679 -0.136216 -0.000738894
    outer loop
      vertex 15.9796 13.3665 8.16788
      vertex 15.04 20.2 8.17871
      vertex 15.0554 20.0881 8.15996
    endloop
  endfacet
  facet normal -0.990675 -0.136211 0.00299544
    outer loop
      vertex 15.9796 13.3665 8.16788
      vertex 15.0554 20.0881 8.15996
      vertex 15.0644 20.0224 8.14894
    endloop
  endfacet
  facet normal -0.990678 -0.136224 0.00057127
    outer loop
      vertex 15.9545 13.5491 8.12556
      vertex 15.0644 20.0224 8.14894
      vertex 15.0786 19.919 8.11763
    endloop
  endfacet
  facet normal -0.990676 -0.136226 -0.00205806
    outer loop
      vertex 15.9545 13.5491 8.12556
      vertex 15.0786 19.919 8.11763
      vertex 15.0878 19.8524 8.09745
    endloop
  endfacet
  facet normal -0.990678 -0.136224 3.86267e-05
    outer loop
      vertex 15.8499 14.3098 7.55623
      vertex 15.185 19.1452 7.50429
      vertex 15.1908 19.103 7.43335
    endloop
  endfacet
  facet normal -0.99068 -0.136205 0.000923028
    outer loop
      vertex 15.8366 14.4064 7.38256
      vertex 15.1956 19.0685 7.35544
      vertex 15.2 19.036 7.28213
    endloop
  endfacet
  facet normal -0.990677 -0.136232 -0.000584804
    outer loop
      vertex 15.8269 14.4774 7.19588
      vertex 15.2032 19.0129 7.2068
      vertex 15.2067 18.9878 7.1248
    endloop
  endfacet
  facet normal -0.990679 -0.136221 -0.000211323
    outer loop
      vertex 15.8209 14.5209 7.00023
      vertex 15.2088 18.9724 7.03944
      vertex 15.2107 18.9587 6.96341
    endloop
  endfacet
  facet normal -0.990677 -0.136228 0.000421026
    outer loop
      vertex 15.8189 14.5355 6.8
      vertex 15.2114 18.9536 6.87658
      vertex 15.212 18.949 6.8
    endloop
  endfacet
  facet normal -0.990678 -0.136221 1.44246e-05
    outer loop
      vertex 15.8189 14.5355 6.8
      vertex 15.2107 18.9587 6.96341
      vertex 15.2114 18.9536 6.87658
    endloop
  endfacet
  facet normal -0.99068 -0.136213 -0.000220268
    outer loop
      vertex 15.8205 14.5236 6.96272
      vertex 15.2107 18.9587 6.96341
      vertex 15.8189 14.5355 6.8
    endloop
  endfacet
  facet normal -0.990679 -0.136213 0.000759732
    outer loop
      vertex 15.8209 14.5209 7.00023
      vertex 15.2107 18.9587 6.96341
      vertex 15.8205 14.5236 6.96272
    endloop
  endfacet
  facet normal -0.990678 -0.136224 0.00020418
    outer loop
      vertex 15.2088 18.9724 7.03944
      vertex 15.8209 14.5209 7.00023
      vertex 15.2067 18.9878 7.1248
    endloop
  endfacet
  facet normal -0.990681 -0.136199 -0.000732249
    outer loop
      vertex 15.822 14.5127 7.03721
      vertex 15.2067 18.9878 7.1248
      vertex 15.8209 14.5209 7.00023
    endloop
  endfacet
  facet normal -0.990679 -0.136218 0.000288804
    outer loop
      vertex 15.8269 14.4774 7.19588
      vertex 15.2067 18.9878 7.1248
      vertex 15.822 14.5127 7.03721
    endloop
  endfacet
  facet normal -0.990677 -0.136232 -0.000307962
    outer loop
      vertex 15.2032 19.0129 7.2068
      vertex 15.8269 14.4774 7.19588
      vertex 15.2 19.036 7.28213
    endloop
  endfacet
  facet normal -0.990679 -0.136188 -0.00265168
    outer loop
      vertex 15.8287 14.4636 7.23215
      vertex 15.2 19.036 7.28213
      vertex 15.8269 14.4774 7.19588
    endloop
  endfacet
  facet normal -0.990679 -0.13622 0.000229984
    outer loop
      vertex 15.8366 14.4064 7.38256
      vertex 15.2 19.036 7.28213
      vertex 15.8287 14.4636 7.23215
    endloop
  endfacet
  facet normal -0.990679 -0.136214 -0.000717057
    outer loop
      vertex 15.1956 19.0685 7.35544
      vertex 15.8366 14.4064 7.38256
      vertex 15.1908 19.103 7.43335
    endloop
  endfacet
  facet normal -0.990677 -0.136227 0.000522972
    outer loop
      vertex 15.8393 14.3869 7.41773
      vertex 15.1908 19.103 7.43335
      vertex 15.8366 14.4064 7.38256
    endloop
  endfacet
  facet normal -0.990678 -0.136226 -1.31559e-05
    outer loop
      vertex 15.8499 14.3098 7.55623
      vertex 15.1908 19.103 7.43335
      vertex 15.8393 14.3869 7.41773
    endloop
  endfacet
  facet normal -0.990678 -0.136223 0.000174559
    outer loop
      vertex 15.185 19.1452 7.50429
      vertex 15.8499 14.3098 7.55623
      vertex 15.1791 19.1882 7.57641
    endloop
  endfacet
  facet normal -0.990677 -0.136226 0.000944435
    outer loop
      vertex 15.1791 19.1882 7.57641
      vertex 15.8499 14.3098 7.55623
      vertex 15.1723 19.2381 7.64108
    endloop
  endfacet
  facet normal -0.990679 -0.136216 0.000354501
    outer loop
      vertex 15.8628 14.2163 7.67907
      vertex 15.1723 19.2381 7.64108
      vertex 15.8499 14.3098 7.55623
    endloop
  endfacet
  facet normal -0.990677 -0.136226 -0.00097487
    outer loop
      vertex 15.1723 19.2381 7.64108
      vertex 15.8628 14.2163 7.67907
      vertex 15.165 19.2907 7.70925
    endloop
  endfacet
  facet normal -0.990676 -0.136216 -0.0025681
    outer loop
      vertex 15.8663 14.1902 7.71329
      vertex 15.165 19.2907 7.70925
      vertex 15.8628 14.2163 7.67907
    endloop
  endfacet
  facet normal -0.990679 -0.136215 0.000113635
    outer loop
      vertex 15.165 19.2907 7.70925
      vertex 15.8663 14.1902 7.71329
      vertex 15.1564 19.3533 7.77258
    endloop
  endfacet
  facet normal -0.990675 -0.136233 0.00173135
    outer loop
      vertex 15.8707 14.1586 7.74449
      vertex 15.1564 19.3533 7.77258
      vertex 15.8663 14.1902 7.71329
    endloop
  endfacet
  facet normal -0.990677 -0.13623 0.00120213
    outer loop
      vertex 15.1564 19.3533 7.77258
      vertex 15.8707 14.1586 7.74449
      vertex 15.1487 19.4098 7.8298
    endloop
  endfacet
  facet normal -0.99068 -0.136208 -0.00019882
    outer loop
      vertex 15.8855 14.0508 7.85076
      vertex 15.1487 19.4098 7.8298
      vertex 15.8707 14.1586 7.74449
    endloop
  endfacet
  facet normal -0.99068 -0.136209 -0.000552316
    outer loop
      vertex 15.1487 19.4098 7.8298
      vertex 15.8855 14.0508 7.85076
      vertex 15.1403 19.4707 7.87792
    endloop
  endfacet
  facet normal -0.99068 -0.136211 -0.000137171
    outer loop
      vertex 15.1403 19.4707 7.87792
      vertex 15.8855 14.0508 7.85076
      vertex 15.1302 19.5441 7.936
    endloop
  endfacet
  facet normal -0.99068 -0.136207 -0.000382044
    outer loop
      vertex 15.8907 14.0129 7.87883
      vertex 15.1302 19.5441 7.936
      vertex 15.8855 14.0508 7.85076
    endloop
  endfacet
  facet normal -0.99068 -0.136209 -0.000269723
    outer loop
      vertex 15.9069 13.8949 7.9663
      vertex 15.1302 19.5441 7.936
      vertex 15.8907 14.0129 7.87883
    endloop
  endfacet
  facet normal -0.99068 -0.136211 -0.000649226
    outer loop
      vertex 15.1302 19.5441 7.936
      vertex 15.9069 13.8949 7.9663
      vertex 15.1187 19.6275 7.98661
    endloop
  endfacet
  facet normal -0.99068 -0.136212 -0.00010452
    outer loop
      vertex 15.1187 19.6275 7.98661
      vertex 15.9069 13.8949 7.9663
      vertex 15.1098 19.6922 8.02586
    endloop
  endfacet
  facet normal -0.990677 -0.136225 0.0011246
    outer loop
      vertex 15.924 13.7711 8.03384
      vertex 15.1098 19.6922 8.02586
      vertex 15.9069 13.8949 7.9663
    endloop
  endfacet
  facet normal -0.990676 -0.136229 -0.00189744
    outer loop
      vertex 15.9301 13.7264 8.05824
      vertex 15.1098 19.6922 8.02586
      vertex 15.924 13.7711 8.03384
    endloop
  endfacet
  facet normal -0.990679 -0.136218 8.3614e-05
    outer loop
      vertex 15.1098 19.6922 8.02586
      vertex 15.9301 13.7264 8.05824
      vertex 15.1007 19.7584 8.05545
    endloop
  endfacet
  facet normal -0.990679 -0.136218 0.00058908
    outer loop
      vertex 15.1007 19.7584 8.05545
      vertex 15.9301 13.7264 8.05824
      vertex 15.0878 19.8524 8.09745
    endloop
  endfacet
  facet normal -0.990678 -0.136221 0.00104723
    outer loop
      vertex 15.9476 13.5995 8.1064
      vertex 15.0878 19.8524 8.09745
      vertex 15.9301 13.7264 8.05824
    endloop
  endfacet
  facet normal -0.990677 -0.136224 -0.00156801
    outer loop
      vertex 15.9545 13.5491 8.12556
      vertex 15.0878 19.8524 8.09745
      vertex 15.9476 13.5995 8.1064
    endloop
  endfacet
  facet normal -0.990678 -0.136224 0.00074944
    outer loop
      vertex 15.0644 20.0224 8.14894
      vertex 15.9545 13.5491 8.12556
      vertex 15.9621 13.4939 8.13834
    endloop
  endfacet
  facet normal -0.990678 -0.136222 -0.000603123
    outer loop
      vertex 15.0644 20.0224 8.14894
      vertex 15.9621 13.4939 8.13834
      vertex 15.9796 13.3665 8.16788
    endloop
  endfacet
  facet normal -0.990679 -0.136217 -2.20443e-06
    outer loop
      vertex 15.04 20.2 8.17871
      vertex 15.9796 13.3665 8.16788
      vertex 13.5 31.4 12.8
    endloop
  endfacet
  facet normal -0.990693 -0.136114 -0.000411525
    outer loop
      vertex 15.9878 13.3068 8.17356
      vertex 13.5 31.4 12.8
      vertex 15.9796 13.3665 8.16788
    endloop
  endfacet
  facet normal -0.990683 -0.13619 -0.000111193
    outer loop
      vertex 16.0049 13.1824 8.18538
      vertex 13.5 31.4 12.8
      vertex 15.9878 13.3068 8.17356
    endloop
  endfacet
  facet normal -0.990712 -0.135975 0.000711142
    outer loop
      vertex 17.8175 0 12.8
      vertex 16.0049 13.1824 8.18538
      vertex 16.0136 13.119 8.18306
    endloop
  endfacet
  facet normal -0.99064 -0.136496 -0.000796291
    outer loop
      vertex 17.8175 0 12.8
      vertex 16.0136 13.119 8.18306
      vertex 16.03 13 8.17871
    endloop
  endfacet
  facet normal -0.990668 -0.1363 -0.000232735
    outer loop
      vertex 17.8175 0 12.8
      vertex 16.03 13 8.17871
      vertex 16.0454 12.8881 8.15996
    endloop
  endfacet
  facet normal -0.990725 -0.135877 0.000962331
    outer loop
      vertex 17.8175 0 12.8
      vertex 16.0454 12.8881 8.15996
      vertex 16.0544 12.8224 8.14894
    endloop
  endfacet
  facet normal -0.990679 -0.136219 8.56328e-05
    outer loop
      vertex 16.9201 6.52644 8.05824
      vertex 16.0907 12.5584 8.05545
      vertex 16.0998 12.4922 8.02586
    endloop
  endfacet
  facet normal -0.99068 -0.136211 -0.000648045
    outer loop
      vertex 16.8969 6.69493 7.9663
      vertex 16.1087 12.4275 7.98661
      vertex 16.1202 12.3441 7.936
    endloop
  endfacet
  facet normal -0.990679 -0.136211 0.000932597
    outer loop
      vertex 16.8528 7.01627 7.67907
      vertex 16.1623 12.0381 7.64108
      vertex 16.1691 11.9882 7.57641
    endloop
  endfacet
  facet normal -0.990678 -0.136225 3.89598e-05
    outer loop
      vertex 16.8399 7.10982 7.55622
      vertex 16.175 11.9452 7.50429
      vertex 16.1808 11.903 7.43335
    endloop
  endfacet
  facet normal -0.99068 -0.136206 0.000923544
    outer loop
      vertex 16.8266 7.20644 7.38256
      vertex 16.1856 11.8685 7.35544
      vertex 16.19 11.836 7.28213
    endloop
  endfacet
  facet normal -0.990677 -0.136233 -0.000584344
    outer loop
      vertex 16.8169 7.27745 7.19588
      vertex 16.1932 11.8129 7.2068
      vertex 16.1967 11.7878 7.1248
    endloop
  endfacet
  facet normal -0.990677 -0.136228 0.000421008
    outer loop
      vertex 16.8089 7.33549 6.8
      vertex 16.2014 11.7536 6.87658
      vertex 16.202 11.749 6.8
    endloop
  endfacet
  facet normal -0.990679 -0.136221 1.44065e-05
    outer loop
      vertex 16.2014 11.7536 6.87658
      vertex 16.8089 7.33549 6.8
      vertex 16.2007 11.7587 6.96341
    endloop
  endfacet
  facet normal -0.99068 -0.136213 -0.000203548
    outer loop
      vertex 16.8105 7.32361 6.96272
      vertex 16.2007 11.7587 6.96341
      vertex 16.8089 7.33549 6.8
    endloop
  endfacet
  facet normal -0.990679 -0.136213 0.00065077
    outer loop
      vertex 16.8109 7.32088 7.00023
      vertex 16.2007 11.7587 6.96341
      vertex 16.8105 7.32361 6.96272
    endloop
  endfacet
  facet normal -0.990679 -0.136217 0.000203337
    outer loop
      vertex 16.2007 11.7587 6.96341
      vertex 16.8109 7.32088 7.00023
      vertex 16.1986 11.7741 7.04854
    endloop
  endfacet
  facet normal -0.99068 -0.136212 -0.000212224
    outer loop
      vertex 16.1986 11.7741 7.04854
      vertex 16.8109 7.32088 7.00023
      vertex 16.1967 11.7878 7.1248
    endloop
  endfacet
  facet normal -0.990681 -0.136197 -0.000768718
    outer loop
      vertex 16.812 7.31267 7.03721
      vertex 16.1967 11.7878 7.1248
      vertex 16.8109 7.32088 7.00023
    endloop
  endfacet
  facet normal -0.990679 -0.136219 0.000357388
    outer loop
      vertex 16.8169 7.27745 7.19588
      vertex 16.1967 11.7878 7.1248
      vertex 16.812 7.31267 7.03721
    endloop
  endfacet
  facet normal -0.990677 -0.136234 -0.000307502
    outer loop
      vertex 16.1932 11.8129 7.2068
      vertex 16.8169 7.27745 7.19588
      vertex 16.19 11.836 7.28213
    endloop
  endfacet
  facet normal -0.990679 -0.13619 -0.00265224
    outer loop
      vertex 16.8187 7.26365 7.23215
      vertex 16.19 11.836 7.28213
      vertex 16.8169 7.27745 7.19588
    endloop
  endfacet
  facet normal -0.990678 -0.136221 0.000220401
    outer loop
      vertex 16.8266 7.20644 7.38256
      vertex 16.19 11.836 7.28213
      vertex 16.8187 7.26365 7.23215
    endloop
  endfacet
  facet normal -0.990679 -0.136215 -0.00071654
    outer loop
      vertex 16.1856 11.8685 7.35544
      vertex 16.8266 7.20644 7.38256
      vertex 16.1808 11.903 7.43335
    endloop
  endfacet
  facet normal -0.990678 -0.136227 0.000391139
    outer loop
      vertex 16.8372 7.12975 7.5204
      vertex 16.1808 11.903 7.43335
      vertex 16.8266 7.20644 7.38256
    endloop
  endfacet
  facet normal -0.990673 -0.136255 -0.00113721
    outer loop
      vertex 16.8399 7.10982 7.55622
      vertex 16.1808 11.903 7.43335
      vertex 16.8372 7.12975 7.5204
    endloop
  endfacet
  facet normal -0.990678 -0.136224 0.000174893
    outer loop
      vertex 16.175 11.9452 7.50429
      vertex 16.8399 7.10982 7.55622
      vertex 16.1691 11.9882 7.57641
    endloop
  endfacet
  facet normal -0.990678 -0.136224 0.000292923
    outer loop
      vertex 16.8528 7.01627 7.67907
      vertex 16.1691 11.9882 7.57641
      vertex 16.8399 7.10982 7.55622
    endloop
  endfacet
  facet normal -0.990677 -0.136225 -0.000975494
    outer loop
      vertex 16.1623 12.0381 7.64108
      vertex 16.8528 7.01627 7.67907
      vertex 16.155 12.0907 7.70925
    endloop
  endfacet
  facet normal -0.990676 -0.136217 -0.00236936
    outer loop
      vertex 16.8563 6.99022 7.71329
      vertex 16.155 12.0907 7.70925
      vertex 16.8528 7.01627 7.67907
    endloop
  endfacet
  facet normal -0.990679 -0.136215 0.000236733
    outer loop
      vertex 16.155 12.0907 7.70925
      vertex 16.8563 6.99022 7.71329
      vertex 16.1473 12.1468 7.76601
    endloop
  endfacet
  facet normal -0.990676 -0.136227 0.00147493
    outer loop
      vertex 16.8607 6.95856 7.74449
      vertex 16.1473 12.1468 7.76601
      vertex 16.8563 6.99022 7.71329
    endloop
  endfacet
  facet normal -0.990677 -0.136225 0.000977855
    outer loop
      vertex 16.1473 12.1468 7.76601
      vertex 16.8607 6.95856 7.74449
      vertex 16.1387 12.2098 7.8298
    endloop
  endfacet
  facet normal -0.99068 -0.136207 -0.000197785
    outer loop
      vertex 16.8755 6.85076 7.85076
      vertex 16.1387 12.2098 7.8298
      vertex 16.8607 6.95856 7.74449
    endloop
  endfacet
  facet normal -0.990679 -0.13621 -0.00108345
    outer loop
      vertex 16.1387 12.2098 7.8298
      vertex 16.8755 6.85076 7.85076
      vertex 16.1286 12.2828 7.88751
    endloop
  endfacet
  facet normal -0.990678 -0.136221 0.000591167
    outer loop
      vertex 16.1286 12.2828 7.88751
      vertex 16.8755 6.85076 7.85076
      vertex 16.1202 12.3441 7.936
    endloop
  endfacet
  facet normal -0.99068 -0.136209 -0.000190616
    outer loop
      vertex 16.8807 6.8129 7.87883
      vertex 16.1202 12.3441 7.936
      vertex 16.8755 6.85076 7.85076
    endloop
  endfacet
  facet normal -0.99068 -0.136209 -0.000223649
    outer loop
      vertex 16.8969 6.69493 7.9663
      vertex 16.1202 12.3441 7.936
      vertex 16.8807 6.8129 7.87883
    endloop
  endfacet
  facet normal -0.99068 -0.136213 -0.000103338
    outer loop
      vertex 16.1087 12.4275 7.98661
      vertex 16.8969 6.69493 7.9663
      vertex 16.0998 12.4922 8.02586
    endloop
  endfacet
  facet normal -0.990677 -0.136226 0.00116292
    outer loop
      vertex 16.914 6.57115 8.03384
      vertex 16.0998 12.4922 8.02586
      vertex 16.8969 6.69493 7.9663
    endloop
  endfacet
  facet normal -0.990675 -0.13623 -0.00195553
    outer loop
      vertex 16.9201 6.52644 8.05824
      vertex 16.0998 12.4922 8.02586
      vertex 16.914 6.57115 8.03384
    endloop
  endfacet
  facet normal -0.990679 -0.136219 0.000267104
    outer loop
      vertex 16.0907 12.5584 8.05545
      vertex 16.9201 6.52644 8.05824
      vertex 16.0778 12.6523 8.09745
    endloop
  endfacet
  facet normal -0.990678 -0.136224 0.00103916
    outer loop
      vertex 16.9376 6.39954 8.1064
      vertex 16.0778 12.6523 8.09745
      vertex 16.9201 6.52644 8.05824
    endloop
  endfacet
  facet normal -0.990675 -0.136228 -0.00214701
    outer loop
      vertex 16.9445 6.34906 8.12556
      vertex 16.0778 12.6523 8.09745
      vertex 16.9376 6.39954 8.1064
    endloop
  endfacet
  facet normal -0.990677 -0.136225 -0.00138859
    outer loop
      vertex 16.0778 12.6523 8.09745
      vertex 16.9445 6.34906 8.12556
      vertex 16.0686 12.719 8.11763
    endloop
  endfacet
  facet normal -0.990678 -0.136223 0.000568457
    outer loop
      vertex 16.0686 12.719 8.11763
      vertex 16.9445 6.34906 8.12556
      vertex 16.0544 12.8224 8.14894
    endloop
  endfacet
  facet normal -0.990679 -0.136221 -2.36159e-06
    outer loop
      vertex 16.0544 12.8224 8.14894
      vertex 16.9445 6.34906 8.12556
      vertex 17.8175 0 12.8
    endloop
  endfacet
  facet normal -0.990614 -0.136688 -0.000648617
    outer loop
      vertex 17.8175 0 12.8
      vertex 16.9445 6.34906 8.12556
      vertex 16.9521 6.29392 8.13834
    endloop
  endfacet
  facet normal -0.990705 -0.136025 0.000263137
    outer loop
      vertex 17.8175 0 12.8
      vertex 16.9521 6.29392 8.13834
      vertex 16.9696 6.16652 8.16788
    endloop
  endfacet
  facet normal -0.990712 -0.135978 0.000326354
    outer loop
      vertex 17.8175 0 12.8
      vertex 16.9696 6.16652 8.16788
      vertex 16.9778 6.10679 8.17356
    endloop
  endfacet
  facet normal -0.990685 -0.136173 6.41061e-05
    outer loop
      vertex 17.8175 0 12.8
      vertex 16.9778 6.10679 8.17356
      vertex 16.9949 5.98239 8.18538
    endloop
  endfacet
  facet normal -0.9907 -0.136063 0.000210026
    outer loop
      vertex 17.8175 0 12.8
      vertex 16.9949 5.98239 8.18538
      vertex 17.0036 5.91904 8.18306
    endloop
  endfacet
  facet normal -0.990644 -0.136468 -0.000319569
    outer loop
      vertex 17.8175 0 12.8
      vertex 17.0036 5.91904 8.18306
      vertex 17.02 5.8 8.17871
    endloop
  endfacet
  facet normal -0.99066 -0.136357 -0.000176777
    outer loop
      vertex 17.8175 0 12.8
      vertex 17.02 5.8 8.17871
      vertex 17.0354 5.68814 8.15996
    endloop
  endfacet
  facet normal -0.990743 -0.135753 0.000577117
    outer loop
      vertex 17.8175 0 12.8
      vertex 17.0354 5.68814 8.15996
      vertex 17.0444 5.62241 8.14894
    endloop
  endfacet
  facet normal -0.99076 -0.135627 0.000557463
    outer loop
      vertex 17.8175 0 12.8
      vertex 17.1523 4.8381 7.64108
      vertex 17.1591 4.78816 7.57641
    endloop
  endfacet
  facet normal -0.990702 -0.136052 0.000150448
    outer loop
      vertex 17.8175 0 12.8
      vertex 17.1753 4.67034 7.35959
      vertex 17.18 4.63603 7.28213
    endloop
  endfacet
  facet normal -0.990614 -0.136689 -0.000392118
    outer loop
      vertex 17.8175 0 12.8
      vertex 17.1832 4.61295 7.2068
      vertex 17.1867 4.58782 7.1248
    endloop
  endfacet
  facet normal -0.990733 -0.135822 0.000307542
    outer loop
      vertex 17.8175 0 12.8
      vertex 17.1914 4.55357 6.87658
      vertex 17.192 4.54902 6.8
    endloop
  endfacet
  facet normal -0.990679 -0.13622 -0
    outer loop
      vertex 17.8175 0 12.8
      vertex 17.192 4.54902 6.8
      vertex 17.8175 0 0
    endloop
  endfacet
  facet normal -0.990699 -0.136068 0.000114969
    outer loop
      vertex 17.1914 4.55357 6.87658
      vertex 17.8175 0 12.8
      vertex 17.1907 4.55874 6.96341
    endloop
  endfacet
  facet normal -0.990695 -0.136104 8.6616e-05
    outer loop
      vertex 17.1907 4.55874 6.96341
      vertex 17.8175 0 12.8
      vertex 17.1886 4.57408 7.04854
    endloop
  endfacet
  facet normal -0.99066 -0.136353 -0.000115
    outer loop
      vertex 17.1886 4.57408 7.04854
      vertex 17.8175 0 12.8
      vertex 17.1867 4.58782 7.1248
    endloop
  endfacet
  facet normal -0.990637 -0.136524 -0.000253167
    outer loop
      vertex 17.1832 4.61295 7.2068
      vertex 17.8175 0 12.8
      vertex 17.18 4.63603 7.28213
    endloop
  endfacet
  facet normal -0.990665 -0.136316 -8.02105e-05
    outer loop
      vertex 17.1753 4.67034 7.35959
      vertex 17.8175 0 12.8
      vertex 17.1708 4.703 7.43335
    endloop
  endfacet
  facet normal -0.990685 -0.136174 4.64633e-05
    outer loop
      vertex 17.1708 4.703 7.43335
      vertex 17.8175 0 12.8
      vertex 17.165 4.74522 7.50429
    endloop
  endfacet
  facet normal -0.990679 -0.136218 4.29365e-06
    outer loop
      vertex 16.0049 13.1824 8.18538
      vertex 17.8175 0 12.8
      vertex 13.5 31.4 12.8
    endloop
  endfacet
  facet normal -0.990695 -0.136099 0.00015128
    outer loop
      vertex 17.0586 5.51901 8.11763
      vertex 17.8175 0 12.8
      vertex 17.0444 5.62241 8.14894
    endloop
  endfacet
  facet normal -0.990628 -0.136588 -0.000436526
    outer loop
      vertex 17.0678 5.45235 8.09745
      vertex 17.8175 0 12.8
      vertex 17.0586 5.51901 8.11763
    endloop
  endfacet
  facet normal -0.990695 -0.136104 0.000135148
    outer loop
      vertex 17.0807 5.35841 8.05545
      vertex 17.8175 0 12.8
      vertex 17.0678 5.45235 8.09745
    endloop
  endfacet
  facet normal -0.990678 -0.136222 -2.24321e-07
    outer loop
      vertex 17.0898 5.29223 8.02586
      vertex 17.8175 0 12.8
      vertex 17.0807 5.35841 8.05545
    endloop
  endfacet
  facet normal -0.990672 -0.136266 -4.9737e-05
    outer loop
      vertex 17.0987 5.22754 7.98661
      vertex 17.8175 0 12.8
      vertex 17.0898 5.29223 8.02586
    endloop
  endfacet
  facet normal -0.990649 -0.136438 -0.000240358
    outer loop
      vertex 17.1102 5.14413 7.936
      vertex 17.8175 0 12.8
      vertex 17.0987 5.22754 7.98661
    endloop
  endfacet
  facet normal -0.990718 -0.135933 0.000303894
    outer loop
      vertex 17.1186 5.0828 7.88751
      vertex 17.8175 0 12.8
      vertex 17.1102 5.14413 7.936
    endloop
  endfacet
  facet normal -0.990614 -0.136688 -0.000491696
    outer loop
      vertex 17.1287 5.00981 7.8298
      vertex 17.8175 0 12.8
      vertex 17.1186 5.0828 7.88751
    endloop
  endfacet
  facet normal -0.990745 -0.135736 0.000485483
    outer loop
      vertex 17.1373 4.94681 7.76601
      vertex 17.8175 0 12.8
      vertex 17.1287 5.00981 7.8298
    endloop
  endfacet
  facet normal -0.990689 -0.136148 7.31596e-05
    outer loop
      vertex 17.145 4.89075 7.70925
      vertex 17.8175 0 12.8
      vertex 17.1373 4.94681 7.76601
    endloop
  endfacet
  facet normal -0.99061 -0.13672 -0.000486468
    outer loop
      vertex 17.1523 4.8381 7.64108
      vertex 17.8175 0 12.8
      vertex 17.145 4.89075 7.70925
    endloop
  endfacet
  facet normal -0.990684 -0.136184 3.74831e-05
    outer loop
      vertex 17.165 4.74522 7.50429
      vertex 17.8175 0 12.8
      vertex 17.1591 4.78816 7.57641
    endloop
  endfacet
  facet normal 0 -1 0
    outer loop
      vertex 8.5 31.4 6.8
      vertex 13.5 31.4 12.8
      vertex 8.5 31.4 12.8
    endloop
  endfacet
  facet normal 0 -1 0
    outer loop
      vertex 13.5 31.4 0
      vertex 8.5 31.4 6.8
      vertex 8.5 31.4 0
    endloop
  endfacet
  facet normal 0 -1 0
    outer loop
      vertex 8.5 31.4 6.8
      vertex 13.5 31.4 0
      vertex 13.5 31.4 12.8
    endloop
  endfacet
  facet normal 1 0 0
    outer loop
      vertex 8.5 28.4 4.69494
      vertex 8.5 31.4 6.8
      vertex 8.5 28.4 6.8
    endloop
  endfacet
  facet normal 1 0 0
    outer loop
      vertex 8.5 31.4 6.8
      vertex 8.5 28.4 4.69494
      vertex 8.5 31.4 0
    endloop
  endfacet
  facet normal 1 0 0
    outer loop
      vertex 8.5 0 0
      vertex 8.5 28.4 4.69494
      vertex 8.5 0 4.69494
    endloop
  endfacet
  facet normal 1 0 0
    outer loop
      vertex 8.5 28.4 4.69494
      vertex 8.5 0 0
      vertex 8.5 31.4 0
    endloop
  endfacet
  facet normal 1 0 0
    outer loop
      vertex 8.5 31.4 12.8
      vertex 8.5 28.4 8.90506
      vertex 8.5 31.4 6.8
    endloop
  endfacet
  facet normal 1 -0 0
    outer loop
      vertex 8.5 0 12.8
      vertex 8.5 28.4 8.90506
      vertex 8.5 31.4 12.8
    endloop
  endfacet
  facet normal 1 0 0
    outer loop
      vertex 8.5 28.4 8.90506
      vertex 8.5 0 12.8
      vertex 8.5 0 8.90506
    endloop
  endfacet
  facet normal 1 0 0
    outer loop
      vertex 8.5 31.4 6.8
      vertex 8.5 28.4 8.90506
      vertex 8.5 28.4 6.8
    endloop
  endfacet
  facet normal 0 1 -0
    outer loop
      vertex 13.325 25.4 0
      vertex 10.3 25.4 12.8
      vertex 13.325 25.4 12.8
    endloop
  endfacet
  facet normal 0 1 0
    outer loop
      vertex 10.3 25.4 12.8
      vertex 13.325 25.4 0
      vertex 10.3 25.4 0
    endloop
  endfacet
  facet normal 0.990679 0.136214 0
    outer loop
      vertex 14.7981 14.6862 12.8
      vertex 13.325 25.4 0
      vertex 13.325 25.4 12.8
    endloop
  endfacet
  facet normal 0.990679 0.136214 0
    outer loop
      vertex 13.325 25.4 0
      vertex 14.7981 14.6862 12.8
      vertex 14.7981 14.6862 0
    endloop
  endfacet
  facet normal 0.258827 -0.965924 0
    outer loop
      vertex 10.3 13.4809 0
      vertex 14.7981 14.6862 12.8
      vertex 10.3 13.4809 12.8
    endloop
  endfacet
  facet normal 0.258827 -0.965924 0
    outer loop
      vertex 14.7981 14.6862 12.8
      vertex 10.3 13.4809 0
      vertex 14.7981 14.6862 0
    endloop
  endfacet
  facet normal -1 0 0
    outer loop
      vertex 10.3 13.4809 0
      vertex 10.3 25.4 12.8
      vertex 10.3 25.4 0
    endloop
  endfacet
  facet normal -1 -0 0
    outer loop
      vertex 10.3 25.4 12.8
      vertex 10.3 13.4809 0
      vertex 10.3 13.4809 12.8
    endloop
  endfacet
  facet normal 0.99068 0.136213 0
    outer loop
      vertex 15.9585 6.24709 12.8
      vertex 14.908 13.8874 0
      vertex 14.908 13.8874 12.8
    endloop
  endfacet
  facet normal 0.99068 0.136213 0
    outer loop
      vertex 14.908 13.8874 0
      vertex 15.9585 6.24709 12.8
      vertex 15.9585 6.24709 0
    endloop
  endfacet
  facet normal 0.258819 -0.965926 0
    outer loop
      vertex 10.3 4.7309 0
      vertex 15.9585 6.24709 12.8
      vertex 10.3 4.7309 12.8
    endloop
  endfacet
  facet normal 0.258819 -0.965926 0
    outer loop
      vertex 15.9585 6.24709 12.8
      vertex 10.3 4.7309 0
      vertex 15.9585 6.24709 0
    endloop
  endfacet
  facet normal -1 0 0
    outer loop
      vertex 10.3 4.7309 0
      vertex 10.3 12.6527 12.8
      vertex 10.3 12.6527 0
    endloop
  endfacet
  facet normal -1 -0 0
    outer loop
      vertex 10.3 12.6527 12.8
      vertex 10.3 4.7309 0
      vertex 10.3 4.7309 12.8
    endloop
  endfacet
  facet normal -0.258817 0.965926 0
    outer loop
      vertex 14.908 13.8874 0
      vertex 10.3 12.6527 12.8
      vertex 14.908 13.8874 12.8
    endloop
  endfacet
  facet normal -0.258817 0.965926 0
    outer loop
      vertex 10.3 12.6527 12.8
      vertex 14.908 13.8874 0
      vertex 10.3 12.6527 0
    endloop
  endfacet
  facet normal 0.99068 0.136211 0
    outer loop
      vertex 16.8175 0 12.8
      vertex 16.0684 5.44831 0
      vertex 16.0684 5.44831 12.8
    endloop
  endfacet
  facet normal 0.99068 0.136211 0
    outer loop
      vertex 16.0684 5.44831 0
      vertex 16.8175 0 12.8
      vertex 16.8175 0 0
    endloop
  endfacet
  facet normal -1 0 0
    outer loop
      vertex 10.3 0 0
      vertex 10.3 3.90269 12.8
      vertex 10.3 3.90269 0
    endloop
  endfacet
  facet normal -1 -0 0
    outer loop
      vertex 10.3 3.90269 12.8
      vertex 10.3 0 0
      vertex 10.3 0 12.8
    endloop
  endfacet
  facet normal -0.258816 0.965927 0
    outer loop
      vertex 16.0684 5.44831 0
      vertex 10.3 3.90269 12.8
      vertex 16.0684 5.44831 12.8
    endloop
  endfacet
  facet normal -0.258816 0.965927 0
    outer loop
      vertex 10.3 3.90269 12.8
      vertex 16.0684 5.44831 0
      vertex 10.3 3.90269 0
    endloop
  endfacet
  facet normal -0.442289 0 -0.896873
    outer loop
      vertex 8.18758 0 9.0635
      vertex 8.475 28.4 8.92176
      vertex 8.475 0 8.92176
    endloop
  endfacet
  facet normal -0.442289 0 -0.896873
    outer loop
      vertex 8.475 28.4 8.92176
      vertex 8.18758 0 9.0635
      vertex 8.18758 28.4 9.0635
    endloop
  endfacet
  facet normal -0.195078 0 0.980788
    outer loop
      vertex 7.84776 27.6346 4.42625
      vertex 7.88411 0 4.43348
      vertex 7.88411 27.7417 4.43348
    endloop
  endfacet
  facet normal -0.19504 5.1944e-08 0.980795
    outer loop
      vertex 7.73205 27.4 4.40324
      vertex 7.88411 0 4.43348
      vertex 7.84776 27.6346 4.42625
    endloop
  endfacet
  facet normal -0.19509 -2.37662e-07 0.980785
    outer loop
      vertex 7.58671 27.1825 4.37433
      vertex 7.88411 0 4.43348
      vertex 7.73205 27.4 4.40324
    endloop
  endfacet
  facet normal -0.195333 -2.99064e-06 0.980737
    outer loop
      vertex 7.56979 27.1632 4.37096
      vertex 7.88411 0 4.43348
      vertex 7.58671 27.1825 4.37433
    endloop
  endfacet
  facet normal -0.195084 0 0.980787
    outer loop
      vertex 7.88411 0 4.43348
      vertex 7.56979 27.1632 4.37096
      vertex 7.56979 0 4.37096
    endloop
  endfacet
  facet normal -0.195078 0 -0.980788
    outer loop
      vertex 7.88411 0 9.16652
      vertex 7.84776 27.6346 9.17375
      vertex 7.88411 27.7417 9.16652
    endloop
  endfacet
  facet normal -0.19504 5.1944e-08 -0.980795
    outer loop
      vertex 7.88411 0 9.16652
      vertex 7.73205 27.4 9.19676
      vertex 7.84776 27.6346 9.17375
    endloop
  endfacet
  facet normal -0.19509 -2.37662e-07 -0.980785
    outer loop
      vertex 7.88411 0 9.16652
      vertex 7.58671 27.1825 9.22567
      vertex 7.73205 27.4 9.19676
    endloop
  endfacet
  facet normal -0.195084 -0 -0.980787
    outer loop
      vertex 7.56979 27.1632 9.22904
      vertex 7.88411 0 9.16652
      vertex 7.56979 0 9.22904
    endloop
  endfacet
  facet normal -0.195333 -2.99064e-06 -0.980737
    outer loop
      vertex 7.88411 0 9.16652
      vertex 7.56979 27.1632 9.22904
      vertex 7.58671 27.1825 9.22567
    endloop
  endfacet
  facet normal -0.0654207 0 -0.997858
    outer loop
      vertex 7.56979 0 9.22904
      vertex 7.41421 26.9858 9.23924
      vertex 7.56979 27.1632 9.22904
    endloop
  endfacet
  facet normal -0.0654027 -0 -0.997859
    outer loop
      vertex 7.25 26.8418 9.25
      vertex 7.56979 0 9.22904
      vertex 7.25 0 9.25
    endloop
  endfacet
  facet normal -0.0653858 2.01914e-07 -0.99786
    outer loop
      vertex 7.56979 0 9.22904
      vertex 7.25 26.8418 9.25
      vertex 7.41421 26.9858 9.23924
    endloop
  endfacet
  facet normal 0.659346 6.08384e-08 0.751839
    outer loop
      vertex 5.51759 0 5.06759
      vertex 5.75854 26.4158 4.85628
      vertex 5.73895 26.4171 4.87346
    endloop
  endfacet
  facet normal 0.659351 -0 0.751836
    outer loop
      vertex 5.51759 0 5.06759
      vertex 5.73895 26.4171 4.87346
      vertex 5.51759 26.4611 5.06759
    endloop
  endfacet
  facet normal 0.65935 0 0.751836
    outer loop
      vertex 5.75854 26.4158 4.85628
      vertex 5.51759 0 5.06759
      vertex 5.75854 0 4.85628
    endloop
  endfacet
  facet normal 0.442179 0 -0.896927
    outer loop
      vertex 6.31243 0 9.0635
      vertex 6.26105 26.4171 9.03817
      vertex 6.31243 26.4273 9.0635
    endloop
  endfacet
  facet normal 0.442277 0 -0.896879
    outer loop
      vertex 6.025 26.4016 8.92176
      vertex 6.31243 0 9.0635
      vertex 6.025 0 8.92176
    endloop
  endfacet
  facet normal 0.442298 2.87516e-07 -0.896868
    outer loop
      vertex 6.31243 0 9.0635
      vertex 6.025 26.4016 8.92176
      vertex 6.26105 26.4171 9.03817
    endloop
  endfacet
  facet normal -0.321463 -5.31684e-06 0.946922
    outer loop
      vertex 7.98289 28.1389 4.46701
      vertex 8.18758 28.4 4.5365
      vertex 8 28.4 4.47282
    endloop
  endfacet
  facet normal -0.321511 3.71932e-05 0.946906
    outer loop
      vertex 7.93185 27.8824 4.44969
      vertex 8.18758 28.4 4.5365
      vertex 7.98289 28.1389 4.46701
    endloop
  endfacet
  facet normal -0.32128 -9.02287e-05 0.946984
    outer loop
      vertex 7.88411 27.7417 4.43348
      vertex 8.18758 28.4 4.5365
      vertex 7.93185 27.8824 4.44969
    endloop
  endfacet
  facet normal -0.321456 0 0.946925
    outer loop
      vertex 8.18758 28.4 4.5365
      vertex 7.88411 27.7417 4.43348
      vertex 8.18758 0 4.5365
    endloop
  endfacet
  facet normal -0.321456 0 0.946925
    outer loop
      vertex 8.18758 0 4.5365
      vertex 7.88411 27.7417 4.43348
      vertex 7.88411 0 4.43348
    endloop
  endfacet
  facet normal 0.442179 0 0.896927
    outer loop
      vertex 6.26105 26.4171 4.56183
      vertex 6.31243 0 4.5365
      vertex 6.31243 26.4273 4.5365
    endloop
  endfacet
  facet normal 0.442298 2.87516e-07 0.896868
    outer loop
      vertex 6.025 26.4016 4.67824
      vertex 6.31243 0 4.5365
      vertex 6.26105 26.4171 4.56183
    endloop
  endfacet
  facet normal 0.442277 0 0.896879
    outer loop
      vertex 6.31243 0 4.5365
      vertex 6.025 26.4016 4.67824
      vertex 6.025 0 4.67824
    endloop
  endfacet
  facet normal 0.946921 0 -0.321465
    outer loop
      vertex 4.88348 0 7.43411
      vertex 4.9865 26.677 7.73757
      vertex 4.9865 0 7.73757
    endloop
  endfacet
  facet normal 0.946921 0 -0.321465
    outer loop
      vertex 4.9865 26.677 7.73757
      vertex 4.88348 0 7.43411
      vertex 4.88348 26.7458 7.43411
    endloop
  endfacet
  facet normal -0.321456 0 -0.946925
    outer loop
      vertex 7.88411 27.7417 9.16652
      vertex 8.18758 28.4 9.0635
      vertex 8.18758 0 9.0635
    endloop
  endfacet
  facet normal -0.321463 -5.31684e-06 -0.946922
    outer loop
      vertex 8.18758 28.4 9.0635
      vertex 7.98289 28.1389 9.13299
      vertex 8 28.4 9.12718
    endloop
  endfacet
  facet normal -0.321511 3.71932e-05 -0.946906
    outer loop
      vertex 8.18758 28.4 9.0635
      vertex 7.93185 27.8824 9.15031
      vertex 7.98289 28.1389 9.13299
    endloop
  endfacet
  facet normal -0.321456 -0 -0.946925
    outer loop
      vertex 7.88411 27.7417 9.16652
      vertex 8.18758 0 9.0635
      vertex 7.88411 0 9.16652
    endloop
  endfacet
  facet normal -0.32128 -9.02287e-05 -0.946984
    outer loop
      vertex 8.18758 28.4 9.0635
      vertex 7.88411 27.7417 9.16652
      vertex 7.93185 27.8824 9.15031
    endloop
  endfacet
  facet normal 0.195098 0 -0.980784
    outer loop
      vertex 6.93021 0 9.22904
      vertex 6.76537 26.5522 9.19625
      vertex 6.93021 26.6335 9.22904
    endloop
  endfacet
  facet normal 0.195084 0 -0.980787
    outer loop
      vertex 6.61589 26.5015 9.16652
      vertex 6.93021 0 9.22904
      vertex 6.61589 0 9.16652
    endloop
  endfacet
  facet normal 0.195069 -1.86423e-07 -0.98079
    outer loop
      vertex 6.93021 0 9.22904
      vertex 6.61589 26.5015 9.16652
      vertex 6.76537 26.5522 9.19625
    endloop
  endfacet
  facet normal 0.321428 0 0.946934
    outer loop
      vertex 6.51764 26.4681 4.46683
      vertex 6.61589 0 4.43348
      vertex 6.61589 26.5015 4.43348
    endloop
  endfacet
  facet normal 0.321483 2.30652e-07 0.946915
    outer loop
      vertex 6.31243 26.4273 4.5365
      vertex 6.61589 0 4.43348
      vertex 6.51764 26.4681 4.46683
    endloop
  endfacet
  facet normal 0.321465 0 0.946921
    outer loop
      vertex 6.61589 0 4.43348
      vertex 6.31243 26.4273 4.5365
      vertex 6.31243 0 4.5365
    endloop
  endfacet
  facet normal 0.555468 0 0.831538
    outer loop
      vertex 6 26.4 4.69494
      vertex 6.025 0 4.67824
      vertex 6.025 26.4016 4.67824
    endloop
  endfacet
  facet normal 0.555574 -0 0.831467
    outer loop
      vertex 5.75854 0 4.85628
      vertex 6 26.4 4.69494
      vertex 5.75854 26.4158 4.85628
    endloop
  endfacet
  facet normal 0.555564 1.32146e-07 0.831474
    outer loop
      vertex 6 26.4 4.69494
      vertex 5.75854 0 4.85628
      vertex 6.025 0 4.67824
    endloop
  endfacet
  facet normal 0.946925 -0 0.321456
    outer loop
      vertex 4.88348 0 6.16589
      vertex 4.9865 26.677 5.86242
      vertex 4.88348 26.7458 6.16589
    endloop
  endfacet
  facet normal 0.946925 0 0.321456
    outer loop
      vertex 4.9865 26.677 5.86242
      vertex 4.88348 0 6.16589
      vertex 4.9865 0 5.86242
    endloop
  endfacet
  facet normal 0.195098 0 0.980784
    outer loop
      vertex 6.76537 26.5522 4.40375
      vertex 6.93021 0 4.37096
      vertex 6.93021 26.6335 4.37096
    endloop
  endfacet
  facet normal 0.195069 -1.86423e-07 0.98079
    outer loop
      vertex 6.61589 26.5015 4.43348
      vertex 6.93021 0 4.37096
      vertex 6.76537 26.5522 4.40375
    endloop
  endfacet
  facet normal 0.195084 0 0.980787
    outer loop
      vertex 6.93021 0 4.37096
      vertex 6.61589 26.5015 4.43348
      vertex 6.61589 0 4.43348
    endloop
  endfacet
  facet normal -0.442289 0 0.896873
    outer loop
      vertex 8.18758 28.4 4.5365
      vertex 8.475 0 4.67824
      vertex 8.475 28.4 4.67824
    endloop
  endfacet
  facet normal -0.442289 0 0.896873
    outer loop
      vertex 8.475 0 4.67824
      vertex 8.18758 28.4 4.5365
      vertex 8.18758 0 4.5365
    endloop
  endfacet
  facet normal 0.321514 0 -0.946905
    outer loop
      vertex 6.61589 0 9.16652
      vertex 6.51764 26.4681 9.13316
      vertex 6.61589 26.5015 9.16652
    endloop
  endfacet
  facet normal 0.321465 0 -0.946921
    outer loop
      vertex 6.31243 26.4273 9.0635
      vertex 6.61589 0 9.16652
      vertex 6.31243 0 9.0635
    endloop
  endfacet
  facet normal 0.321442 -2.98006e-07 -0.946929
    outer loop
      vertex 6.61589 0 9.16652
      vertex 6.31243 26.4273 9.0635
      vertex 6.51764 26.4681 9.13316
    endloop
  endfacet
  facet normal 0.980787 -0 0.195084
    outer loop
      vertex 4.82096 0 6.48021
      vertex 4.88348 26.7458 6.16589
      vertex 4.82096 26.7876 6.48021
    endloop
  endfacet
  facet normal 0.980787 0 0.195084
    outer loop
      vertex 4.88348 26.7458 6.16589
      vertex 4.82096 0 6.48021
      vertex 4.88348 0 6.16589
    endloop
  endfacet
  facet normal 0.0654383 0 0.997857
    outer loop
      vertex 7.21752 26.8133 4.35213
      vertex 7.25 0 4.35
      vertex 7.25 26.8418 4.35
    endloop
  endfacet
  facet normal 0.0654168 -2.61211e-08 0.997858
    outer loop
      vertex 7 26.6679 4.36639
      vertex 7.25 0 4.35
      vertex 7.21752 26.8133 4.35213
    endloop
  endfacet
  facet normal 0.0653426 -7.248e-07 0.997863
    outer loop
      vertex 6.93021 26.6335 4.37096
      vertex 7.25 0 4.35
      vertex 7 26.6679 4.36639
    endloop
  endfacet
  facet normal 0.0654027 0 0.997859
    outer loop
      vertex 7.25 0 4.35
      vertex 6.93021 26.6335 4.37096
      vertex 6.93021 0 4.37096
    endloop
  endfacet
  facet normal -0.555468 0 -0.831538
    outer loop
      vertex 8.475 0 8.92176
      vertex 8.5 28.4 8.90506
      vertex 8.5 0 8.90506
    endloop
  endfacet
  facet normal -0.555468 0 -0.831538
    outer loop
      vertex 8.5 28.4 8.90506
      vertex 8.475 0 8.92176
      vertex 8.475 28.4 8.92176
    endloop
  endfacet
  facet normal 0.896879 0 -0.442277
    outer loop
      vertex 4.9865 0 7.73757
      vertex 5.12824 26.6047 8.025
      vertex 5.12824 0 8.025
    endloop
  endfacet
  facet normal 0.896869 2.52597e-07 -0.442295
    outer loop
      vertex 5.12824 26.6047 8.025
      vertex 4.9865 0 7.73757
      vertex 5 26.6679 7.76496
    endloop
  endfacet
  facet normal 0.896967 0 -0.442098
    outer loop
      vertex 5 26.6679 7.76496
      vertex 4.9865 0 7.73757
      vertex 4.9865 26.677 7.73757
    endloop
  endfacet
  facet normal 0.751836 0 -0.65935
    outer loop
      vertex 5.30628 0 8.29146
      vertex 5.51759 26.4611 8.53241
      vertex 5.51759 0 8.53241
    endloop
  endfacet
  facet normal 0.751823 2.44198e-07 -0.659365
    outer loop
      vertex 5.51759 26.4611 8.53241
      vertex 5.30628 0 8.29146
      vertex 5.48236 26.4681 8.49224
    endloop
  endfacet
  facet normal 0.751839 0 -0.659347
    outer loop
      vertex 5.48236 26.4681 8.49224
      vertex 5.30628 0 8.29146
      vertex 5.30628 26.5279 8.29146
    endloop
  endfacet
  facet normal 0.65935 0 -0.751836
    outer loop
      vertex 5.51759 0 8.53241
      vertex 5.75854 26.4158 8.74372
      vertex 5.75854 0 8.74372
    endloop
  endfacet
  facet normal 0.659346 6.08384e-08 -0.751839
    outer loop
      vertex 5.75854 26.4158 8.74372
      vertex 5.51759 0 8.53241
      vertex 5.73895 26.4171 8.72654
    endloop
  endfacet
  facet normal 0.659351 0 -0.751836
    outer loop
      vertex 5.73895 26.4171 8.72654
      vertex 5.51759 0 8.53241
      vertex 5.51759 26.4611 8.53241
    endloop
  endfacet
  facet normal -0.0654207 0 0.997858
    outer loop
      vertex 7.41421 26.9858 4.36076
      vertex 7.56979 0 4.37096
      vertex 7.56979 27.1632 4.37096
    endloop
  endfacet
  facet normal -0.0653858 2.01914e-07 0.99786
    outer loop
      vertex 7.25 26.8418 4.35
      vertex 7.56979 0 4.37096
      vertex 7.41421 26.9858 4.36076
    endloop
  endfacet
  facet normal -0.0654027 0 0.997859
    outer loop
      vertex 7.56979 0 4.37096
      vertex 7.25 26.8418 4.35
      vertex 7.25 0 4.35
    endloop
  endfacet
  facet normal -0.555468 0 0.831538
    outer loop
      vertex 8.475 28.4 4.67824
      vertex 8.5 0 4.69494
      vertex 8.5 28.4 4.69494
    endloop
  endfacet
  facet normal -0.555468 0 0.831538
    outer loop
      vertex 8.5 0 4.69494
      vertex 8.475 28.4 4.67824
      vertex 8.475 0 4.67824
    endloop
  endfacet
  facet normal 0.831474 0 -0.555564
    outer loop
      vertex 5.12824 0 8.025
      vertex 5.30628 26.5279 8.29146
      vertex 5.30628 0 8.29146
    endloop
  endfacet
  facet normal 0.831465 1.83671e-07 -0.555577
    outer loop
      vertex 5.30628 26.5279 8.29146
      vertex 5.12824 0 8.025
      vertex 5.23463 26.5522 8.18423
    endloop
  endfacet
  facet normal 0.831479 0 -0.555555
    outer loop
      vertex 5.23463 26.5522 8.18423
      vertex 5.12824 0 8.025
      vertex 5.12824 26.6047 8.025
    endloop
  endfacet
  facet normal 0.980787 0 -0.195084
    outer loop
      vertex 4.82096 0 7.11979
      vertex 4.88348 26.7458 7.43411
      vertex 4.88348 0 7.43411
    endloop
  endfacet
  facet normal 0.980787 0 -0.195084
    outer loop
      vertex 4.88348 26.7458 7.43411
      vertex 4.82096 0 7.11979
      vertex 4.82096 26.7876 7.11979
    endloop
  endfacet
  facet normal 0.896903 -0 0.442228
    outer loop
      vertex 4.9865 0 5.86242
      vertex 5 26.6679 5.83504
      vertex 4.9865 26.677 5.86242
    endloop
  endfacet
  facet normal 0.896869 8.67848e-08 0.442296
    outer loop
      vertex 4.9865 0 5.86242
      vertex 5.12824 26.6047 5.575
      vertex 5 26.6679 5.83504
    endloop
  endfacet
  facet normal 0.896873 0 0.442289
    outer loop
      vertex 5.12824 26.6047 5.575
      vertex 4.9865 0 5.86242
      vertex 5.12824 0 5.575
    endloop
  endfacet
  facet normal 0.0654383 0 -0.997857
    outer loop
      vertex 7.25 0 9.25
      vertex 7.21752 26.8133 9.24787
      vertex 7.25 26.8418 9.25
    endloop
  endfacet
  facet normal 0.0654168 -2.61211e-08 -0.997858
    outer loop
      vertex 7.25 0 9.25
      vertex 7 26.6679 9.23361
      vertex 7.21752 26.8133 9.24787
    endloop
  endfacet
  facet normal 0.0654027 0 -0.997859
    outer loop
      vertex 6.93021 26.6335 9.22904
      vertex 7.25 0 9.25
      vertex 6.93021 0 9.22904
    endloop
  endfacet
  facet normal 0.0653426 -7.248e-07 -0.997863
    outer loop
      vertex 7.25 0 9.25
      vertex 6.93021 26.6335 9.22904
      vertex 7 26.6679 9.23361
    endloop
  endfacet
  facet normal 0.997859 0 -0.0654027
    outer loop
      vertex 4.8 0 6.8
      vertex 4.82096 26.7876 7.11979
      vertex 4.82096 0 7.11979
    endloop
  endfacet
  facet normal 0.997859 0 -0.0654027
    outer loop
      vertex 4.82096 26.7876 7.11979
      vertex 4.8 0 6.8
      vertex 4.8 26.8016 6.8
    endloop
  endfacet
  facet normal 0.997859 -0 0.0654027
    outer loop
      vertex 4.8 0 6.8
      vertex 4.82096 26.7876 6.48021
      vertex 4.8 26.8016 6.8
    endloop
  endfacet
  facet normal 0.997859 0 0.0654027
    outer loop
      vertex 4.82096 26.7876 6.48021
      vertex 4.8 0 6.8
      vertex 4.82096 0 6.48021
    endloop
  endfacet
  facet normal 0.831479 -0 0.555555
    outer loop
      vertex 5.12824 0 5.575
      vertex 5.23463 26.5522 5.41577
      vertex 5.12824 26.6047 5.575
    endloop
  endfacet
  facet normal 0.831489 -1.2659e-07 0.555541
    outer loop
      vertex 5.12824 0 5.575
      vertex 5.30628 26.5279 5.30853
      vertex 5.23463 26.5522 5.41577
    endloop
  endfacet
  facet normal 0.831483 0 0.55555
    outer loop
      vertex 5.30628 26.5279 5.30853
      vertex 5.12824 0 5.575
      vertex 5.30628 0 5.30853
    endloop
  endfacet
  facet normal 0.751822 -0 0.659366
    outer loop
      vertex 5.30628 0 5.30853
      vertex 5.48236 26.4681 5.10776
      vertex 5.30628 26.5279 5.30853
    endloop
  endfacet
  facet normal 0.751823 -4.59019e-09 0.659365
    outer loop
      vertex 5.30628 0 5.30853
      vertex 5.51759 26.4611 5.06759
      vertex 5.48236 26.4681 5.10776
    endloop
  endfacet
  facet normal 0.751822 0 0.659366
    outer loop
      vertex 5.51759 26.4611 5.06759
      vertex 5.30628 0 5.30853
      vertex 5.51759 0 5.06759
    endloop
  endfacet
  facet normal 0 -1 0
    outer loop
      vertex 8 28.4 7.79901
      vertex 8.18758 28.4 9.0635
      vertex 8 28.4 9.12718
    endloop
  endfacet
  facet normal 0 -1 -0
    outer loop
      vertex 8.18758 28.4 9.0635
      vertex 8 28.4 7.79901
      vertex 8.475 28.4 8.92176
    endloop
  endfacet
  facet normal 0 -1 -0
    outer loop
      vertex 8.475 28.4 8.92176
      vertex 8 28.4 7.79901
      vertex 8.5 28.4 8.90506
    endloop
  endfacet
  facet normal 0 -1 0
    outer loop
      vertex 8.01095 28.4 7.79169
      vertex 8.5 28.4 8.90506
      vertex 8 28.4 7.79901
    endloop
  endfacet
  facet normal 0 -1 0
    outer loop
      vertex 8.13388 28.4 7.68388
      vertex 8.5 28.4 8.90506
      vertex 8.01095 28.4 7.79169
    endloop
  endfacet
  facet normal 0 -1 0
    outer loop
      vertex 8.24169 28.4 7.56095
      vertex 8.5 28.4 8.90506
      vertex 8.13388 28.4 7.68388
    endloop
  endfacet
  facet normal 0 -1 0
    outer loop
      vertex 8.33253 28.4 7.425
      vertex 8.5 28.4 8.90506
      vertex 8.24169 28.4 7.56095
    endloop
  endfacet
  facet normal 0 -1 0
    outer loop
      vertex 8.40485 28.4 7.27835
      vertex 8.5 28.4 8.90506
      vertex 8.33253 28.4 7.425
    endloop
  endfacet
  facet normal 0 -1 0
    outer loop
      vertex 8.45741 28.4 7.12352
      vertex 8.5 28.4 8.90506
      vertex 8.40485 28.4 7.27835
    endloop
  endfacet
  facet normal 0 -1 0
    outer loop
      vertex 8.48931 28.4 6.96316
      vertex 8.5 28.4 8.90506
      vertex 8.45741 28.4 7.12352
    endloop
  endfacet
  facet normal 0 -1 -0
    outer loop
      vertex 8.5 28.4 8.90506
      vertex 8.48931 28.4 6.96316
      vertex 8.5 28.4 6.8
    endloop
  endfacet
  facet normal 0 -1 0
    outer loop
      vertex 8.48931 28.4 6.63684
      vertex 8.5 28.4 4.69494
      vertex 8.5 28.4 6.8
    endloop
  endfacet
  facet normal 0 -1 0
    outer loop
      vertex 8.45741 28.4 6.47648
      vertex 8.5 28.4 4.69494
      vertex 8.48931 28.4 6.63684
    endloop
  endfacet
  facet normal 0 -1 0
    outer loop
      vertex 8.40485 28.4 6.32165
      vertex 8.5 28.4 4.69494
      vertex 8.45741 28.4 6.47648
    endloop
  endfacet
  facet normal 0 -1 0
    outer loop
      vertex 8.33253 28.4 6.175
      vertex 8.5 28.4 4.69494
      vertex 8.40485 28.4 6.32165
    endloop
  endfacet
  facet normal 0 -1 0
    outer loop
      vertex 8.24169 28.4 6.03905
      vertex 8.5 28.4 4.69494
      vertex 8.33253 28.4 6.175
    endloop
  endfacet
  facet normal 0 -1 0
    outer loop
      vertex 8.13388 28.4 5.91612
      vertex 8.5 28.4 4.69494
      vertex 8.24169 28.4 6.03905
    endloop
  endfacet
  facet normal 0 -1 0
    outer loop
      vertex 8.01095 28.4 5.80831
      vertex 8.5 28.4 4.69494
      vertex 8.13388 28.4 5.91612
    endloop
  endfacet
  facet normal 0 -1 0
    outer loop
      vertex 8 28.4 5.80099
      vertex 8.5 28.4 4.69494
      vertex 8.01095 28.4 5.80831
    endloop
  endfacet
  facet normal 0 -1 0
    outer loop
      vertex 8 28.4 5.80099
      vertex 8.475 28.4 4.67824
      vertex 8.5 28.4 4.69494
    endloop
  endfacet
  facet normal 0 -1 0
    outer loop
      vertex 8 28.4 5.80099
      vertex 8.18758 28.4 4.5365
      vertex 8.475 28.4 4.67824
    endloop
  endfacet
  facet normal -0 -1 0
    outer loop
      vertex 8.18758 28.4 4.5365
      vertex 8 28.4 5.80099
      vertex 8 28.4 4.47282
    endloop
  endfacet
  facet normal 0.555468 0 -0.831538
    outer loop
      vertex 6.025 0 8.92176
      vertex 6 26.4 8.90506
      vertex 6.025 26.4016 8.92176
    endloop
  endfacet
  facet normal 0.555564 1.32146e-07 -0.831474
    outer loop
      vertex 5.75854 0 8.74372
      vertex 6 26.4 8.90506
      vertex 6.025 0 8.92176
    endloop
  endfacet
  facet normal 0.555574 0 -0.831467
    outer loop
      vertex 6 26.4 8.90506
      vertex 5.75854 0 8.74372
      vertex 5.75854 26.4158 8.74372
    endloop
  endfacet
  facet normal 0.595364 -0.355404 -0.720576
    outer loop
      vertex 17.0987 5.22754 5.61339
      vertex 16.52 5.1303 5.18321
      vertex 17.0898 5.29223 5.57413
    endloop
  endfacet
  facet normal 0.59537 -0.668036 0.446387
    outer loop
      vertex 16.52 4.28445 7.675
      vertex 17.165 4.74522 7.50429
      vertex 16.52 4.41163 7.86533
    endloop
  endfacet
  facet normal 0.595383 -0.668089 0.446292
    outer loop
      vertex 17.165 4.74522 7.50429
      vertex 16.52 4.28445 7.675
      vertex 17.1708 4.703 7.43335
    endloop
  endfacet
  facet normal 0.595434 0.667442 0.44719
    outer loop
      vertex 16.8528 7.01627 7.67907
      vertex 16.52 7.18837 7.86533
      vertex 16.8563 6.99022 7.71329
    endloop
  endfacet
  facet normal 0.595365 0.0522856 -0.801752
    outer loop
      vertex 17.02 5.8 5.42129
      vertex 16.52 5.8 5.05
      vertex 17.0113 5.86349 5.41897
    endloop
  endfacet
  facet normal 0.595309 0.0527788 -0.801762
    outer loop
      vertex 16.52 5.8 5.05
      vertex 16.9949 5.98239 5.41462
      vertex 17.0113 5.86349 5.41897
    endloop
  endfacet
  facet normal 0.595374 0.052543 -0.801729
    outer loop
      vertex 16.9949 5.98239 5.41462
      vertex 16.52 5.8 5.05
      vertex 16.52 6.02842 5.06497
    endloop
  endfacet
  facet normal 0.595386 0.0525425 0.80172
    outer loop
      vertex 16.52 5.8 8.55
      vertex 17.0036 5.91904 8.18306
      vertex 16.52 6.02842 8.53503
    endloop
  endfacet
  facet normal 0.595351 0.0527236 0.801734
    outer loop
      vertex 17.0036 5.91904 8.18306
      vertex 16.52 5.8 8.55
      vertex 17.02 5.8 8.17871
    endloop
  endfacet
  facet normal 0.595322 -0.446383 -0.668083
    outer loop
      vertex 16.52 4.925 5.28446
      vertex 17.1287 5.00981 5.7702
      vertex 16.52 4.73467 5.41163
    endloop
  endfacet
  facet normal 0.595414 -0.445981 -0.668269
    outer loop
      vertex 17.1287 5.00981 5.7702
      vertex 16.52 4.925 5.28446
      vertex 17.1186 5.0828 5.71249
    endloop
  endfacet
  facet normal 0.595314 0.801764 0.0526822
    outer loop
      vertex 16.52 7.55 6.8
      vertex 16.8105 7.32361 6.96272
      vertex 16.8089 7.33549 6.8
    endloop
  endfacet
  facet normal 0.595368 0.801733 0.0525433
    outer loop
      vertex 16.8105 7.32361 6.96272
      vertex 16.52 7.55 6.8
      vertex 16.52 7.53503 7.02842
    endloop
  endfacet
  facet normal 0.595306 0.801814 -0.0520083
    outer loop
      vertex 16.8109 7.32088 6.59977
      vertex 16.52 7.53503 6.57158
      vertex 16.8105 7.32361 6.63728
    endloop
  endfacet
  facet normal 0.595357 0.156671 0.788038
    outer loop
      vertex 16.9696 6.16652 8.16788
      vertex 16.52 6.25293 8.49037
      vertex 16.9778 6.10679 8.17356
    endloop
  endfacet
  facet normal 0.595235 0.760402 -0.259777
    outer loop
      vertex 16.8187 7.26365 6.36785
      vertex 16.52 7.49037 6.34707
      vertex 16.8169 7.27745 6.40412
    endloop
  endfacet
  facet normal 0.595374 -0.529793 0.604027
    outer loop
      vertex 17.1373 4.94681 7.76601
      vertex 16.52 4.56256 8.03744
      vertex 17.145 4.89075 7.70925
    endloop
  endfacet
  facet normal 0.595381 0.529679 0.604121
    outer loop
      vertex 16.8755 6.85076 7.85076
      vertex 16.52 7.03744 8.03744
      vertex 16.8807 6.8129 7.87883
    endloop
  endfacet
  facet normal 0.595418 0.604389 -0.529331
    outer loop
      vertex 16.8607 6.95856 5.85551
      vertex 16.52 7.18837 5.73467
      vertex 16.8563 6.99022 5.88671
    endloop
  endfacet
  facet normal 0.595365 -0.529742 -0.604081
    outer loop
      vertex 16.52 4.73467 5.41163
      vertex 17.1373 4.94681 5.83399
      vertex 16.52 4.56256 5.56256
    endloop
  endfacet
  facet normal 0.595308 -0.530116 -0.603809
    outer loop
      vertex 17.1373 4.94681 5.83399
      vertex 16.52 4.73467 5.41163
      vertex 17.1287 5.00981 5.7702
    endloop
  endfacet
  facet normal 0.595434 0.760819 -0.258094
    outer loop
      vertex 16.8266 7.20644 6.21743
      vertex 16.52 7.49037 6.34707
      vertex 16.8187 7.26365 6.36785
    endloop
  endfacet
  facet normal 0.595367 0.760818 -0.258251
    outer loop
      vertex 16.52 7.49037 6.34707
      vertex 16.8266 7.20644 6.21743
      vertex 16.52 7.41679 6.1303
    endloop
  endfacet
  facet normal 0.595302 0.355553 -0.720554
    outer loop
      vertex 16.52 6.4697 5.18321
      vertex 16.9201 6.52644 5.54176
      vertex 16.9376 6.39954 5.4936
    endloop
  endfacet
  facet normal 0.59536 0.355381 -0.720591
    outer loop
      vertex 16.9201 6.52644 5.54176
      vertex 16.52 6.4697 5.18321
      vertex 16.52 6.675 5.28446
    endloop
  endfacet
  facet normal 0.595361 -0.0524243 0.801746
    outer loop
      vertex 16.52 5.8 8.55
      vertex 17.0354 5.68814 8.15996
      vertex 17.02 5.8 8.17871
    endloop
  endfacet
  facet normal 0.59534 -0.0525447 0.801754
    outer loop
      vertex 17.0354 5.68814 8.15996
      vertex 16.52 5.8 8.55
      vertex 16.52 5.57158 8.53503
    endloop
  endfacet
  facet normal 0.595371 0.720323 -0.355905
    outer loop
      vertex 16.8399 7.10982 6.04378
      vertex 16.52 7.31554 5.925
      vertex 16.8372 7.12975 6.0796
    endloop
  endfacet
  facet normal 0.595371 -0.604077 0.529739
    outer loop
      vertex 16.52 4.41163 7.86533
      vertex 17.145 4.89075 7.70925
      vertex 16.52 4.56256 8.03744
    endloop
  endfacet
  facet normal 0.595282 -0.603839 0.530111
    outer loop
      vertex 17.145 4.89075 7.70925
      vertex 16.52 4.41163 7.86533
      vertex 17.1523 4.8381 7.64108
    endloop
  endfacet
  facet normal 0.595375 0.354959 -0.720786
    outer loop
      vertex 16.9445 6.34906 5.47444
      vertex 16.52 6.4697 5.18321
      vertex 16.9376 6.39954 5.4936
    endloop
  endfacet
  facet normal 0.595342 -0.801753 -0.0525311
    outer loop
      vertex 17.1914 4.55357 6.72342
      vertex 16.52 4.06497 6.57158
      vertex 17.1907 4.55874 6.63658
    endloop
  endfacet
  facet normal 0.595314 0.801764 -0.0526822
    outer loop
      vertex 16.8105 7.32361 6.63728
      vertex 16.52 7.55 6.8
      vertex 16.8089 7.33549 6.8
    endloop
  endfacet
  facet normal 0.595368 0.801733 -0.0525433
    outer loop
      vertex 16.52 7.55 6.8
      vertex 16.8105 7.32361 6.63728
      vertex 16.52 7.53503 6.57158
    endloop
  endfacet
  facet normal 0.595349 0.604032 -0.529815
    outer loop
      vertex 16.8755 6.85076 5.74924
      vertex 16.52 7.18837 5.73467
      vertex 16.8607 6.95856 5.85551
    endloop
  endfacet
  facet normal 0.595383 0.604071 -0.529733
    outer loop
      vertex 16.52 7.18837 5.73467
      vertex 16.8755 6.85076 5.74924
      vertex 16.52 7.03744 5.56256
    endloop
  endfacet
  facet normal 0.595377 -0.668001 -0.446432
    outer loop
      vertex 17.165 4.74522 6.09571
      vertex 16.52 4.41163 5.73467
      vertex 17.1591 4.78816 6.02359
    endloop
  endfacet
  facet normal 0.595418 0.604389 0.529331
    outer loop
      vertex 16.8563 6.99022 7.71329
      vertex 16.52 7.18837 7.86533
      vertex 16.8607 6.95856 7.74449
    endloop
  endfacet
  facet normal 0.595391 -0.604405 0.529343
    outer loop
      vertex 17.1523 4.8381 7.64108
      vertex 16.52 4.41163 7.86533
      vertex 17.1591 4.78816 7.57641
    endloop
  endfacet
  facet normal 0.595369 0.0524021 0.801741
    outer loop
      vertex 16.9949 5.98239 8.18538
      vertex 16.52 6.02842 8.53503
      vertex 17.0036 5.91904 8.18306
    endloop
  endfacet
  facet normal 0.595391 -0.355182 0.720663
    outer loop
      vertex 16.52 5.1303 8.41679
      vertex 17.1102 5.14413 7.936
      vertex 17.0987 5.22754 7.98661
    endloop
  endfacet
  facet normal 0.595345 -0.355386 0.720601
    outer loop
      vertex 17.1102 5.14413 7.936
      vertex 16.52 5.1303 8.41679
      vertex 16.52 4.925 8.31554
    endloop
  endfacet
  facet normal 0.595235 0.760402 0.259777
    outer loop
      vertex 16.8169 7.27745 7.19588
      vertex 16.52 7.49037 7.25293
      vertex 16.8187 7.26365 7.23215
    endloop
  endfacet
  facet normal 0.595346 -0.788043 0.156688
    outer loop
      vertex 17.1886 4.57408 7.04854
      vertex 16.52 4.06497 7.02842
      vertex 17.1907 4.55874 6.96341
    endloop
  endfacet
  facet normal 0.595414 -0.445981 0.668269
    outer loop
      vertex 16.52 4.925 8.31554
      vertex 17.1287 5.00981 7.8298
      vertex 17.1186 5.0828 7.88751
    endloop
  endfacet
  facet normal 0.595322 -0.446383 0.668083
    outer loop
      vertex 17.1287 5.00981 7.8298
      vertex 16.52 4.925 8.31554
      vertex 16.52 4.73467 8.18837
    endloop
  endfacet
  facet normal 0.595328 -0.446643 -0.667904
    outer loop
      vertex 17.1186 5.0828 5.71249
      vertex 16.52 4.925 5.28446
      vertex 17.1102 5.14413 5.66399
    endloop
  endfacet
  facet normal 0.59536 0.355381 0.720591
    outer loop
      vertex 16.52 6.4697 8.41679
      vertex 16.9201 6.52644 8.05824
      vertex 16.52 6.675 8.31554
    endloop
  endfacet
  facet normal 0.595302 0.355553 0.720554
    outer loop
      vertex 16.9201 6.52644 8.05824
      vertex 16.52 6.4697 8.41679
      vertex 16.9376 6.39954 8.1064
    endloop
  endfacet
  facet normal 0.595375 -0.355313 0.720612
    outer loop
      vertex 17.0898 5.29223 8.02586
      vertex 16.52 5.1303 8.41679
      vertex 17.0987 5.22754 7.98661
    endloop
  endfacet
  facet normal 0.595337 -0.355389 -0.720606
    outer loop
      vertex 16.52 5.1303 5.18321
      vertex 17.1102 5.14413 5.66399
      vertex 16.52 4.925 5.28446
    endloop
  endfacet
  facet normal 0.5954 -0.355112 -0.720691
    outer loop
      vertex 17.1102 5.14413 5.66399
      vertex 16.52 5.1303 5.18321
      vertex 17.0987 5.22754 5.61339
    endloop
  endfacet
  facet normal 0.595352 -0.760785 -0.258384
    outer loop
      vertex 16.52 4.10963 6.34707
      vertex 17.18 4.63603 6.31787
      vertex 17.1832 4.61295 6.3932
    endloop
  endfacet
  facet normal 0.595378 -0.76081 -0.258248
    outer loop
      vertex 17.18 4.63603 6.31787
      vertex 16.52 4.10963 6.34707
      vertex 16.52 4.18321 6.1303
    endloop
  endfacet
  facet normal 0.595387 0.788042 -0.156535
    outer loop
      vertex 16.8169 7.27745 6.40412
      vertex 16.52 7.53503 6.57158
      vertex 16.812 7.31267 6.56279
    endloop
  endfacet
  facet normal 0.595285 0.788074 -0.156765
    outer loop
      vertex 16.52 7.53503 6.57158
      vertex 16.8169 7.27745 6.40412
      vertex 16.52 7.49037 6.34707
    endloop
  endfacet
  facet normal 0.595371 0.720323 0.355905
    outer loop
      vertex 16.8372 7.12975 7.5204
      vertex 16.52 7.31554 7.675
      vertex 16.8399 7.10982 7.55622
    endloop
  endfacet
  facet normal 0.595364 0.258387 0.760774
    outer loop
      vertex 16.9445 6.34906 8.12556
      vertex 16.52 6.4697 8.41679
      vertex 16.9521 6.29392 8.13834
    endloop
  endfacet
  facet normal 0.595364 -0.0523804 -0.801747
    outer loop
      vertex 16.52 5.57158 5.06497
      vertex 17.029 5.73421 5.43232
      vertex 17.0444 5.62241 5.45106
    endloop
  endfacet
  facet normal 0.595393 -0.0525421 -0.801715
    outer loop
      vertex 17.029 5.73421 5.43232
      vertex 16.52 5.57158 5.06497
      vertex 16.52 5.8 5.05
    endloop
  endfacet
  facet normal 0.595344 -0.0529703 -0.801723
    outer loop
      vertex 17.029 5.73421 5.43232
      vertex 16.52 5.8 5.05
      vertex 17.02 5.8 5.42129
    endloop
  endfacet
  facet normal 0.595389 0.52973 0.604068
    outer loop
      vertex 16.52 6.86533 8.18837
      vertex 16.8807 6.8129 7.87883
      vertex 16.52 7.03744 8.03744
    endloop
  endfacet
  facet normal 0.595407 0.529677 0.604097
    outer loop
      vertex 16.8807 6.8129 7.87883
      vertex 16.52 6.86533 8.18837
      vertex 16.8969 6.69493 7.9663
    endloop
  endfacet
  facet normal 0.595434 0.667442 -0.44719
    outer loop
      vertex 16.8563 6.99022 5.88671
      vertex 16.52 7.18837 5.73467
      vertex 16.8528 7.01627 5.92093
    endloop
  endfacet
  facet normal 0.595391 -0.604405 -0.529343
    outer loop
      vertex 17.1591 4.78816 6.02359
      vertex 16.52 4.41163 5.73467
      vertex 17.1523 4.8381 5.95892
    endloop
  endfacet
  facet normal 0.595357 0.156671 -0.788038
    outer loop
      vertex 16.9778 6.10679 5.42644
      vertex 16.52 6.25293 5.10963
      vertex 16.9696 6.16652 5.43212
    endloop
  endfacet
  facet normal 0.595375 0.156714 -0.788016
    outer loop
      vertex 16.52 6.02842 5.06497
      vertex 16.9778 6.10679 5.42644
      vertex 16.9949 5.98239 5.41462
    endloop
  endfacet
  facet normal 0.595367 0.156754 -0.788015
    outer loop
      vertex 16.9778 6.10679 5.42644
      vertex 16.52 6.02842 5.06497
      vertex 16.52 6.25293 5.10963
    endloop
  endfacet
  facet normal 0.595404 0.446349 0.668032
    outer loop
      vertex 16.52 6.675 8.31554
      vertex 16.8969 6.69493 7.9663
      vertex 16.52 6.86533 8.18837
    endloop
  endfacet
  facet normal 0.595281 0.446684 0.667918
    outer loop
      vertex 16.8969 6.69493 7.9663
      vertex 16.52 6.675 8.31554
      vertex 16.914 6.57115 8.03384
    endloop
  endfacet
  facet normal 0.595377 -0.668001 0.446432
    outer loop
      vertex 17.1591 4.78816 7.57641
      vertex 16.52 4.41163 7.86533
      vertex 17.165 4.74522 7.50429
    endloop
  endfacet
  facet normal 0.595378 -0.76081 0.258248
    outer loop
      vertex 16.52 4.10963 7.25293
      vertex 17.18 4.63603 7.28213
      vertex 16.52 4.18321 7.4697
    endloop
  endfacet
  facet normal 0.595352 -0.760785 0.258384
    outer loop
      vertex 17.18 4.63603 7.28213
      vertex 16.52 4.10963 7.25293
      vertex 17.1832 4.61295 7.2068
    endloop
  endfacet
  facet normal 0.595383 0.604071 0.529733
    outer loop
      vertex 16.8755 6.85076 7.85076
      vertex 16.52 7.18837 7.86533
      vertex 16.52 7.03744 8.03744
    endloop
  endfacet
  facet normal 0.595349 0.604032 0.529815
    outer loop
      vertex 16.52 7.18837 7.86533
      vertex 16.8755 6.85076 7.85076
      vertex 16.8607 6.95856 7.74449
    endloop
  endfacet
  facet normal 0.59538 -0.720591 0.355347
    outer loop
      vertex 16.52 4.18321 7.4697
      vertex 17.1708 4.703 7.43335
      vertex 16.52 4.28445 7.675
    endloop
  endfacet
  facet normal 0.595372 -0.720579 0.355386
    outer loop
      vertex 17.1708 4.703 7.43335
      vertex 16.52 4.18321 7.4697
      vertex 17.1753 4.67034 7.35959
    endloop
  endfacet
  facet normal 0.595381 -0.156751 -0.788004
    outer loop
      vertex 16.52 5.57158 5.06497
      vertex 17.0586 5.51901 5.48237
      vertex 16.52 5.34707 5.10963
    endloop
  endfacet
  facet normal 0.595366 -0.156847 -0.787996
    outer loop
      vertex 17.0586 5.51901 5.48237
      vertex 16.52 5.57158 5.06497
      vertex 17.0444 5.62241 5.45106
    endloop
  endfacet
  facet normal 0.595281 0.446684 -0.667918
    outer loop
      vertex 16.52 6.675 5.28446
      vertex 16.8969 6.69493 5.6337
      vertex 16.914 6.57115 5.56616
    endloop
  endfacet
  facet normal 0.595404 0.446349 -0.668032
    outer loop
      vertex 16.8969 6.69493 5.6337
      vertex 16.52 6.675 5.28446
      vertex 16.52 6.86533 5.41163
    endloop
  endfacet
  facet normal 0.595344 -0.801751 0.0525445
    outer loop
      vertex 16.52 4.05 6.8
      vertex 17.1914 4.55357 6.87658
      vertex 16.52 4.06497 7.02842
    endloop
  endfacet
  facet normal 0.595369 -0.801748 0.0523005
    outer loop
      vertex 17.1914 4.55357 6.87658
      vertex 16.52 4.05 6.8
      vertex 17.192 4.54902 6.8
    endloop
  endfacet
  facet normal 0.595307 0.787964 -0.15723
    outer loop
      vertex 16.812 7.31267 6.56279
      vertex 16.52 7.53503 6.57158
      vertex 16.8109 7.32088 6.59977
    endloop
  endfacet
  facet normal 0.595344 -0.788041 -0.156706
    outer loop
      vertex 17.1907 4.55874 6.63658
      vertex 16.52 4.06497 6.57158
      vertex 17.1886 4.57408 6.55146
    endloop
  endfacet
  facet normal 0.595381 -0.720608 0.355311
    outer loop
      vertex 17.1753 4.67034 7.35959
      vertex 16.52 4.18321 7.4697
      vertex 17.18 4.63603 7.28213
    endloop
  endfacet
  facet normal 0.595366 -0.156847 0.787996
    outer loop
      vertex 16.52 5.57158 8.53503
      vertex 17.0586 5.51901 8.11763
      vertex 17.0444 5.62241 8.14894
    endloop
  endfacet
  facet normal 0.595381 -0.156751 0.788004
    outer loop
      vertex 17.0586 5.51901 8.11763
      vertex 16.52 5.57158 8.53503
      vertex 16.52 5.34707 8.49037
    endloop
  endfacet
  facet normal 0.595341 -0.156417 0.788101
    outer loop
      vertex 17.0586 5.51901 8.11763
      vertex 16.52 5.34707 8.49037
      vertex 17.0678 5.45235 8.09745
    endloop
  endfacet
  facet normal 0.59538 -0.0528881 0.801702
    outer loop
      vertex 17.0354 5.68814 8.15996
      vertex 16.52 5.57158 8.53503
      vertex 17.0444 5.62241 8.14894
    endloop
  endfacet
  facet normal 0.595307 0.787964 0.15723
    outer loop
      vertex 16.8109 7.32088 7.00023
      vertex 16.52 7.53503 7.02842
      vertex 16.812 7.31267 7.03721
    endloop
  endfacet
  facet normal 0.595342 -0.788032 0.156757
    outer loop
      vertex 16.52 4.06497 7.02842
      vertex 17.1867 4.58782 7.1248
      vertex 16.52 4.10963 7.25293
    endloop
  endfacet
  facet normal 0.595331 -0.788029 0.156814
    outer loop
      vertex 17.1867 4.58782 7.1248
      vertex 16.52 4.06497 7.02842
      vertex 17.1886 4.57408 7.04854
    endloop
  endfacet
  facet normal 0.595358 0.66813 -0.446264
    outer loop
      vertex 16.8528 7.01627 5.92093
      vertex 16.52 7.31554 5.925
      vertex 16.8399 7.10982 6.04378
    endloop
  endfacet
  facet normal 0.595316 0.668086 -0.446385
    outer loop
      vertex 16.52 7.31554 5.925
      vertex 16.8528 7.01627 5.92093
      vertex 16.52 7.18837 5.73467
    endloop
  endfacet
  facet normal 0.595369 -0.801748 -0.0523005
    outer loop
      vertex 16.52 4.05 6.8
      vertex 17.1914 4.55357 6.72342
      vertex 17.192 4.54902 6.8
    endloop
  endfacet
  facet normal 0.595344 -0.801751 -0.0525445
    outer loop
      vertex 17.1914 4.55357 6.72342
      vertex 16.52 4.05 6.8
      vertex 16.52 4.06497 6.57158
    endloop
  endfacet
  facet normal -1 0 0
    outer loop
      vertex 16.52 7.53503 6.57158
      vertex 16.52 7.53503 7.02842
      vertex 16.52 7.55 6.8
    endloop
  endfacet
  facet normal -1 0 0
    outer loop
      vertex 16.52 7.49037 6.34707
      vertex 16.52 7.53503 7.02842
      vertex 16.52 7.53503 6.57158
    endloop
  endfacet
  facet normal -1 0 0
    outer loop
      vertex 16.52 7.49037 6.34707
      vertex 16.52 7.49037 7.25293
      vertex 16.52 7.53503 7.02842
    endloop
  endfacet
  facet normal -1 0 0
    outer loop
      vertex 16.52 7.41679 6.1303
      vertex 16.52 7.49037 7.25293
      vertex 16.52 7.49037 6.34707
    endloop
  endfacet
  facet normal -1 0 0
    outer loop
      vertex 16.52 7.41679 6.1303
      vertex 16.52 7.41679 7.4697
      vertex 16.52 7.49037 7.25293
    endloop
  endfacet
  facet normal -1 0 0
    outer loop
      vertex 16.52 7.31554 5.925
      vertex 16.52 7.41679 7.4697
      vertex 16.52 7.41679 6.1303
    endloop
  endfacet
  facet normal -1 0 0
    outer loop
      vertex 16.52 7.31554 5.925
      vertex 16.52 7.31554 7.675
      vertex 16.52 7.41679 7.4697
    endloop
  endfacet
  facet normal -1 0 0
    outer loop
      vertex 16.52 7.18837 5.73467
      vertex 16.52 7.31554 7.675
      vertex 16.52 7.31554 5.925
    endloop
  endfacet
  facet normal -1 0 0
    outer loop
      vertex 16.52 7.18837 5.73467
      vertex 16.52 7.18837 7.86533
      vertex 16.52 7.31554 7.675
    endloop
  endfacet
  facet normal -1 0 0
    outer loop
      vertex 16.52 7.03744 5.56256
      vertex 16.52 7.18837 7.86533
      vertex 16.52 7.18837 5.73467
    endloop
  endfacet
  facet normal -1 0 0
    outer loop
      vertex 16.52 7.03744 5.56256
      vertex 16.52 7.03744 8.03744
      vertex 16.52 7.18837 7.86533
    endloop
  endfacet
  facet normal -1 0 0
    outer loop
      vertex 16.52 6.86533 5.41163
      vertex 16.52 7.03744 8.03744
      vertex 16.52 7.03744 5.56256
    endloop
  endfacet
  facet normal -1 0 0
    outer loop
      vertex 16.52 6.86533 5.41163
      vertex 16.52 6.86533 8.18837
      vertex 16.52 7.03744 8.03744
    endloop
  endfacet
  facet normal -1 0 0
    outer loop
      vertex 16.52 6.675 5.28446
      vertex 16.52 6.86533 8.18837
      vertex 16.52 6.86533 5.41163
    endloop
  endfacet
  facet normal -1 0 0
    outer loop
      vertex 16.52 6.675 5.28446
      vertex 16.52 6.675 8.31554
      vertex 16.52 6.86533 8.18837
    endloop
  endfacet
  facet normal -1 0 0
    outer loop
      vertex 16.52 6.4697 5.18321
      vertex 16.52 6.675 8.31554
      vertex 16.52 6.675 5.28446
    endloop
  endfacet
  facet normal -1 0 0
    outer loop
      vertex 16.52 6.4697 5.18321
      vertex 16.52 6.4697 8.41679
      vertex 16.52 6.675 8.31554
    endloop
  endfacet
  facet normal -1 0 0
    outer loop
      vertex 16.52 6.25293 5.10963
      vertex 16.52 6.4697 8.41679
      vertex 16.52 6.4697 5.18321
    endloop
  endfacet
  facet normal -1 0 0
    outer loop
      vertex 16.52 6.25293 5.10963
      vertex 16.52 6.25293 8.49037
      vertex 16.52 6.4697 8.41679
    endloop
  endfacet
  facet normal -1 0 0
    outer loop
      vertex 16.52 6.02842 5.06497
      vertex 16.52 6.25293 8.49037
      vertex 16.52 6.25293 5.10963
    endloop
  endfacet
  facet normal -1 0 0
    outer loop
      vertex 16.52 6.02842 5.06497
      vertex 16.52 6.02842 8.53503
      vertex 16.52 6.25293 8.49037
    endloop
  endfacet
  facet normal -1 0 0
    outer loop
      vertex 16.52 5.8 5.05
      vertex 16.52 6.02842 8.53503
      vertex 16.52 6.02842 5.06497
    endloop
  endfacet
  facet normal -1 0 0
    outer loop
      vertex 16.52 5.8 5.05
      vertex 16.52 5.8 8.55
      vertex 16.52 6.02842 8.53503
    endloop
  endfacet
  facet normal -1 0 0
    outer loop
      vertex 16.52 5.57158 5.06497
      vertex 16.52 5.8 8.55
      vertex 16.52 5.8 5.05
    endloop
  endfacet
  facet normal -1 0 0
    outer loop
      vertex 16.52 5.57158 5.06497
      vertex 16.52 5.57158 8.53503
      vertex 16.52 5.8 8.55
    endloop
  endfacet
  facet normal -1 0 0
    outer loop
      vertex 16.52 5.34707 5.10963
      vertex 16.52 5.57158 8.53503
      vertex 16.52 5.57158 5.06497
    endloop
  endfacet
  facet normal -1 0 0
    outer loop
      vertex 16.52 5.34707 5.10963
      vertex 16.52 5.34707 8.49037
      vertex 16.52 5.57158 8.53503
    endloop
  endfacet
  facet normal -1 0 0
    outer loop
      vertex 16.52 5.1303 5.18321
      vertex 16.52 5.34707 8.49037
      vertex 16.52 5.34707 5.10963
    endloop
  endfacet
  facet normal -1 0 0
    outer loop
      vertex 16.52 5.1303 5.18321
      vertex 16.52 5.1303 8.41679
      vertex 16.52 5.34707 8.49037
    endloop
  endfacet
  facet normal -1 0 0
    outer loop
      vertex 16.52 4.925 5.28446
      vertex 16.52 5.1303 8.41679
      vertex 16.52 5.1303 5.18321
    endloop
  endfacet
  facet normal -1 0 0
    outer loop
      vertex 16.52 4.925 5.28446
      vertex 16.52 4.925 8.31554
      vertex 16.52 5.1303 8.41679
    endloop
  endfacet
  facet normal -1 0 0
    outer loop
      vertex 16.52 4.73467 5.41163
      vertex 16.52 4.925 8.31554
      vertex 16.52 4.925 5.28446
    endloop
  endfacet
  facet normal -1 0 0
    outer loop
      vertex 16.52 4.73467 5.41163
      vertex 16.52 4.73467 8.18837
      vertex 16.52 4.925 8.31554
    endloop
  endfacet
  facet normal -1 0 0
    outer loop
      vertex 16.52 4.56256 5.56256
      vertex 16.52 4.73467 8.18837
      vertex 16.52 4.73467 5.41163
    endloop
  endfacet
  facet normal -1 0 0
    outer loop
      vertex 16.52 4.56256 5.56256
      vertex 16.52 4.56256 8.03744
      vertex 16.52 4.73467 8.18837
    endloop
  endfacet
  facet normal -1 0 0
    outer loop
      vertex 16.52 4.41163 5.73467
      vertex 16.52 4.56256 8.03744
      vertex 16.52 4.56256 5.56256
    endloop
  endfacet
  facet normal -1 0 0
    outer loop
      vertex 16.52 4.41163 5.73467
      vertex 16.52 4.41163 7.86533
      vertex 16.52 4.56256 8.03744
    endloop
  endfacet
  facet normal -1 0 0
    outer loop
      vertex 16.52 4.28445 5.925
      vertex 16.52 4.41163 7.86533
      vertex 16.52 4.41163 5.73467
    endloop
  endfacet
  facet normal -1 0 0
    outer loop
      vertex 16.52 4.28445 5.925
      vertex 16.52 4.28445 7.675
      vertex 16.52 4.41163 7.86533
    endloop
  endfacet
  facet normal -1 0 0
    outer loop
      vertex 16.52 4.18321 6.1303
      vertex 16.52 4.28445 7.675
      vertex 16.52 4.28445 5.925
    endloop
  endfacet
  facet normal -1 0 0
    outer loop
      vertex 16.52 4.18321 6.1303
      vertex 16.52 4.18321 7.4697
      vertex 16.52 4.28445 7.675
    endloop
  endfacet
  facet normal -1 0 0
    outer loop
      vertex 16.52 4.10963 6.34707
      vertex 16.52 4.18321 7.4697
      vertex 16.52 4.18321 6.1303
    endloop
  endfacet
  facet normal -1 0 0
    outer loop
      vertex 16.52 4.10963 6.34707
      vertex 16.52 4.10963 7.25293
      vertex 16.52 4.18321 7.4697
    endloop
  endfacet
  facet normal -1 0 0
    outer loop
      vertex 16.52 4.06497 6.57158
      vertex 16.52 4.10963 7.25293
      vertex 16.52 4.10963 6.34707
    endloop
  endfacet
  facet normal -1 0 0
    outer loop
      vertex 16.52 4.06497 6.57158
      vertex 16.52 4.06497 7.02842
      vertex 16.52 4.10963 7.25293
    endloop
  endfacet
  facet normal -1 0 -0
    outer loop
      vertex 16.52 4.06497 7.02842
      vertex 16.52 4.06497 6.57158
      vertex 16.52 4.05 6.8
    endloop
  endfacet
  facet normal 0.595331 -0.788029 -0.156814
    outer loop
      vertex 16.52 4.06497 6.57158
      vertex 17.1867 4.58782 6.4752
      vertex 17.1886 4.57408 6.55146
    endloop
  endfacet
  facet normal 0.595342 -0.788032 -0.156757
    outer loop
      vertex 17.1867 4.58782 6.4752
      vertex 16.52 4.06497 6.57158
      vertex 16.52 4.10963 6.34707
    endloop
  endfacet
  facet normal 0.595361 0.258195 -0.760842
    outer loop
      vertex 16.52 6.25293 5.10963
      vertex 16.9521 6.29392 5.46166
      vertex 16.9696 6.16652 5.43212
    endloop
  endfacet
  facet normal 0.595348 0.258255 -0.760832
    outer loop
      vertex 16.9521 6.29392 5.46166
      vertex 16.52 6.25293 5.10963
      vertex 16.52 6.4697 5.18321
    endloop
  endfacet
  facet normal 0.595304 0.720628 0.3554
    outer loop
      vertex 16.8372 7.12975 7.5204
      vertex 16.52 7.41679 7.4697
      vertex 16.52 7.31554 7.675
    endloop
  endfacet
  facet normal 0.595381 0.720674 0.355176
    outer loop
      vertex 16.52 7.41679 7.4697
      vertex 16.8372 7.12975 7.5204
      vertex 16.8266 7.20644 7.38256
    endloop
  endfacet
  facet normal 0.595372 -0.720579 -0.355386
    outer loop
      vertex 16.52 4.18321 6.1303
      vertex 17.1708 4.703 6.16665
      vertex 17.1753 4.67034 6.24041
    endloop
  endfacet
  facet normal 0.59538 -0.720591 -0.355347
    outer loop
      vertex 17.1708 4.703 6.16665
      vertex 16.52 4.18321 6.1303
      vertex 16.52 4.28445 5.925
    endloop
  endfacet
  facet normal 0.595367 0.156754 0.788015
    outer loop
      vertex 16.52 6.02842 8.53503
      vertex 16.9778 6.10679 8.17356
      vertex 16.52 6.25293 8.49037
    endloop
  endfacet
  facet normal 0.595375 0.156714 0.788016
    outer loop
      vertex 16.9778 6.10679 8.17356
      vertex 16.52 6.02842 8.53503
      vertex 16.9949 5.98239 8.18538
    endloop
  endfacet
  facet normal 0.595316 0.668086 0.446385
    outer loop
      vertex 16.8528 7.01627 7.67907
      vertex 16.52 7.31554 7.675
      vertex 16.52 7.18837 7.86533
    endloop
  endfacet
  facet normal 0.595358 0.66813 0.446264
    outer loop
      vertex 16.52 7.31554 7.675
      vertex 16.8528 7.01627 7.67907
      vertex 16.8399 7.10982 7.55622
    endloop
  endfacet
  facet normal 0.595363 -0.258202 -0.760838
    outer loop
      vertex 17.0898 5.29223 5.57413
      vertex 16.52 5.1303 5.18321
      vertex 17.0807 5.35841 5.54455
    endloop
  endfacet
  facet normal 0.595369 -0.25825 -0.760817
    outer loop
      vertex 16.52 5.34707 5.10963
      vertex 17.0807 5.35841 5.54455
      vertex 16.52 5.1303 5.18321
    endloop
  endfacet
  facet normal 0.595348 -0.258389 -0.760787
    outer loop
      vertex 17.0807 5.35841 5.54455
      vertex 16.52 5.34707 5.10963
      vertex 17.0678 5.45235 5.50255
    endloop
  endfacet
  facet normal 0.595308 -0.530116 0.603809
    outer loop
      vertex 16.52 4.73467 8.18837
      vertex 17.1373 4.94681 7.76601
      vertex 17.1287 5.00981 7.8298
    endloop
  endfacet
  facet normal 0.595365 -0.529742 0.604081
    outer loop
      vertex 17.1373 4.94681 7.76601
      vertex 16.52 4.73467 8.18837
      vertex 16.52 4.56256 8.03744
    endloop
  endfacet
  facet normal 0.595282 -0.603839 -0.530111
    outer loop
      vertex 16.52 4.41163 5.73467
      vertex 17.145 4.89075 5.89075
      vertex 17.1523 4.8381 5.95892
    endloop
  endfacet
  facet normal 0.595371 -0.604077 -0.529739
    outer loop
      vertex 17.145 4.89075 5.89075
      vertex 16.52 4.41163 5.73467
      vertex 16.52 4.56256 5.56256
    endloop
  endfacet
  facet normal 0.595332 -0.760744 0.258551
    outer loop
      vertex 17.1832 4.61295 7.2068
      vertex 16.52 4.10963 7.25293
      vertex 17.1867 4.58782 7.1248
    endloop
  endfacet
  facet normal 0.595383 -0.668089 -0.446292
    outer loop
      vertex 16.52 4.28445 5.925
      vertex 17.165 4.74522 6.09571
      vertex 17.1708 4.703 6.16665
    endloop
  endfacet
  facet normal 0.59537 -0.668036 -0.446387
    outer loop
      vertex 17.165 4.74522 6.09571
      vertex 16.52 4.28445 5.925
      vertex 16.52 4.41163 5.73467
    endloop
  endfacet
  facet normal 0.595381 -0.720608 -0.355311
    outer loop
      vertex 17.18 4.63603 6.31787
      vertex 16.52 4.18321 6.1303
      vertex 17.1753 4.67034 6.24041
    endloop
  endfacet
  facet normal 0.595332 -0.760744 -0.258551
    outer loop
      vertex 17.1867 4.58782 6.4752
      vertex 16.52 4.10963 6.34707
      vertex 17.1832 4.61295 6.3932
    endloop
  endfacet
  facet normal 0.595387 0.788042 0.156535
    outer loop
      vertex 16.52 7.53503 7.02842
      vertex 16.8169 7.27745 7.19588
      vertex 16.812 7.31267 7.03721
    endloop
  endfacet
  facet normal 0.595285 0.788074 0.156765
    outer loop
      vertex 16.8169 7.27745 7.19588
      vertex 16.52 7.53503 7.02842
      vertex 16.52 7.49037 7.25293
    endloop
  endfacet
  facet normal 0.595306 0.801814 0.0520083
    outer loop
      vertex 16.8105 7.32361 6.96272
      vertex 16.52 7.53503 7.02842
      vertex 16.8109 7.32088 7.00023
    endloop
  endfacet
  facet normal 0.595376 0.445958 0.668319
    outer loop
      vertex 16.914 6.57115 8.03384
      vertex 16.52 6.675 8.31554
      vertex 16.9201 6.52644 8.05824
    endloop
  endfacet
  facet normal 0.595374 -0.529793 -0.604027
    outer loop
      vertex 17.145 4.89075 5.89075
      vertex 16.52 4.56256 5.56256
      vertex 17.1373 4.94681 5.83399
    endloop
  endfacet
  facet normal 0.595373 0.720669 -0.3552
    outer loop
      vertex 16.8372 7.12975 6.0796
      vertex 16.52 7.41679 6.1303
      vertex 16.8266 7.20644 6.21743
    endloop
  endfacet
  facet normal 0.595304 0.720628 -0.3554
    outer loop
      vertex 16.52 7.41679 6.1303
      vertex 16.8372 7.12975 6.0796
      vertex 16.52 7.31554 5.925
    endloop
  endfacet
  facet normal 0.595407 0.529677 -0.604097
    outer loop
      vertex 16.52 6.86533 5.41163
      vertex 16.8807 6.8129 5.72117
      vertex 16.8969 6.69493 5.6337
    endloop
  endfacet
  facet normal 0.595389 0.52973 -0.604068
    outer loop
      vertex 16.8807 6.8129 5.72117
      vertex 16.52 6.86533 5.41163
      vertex 16.52 7.03744 5.56256
    endloop
  endfacet
  facet normal 0.595364 0.258387 -0.760774
    outer loop
      vertex 16.9521 6.29392 5.46166
      vertex 16.52 6.4697 5.18321
      vertex 16.9445 6.34906 5.47444
    endloop
  endfacet
  facet normal 0.595341 -0.156417 -0.788101
    outer loop
      vertex 17.0678 5.45235 5.50255
      vertex 16.52 5.34707 5.10963
      vertex 17.0586 5.51901 5.48237
    endloop
  endfacet
  facet normal 0.595372 0.760815 0.258249
    outer loop
      vertex 16.8266 7.20644 7.38256
      vertex 16.52 7.49037 7.25293
      vertex 16.52 7.41679 7.4697
    endloop
  endfacet
  facet normal 0.595432 0.760815 0.25811
    outer loop
      vertex 16.52 7.49037 7.25293
      vertex 16.8266 7.20644 7.38256
      vertex 16.8187 7.26365 7.23215
    endloop
  endfacet
  facet normal 0.595375 0.354959 0.720786
    outer loop
      vertex 16.9376 6.39954 8.1064
      vertex 16.52 6.4697 8.41679
      vertex 16.9445 6.34906 8.12556
    endloop
  endfacet
  facet normal 0.595381 0.529679 -0.604121
    outer loop
      vertex 16.8807 6.8129 5.72117
      vertex 16.52 7.03744 5.56256
      vertex 16.8755 6.85076 5.74924
    endloop
  endfacet
  facet normal 0.595376 0.445958 -0.668319
    outer loop
      vertex 16.9201 6.52644 5.54176
      vertex 16.52 6.675 5.28446
      vertex 16.914 6.57115 5.56616
    endloop
  endfacet
  facet normal 0.595343 -0.801752 0.0525371
    outer loop
      vertex 17.1907 4.55874 6.96341
      vertex 16.52 4.06497 7.02842
      vertex 17.1914 4.55357 6.87658
    endloop
  endfacet
  facet normal 0.595338 -0.446566 0.667946
    outer loop
      vertex 17.1102 5.14413 7.936
      vertex 16.52 4.925 8.31554
      vertex 17.1186 5.0828 7.88751
    endloop
  endfacet
  facet normal 0.595348 -0.258389 0.760787
    outer loop
      vertex 16.52 5.34707 8.49037
      vertex 17.0807 5.35841 8.05545
      vertex 17.0678 5.45235 8.09745
    endloop
  endfacet
  facet normal 0.595369 -0.25825 0.760817
    outer loop
      vertex 17.0807 5.35841 8.05545
      vertex 16.52 5.34707 8.49037
      vertex 16.52 5.1303 8.41679
    endloop
  endfacet
  facet normal 0.595374 -0.258297 0.760797
    outer loop
      vertex 17.0807 5.35841 8.05545
      vertex 16.52 5.1303 8.41679
      vertex 17.0898 5.29223 8.02586
    endloop
  endfacet
  facet normal 0.595348 0.258255 0.760832
    outer loop
      vertex 16.52 6.25293 8.49037
      vertex 16.9521 6.29392 8.13834
      vertex 16.52 6.4697 8.41679
    endloop
  endfacet
  facet normal 0.595361 0.258195 0.760842
    outer loop
      vertex 16.9521 6.29392 8.13834
      vertex 16.52 6.25293 8.49037
      vertex 16.9696 6.16652 8.16788
    endloop
  endfacet
  facet normal 0.595325 -0.355393 -0.720614
    outer loop
      vertex 15.53 12.3303 5.18321
      vertex 16.1202 12.3441 5.66399
      vertex 15.53 12.125 5.28446
    endloop
  endfacet
  facet normal 0.595379 -0.355154 -0.720686
    outer loop
      vertex 16.1202 12.3441 5.66399
      vertex 15.53 12.3303 5.18321
      vertex 16.1087 12.4275 5.61339
    endloop
  endfacet
  facet normal 0.595521 0.666962 -0.44779
    outer loop
      vertex 15.8663 14.1902 5.88671
      vertex 15.53 14.3884 5.73467
      vertex 15.8628 14.2163 5.92093
    endloop
  endfacet
  facet normal 0.595365 0.0522774 -0.801753
    outer loop
      vertex 16.03 13 5.42129
      vertex 15.53 13 5.05
      vertex 16.0213 13.0635 5.41897
    endloop
  endfacet
  facet normal 0.595308 0.0527787 -0.801762
    outer loop
      vertex 15.53 13 5.05
      vertex 16.0049 13.1824 5.41462
      vertex 16.0213 13.0635 5.41897
    endloop
  endfacet
  facet normal 0.595372 0.0525477 -0.80173
    outer loop
      vertex 16.0049 13.1824 5.41462
      vertex 15.53 13 5.05
      vertex 15.53 13.2284 5.06497
    endloop
  endfacet
  facet normal 0.595304 -0.446439 -0.668061
    outer loop
      vertex 15.53 12.125 5.28446
      vertex 16.1387 12.2098 5.7702
      vertex 15.53 11.9347 5.41163
    endloop
  endfacet
  facet normal 0.59542 -0.445937 -0.668293
    outer loop
      vertex 16.1387 12.2098 5.7702
      vertex 15.53 12.125 5.28446
      vertex 16.1286 12.2828 5.71249
    endloop
  endfacet
  facet normal 0.595197 0.801936 -0.0513769
    outer loop
      vertex 15.8209 14.5209 6.59977
      vertex 15.53 14.735 6.57158
      vertex 15.8205 14.5236 6.63728
    endloop
  endfacet
  facet normal 0.595307 -0.446797 -0.667819
    outer loop
      vertex 16.1286 12.2828 5.71249
      vertex 15.53 12.125 5.28446
      vertex 16.1202 12.3441 5.66399
    endloop
  endfacet
  facet normal 0.595367 0.760312 -0.259737
    outer loop
      vertex 15.8287 14.4636 6.36785
      vertex 15.53 14.6904 6.34707
      vertex 15.8269 14.4774 6.40412
    endloop
  endfacet
  facet normal 0.595375 -0.156759 -0.788007
    outer loop
      vertex 15.53 12.7716 5.06497
      vertex 16.0686 12.719 5.48237
      vertex 15.53 12.5471 5.10963
    endloop
  endfacet
  facet normal 0.59536 -0.156849 -0.788
    outer loop
      vertex 16.0686 12.719 5.48237
      vertex 15.53 12.7716 5.06497
      vertex 16.0544 12.8224 5.45106
    endloop
  endfacet
  facet normal 0.595289 0.529373 0.604479
    outer loop
      vertex 15.8855 14.0508 7.85076
      vertex 15.53 14.2374 8.03744
      vertex 15.8907 14.0129 7.87883
    endloop
  endfacet
  facet normal 0.595406 0.446397 0.667998
    outer loop
      vertex 15.53 13.875 8.31554
      vertex 15.9069 13.8949 7.9663
      vertex 15.53 14.0653 8.18837
    endloop
  endfacet
  facet normal 0.595324 0.44662 0.667922
    outer loop
      vertex 15.9069 13.8949 7.9663
      vertex 15.53 13.875 8.31554
      vertex 15.924 13.7711 8.03384
    endloop
  endfacet
  facet normal 0.59534 -0.529772 -0.604079
    outer loop
      vertex 15.53 11.9347 5.41163
      vertex 16.1473 12.1468 5.83399
      vertex 15.53 11.7626 5.56256
    endloop
  endfacet
  facet normal 0.595285 -0.53013 -0.603819
    outer loop
      vertex 16.1473 12.1468 5.83399
      vertex 15.53 11.9347 5.41163
      vertex 16.1387 12.2098 5.7702
    endloop
  endfacet
  facet normal 0.595324 0.35555 -0.720537
    outer loop
      vertex 15.53 13.6697 5.18321
      vertex 15.9301 13.7264 5.54176
      vertex 15.9476 13.5995 5.4936
    endloop
  endfacet
  facet normal 0.595383 0.355374 -0.720575
    outer loop
      vertex 15.9301 13.7264 5.54176
      vertex 15.53 13.6697 5.18321
      vertex 15.53 13.875 5.28446
    endloop
  endfacet
  facet normal 0.595361 -0.0524057 0.801747
    outer loop
      vertex 15.53 13 8.55
      vertex 16.0454 12.8881 8.15996
      vertex 16.03 13 8.17871
    endloop
  endfacet
  facet normal 0.595337 -0.0525494 0.801756
    outer loop
      vertex 16.0454 12.8881 8.15996
      vertex 15.53 13 8.55
      vertex 15.53 12.7716 8.53503
    endloop
  endfacet
  facet normal 0.595455 0.760736 0.258293
    outer loop
      vertex 15.8366 14.4064 7.38256
      vertex 15.53 14.6904 7.25293
      vertex 15.53 14.6168 7.4697
    endloop
  endfacet
  facet normal 0.59557 0.760737 0.258022
    outer loop
      vertex 15.53 14.6904 7.25293
      vertex 15.8366 14.4064 7.38256
      vertex 15.8287 14.4636 7.23215
    endloop
  endfacet
  facet normal 0.595364 -0.355276 0.720639
    outer loop
      vertex 16.0998 12.4922 8.02586
      vertex 15.53 12.3303 8.41679
      vertex 16.1087 12.4275 7.98661
    endloop
  endfacet
  facet normal 0.595226 0.788063 -0.157041
    outer loop
      vertex 15.822 14.5127 6.56279
      vertex 15.53 14.735 6.57158
      vertex 15.8209 14.5209 6.59977
    endloop
  endfacet
  facet normal 0.595268 -0.80185 -0.0518899
    outer loop
      vertex 16.2014 11.7536 6.72342
      vertex 15.53 11.265 6.57158
      vertex 16.2007 11.7587 6.63658
    endloop
  endfacet
  facet normal 0.595293 0.801773 -0.0527816
    outer loop
      vertex 15.8205 14.5236 6.63728
      vertex 15.53 14.75 6.8
      vertex 15.8189 14.5355 6.8
    endloop
  endfacet
  facet normal 0.595345 0.801744 -0.0526493
    outer loop
      vertex 15.53 14.75 6.8
      vertex 15.8205 14.5236 6.63728
      vertex 15.53 14.735 6.57158
    endloop
  endfacet
  facet normal 0.595315 0.720544 -0.35555
    outer loop
      vertex 15.8499 14.3098 6.04377
      vertex 15.53 14.6168 6.1303
      vertex 15.8393 14.3869 6.18227
    endloop
  endfacet
  facet normal 0.595321 0.720546 -0.355535
    outer loop
      vertex 15.53 14.6168 6.1303
      vertex 15.8499 14.3098 6.04377
      vertex 15.53 14.5155 5.925
    endloop
  endfacet
  facet normal 0.595323 0.604021 -0.529858
    outer loop
      vertex 15.8855 14.0508 5.74924
      vertex 15.53 14.3884 5.73467
      vertex 15.8707 14.1586 5.8555
    endloop
  endfacet
  facet normal 0.595301 0.603995 -0.529912
    outer loop
      vertex 15.53 14.3884 5.73467
      vertex 15.8855 14.0508 5.74924
      vertex 15.53 14.2374 5.56256
    endloop
  endfacet
  facet normal 0.59532 -0.258496 0.760772
    outer loop
      vertex 15.53 12.5471 8.49037
      vertex 16.0907 12.5584 8.05545
      vertex 16.0778 12.6523 8.09745
    endloop
  endfacet
  facet normal 0.595362 -0.25822 0.760833
    outer loop
      vertex 16.0907 12.5584 8.05545
      vertex 15.53 12.5471 8.49037
      vertex 15.53 12.3303 8.41679
    endloop
  endfacet
  facet normal 0.595315 -0.760749 -0.258573
    outer loop
      vertex 15.53 11.3096 6.34707
      vertex 16.19 11.836 6.31787
      vertex 16.1932 11.8129 6.3932
    endloop
  endfacet
  facet normal 0.595366 -0.760798 -0.258314
    outer loop
      vertex 16.19 11.836 6.31787
      vertex 15.53 11.3096 6.34707
      vertex 15.53 11.3832 6.1303
    endloop
  endfacet
  facet normal 0.595443 -0.604567 0.5291
    outer loop
      vertex 16.1623 12.0381 7.64108
      vertex 15.53 11.6116 7.86533
      vertex 16.1691 11.9882 7.57641
    endloop
  endfacet
  facet normal 0.595343 -0.788072 0.156554
    outer loop
      vertex 15.53 11.265 7.02842
      vertex 16.1967 11.7878 7.1248
      vertex 15.53 11.3096 7.25293
    endloop
  endfacet
  facet normal 0.59537 -0.78808 0.156411
    outer loop
      vertex 16.1967 11.7878 7.1248
      vertex 15.53 11.265 7.02842
      vertex 16.1986 11.7741 7.04854
    endloop
  endfacet
  facet normal 0.59537 -0.78808 -0.156411
    outer loop
      vertex 15.53 11.265 6.57158
      vertex 16.1967 11.7878 6.4752
      vertex 16.1986 11.7741 6.55146
    endloop
  endfacet
  facet normal 0.595343 -0.788072 -0.156554
    outer loop
      vertex 16.1967 11.7878 6.4752
      vertex 15.53 11.265 6.57158
      vertex 15.53 11.3096 6.34707
    endloop
  endfacet
  facet normal 0.595301 0.603995 0.529912
    outer loop
      vertex 15.8855 14.0508 7.85076
      vertex 15.53 14.3884 7.86533
      vertex 15.53 14.2374 8.03744
    endloop
  endfacet
  facet normal 0.595338 0.604037 0.529822
    outer loop
      vertex 15.53 14.3884 7.86533
      vertex 15.8855 14.0508 7.85076
      vertex 15.8707 14.1586 7.74449
    endloop
  endfacet
  facet normal 0.59542 -0.445937 0.668293
    outer loop
      vertex 15.53 12.125 8.31554
      vertex 16.1387 12.2098 7.8298
      vertex 16.1286 12.2828 7.88751
    endloop
  endfacet
  facet normal 0.595304 -0.446439 0.668061
    outer loop
      vertex 16.1387 12.2098 7.8298
      vertex 15.53 12.125 8.31554
      vertex 15.53 11.9347 8.18837
    endloop
  endfacet
  facet normal 0.595353 -0.355367 -0.720603
    outer loop
      vertex 16.1087 12.4275 5.61339
      vertex 15.53 12.3303 5.18321
      vertex 16.0998 12.4922 5.57413
    endloop
  endfacet
  facet normal 0.595316 -0.529628 0.604229
    outer loop
      vertex 16.1473 12.1468 7.76601
      vertex 15.53 11.7626 8.03744
      vertex 16.155 12.0907 7.70925
    endloop
  endfacet
  facet normal 0.595402 0.446024 -0.668251
    outer loop
      vertex 15.9301 13.7264 5.54176
      vertex 15.53 13.875 5.28446
      vertex 15.924 13.7711 5.56616
    endloop
  endfacet
  facet normal 0.59536 -0.156849 0.788
    outer loop
      vertex 15.53 12.7716 8.53503
      vertex 16.0686 12.719 8.11763
      vertex 16.0544 12.8224 8.14894
    endloop
  endfacet
  facet normal 0.595375 -0.156759 0.788007
    outer loop
      vertex 16.0686 12.719 8.11763
      vertex 15.53 12.7716 8.53503
      vertex 15.53 12.5471 8.49037
    endloop
  endfacet
  facet normal 0.595388 0.052547 0.801718
    outer loop
      vertex 15.53 13 8.55
      vertex 16.0136 13.119 8.18306
      vertex 15.53 13.2284 8.53503
    endloop
  endfacet
  facet normal 0.595351 0.0527413 0.801733
    outer loop
      vertex 16.0136 13.119 8.18306
      vertex 15.53 13 8.55
      vertex 16.03 13 8.17871
    endloop
  endfacet
  facet normal 0.595237 0.788074 -0.156944
    outer loop
      vertex 15.8269 14.4774 6.40412
      vertex 15.53 14.735 6.57158
      vertex 15.822 14.5127 6.56279
    endloop
  endfacet
  facet normal 0.595416 0.788019 -0.156544
    outer loop
      vertex 15.53 14.735 6.57158
      vertex 15.8269 14.4774 6.40412
      vertex 15.53 14.6904 6.34707
    endloop
  endfacet
  facet normal 0.595327 0.668251 -0.446123
    outer loop
      vertex 15.8628 14.2163 5.92093
      vertex 15.53 14.5155 5.925
      vertex 15.8499 14.3098 6.04377
    endloop
  endfacet
  facet normal 0.595293 0.668214 -0.446225
    outer loop
      vertex 15.53 14.5155 5.925
      vertex 15.8628 14.2163 5.92093
      vertex 15.53 14.3884 5.73467
    endloop
  endfacet
  facet normal 0.595363 -0.258234 0.760827
    outer loop
      vertex 16.0907 12.5584 8.05545
      vertex 15.53 12.3303 8.41679
      vertex 16.0998 12.4922 8.02586
    endloop
  endfacet
  facet normal 0.595383 0.355374 0.720575
    outer loop
      vertex 15.53 13.6697 8.41679
      vertex 15.9301 13.7264 8.05824
      vertex 15.53 13.875 8.31554
    endloop
  endfacet
  facet normal 0.595324 0.35555 0.720537
    outer loop
      vertex 15.9301 13.7264 8.05824
      vertex 15.53 13.6697 8.41679
      vertex 15.9476 13.5995 8.1064
    endloop
  endfacet
  facet normal 0.595226 0.788063 0.157041
    outer loop
      vertex 15.8209 14.5209 7.00023
      vertex 15.53 14.735 7.02842
      vertex 15.822 14.5127 7.03721
    endloop
  endfacet
  facet normal 0.595352 0.258222 0.76084
    outer loop
      vertex 15.53 13.4529 8.49037
      vertex 15.9621 13.4939 8.13834
      vertex 15.53 13.6697 8.41679
    endloop
  endfacet
  facet normal 0.595358 0.258195 0.760844
    outer loop
      vertex 15.9621 13.4939 8.13834
      vertex 15.53 13.4529 8.49037
      vertex 15.9796 13.3665 8.16788
    endloop
  endfacet
  facet normal 0.595362 -0.0523809 -0.801748
    outer loop
      vertex 15.53 12.7716 5.06497
      vertex 16.039 12.9342 5.43232
      vertex 16.0544 12.8224 5.45106
    endloop
  endfacet
  facet normal 0.595392 -0.0525468 -0.801716
    outer loop
      vertex 16.039 12.9342 5.43232
      vertex 15.53 12.7716 5.06497
      vertex 15.53 13 5.05
    endloop
  endfacet
  facet normal 0.595344 -0.0529622 -0.801724
    outer loop
      vertex 16.039 12.9342 5.43232
      vertex 15.53 13 5.05
      vertex 16.03 13 5.42129
    endloop
  endfacet
  facet normal 0.595354 0.529765 0.604072
    outer loop
      vertex 15.53 14.0653 8.18837
      vertex 15.8907 14.0129 7.87883
      vertex 15.53 14.2374 8.03744
    endloop
  endfacet
  facet normal 0.59541 0.529594 0.604166
    outer loop
      vertex 15.8907 14.0129 7.87883
      vertex 15.53 14.0653 8.18837
      vertex 15.9069 13.8949 7.9663
    endloop
  endfacet
  facet normal 0.595357 0.156749 -0.788023
    outer loop
      vertex 15.9878 13.3068 5.42644
      vertex 15.53 13.4529 5.10963
      vertex 15.9796 13.3665 5.43212
    endloop
  endfacet
  facet normal 0.59537 -0.355225 0.720659
    outer loop
      vertex 15.53 12.3303 8.41679
      vertex 16.1202 12.3441 7.936
      vertex 16.1087 12.4275 7.98661
    endloop
  endfacet
  facet normal 0.595333 -0.35539 0.720608
    outer loop
      vertex 16.1202 12.3441 7.936
      vertex 15.53 12.3303 8.41679
      vertex 15.53 12.125 8.31554
    endloop
  endfacet
  facet normal 0.59537 -0.720662 -0.355219
    outer loop
      vertex 15.53 11.3832 6.1303
      vertex 16.1856 11.8685 6.24456
      vertex 16.19 11.836 6.31787
    endloop
  endfacet
  facet normal 0.595333 -0.720539 -0.355531
    outer loop
      vertex 16.1856 11.8685 6.24456
      vertex 15.53 11.3832 6.1303
      vertex 15.53 11.4845 5.925
    endloop
  endfacet
  facet normal 0.595337 0.355439 0.720581
    outer loop
      vertex 15.9476 13.5995 8.1064
      vertex 15.53 13.6697 8.41679
      vertex 15.9545 13.5491 8.12556
    endloop
  endfacet
  facet normal 0.595358 0.258195 -0.760844
    outer loop
      vertex 15.53 13.4529 5.10963
      vertex 15.9621 13.4939 5.46166
      vertex 15.9796 13.3665 5.43212
    endloop
  endfacet
  facet normal 0.595352 0.258222 -0.76084
    outer loop
      vertex 15.9621 13.4939 5.46166
      vertex 15.53 13.4529 5.10963
      vertex 15.53 13.6697 5.18321
    endloop
  endfacet
  facet normal 0.595368 0.156714 -0.788021
    outer loop
      vertex 15.53 13.2284 5.06497
      vertex 15.9878 13.3068 5.42644
      vertex 16.0049 13.1824 5.41462
    endloop
  endfacet
  facet normal 0.595359 0.156761 -0.788019
    outer loop
      vertex 15.9878 13.3068 5.42644
      vertex 15.53 13.2284 5.06497
      vertex 15.53 13.4529 5.10963
    endloop
  endfacet
  facet normal 0.595521 0.666962 0.44779
    outer loop
      vertex 15.8628 14.2163 7.67907
      vertex 15.53 14.3884 7.86533
      vertex 15.8663 14.1902 7.71329
    endloop
  endfacet
  facet normal 0.595317 -0.44672 0.667861
    outer loop
      vertex 16.1202 12.3441 7.936
      vertex 15.53 12.125 8.31554
      vertex 16.1286 12.2828 7.88751
    endloop
  endfacet
  facet normal 0.595439 -0.667693 0.446809
    outer loop
      vertex 16.1691 11.9882 7.57641
      vertex 15.53 11.6116 7.86533
      vertex 16.175 11.9452 7.50429
    endloop
  endfacet
  facet normal 0.595366 -0.760798 0.258314
    outer loop
      vertex 15.53 11.3096 7.25293
      vertex 16.19 11.836 7.28213
      vertex 15.53 11.3832 7.4697
    endloop
  endfacet
  facet normal 0.595315 -0.760749 0.258573
    outer loop
      vertex 16.19 11.836 7.28213
      vertex 15.53 11.3096 7.25293
      vertex 16.1932 11.8129 7.2068
    endloop
  endfacet
  facet normal 0.595324 0.44662 -0.667922
    outer loop
      vertex 15.53 13.875 5.28446
      vertex 15.9069 13.8949 5.6337
      vertex 15.924 13.7711 5.56616
    endloop
  endfacet
  facet normal 0.595406 0.446397 -0.667998
    outer loop
      vertex 15.9069 13.8949 5.6337
      vertex 15.53 13.875 5.28446
      vertex 15.53 14.0653 5.41163
    endloop
  endfacet
  facet normal 0.59534 0.258128 -0.760882
    outer loop
      vertex 15.9621 13.4939 5.46166
      vertex 15.53 13.6697 5.18321
      vertex 15.9545 13.5491 5.47444
    endloop
  endfacet
  facet normal 0.595356 -0.801735 0.0526488
    outer loop
      vertex 15.53 11.25 6.8
      vertex 16.2014 11.7536 6.87658
      vertex 15.53 11.265 7.02842
    endloop
  endfacet
  facet normal 0.595338 -0.801737 0.0528231
    outer loop
      vertex 16.2014 11.7536 6.87658
      vertex 15.53 11.25 6.8
      vertex 16.202 11.749 6.8
    endloop
  endfacet
  facet normal 0.595274 -0.787986 -0.157249
    outer loop
      vertex 16.2007 11.7587 6.63658
      vertex 15.53 11.265 6.57158
      vertex 16.1986 11.7741 6.55146
    endloop
  endfacet
  facet normal 0.595321 -0.603984 0.529902
    outer loop
      vertex 15.53 11.6116 7.86533
      vertex 16.155 12.0907 7.70925
      vertex 15.53 11.7626 8.03744
    endloop
  endfacet
  facet normal 0.59534 -0.604033 0.529825
    outer loop
      vertex 16.155 12.0907 7.70925
      vertex 15.53 11.6116 7.86533
      vertex 16.1623 12.0381 7.64108
    endloop
  endfacet
  facet normal 0.595379 -0.0529122 0.801701
    outer loop
      vertex 16.0454 12.8881 8.15996
      vertex 15.53 12.7716 8.53503
      vertex 16.0544 12.8224 8.14894
    endloop
  endfacet
  facet normal 0.595493 0.72111 0.354103
    outer loop
      vertex 15.8366 14.4064 7.38256
      vertex 15.53 14.6168 7.4697
      vertex 15.8393 14.3869 7.41773
    endloop
  endfacet
  facet normal 0.595506 0.604967 -0.528572
    outer loop
      vertex 15.8707 14.1586 5.8555
      vertex 15.53 14.3884 5.73467
      vertex 15.8663 14.1902 5.88671
    endloop
  endfacet
  facet normal 0.595356 -0.720436 -0.355702
    outer loop
      vertex 16.1856 11.8685 6.24456
      vertex 15.53 11.4845 5.925
      vertex 16.1808 11.903 6.16665
    endloop
  endfacet
  facet normal 0.595338 -0.801737 -0.0528231
    outer loop
      vertex 15.53 11.25 6.8
      vertex 16.2014 11.7536 6.72342
      vertex 16.202 11.749 6.8
    endloop
  endfacet
  facet normal 0.595356 -0.801735 -0.0526488
    outer loop
      vertex 16.2014 11.7536 6.72342
      vertex 15.53 11.25 6.8
      vertex 15.53 11.265 6.57158
    endloop
  endfacet
  facet normal 0.595293 0.801773 0.0527816
    outer loop
      vertex 15.53 14.75 6.8
      vertex 15.8205 14.5236 6.96272
      vertex 15.8189 14.5355 6.8
    endloop
  endfacet
  facet normal 0.595345 0.801744 0.0526493
    outer loop
      vertex 15.8205 14.5236 6.96272
      vertex 15.53 14.75 6.8
      vertex 15.53 14.735 7.02842
    endloop
  endfacet
  facet normal 0.595367 0.760312 0.259737
    outer loop
      vertex 15.8269 14.4774 7.19588
      vertex 15.53 14.6904 7.25293
      vertex 15.8287 14.4636 7.23215
    endloop
  endfacet
  facet normal 0.595348 -0.760818 -0.258296
    outer loop
      vertex 16.1967 11.7878 6.4752
      vertex 15.53 11.3096 6.34707
      vertex 16.1932 11.8129 6.3932
    endloop
  endfacet
  facet normal 0.595337 0.355439 -0.720581
    outer loop
      vertex 15.9545 13.5491 5.47444
      vertex 15.53 13.6697 5.18321
      vertex 15.9476 13.5995 5.4936
    endloop
  endfacet
  facet normal -1 0 0
    outer loop
      vertex 15.53 14.735 6.57158
      vertex 15.53 14.735 7.02842
      vertex 15.53 14.75 6.8
    endloop
  endfacet
  facet normal -1 0 0
    outer loop
      vertex 15.53 14.6904 6.34707
      vertex 15.53 14.735 7.02842
      vertex 15.53 14.735 6.57158
    endloop
  endfacet
  facet normal -1 0 0
    outer loop
      vertex 15.53 14.6904 6.34707
      vertex 15.53 14.6904 7.25293
      vertex 15.53 14.735 7.02842
    endloop
  endfacet
  facet normal -1 0 0
    outer loop
      vertex 15.53 14.6168 6.1303
      vertex 15.53 14.6904 7.25293
      vertex 15.53 14.6904 6.34707
    endloop
  endfacet
  facet normal -1 0 0
    outer loop
      vertex 15.53 14.6168 6.1303
      vertex 15.53 14.6168 7.4697
      vertex 15.53 14.6904 7.25293
    endloop
  endfacet
  facet normal -1 0 0
    outer loop
      vertex 15.53 14.5155 5.925
      vertex 15.53 14.6168 7.4697
      vertex 15.53 14.6168 6.1303
    endloop
  endfacet
  facet normal -1 0 0
    outer loop
      vertex 15.53 14.5155 5.925
      vertex 15.53 14.5155 7.675
      vertex 15.53 14.6168 7.4697
    endloop
  endfacet
  facet normal -1 0 0
    outer loop
      vertex 15.53 14.3884 5.73467
      vertex 15.53 14.5155 7.675
      vertex 15.53 14.5155 5.925
    endloop
  endfacet
  facet normal -1 0 0
    outer loop
      vertex 15.53 14.3884 5.73467
      vertex 15.53 14.3884 7.86533
      vertex 15.53 14.5155 7.675
    endloop
  endfacet
  facet normal -1 0 0
    outer loop
      vertex 15.53 14.2374 5.56256
      vertex 15.53 14.3884 7.86533
      vertex 15.53 14.3884 5.73467
    endloop
  endfacet
  facet normal -1 0 0
    outer loop
      vertex 15.53 14.2374 5.56256
      vertex 15.53 14.2374 8.03744
      vertex 15.53 14.3884 7.86533
    endloop
  endfacet
  facet normal -1 0 0
    outer loop
      vertex 15.53 14.0653 5.41163
      vertex 15.53 14.2374 8.03744
      vertex 15.53 14.2374 5.56256
    endloop
  endfacet
  facet normal -1 0 0
    outer loop
      vertex 15.53 14.0653 5.41163
      vertex 15.53 14.0653 8.18837
      vertex 15.53 14.2374 8.03744
    endloop
  endfacet
  facet normal -1 0 0
    outer loop
      vertex 15.53 13.875 5.28446
      vertex 15.53 14.0653 8.18837
      vertex 15.53 14.0653 5.41163
    endloop
  endfacet
  facet normal -1 0 0
    outer loop
      vertex 15.53 13.875 5.28446
      vertex 15.53 13.875 8.31554
      vertex 15.53 14.0653 8.18837
    endloop
  endfacet
  facet normal -1 0 0
    outer loop
      vertex 15.53 13.6697 5.18321
      vertex 15.53 13.875 8.31554
      vertex 15.53 13.875 5.28446
    endloop
  endfacet
  facet normal -1 0 0
    outer loop
      vertex 15.53 13.6697 5.18321
      vertex 15.53 13.6697 8.41679
      vertex 15.53 13.875 8.31554
    endloop
  endfacet
  facet normal -1 0 0
    outer loop
      vertex 15.53 13.4529 5.10963
      vertex 15.53 13.6697 8.41679
      vertex 15.53 13.6697 5.18321
    endloop
  endfacet
  facet normal -1 0 0
    outer loop
      vertex 15.53 13.4529 5.10963
      vertex 15.53 13.4529 8.49037
      vertex 15.53 13.6697 8.41679
    endloop
  endfacet
  facet normal -1 0 0
    outer loop
      vertex 15.53 13.2284 5.06497
      vertex 15.53 13.4529 8.49037
      vertex 15.53 13.4529 5.10963
    endloop
  endfacet
  facet normal -1 0 0
    outer loop
      vertex 15.53 13.2284 5.06497
      vertex 15.53 13.2284 8.53503
      vertex 15.53 13.4529 8.49037
    endloop
  endfacet
  facet normal -1 0 0
    outer loop
      vertex 15.53 13 5.05
      vertex 15.53 13.2284 8.53503
      vertex 15.53 13.2284 5.06497
    endloop
  endfacet
  facet normal -1 0 0
    outer loop
      vertex 15.53 13 5.05
      vertex 15.53 13 8.55
      vertex 15.53 13.2284 8.53503
    endloop
  endfacet
  facet normal -1 0 0
    outer loop
      vertex 15.53 12.7716 5.06497
      vertex 15.53 13 8.55
      vertex 15.53 13 5.05
    endloop
  endfacet
  facet normal -1 0 0
    outer loop
      vertex 15.53 12.7716 5.06497
      vertex 15.53 12.7716 8.53503
      vertex 15.53 13 8.55
    endloop
  endfacet
  facet normal -1 0 0
    outer loop
      vertex 15.53 12.5471 5.10963
      vertex 15.53 12.7716 8.53503
      vertex 15.53 12.7716 5.06497
    endloop
  endfacet
  facet normal -1 0 0
    outer loop
      vertex 15.53 12.5471 5.10963
      vertex 15.53 12.5471 8.49037
      vertex 15.53 12.7716 8.53503
    endloop
  endfacet
  facet normal -1 0 0
    outer loop
      vertex 15.53 12.3303 5.18321
      vertex 15.53 12.5471 8.49037
      vertex 15.53 12.5471 5.10963
    endloop
  endfacet
  facet normal -1 0 0
    outer loop
      vertex 15.53 12.3303 5.18321
      vertex 15.53 12.3303 8.41679
      vertex 15.53 12.5471 8.49037
    endloop
  endfacet
  facet normal -1 0 0
    outer loop
      vertex 15.53 12.125 5.28446
      vertex 15.53 12.3303 8.41679
      vertex 15.53 12.3303 5.18321
    endloop
  endfacet
  facet normal -1 0 0
    outer loop
      vertex 15.53 12.125 5.28446
      vertex 15.53 12.125 8.31554
      vertex 15.53 12.3303 8.41679
    endloop
  endfacet
  facet normal -1 0 0
    outer loop
      vertex 15.53 11.9347 5.41163
      vertex 15.53 12.125 8.31554
      vertex 15.53 12.125 5.28446
    endloop
  endfacet
  facet normal -1 0 0
    outer loop
      vertex 15.53 11.9347 5.41163
      vertex 15.53 11.9347 8.18837
      vertex 15.53 12.125 8.31554
    endloop
  endfacet
  facet normal -1 0 0
    outer loop
      vertex 15.53 11.7626 5.56256
      vertex 15.53 11.9347 8.18837
      vertex 15.53 11.9347 5.41163
    endloop
  endfacet
  facet normal -1 0 0
    outer loop
      vertex 15.53 11.7626 5.56256
      vertex 15.53 11.7626 8.03744
      vertex 15.53 11.9347 8.18837
    endloop
  endfacet
  facet normal -1 0 0
    outer loop
      vertex 15.53 11.6116 5.73467
      vertex 15.53 11.7626 8.03744
      vertex 15.53 11.7626 5.56256
    endloop
  endfacet
  facet normal -1 0 0
    outer loop
      vertex 15.53 11.6116 5.73467
      vertex 15.53 11.6116 7.86533
      vertex 15.53 11.7626 8.03744
    endloop
  endfacet
  facet normal -1 0 0
    outer loop
      vertex 15.53 11.4845 5.925
      vertex 15.53 11.6116 7.86533
      vertex 15.53 11.6116 5.73467
    endloop
  endfacet
  facet normal -1 0 0
    outer loop
      vertex 15.53 11.4845 5.925
      vertex 15.53 11.4845 7.675
      vertex 15.53 11.6116 7.86533
    endloop
  endfacet
  facet normal -1 0 0
    outer loop
      vertex 15.53 11.3832 6.1303
      vertex 15.53 11.4845 7.675
      vertex 15.53 11.4845 5.925
    endloop
  endfacet
  facet normal -1 0 0
    outer loop
      vertex 15.53 11.3832 6.1303
      vertex 15.53 11.3832 7.4697
      vertex 15.53 11.4845 7.675
    endloop
  endfacet
  facet normal -1 0 0
    outer loop
      vertex 15.53 11.3096 6.34707
      vertex 15.53 11.3832 7.4697
      vertex 15.53 11.3832 6.1303
    endloop
  endfacet
  facet normal -1 0 0
    outer loop
      vertex 15.53 11.3096 6.34707
      vertex 15.53 11.3096 7.25293
      vertex 15.53 11.3832 7.4697
    endloop
  endfacet
  facet normal -1 0 0
    outer loop
      vertex 15.53 11.265 6.57158
      vertex 15.53 11.3096 7.25293
      vertex 15.53 11.3096 6.34707
    endloop
  endfacet
  facet normal -1 0 0
    outer loop
      vertex 15.53 11.265 6.57158
      vertex 15.53 11.265 7.02842
      vertex 15.53 11.3096 7.25293
    endloop
  endfacet
  facet normal -1 0 -0
    outer loop
      vertex 15.53 11.265 7.02842
      vertex 15.53 11.265 6.57158
      vertex 15.53 11.25 6.8
    endloop
  endfacet
  facet normal 0.595439 -0.667693 -0.446809
    outer loop
      vertex 16.175 11.9452 6.09571
      vertex 15.53 11.6116 5.73467
      vertex 16.1691 11.9882 6.02359
    endloop
  endfacet
  facet normal 0.595355 -0.668198 -0.446166
    outer loop
      vertex 15.53 11.4845 5.925
      vertex 16.175 11.9452 6.09571
      vertex 16.1808 11.903 6.16665
    endloop
  endfacet
  facet normal 0.59535 -0.668179 -0.446201
    outer loop
      vertex 16.175 11.9452 6.09571
      vertex 15.53 11.4845 5.925
      vertex 15.53 11.6116 5.73467
    endloop
  endfacet
  facet normal 0.595269 -0.801849 0.0518959
    outer loop
      vertex 16.2007 11.7587 6.96341
      vertex 15.53 11.265 7.02842
      vertex 16.2014 11.7536 6.87658
    endloop
  endfacet
  facet normal 0.595352 -0.258139 -0.760868
    outer loop
      vertex 16.0998 12.4922 5.57413
      vertex 15.53 12.3303 5.18321
      vertex 16.0907 12.5584 5.54455
    endloop
  endfacet
  facet normal 0.595333 -0.720539 0.355531
    outer loop
      vertex 15.53 11.3832 7.4697
      vertex 16.1856 11.8685 7.35544
      vertex 15.53 11.4845 7.675
    endloop
  endfacet
  facet normal 0.59537 -0.720662 0.355219
    outer loop
      vertex 16.1856 11.8685 7.35544
      vertex 15.53 11.3832 7.4697
      vertex 16.19 11.836 7.28213
    endloop
  endfacet
  facet normal 0.595362 -0.25822 -0.760833
    outer loop
      vertex 15.53 12.5471 5.10963
      vertex 16.0907 12.5584 5.54455
      vertex 15.53 12.3303 5.18321
    endloop
  endfacet
  facet normal 0.59532 -0.258496 -0.760772
    outer loop
      vertex 16.0907 12.5584 5.54455
      vertex 15.53 12.5471 5.10963
      vertex 16.0778 12.6523 5.50255
    endloop
  endfacet
  facet normal 0.595285 -0.53013 0.603819
    outer loop
      vertex 15.53 11.9347 8.18837
      vertex 16.1473 12.1468 7.76601
      vertex 16.1387 12.2098 7.8298
    endloop
  endfacet
  facet normal 0.59534 -0.529772 0.604079
    outer loop
      vertex 16.1473 12.1468 7.76601
      vertex 15.53 11.9347 8.18837
      vertex 15.53 11.7626 8.03744
    endloop
  endfacet
  facet normal 0.595356 -0.720436 0.355702
    outer loop
      vertex 16.1808 11.903 7.43335
      vertex 15.53 11.4845 7.675
      vertex 16.1856 11.8685 7.35544
    endloop
  endfacet
  facet normal 0.59535 -0.668179 0.446201
    outer loop
      vertex 15.53 11.4845 7.675
      vertex 16.175 11.9452 7.50429
      vertex 15.53 11.6116 7.86533
    endloop
  endfacet
  facet normal 0.595355 -0.668198 0.446166
    outer loop
      vertex 16.175 11.9452 7.50429
      vertex 15.53 11.4845 7.675
      vertex 16.1808 11.903 7.43335
    endloop
  endfacet
  facet normal 0.595348 -0.760818 0.258296
    outer loop
      vertex 16.1932 11.8129 7.2068
      vertex 15.53 11.3096 7.25293
      vertex 16.1967 11.7878 7.1248
    endloop
  endfacet
  facet normal 0.59534 -0.604033 -0.529825
    outer loop
      vertex 15.53 11.6116 5.73467
      vertex 16.155 12.0907 5.89075
      vertex 16.1623 12.0381 5.95892
    endloop
  endfacet
  facet normal 0.595321 -0.603984 -0.529902
    outer loop
      vertex 16.155 12.0907 5.89075
      vertex 15.53 11.6116 5.73467
      vertex 15.53 11.7626 5.56256
    endloop
  endfacet
  facet normal 0.595237 0.788074 0.156944
    outer loop
      vertex 15.53 14.735 7.02842
      vertex 15.8269 14.4774 7.19588
      vertex 15.822 14.5127 7.03721
    endloop
  endfacet
  facet normal 0.595416 0.788019 0.156544
    outer loop
      vertex 15.8269 14.4774 7.19588
      vertex 15.53 14.735 7.02842
      vertex 15.53 14.6904 7.25293
    endloop
  endfacet
  facet normal 0.595502 0.60489 0.528664
    outer loop
      vertex 15.8663 14.1902 7.71329
      vertex 15.53 14.3884 7.86533
      vertex 15.8707 14.1586 7.74449
    endloop
  endfacet
  facet normal 0.595293 0.668214 0.446225
    outer loop
      vertex 15.8628 14.2163 7.67907
      vertex 15.53 14.5155 7.675
      vertex 15.53 14.3884 7.86533
    endloop
  endfacet
  facet normal 0.595327 0.668251 0.446123
    outer loop
      vertex 15.53 14.5155 7.675
      vertex 15.8628 14.2163 7.67907
      vertex 15.8499 14.3098 7.55623
    endloop
  endfacet
  facet normal 0.595572 0.760741 -0.258007
    outer loop
      vertex 15.8366 14.4064 6.21743
      vertex 15.53 14.6904 6.34707
      vertex 15.8287 14.4636 6.36785
    endloop
  endfacet
  facet normal 0.595449 0.760739 -0.258294
    outer loop
      vertex 15.53 14.6904 6.34707
      vertex 15.8366 14.4064 6.21743
      vertex 15.53 14.6168 6.1303
    endloop
  endfacet
  facet normal 0.595483 0.721077 -0.354187
    outer loop
      vertex 15.8393 14.3869 6.18227
      vertex 15.53 14.6168 6.1303
      vertex 15.8366 14.4064 6.21743
    endloop
  endfacet
  facet normal 0.595316 -0.529628 -0.604229
    outer loop
      vertex 16.155 12.0907 5.89075
      vertex 15.53 11.7626 5.56256
      vertex 16.1473 12.1468 5.83399
    endloop
  endfacet
  facet normal 0.595359 0.156761 0.788019
    outer loop
      vertex 15.53 13.2284 8.53503
      vertex 15.9878 13.3068 8.17356
      vertex 15.53 13.4529 8.49037
    endloop
  endfacet
  facet normal 0.595368 0.156714 0.788021
    outer loop
      vertex 15.9878 13.3068 8.17356
      vertex 15.53 13.2284 8.53503
      vertex 16.0049 13.1824 8.18538
    endloop
  endfacet
  facet normal 0.595324 -0.156334 -0.78813
    outer loop
      vertex 16.0778 12.6523 5.50255
      vertex 15.53 12.5471 5.10963
      vertex 16.0686 12.719 5.48237
    endloop
  endfacet
  facet normal 0.595289 0.529373 -0.604479
    outer loop
      vertex 15.8907 14.0129 5.72117
      vertex 15.53 14.2374 5.56256
      vertex 15.8855 14.0508 5.74924
    endloop
  endfacet
  facet normal 0.595402 0.446024 0.668251
    outer loop
      vertex 15.924 13.7711 8.03384
      vertex 15.53 13.875 8.31554
      vertex 15.9301 13.7264 8.05824
    endloop
  endfacet
  facet normal 0.595321 0.720546 0.355535
    outer loop
      vertex 15.8499 14.3098 7.55623
      vertex 15.53 14.6168 7.4697
      vertex 15.53 14.5155 7.675
    endloop
  endfacet
  facet normal 0.595315 0.720544 0.35555
    outer loop
      vertex 15.53 14.6168 7.4697
      vertex 15.8499 14.3098 7.55623
      vertex 15.8393 14.3869 7.41773
    endloop
  endfacet
  facet normal 0.59541 0.529594 -0.604166
    outer loop
      vertex 15.53 14.0653 5.41163
      vertex 15.8907 14.0129 5.72117
      vertex 15.9069 13.8949 5.6337
    endloop
  endfacet
  facet normal 0.595354 0.529765 -0.604072
    outer loop
      vertex 15.8907 14.0129 5.72117
      vertex 15.53 14.0653 5.41163
      vertex 15.53 14.2374 5.56256
    endloop
  endfacet
  facet normal 0.595443 -0.604567 -0.5291
    outer loop
      vertex 16.1691 11.9882 6.02359
      vertex 15.53 11.6116 5.73467
      vertex 16.1623 12.0381 5.95892
    endloop
  endfacet
  facet normal 0.595197 0.801936 0.0513769
    outer loop
      vertex 15.8205 14.5236 6.96272
      vertex 15.53 14.735 7.02842
      vertex 15.8209 14.5209 7.00023
    endloop
  endfacet
  facet normal 0.595276 -0.787988 0.157231
    outer loop
      vertex 16.1986 11.7741 7.04854
      vertex 15.53 11.265 7.02842
      vertex 16.2007 11.7587 6.96341
    endloop
  endfacet
  facet normal 0.595366 0.0523601 0.801747
    outer loop
      vertex 16.0049 13.1824 8.18538
      vertex 15.53 13.2284 8.53503
      vertex 16.0136 13.119 8.18306
    endloop
  endfacet
  facet normal 0.595324 -0.156334 0.78813
    outer loop
      vertex 16.0686 12.719 8.11763
      vertex 15.53 12.5471 8.49037
      vertex 16.0778 12.6523 8.09745
    endloop
  endfacet
  facet normal 0.595357 0.156749 0.788023
    outer loop
      vertex 15.9796 13.3665 8.16788
      vertex 15.53 13.4529 8.49037
      vertex 15.9878 13.3068 8.17356
    endloop
  endfacet
  facet normal 0.59534 0.258128 0.760882
    outer loop
      vertex 15.9545 13.5491 8.12556
      vertex 15.53 13.6697 8.41679
      vertex 15.9621 13.4939 8.13834
    endloop
  endfacet
  facet normal 0.595502 0.60489 0.528664
    outer loop
      vertex 14.8763 21.3902 7.71329
      vertex 14.54 21.5884 7.86533
      vertex 14.8807 21.3586 7.74449
    endloop
  endfacet
  facet normal 0.595266 0.667967 -0.44663
    outer loop
      vertex 14.8763 21.3902 5.88671
      vertex 14.54 21.7155 5.925
      vertex 14.8634 21.4843 6.01025
    endloop
  endfacet
  facet normal 0.59546 0.668111 -0.446156
    outer loop
      vertex 14.54 21.7155 5.925
      vertex 14.8763 21.3902 5.88671
      vertex 14.54 21.5884 5.73467
    endloop
  endfacet
  facet normal 0.595366 0.0523601 0.801747
    outer loop
      vertex 15.0149 20.3824 8.18538
      vertex 14.54 20.4284 8.53503
      vertex 15.0236 20.319 8.18306
    endloop
  endfacet
  facet normal 0.595365 0.0522774 -0.801753
    outer loop
      vertex 15.04 20.2 5.42129
      vertex 14.54 20.2 5.05
      vertex 15.0313 20.2635 5.41897
    endloop
  endfacet
  facet normal 0.595308 0.0527787 -0.801762
    outer loop
      vertex 14.54 20.2 5.05
      vertex 15.0149 20.3824 5.41462
      vertex 15.0313 20.2635 5.41897
    endloop
  endfacet
  facet normal 0.595372 0.0525477 -0.80173
    outer loop
      vertex 15.0149 20.3824 5.41462
      vertex 14.54 20.2 5.05
      vertex 14.54 20.4284 5.06497
    endloop
  endfacet
  facet normal 0.595388 0.052547 0.801718
    outer loop
      vertex 14.54 20.2 8.55
      vertex 15.0236 20.319 8.18306
      vertex 14.54 20.4284 8.53503
    endloop
  endfacet
  facet normal 0.595351 0.0527413 0.801733
    outer loop
      vertex 15.0236 20.319 8.18306
      vertex 14.54 20.2 8.55
      vertex 15.04 20.2 8.17871
    endloop
  endfacet
  facet normal 0.595338 -0.801737 -0.0528231
    outer loop
      vertex 14.54 18.45 6.8
      vertex 15.2114 18.9536 6.72342
      vertex 15.212 18.949 6.8
    endloop
  endfacet
  facet normal 0.595356 -0.801735 -0.0526488
    outer loop
      vertex 15.2114 18.9536 6.72342
      vertex 14.54 18.45 6.8
      vertex 14.54 18.465 6.57158
    endloop
  endfacet
  facet normal 0.595321 -0.788088 0.156558
    outer loop
      vertex 14.54 18.465 7.02842
      vertex 15.2088 18.9724 7.03944
      vertex 14.54 18.5096 7.25293
    endloop
  endfacet
  facet normal 0.595287 -0.78805 0.156877
    outer loop
      vertex 15.2088 18.9724 7.03944
      vertex 14.54 18.465 7.02842
      vertex 15.2107 18.9587 6.96341
    endloop
  endfacet
  facet normal 0.595348 -0.760818 0.258296
    outer loop
      vertex 15.2032 19.0129 7.2068
      vertex 14.54 18.5096 7.25293
      vertex 15.2067 18.9878 7.1248
    endloop
  endfacet
  facet normal 0.595301 0.603995 0.529912
    outer loop
      vertex 14.8955 21.2508 7.85076
      vertex 14.54 21.5884 7.86533
      vertex 14.54 21.4374 8.03744
    endloop
  endfacet
  facet normal 0.595338 0.604037 0.529822
    outer loop
      vertex 14.54 21.5884 7.86533
      vertex 14.8955 21.2508 7.85076
      vertex 14.8807 21.3586 7.74449
    endloop
  endfacet
  facet normal 0.595362 -0.25822 -0.760833
    outer loop
      vertex 14.54 19.7471 5.10963
      vertex 15.1007 19.7584 5.54455
      vertex 14.54 19.5303 5.18321
    endloop
  endfacet
  facet normal 0.595359 -0.258241 -0.760828
    outer loop
      vertex 15.1007 19.7584 5.54455
      vertex 14.54 19.7471 5.10963
      vertex 15.0878 19.8524 5.50255
    endloop
  endfacet
  facet normal 0.595349 -0.156547 -0.788069
    outer loop
      vertex 15.0878 19.8524 5.50255
      vertex 14.54 19.7471 5.10963
      vertex 15.0786 19.919 5.48237
    endloop
  endfacet
  facet normal 0.595493 0.72111 0.354103
    outer loop
      vertex 14.8466 21.6064 7.38256
      vertex 14.54 21.8168 7.4697
      vertex 14.8493 21.5869 7.41773
    endloop
  endfacet
  facet normal 0.595506 0.604967 -0.528572
    outer loop
      vertex 14.8807 21.3586 5.8555
      vertex 14.54 21.5884 5.73467
      vertex 14.8763 21.3902 5.88671
    endloop
  endfacet
  facet normal 0.595387 -0.529512 0.60426
    outer loop
      vertex 14.54 19.1347 8.18837
      vertex 15.165 19.2907 7.70925
      vertex 15.1564 19.3533 7.77258
    endloop
  endfacet
  facet normal 0.595323 -0.52978 0.604089
    outer loop
      vertex 15.165 19.2907 7.70925
      vertex 14.54 19.1347 8.18837
      vertex 14.54 18.9626 8.03744
    endloop
  endfacet
  facet normal 0.5954 0.788129 -0.156052
    outer loop
      vertex 14.8369 21.6774 6.40412
      vertex 14.54 21.8904 6.34707
      vertex 14.8357 21.6857 6.44146
    endloop
  endfacet
  facet normal 0.595357 0.156749 -0.788023
    outer loop
      vertex 14.9978 20.5068 5.42644
      vertex 14.54 20.6529 5.10963
      vertex 14.9896 20.5665 5.43212
    endloop
  endfacet
  facet normal 0.595463 0.760638 0.258559
    outer loop
      vertex 14.8447 21.6204 7.34575
      vertex 14.54 21.8168 7.4697
      vertex 14.8466 21.6064 7.38256
    endloop
  endfacet
  facet normal 0.595333 -0.720539 0.355531
    outer loop
      vertex 14.54 18.5832 7.4697
      vertex 15.1956 19.0685 7.35544
      vertex 14.54 18.6845 7.675
    endloop
  endfacet
  facet normal 0.59537 -0.720662 0.355219
    outer loop
      vertex 15.1956 19.0685 7.35544
      vertex 14.54 18.5832 7.4697
      vertex 15.2 19.036 7.28213
    endloop
  endfacet
  facet normal 0.595229 0.801847 -0.0523801
    outer loop
      vertex 14.54 21.935 6.57158
      vertex 14.8292 21.7328 6.76262
      vertex 14.8309 21.7209 6.59977
    endloop
  endfacet
  facet normal 0.595338 0.801749 -0.0526496
    outer loop
      vertex 14.8292 21.7328 6.76262
      vertex 14.54 21.935 6.57158
      vertex 14.54 21.95 6.8
    endloop
  endfacet
  facet normal 0.595402 0.446024 -0.668251
    outer loop
      vertex 14.9401 20.9264 5.54176
      vertex 14.54 21.075 5.28446
      vertex 14.934 20.9711 5.56616
    endloop
  endfacet
  facet normal 0.595414 0.760749 -0.258347
    outer loop
      vertex 14.8447 21.6204 6.25425
      vertex 14.54 21.8904 6.34707
      vertex 14.8369 21.6774 6.40412
    endloop
  endfacet
  facet normal 0.595431 0.760752 -0.258298
    outer loop
      vertex 14.54 21.8904 6.34707
      vertex 14.8447 21.6204 6.25425
      vertex 14.54 21.8168 6.1303
    endloop
  endfacet
  facet normal 0.595324 0.44662 -0.667922
    outer loop
      vertex 14.54 21.075 5.28446
      vertex 14.9169 21.0949 5.6337
      vertex 14.934 20.9711 5.56616
    endloop
  endfacet
  facet normal 0.595406 0.446397 -0.667998
    outer loop
      vertex 14.9169 21.0949 5.6337
      vertex 14.54 21.075 5.28446
      vertex 14.54 21.2653 5.41163
    endloop
  endfacet
  facet normal 0.595443 -0.604567 0.5291
    outer loop
      vertex 15.1723 19.2381 7.64108
      vertex 14.54 18.8116 7.86533
      vertex 15.1791 19.1882 7.57641
    endloop
  endfacet
  facet normal 0.595364 -0.355276 0.720639
    outer loop
      vertex 15.1098 19.6922 8.02586
      vertex 14.54 19.5303 8.41679
      vertex 15.1187 19.6275 7.98661
    endloop
  endfacet
  facet normal 0.59534 0.258128 -0.760882
    outer loop
      vertex 14.9721 20.6939 5.46166
      vertex 14.54 20.8697 5.18321
      vertex 14.9645 20.7491 5.47444
    endloop
  endfacet
  facet normal 0.595375 -0.156759 -0.788007
    outer loop
      vertex 14.54 19.9716 5.06497
      vertex 15.0786 19.919 5.48237
      vertex 14.54 19.7471 5.10963
    endloop
  endfacet
  facet normal 0.59536 -0.156849 -0.788
    outer loop
      vertex 15.0786 19.919 5.48237
      vertex 14.54 19.9716 5.06497
      vertex 15.0644 20.0224 5.45106
    endloop
  endfacet
  facet normal 0.595352 -0.78801 -0.156832
    outer loop
      vertex 15.2088 18.9724 6.56055
      vertex 14.54 18.5096 6.34707
      vertex 15.2067 18.9878 6.4752
    endloop
  endfacet
  facet normal 0.59537 -0.720662 -0.355219
    outer loop
      vertex 14.54 18.5832 6.1303
      vertex 15.1956 19.0685 6.24456
      vertex 15.2 19.036 6.31787
    endloop
  endfacet
  facet normal 0.595333 -0.720539 -0.355531
    outer loop
      vertex 15.1956 19.0685 6.24456
      vertex 14.54 18.5832 6.1303
      vertex 14.54 18.6845 5.925
    endloop
  endfacet
  facet normal 0.595222 0.78804 -0.157172
    outer loop
      vertex 14.8357 21.6857 6.44146
      vertex 14.54 21.935 6.57158
      vertex 14.8309 21.7209 6.59977
    endloop
  endfacet
  facet normal 0.595458 0.787989 -0.156538
    outer loop
      vertex 14.54 21.935 6.57158
      vertex 14.8357 21.6857 6.44146
      vertex 14.54 21.8904 6.34707
    endloop
  endfacet
  facet normal 0.595269 -0.801849 0.0518959
    outer loop
      vertex 15.2107 18.9587 6.96341
      vertex 14.54 18.465 7.02842
      vertex 15.2114 18.9536 6.87658
    endloop
  endfacet
  facet normal 0.595352 -0.258139 -0.760868
    outer loop
      vertex 15.1098 19.6922 5.57413
      vertex 14.54 19.5303 5.18321
      vertex 15.1007 19.7584 5.54455
    endloop
  endfacet
  facet normal 0.595324 0.35555 -0.720537
    outer loop
      vertex 14.54 20.8697 5.18321
      vertex 14.9401 20.9264 5.54176
      vertex 14.9576 20.7995 5.4936
    endloop
  endfacet
  facet normal 0.595383 0.355374 -0.720575
    outer loop
      vertex 14.9401 20.9264 5.54176
      vertex 14.54 20.8697 5.18321
      vertex 14.54 21.075 5.28446
    endloop
  endfacet
  facet normal 0.595411 0.529571 0.604186
    outer loop
      vertex 14.9116 21.1335 7.93769
      vertex 14.54 21.2653 8.18837
      vertex 14.9169 21.0949 7.9663
    endloop
  endfacet
  facet normal 0.595431 0.760752 0.258298
    outer loop
      vertex 14.8447 21.6204 7.34575
      vertex 14.54 21.8904 7.25293
      vertex 14.54 21.8168 7.4697
    endloop
  endfacet
  facet normal 0.595414 0.760749 0.258347
    outer loop
      vertex 14.54 21.8904 7.25293
      vertex 14.8447 21.6204 7.34575
      vertex 14.8369 21.6774 7.19588
    endloop
  endfacet
  facet normal 0.595363 -0.258234 0.760827
    outer loop
      vertex 15.1007 19.7584 8.05545
      vertex 14.54 19.5303 8.41679
      vertex 15.1098 19.6922 8.02586
    endloop
  endfacet
  facet normal 0.595325 -0.355393 -0.720614
    outer loop
      vertex 14.54 19.5303 5.18321
      vertex 15.1302 19.5441 5.66399
      vertex 14.54 19.325 5.28446
    endloop
  endfacet
  facet normal 0.595379 -0.355154 -0.720686
    outer loop
      vertex 15.1302 19.5441 5.66399
      vertex 14.54 19.5303 5.18321
      vertex 15.1187 19.6275 5.61339
    endloop
  endfacet
  facet normal 0.595411 0.529571 -0.604186
    outer loop
      vertex 14.9169 21.0949 5.6337
      vertex 14.54 21.2653 5.41163
      vertex 14.9116 21.1335 5.66231
    endloop
  endfacet
  facet normal 0.595361 -0.0524057 0.801747
    outer loop
      vertex 14.54 20.2 8.55
      vertex 15.0554 20.0881 8.15996
      vertex 15.04 20.2 8.17871
    endloop
  endfacet
  facet normal 0.595337 -0.0525494 0.801756
    outer loop
      vertex 15.0554 20.0881 8.15996
      vertex 14.54 20.2 8.55
      vertex 14.54 19.9716 8.53503
    endloop
  endfacet
  facet normal 0.595521 0.666962 0.44779
    outer loop
      vertex 14.8728 21.4163 7.67907
      vertex 14.54 21.5884 7.86533
      vertex 14.8763 21.3902 7.71329
    endloop
  endfacet
  facet normal 0.595268 -0.80185 -0.0518899
    outer loop
      vertex 15.2114 18.9536 6.72342
      vertex 14.54 18.465 6.57158
      vertex 15.2107 18.9587 6.63658
    endloop
  endfacet
  facet normal 0.595337 0.355439 0.720581
    outer loop
      vertex 14.9576 20.7995 8.1064
      vertex 14.54 20.8697 8.41679
      vertex 14.9645 20.7491 8.12556
    endloop
  endfacet
  facet normal 0.595352 0.258222 0.76084
    outer loop
      vertex 14.54 20.6529 8.49037
      vertex 14.9721 20.6939 8.13834
      vertex 14.54 20.8697 8.41679
    endloop
  endfacet
  facet normal 0.595358 0.258195 0.760844
    outer loop
      vertex 14.9721 20.6939 8.13834
      vertex 14.54 20.6529 8.49037
      vertex 14.9896 20.5665 8.16788
    endloop
  endfacet
  facet normal -1 0 0
    outer loop
      vertex 14.54 21.935 6.57158
      vertex 14.54 21.935 7.02842
      vertex 14.54 21.95 6.8
    endloop
  endfacet
  facet normal -1 0 0
    outer loop
      vertex 14.54 21.8904 6.34707
      vertex 14.54 21.935 7.02842
      vertex 14.54 21.935 6.57158
    endloop
  endfacet
  facet normal -1 0 0
    outer loop
      vertex 14.54 21.8904 6.34707
      vertex 14.54 21.8904 7.25293
      vertex 14.54 21.935 7.02842
    endloop
  endfacet
  facet normal -1 0 0
    outer loop
      vertex 14.54 21.8168 6.1303
      vertex 14.54 21.8904 7.25293
      vertex 14.54 21.8904 6.34707
    endloop
  endfacet
  facet normal -1 0 0
    outer loop
      vertex 14.54 21.8168 6.1303
      vertex 14.54 21.8168 7.4697
      vertex 14.54 21.8904 7.25293
    endloop
  endfacet
  facet normal -1 0 0
    outer loop
      vertex 14.54 21.7155 5.925
      vertex 14.54 21.8168 7.4697
      vertex 14.54 21.8168 6.1303
    endloop
  endfacet
  facet normal -1 0 0
    outer loop
      vertex 14.54 21.7155 5.925
      vertex 14.54 21.7155 7.675
      vertex 14.54 21.8168 7.4697
    endloop
  endfacet
  facet normal -1 0 0
    outer loop
      vertex 14.54 21.5884 5.73467
      vertex 14.54 21.7155 7.675
      vertex 14.54 21.7155 5.925
    endloop
  endfacet
  facet normal -1 0 0
    outer loop
      vertex 14.54 21.5884 5.73467
      vertex 14.54 21.5884 7.86533
      vertex 14.54 21.7155 7.675
    endloop
  endfacet
  facet normal -1 0 0
    outer loop
      vertex 14.54 21.4374 5.56256
      vertex 14.54 21.5884 7.86533
      vertex 14.54 21.5884 5.73467
    endloop
  endfacet
  facet normal -1 0 0
    outer loop
      vertex 14.54 21.4374 5.56256
      vertex 14.54 21.4374 8.03744
      vertex 14.54 21.5884 7.86533
    endloop
  endfacet
  facet normal -1 0 0
    outer loop
      vertex 14.54 21.2653 5.41163
      vertex 14.54 21.4374 8.03744
      vertex 14.54 21.4374 5.56256
    endloop
  endfacet
  facet normal -1 0 0
    outer loop
      vertex 14.54 21.2653 5.41163
      vertex 14.54 21.2653 8.18837
      vertex 14.54 21.4374 8.03744
    endloop
  endfacet
  facet normal -1 0 0
    outer loop
      vertex 14.54 21.075 5.28446
      vertex 14.54 21.2653 8.18837
      vertex 14.54 21.2653 5.41163
    endloop
  endfacet
  facet normal -1 0 0
    outer loop
      vertex 14.54 21.075 5.28446
      vertex 14.54 21.075 8.31554
      vertex 14.54 21.2653 8.18837
    endloop
  endfacet
  facet normal -1 0 0
    outer loop
      vertex 14.54 20.8697 5.18321
      vertex 14.54 21.075 8.31554
      vertex 14.54 21.075 5.28446
    endloop
  endfacet
  facet normal -1 0 0
    outer loop
      vertex 14.54 20.8697 5.18321
      vertex 14.54 20.8697 8.41679
      vertex 14.54 21.075 8.31554
    endloop
  endfacet
  facet normal -1 0 0
    outer loop
      vertex 14.54 20.6529 5.10963
      vertex 14.54 20.8697 8.41679
      vertex 14.54 20.8697 5.18321
    endloop
  endfacet
  facet normal -1 0 0
    outer loop
      vertex 14.54 20.6529 5.10963
      vertex 14.54 20.6529 8.49037
      vertex 14.54 20.8697 8.41679
    endloop
  endfacet
  facet normal -1 0 0
    outer loop
      vertex 14.54 20.4284 5.06497
      vertex 14.54 20.6529 8.49037
      vertex 14.54 20.6529 5.10963
    endloop
  endfacet
  facet normal -1 0 0
    outer loop
      vertex 14.54 20.4284 5.06497
      vertex 14.54 20.4284 8.53503
      vertex 14.54 20.6529 8.49037
    endloop
  endfacet
  facet normal -1 0 0
    outer loop
      vertex 14.54 20.2 5.05
      vertex 14.54 20.4284 8.53503
      vertex 14.54 20.4284 5.06497
    endloop
  endfacet
  facet normal -1 0 0
    outer loop
      vertex 14.54 20.2 5.05
      vertex 14.54 20.2 8.55
      vertex 14.54 20.4284 8.53503
    endloop
  endfacet
  facet normal -1 0 0
    outer loop
      vertex 14.54 19.9716 5.06497
      vertex 14.54 20.2 8.55
      vertex 14.54 20.2 5.05
    endloop
  endfacet
  facet normal -1 0 0
    outer loop
      vertex 14.54 19.9716 5.06497
      vertex 14.54 19.9716 8.53503
      vertex 14.54 20.2 8.55
    endloop
  endfacet
  facet normal -1 0 0
    outer loop
      vertex 14.54 19.7471 5.10963
      vertex 14.54 19.9716 8.53503
      vertex 14.54 19.9716 5.06497
    endloop
  endfacet
  facet normal -1 0 0
    outer loop
      vertex 14.54 19.7471 5.10963
      vertex 14.54 19.7471 8.49037
      vertex 14.54 19.9716 8.53503
    endloop
  endfacet
  facet normal -1 0 0
    outer loop
      vertex 14.54 19.5303 5.18321
      vertex 14.54 19.7471 8.49037
      vertex 14.54 19.7471 5.10963
    endloop
  endfacet
  facet normal -1 0 0
    outer loop
      vertex 14.54 19.5303 5.18321
      vertex 14.54 19.5303 8.41679
      vertex 14.54 19.7471 8.49037
    endloop
  endfacet
  facet normal -1 0 0
    outer loop
      vertex 14.54 19.325 5.28446
      vertex 14.54 19.5303 8.41679
      vertex 14.54 19.5303 5.18321
    endloop
  endfacet
  facet normal -1 0 0
    outer loop
      vertex 14.54 19.325 5.28446
      vertex 14.54 19.325 8.31554
      vertex 14.54 19.5303 8.41679
    endloop
  endfacet
  facet normal -1 0 0
    outer loop
      vertex 14.54 19.1347 5.41163
      vertex 14.54 19.325 8.31554
      vertex 14.54 19.325 5.28446
    endloop
  endfacet
  facet normal -1 0 0
    outer loop
      vertex 14.54 19.1347 5.41163
      vertex 14.54 19.1347 8.18837
      vertex 14.54 19.325 8.31554
    endloop
  endfacet
  facet normal -1 0 0
    outer loop
      vertex 14.54 18.9626 5.56256
      vertex 14.54 19.1347 8.18837
      vertex 14.54 19.1347 5.41163
    endloop
  endfacet
  facet normal -1 0 0
    outer loop
      vertex 14.54 18.9626 5.56256
      vertex 14.54 18.9626 8.03744
      vertex 14.54 19.1347 8.18837
    endloop
  endfacet
  facet normal -1 0 0
    outer loop
      vertex 14.54 18.8116 5.73467
      vertex 14.54 18.9626 8.03744
      vertex 14.54 18.9626 5.56256
    endloop
  endfacet
  facet normal -1 0 0
    outer loop
      vertex 14.54 18.8116 5.73467
      vertex 14.54 18.8116 7.86533
      vertex 14.54 18.9626 8.03744
    endloop
  endfacet
  facet normal -1 0 0
    outer loop
      vertex 14.54 18.6845 5.925
      vertex 14.54 18.8116 7.86533
      vertex 14.54 18.8116 5.73467
    endloop
  endfacet
  facet normal -1 0 0
    outer loop
      vertex 14.54 18.6845 5.925
      vertex 14.54 18.6845 7.675
      vertex 14.54 18.8116 7.86533
    endloop
  endfacet
  facet normal -1 0 0
    outer loop
      vertex 14.54 18.5832 6.1303
      vertex 14.54 18.6845 7.675
      vertex 14.54 18.6845 5.925
    endloop
  endfacet
  facet normal -1 0 0
    outer loop
      vertex 14.54 18.5832 6.1303
      vertex 14.54 18.5832 7.4697
      vertex 14.54 18.6845 7.675
    endloop
  endfacet
  facet normal -1 0 0
    outer loop
      vertex 14.54 18.5096 6.34707
      vertex 14.54 18.5832 7.4697
      vertex 14.54 18.5832 6.1303
    endloop
  endfacet
  facet normal -1 0 0
    outer loop
      vertex 14.54 18.5096 6.34707
      vertex 14.54 18.5096 7.25293
      vertex 14.54 18.5832 7.4697
    endloop
  endfacet
  facet normal -1 0 0
    outer loop
      vertex 14.54 18.465 6.57158
      vertex 14.54 18.5096 7.25293
      vertex 14.54 18.5096 6.34707
    endloop
  endfacet
  facet normal -1 0 0
    outer loop
      vertex 14.54 18.465 6.57158
      vertex 14.54 18.465 7.02842
      vertex 14.54 18.5096 7.25293
    endloop
  endfacet
  facet normal -1 0 -0
    outer loop
      vertex 14.54 18.465 7.02842
      vertex 14.54 18.465 6.57158
      vertex 14.54 18.45 6.8
    endloop
  endfacet
  facet normal 0.595356 -0.801735 0.0526488
    outer loop
      vertex 14.54 18.45 6.8
      vertex 15.2114 18.9536 6.87658
      vertex 14.54 18.465 7.02842
    endloop
  endfacet
  facet normal 0.595338 -0.801737 0.0528231
    outer loop
      vertex 15.2114 18.9536 6.87658
      vertex 14.54 18.45 6.8
      vertex 15.212 18.949 6.8
    endloop
  endfacet
  facet normal 0.595321 -0.603984 0.529902
    outer loop
      vertex 14.54 18.8116 7.86533
      vertex 15.165 19.2907 7.70925
      vertex 14.54 18.9626 8.03744
    endloop
  endfacet
  facet normal 0.59534 -0.604033 0.529825
    outer loop
      vertex 15.165 19.2907 7.70925
      vertex 14.54 18.8116 7.86533
      vertex 15.1723 19.2381 7.64108
    endloop
  endfacet
  facet normal 0.595458 0.787989 0.156538
    outer loop
      vertex 14.8357 21.6857 7.15854
      vertex 14.54 21.935 7.02842
      vertex 14.54 21.8904 7.25293
    endloop
  endfacet
  facet normal 0.595222 0.78804 0.157172
    outer loop
      vertex 14.54 21.935 7.02842
      vertex 14.8357 21.6857 7.15854
      vertex 14.8309 21.7209 7.00023
    endloop
  endfacet
  facet normal 0.595362 -0.0523809 -0.801748
    outer loop
      vertex 14.54 19.9716 5.06497
      vertex 15.049 20.1342 5.43232
      vertex 15.0644 20.0224 5.45106
    endloop
  endfacet
  facet normal 0.595392 -0.0525468 -0.801716
    outer loop
      vertex 15.049 20.1342 5.43232
      vertex 14.54 19.9716 5.06497
      vertex 14.54 20.2 5.05
    endloop
  endfacet
  facet normal 0.595344 -0.0529622 -0.801724
    outer loop
      vertex 15.049 20.1342 5.43232
      vertex 14.54 20.2 5.05
      vertex 15.04 20.2 5.42129
    endloop
  endfacet
  facet normal 0.5954 0.788129 0.156052
    outer loop
      vertex 14.8357 21.6857 7.15854
      vertex 14.54 21.8904 7.25293
      vertex 14.8369 21.6774 7.19588
    endloop
  endfacet
  facet normal 0.595323 0.604021 -0.529858
    outer loop
      vertex 14.8955 21.2508 5.74924
      vertex 14.54 21.5884 5.73467
      vertex 14.8807 21.3586 5.8555
    endloop
  endfacet
  facet normal 0.595301 0.603995 -0.529912
    outer loop
      vertex 14.54 21.5884 5.73467
      vertex 14.8955 21.2508 5.74924
      vertex 14.54 21.4374 5.56256
    endloop
  endfacet
  facet normal 0.595359 0.156761 0.788019
    outer loop
      vertex 14.54 20.4284 8.53503
      vertex 14.9978 20.5068 8.17356
      vertex 14.54 20.6529 8.49037
    endloop
  endfacet
  facet normal 0.595368 0.156714 0.788021
    outer loop
      vertex 14.9978 20.5068 8.17356
      vertex 14.54 20.4284 8.53503
      vertex 15.0149 20.3824 8.18538
    endloop
  endfacet
  facet normal 0.595307 0.529788 0.604098
    outer loop
      vertex 14.54 21.2653 8.18837
      vertex 14.8955 21.2508 7.85076
      vertex 14.54 21.4374 8.03744
    endloop
  endfacet
  facet normal 0.595419 0.529513 0.604229
    outer loop
      vertex 14.8955 21.2508 7.85076
      vertex 14.54 21.2653 8.18837
      vertex 14.9116 21.1335 7.93769
    endloop
  endfacet
  facet normal 0.595358 0.258195 -0.760844
    outer loop
      vertex 14.54 20.6529 5.10963
      vertex 14.9721 20.6939 5.46166
      vertex 14.9896 20.5665 5.43212
    endloop
  endfacet
  facet normal 0.595352 0.258222 -0.76084
    outer loop
      vertex 14.9721 20.6939 5.46166
      vertex 14.54 20.6529 5.10963
      vertex 14.54 20.8697 5.18321
    endloop
  endfacet
  facet normal 0.595368 0.156714 -0.788021
    outer loop
      vertex 14.54 20.4284 5.06497
      vertex 14.9978 20.5068 5.42644
      vertex 15.0149 20.3824 5.41462
    endloop
  endfacet
  facet normal 0.595359 0.156761 -0.788019
    outer loop
      vertex 14.9978 20.5068 5.42644
      vertex 14.54 20.4284 5.06497
      vertex 14.54 20.6529 5.10963
    endloop
  endfacet
  facet normal 0.595357 0.156749 0.788023
    outer loop
      vertex 14.9896 20.5665 8.16788
      vertex 14.54 20.6529 8.49037
      vertex 14.9978 20.5068 8.17356
    endloop
  endfacet
  facet normal 0.595322 -0.446606 0.667934
    outer loop
      vertex 14.54 19.325 8.31554
      vertex 15.1403 19.4707 7.87792
      vertex 15.1302 19.5441 7.936
    endloop
  endfacet
  facet normal 0.595349 -0.44642 0.668033
    outer loop
      vertex 15.1403 19.4707 7.87792
      vertex 14.54 19.325 8.31554
      vertex 14.54 19.1347 8.18837
    endloop
  endfacet
  facet normal 0.595439 -0.667693 0.446809
    outer loop
      vertex 15.1791 19.1882 7.57641
      vertex 14.54 18.8116 7.86533
      vertex 15.185 19.1452 7.50429
    endloop
  endfacet
  facet normal 0.59537 -0.355225 0.720659
    outer loop
      vertex 14.54 19.5303 8.41679
      vertex 15.1302 19.5441 7.936
      vertex 15.1187 19.6275 7.98661
    endloop
  endfacet
  facet normal 0.595333 -0.35539 0.720608
    outer loop
      vertex 15.1302 19.5441 7.936
      vertex 14.54 19.5303 8.41679
      vertex 14.54 19.325 8.31554
    endloop
  endfacet
  facet normal 0.59536 -0.156849 0.788
    outer loop
      vertex 14.54 19.9716 8.53503
      vertex 15.0786 19.919 8.11763
      vertex 15.0644 20.0224 8.14894
    endloop
  endfacet
  facet normal 0.595375 -0.156759 0.788007
    outer loop
      vertex 15.0786 19.919 8.11763
      vertex 14.54 19.9716 8.53503
      vertex 14.54 19.7471 8.49037
    endloop
  endfacet
  facet normal 0.595288 -0.446001 0.668368
    outer loop
      vertex 15.1403 19.4707 7.87792
      vertex 14.54 19.1347 8.18837
      vertex 15.1487 19.4098 7.8298
    endloop
  endfacet
  facet normal 0.595366 -0.760798 0.258314
    outer loop
      vertex 14.54 18.5096 7.25293
      vertex 15.2 19.036 7.28213
      vertex 14.54 18.5832 7.4697
    endloop
  endfacet
  facet normal 0.595315 -0.760749 0.258573
    outer loop
      vertex 15.2 19.036 7.28213
      vertex 14.54 18.5096 7.25293
      vertex 15.2032 19.0129 7.2068
    endloop
  endfacet
  facet normal 0.595315 -0.760749 -0.258573
    outer loop
      vertex 14.54 18.5096 6.34707
      vertex 15.2 19.036 6.31787
      vertex 15.2032 19.0129 6.3932
    endloop
  endfacet
  facet normal 0.595366 -0.760798 -0.258314
    outer loop
      vertex 15.2 19.036 6.31787
      vertex 14.54 18.5096 6.34707
      vertex 14.54 18.5832 6.1303
    endloop
  endfacet
  facet normal 0.595406 0.446397 0.667998
    outer loop
      vertex 14.54 21.075 8.31554
      vertex 14.9169 21.0949 7.9663
      vertex 14.54 21.2653 8.18837
    endloop
  endfacet
  facet normal 0.595324 0.44662 0.667922
    outer loop
      vertex 14.9169 21.0949 7.9663
      vertex 14.54 21.075 8.31554
      vertex 14.934 20.9711 8.03384
    endloop
  endfacet
  facet normal 0.595356 -0.720436 -0.355702
    outer loop
      vertex 15.1956 19.0685 6.24456
      vertex 14.54 18.6845 5.925
      vertex 15.1908 19.103 6.16665
    endloop
  endfacet
  facet normal 0.595456 0.760664 -0.258499
    outer loop
      vertex 14.8466 21.6064 6.21743
      vertex 14.54 21.8168 6.1303
      vertex 14.8447 21.6204 6.25425
    endloop
  endfacet
  facet normal 0.59537 -0.668458 -0.445756
    outer loop
      vertex 15.1908 19.103 6.16665
      vertex 14.54 18.6845 5.925
      vertex 15.185 19.1456 6.09502
    endloop
  endfacet
  facet normal 0.595337 0.355439 -0.720581
    outer loop
      vertex 14.9645 20.7491 5.47444
      vertex 14.54 20.8697 5.18321
      vertex 14.9576 20.7995 5.4936
    endloop
  endfacet
  facet normal 0.59535 -0.668179 0.446201
    outer loop
      vertex 14.54 18.6845 7.675
      vertex 15.185 19.1452 7.50429
      vertex 14.54 18.8116 7.86533
    endloop
  endfacet
  facet normal 0.595355 -0.668198 0.446166
    outer loop
      vertex 15.185 19.1452 7.50429
      vertex 14.54 18.6845 7.675
      vertex 15.1908 19.103 7.43335
    endloop
  endfacet
  facet normal 0.595419 0.529513 -0.604229
    outer loop
      vertex 14.54 21.2653 5.41163
      vertex 14.8955 21.2508 5.74924
      vertex 14.9116 21.1335 5.66231
    endloop
  endfacet
  facet normal 0.595307 0.529788 -0.604098
    outer loop
      vertex 14.8955 21.2508 5.74924
      vertex 14.54 21.2653 5.41163
      vertex 14.54 21.4374 5.56256
    endloop
  endfacet
  facet normal 0.595383 0.355374 0.720575
    outer loop
      vertex 14.54 20.8697 8.41679
      vertex 14.9401 20.9264 8.05824
      vertex 14.54 21.075 8.31554
    endloop
  endfacet
  facet normal 0.595324 0.35555 0.720537
    outer loop
      vertex 14.9401 20.9264 8.05824
      vertex 14.54 20.8697 8.41679
      vertex 14.9576 20.7995 8.1064
    endloop
  endfacet
  facet normal 0.595351 -0.788014 0.156814
    outer loop
      vertex 15.2067 18.9878 7.1248
      vertex 14.54 18.5096 7.25293
      vertex 15.2088 18.9724 7.03944
    endloop
  endfacet
  facet normal 0.595353 -0.355367 -0.720603
    outer loop
      vertex 15.1187 19.6275 5.61339
      vertex 14.54 19.5303 5.18321
      vertex 15.1098 19.6922 5.57413
    endloop
  endfacet
  facet normal 0.59534 -0.604033 -0.529825
    outer loop
      vertex 14.54 18.8116 5.73467
      vertex 15.165 19.2907 5.89075
      vertex 15.1723 19.2381 5.95892
    endloop
  endfacet
  facet normal 0.595321 -0.603984 -0.529902
    outer loop
      vertex 15.165 19.2907 5.89075
      vertex 14.54 18.8116 5.73467
      vertex 14.54 18.9626 5.56256
    endloop
  endfacet
  facet normal 0.59534 0.258128 0.760882
    outer loop
      vertex 14.9645 20.7491 8.12556
      vertex 14.54 20.8697 8.41679
      vertex 14.9721 20.6939 8.13834
    endloop
  endfacet
  facet normal 0.595229 0.801847 0.0523801
    outer loop
      vertex 14.8292 21.7328 6.83738
      vertex 14.54 21.935 7.02842
      vertex 14.8309 21.7209 7.00023
    endloop
  endfacet
  facet normal 0.595338 0.801749 0.0526496
    outer loop
      vertex 14.54 21.935 7.02842
      vertex 14.8292 21.7328 6.83738
      vertex 14.54 21.95 6.8
    endloop
  endfacet
  facet normal 0.59528 -0.530269 0.603703
    outer loop
      vertex 15.1487 19.4098 7.8298
      vertex 14.54 19.1347 8.18837
      vertex 15.1564 19.3533 7.77258
    endloop
  endfacet
  facet normal 0.595349 -0.44642 -0.668033
    outer loop
      vertex 14.54 19.325 5.28446
      vertex 15.1403 19.4707 5.72208
      vertex 14.54 19.1347 5.41163
    endloop
  endfacet
  facet normal 0.595312 -0.44667 -0.667899
    outer loop
      vertex 15.1403 19.4707 5.72208
      vertex 14.54 19.325 5.28446
      vertex 15.1302 19.5441 5.66399
    endloop
  endfacet
  facet normal 0.595443 -0.604567 -0.5291
    outer loop
      vertex 15.1791 19.1882 6.02359
      vertex 14.54 18.8116 5.73467
      vertex 15.1723 19.2381 5.95892
    endloop
  endfacet
  facet normal 0.595402 0.446024 0.668251
    outer loop
      vertex 14.934 20.9711 8.03384
      vertex 14.54 21.075 8.31554
      vertex 14.9401 20.9264 8.05824
    endloop
  endfacet
  facet normal 0.595293 0.668214 0.446225
    outer loop
      vertex 14.8728 21.4163 7.67907
      vertex 14.54 21.7155 7.675
      vertex 14.54 21.5884 7.86533
    endloop
  endfacet
  facet normal 0.595327 0.668251 0.446123
    outer loop
      vertex 14.54 21.7155 7.675
      vertex 14.8728 21.4163 7.67907
      vertex 14.8599 21.5098 7.55623
    endloop
  endfacet
  facet normal 0.595321 0.720546 0.355535
    outer loop
      vertex 14.8599 21.5098 7.55623
      vertex 14.54 21.8168 7.4697
      vertex 14.54 21.7155 7.675
    endloop
  endfacet
  facet normal 0.595315 0.720544 0.35555
    outer loop
      vertex 14.54 21.8168 7.4697
      vertex 14.8599 21.5098 7.55623
      vertex 14.8493 21.5869 7.41773
    endloop
  endfacet
  facet normal 0.595359 -0.258241 0.760828
    outer loop
      vertex 14.54 19.7471 8.49037
      vertex 15.1007 19.7584 8.05545
      vertex 15.0878 19.8524 8.09745
    endloop
  endfacet
  facet normal 0.595362 -0.25822 0.760833
    outer loop
      vertex 15.1007 19.7584 8.05545
      vertex 14.54 19.7471 8.49037
      vertex 14.54 19.5303 8.41679
    endloop
  endfacet
  facet normal 0.595349 -0.156547 0.788069
    outer loop
      vertex 15.0786 19.919 8.11763
      vertex 14.54 19.7471 8.49037
      vertex 15.0878 19.8524 8.09745
    endloop
  endfacet
  facet normal 0.595282 0.801758 0.0531343
    outer loop
      vertex 14.8289 21.7355 6.8
      vertex 14.54 21.95 6.8
      vertex 14.8292 21.7328 6.83738
    endloop
  endfacet
  facet normal 0.595379 -0.0529122 0.801701
    outer loop
      vertex 15.0554 20.0881 8.15996
      vertex 14.54 19.9716 8.53503
      vertex 15.0644 20.0224 8.14894
    endloop
  endfacet
  facet normal 0.59528 -0.530269 -0.603703
    outer loop
      vertex 15.1564 19.3533 5.82742
      vertex 14.54 19.1347 5.41163
      vertex 15.1487 19.4098 5.7702
    endloop
  endfacet
  facet normal 0.595323 -0.52978 -0.604089
    outer loop
      vertex 14.54 19.1347 5.41163
      vertex 15.165 19.2907 5.89075
      vertex 14.54 18.9626 5.56256
    endloop
  endfacet
  facet normal 0.595387 -0.529512 -0.60426
    outer loop
      vertex 15.165 19.2907 5.89075
      vertex 14.54 19.1347 5.41163
      vertex 15.1564 19.3533 5.82742
    endloop
  endfacet
  facet normal 0.595167 -0.667601 -0.447309
    outer loop
      vertex 14.54 18.6845 5.925
      vertex 15.1791 19.1882 6.02359
      vertex 15.185 19.1456 6.09502
    endloop
  endfacet
  facet normal 0.595415 -0.668139 -0.446175
    outer loop
      vertex 15.1791 19.1882 6.02359
      vertex 14.54 18.6845 5.925
      vertex 14.54 18.8116 5.73467
    endloop
  endfacet
  facet normal 0.595282 0.801758 -0.0531343
    outer loop
      vertex 14.8292 21.7328 6.76262
      vertex 14.54 21.95 6.8
      vertex 14.8289 21.7355 6.8
    endloop
  endfacet
  facet normal 0.595315 0.720544 -0.35555
    outer loop
      vertex 14.8599 21.5098 6.04377
      vertex 14.54 21.8168 6.1303
      vertex 14.8493 21.5869 6.18227
    endloop
  endfacet
  facet normal 0.595321 0.720546 -0.355535
    outer loop
      vertex 14.54 21.8168 6.1303
      vertex 14.8599 21.5098 6.04377
      vertex 14.54 21.7155 5.925
    endloop
  endfacet
  facet normal 0.595325 0.668216 -0.446178
    outer loop
      vertex 14.8634 21.4843 6.01025
      vertex 14.54 21.7155 5.925
      vertex 14.8599 21.5098 6.04377
    endloop
  endfacet
  facet normal 0.595483 0.721077 -0.354187
    outer loop
      vertex 14.8493 21.5869 6.18227
      vertex 14.54 21.8168 6.1303
      vertex 14.8466 21.6064 6.21743
    endloop
  endfacet
  facet normal 0.595348 -0.760818 -0.258296
    outer loop
      vertex 15.2067 18.9878 6.4752
      vertex 14.54 18.5096 6.34707
      vertex 15.2032 19.0129 6.3932
    endloop
  endfacet
  facet normal 0.595356 -0.720436 0.355702
    outer loop
      vertex 15.1908 19.103 7.43335
      vertex 14.54 18.6845 7.675
      vertex 15.1956 19.0685 7.35544
    endloop
  endfacet
  facet normal 0.595288 -0.446001 -0.668368
    outer loop
      vertex 15.1487 19.4098 5.7702
      vertex 14.54 19.1347 5.41163
      vertex 15.1403 19.4707 5.72208
    endloop
  endfacet
  facet normal 0.595285 -0.788051 -0.156877
    outer loop
      vertex 14.54 18.465 6.57158
      vertex 15.2088 18.9724 6.56055
      vertex 15.2107 18.9587 6.63658
    endloop
  endfacet
  facet normal 0.595319 -0.788089 -0.156558
    outer loop
      vertex 15.2088 18.9724 6.56055
      vertex 14.54 18.465 6.57158
      vertex 14.54 18.5096 6.34707
    endloop
  endfacet
  facet normal 0.980782 0 -0.195105
    outer loop
      vertex 8.48931 0 6.63684
      vertex 8.45741 28.4 6.47648
      vertex 8.48931 28.4 6.63684
    endloop
  endfacet
  facet normal 0.980782 0 -0.195105
    outer loop
      vertex 8.45741 28.4 6.47648
      vertex 8.48931 0 6.63684
      vertex 8.45741 0 6.47648
    endloop
  endfacet
  facet normal 0.997861 0 -0.0653783
    outer loop
      vertex 8.5 0 6.8
      vertex 8.48931 28.4 6.63684
      vertex 8.5 28.4 6.8
    endloop
  endfacet
  facet normal 0.997861 0 -0.0653783
    outer loop
      vertex 8.48931 28.4 6.63684
      vertex 8.5 0 6.8
      vertex 8.48931 0 6.63684
    endloop
  endfacet
  facet normal 0.980782 -0 0.195105
    outer loop
      vertex 8.45741 0 7.12352
      vertex 8.48931 28.4 6.96316
      vertex 8.45741 28.4 7.12352
    endloop
  endfacet
  facet normal 0.980782 0 0.195105
    outer loop
      vertex 8.48931 28.4 6.96316
      vertex 8.45741 0 7.12352
      vertex 8.48931 0 6.96316
    endloop
  endfacet
  facet normal 0.442467 0 -0.896785
    outer loop
      vertex 7.875 0 5.71747
      vertex 7.84776 27.6346 5.70403
      vertex 7.875 27.7149 5.71747
    endloop
  endfacet
  facet normal 0.442277 -2.31778e-07 -0.896878
    outer loop
      vertex 7.875 0 5.71747
      vertex 7.73205 27.4 5.64697
      vertex 7.84776 27.6346 5.70403
    endloop
  endfacet
  facet normal 0.44229 0 -0.896872
    outer loop
      vertex 7.72835 27.3945 5.64515
      vertex 7.875 0 5.71747
      vertex 7.72835 0 5.64515
    endloop
  endfacet
  facet normal 0.441391 -5.98115e-06 -0.897315
    outer loop
      vertex 7.875 0 5.71747
      vertex 7.72835 27.3945 5.64515
      vertex 7.73205 27.4 5.64697
    endloop
  endfacet
  facet normal -0.997861 0 0.0653783
    outer loop
      vertex 6 0 6.8
      vertex 6.01069 26.4007 6.96316
      vertex 6 26.4 6.8
    endloop
  endfacet
  facet normal -0.997861 0 0.0653783
    outer loop
      vertex 6.01069 26.4007 6.96316
      vertex 6 0 6.8
      vertex 6.01069 0 6.96316
    endloop
  endfacet
  facet normal 0.659357 0 0.75183
    outer loop
      vertex 8.01095 28.4 7.79169
      vertex 8.13388 0 7.68388
      vertex 8.13388 28.4 7.68388
    endloop
  endfacet
  facet normal 0.659357 0 0.75183
    outer loop
      vertex 8.13388 0 7.68388
      vertex 8.01095 28.4 7.79169
      vertex 8.01095 0 7.79169
    endloop
  endfacet
  facet normal 0.896872 0 -0.44229
    outer loop
      vertex 8.40485 0 6.32165
      vertex 8.33253 28.4 6.175
      vertex 8.40485 28.4 6.32165
    endloop
  endfacet
  facet normal 0.896872 0 -0.44229
    outer loop
      vertex 8.33253 28.4 6.175
      vertex 8.40485 0 6.32165
      vertex 8.33253 0 6.175
    endloop
  endfacet
  facet normal -0.0654383 0 0.997857
    outer loop
      vertex 7.21752 26.8133 8.04787
      vertex 7.25 0 8.05
      vertex 7.25 26.8418 8.05
    endloop
  endfacet
  facet normal -0.0653635 9.09424e-08 0.997862
    outer loop
      vertex 7.08684 26.726 8.03931
      vertex 7.25 0 8.05
      vertex 7.21752 26.8133 8.04787
    endloop
  endfacet
  facet normal -0.0653783 0 0.997861
    outer loop
      vertex 7.25 0 8.05
      vertex 7.08684 26.726 8.03931
      vertex 7.08684 0 8.03931
    endloop
  endfacet
  facet normal -0.831466 0 -0.555575
    outer loop
      vertex 6.25831 0 6.03905
      vertex 6.16747 26.411 6.175
      vertex 6.25831 26.4169 6.03905
    endloop
  endfacet
  facet normal -0.831466 -0 -0.555575
    outer loop
      vertex 6.16747 26.411 6.175
      vertex 6.25831 0 6.03905
      vertex 6.16747 0 6.175
    endloop
  endfacet
  facet normal 0.321438 0 0.946931
    outer loop
      vertex 7.58671 27.1825 8.00293
      vertex 7.72835 0 7.95485
      vertex 7.72835 27.3945 7.95485
    endloop
  endfacet
  facet normal 0.321606 9.76602e-07 0.946874
    outer loop
      vertex 7.57352 27.1674 8.00741
      vertex 7.72835 0 7.95485
      vertex 7.58671 27.1825 8.00293
    endloop
  endfacet
  facet normal 0.321452 0 0.946926
    outer loop
      vertex 7.72835 0 7.95485
      vertex 7.57352 27.1674 8.00741
      vertex 7.57352 0 8.00741
    endloop
  endfacet
  facet normal -0.321452 -0 -0.946926
    outer loop
      vertex 6.77165 26.5553 5.64515
      vertex 6.92648 0 5.59259
      vertex 6.77165 0 5.64515
    endloop
  endfacet
  facet normal -0.321452 0 -0.946926
    outer loop
      vertex 6.92648 0 5.59259
      vertex 6.77165 26.5553 5.64515
      vertex 6.92648 26.6317 5.59259
    endloop
  endfacet
  facet normal 0.442202 0 0.896916
    outer loop
      vertex 7.84776 27.6346 7.89596
      vertex 7.875 0 7.88253
      vertex 7.875 27.7149 7.88253
    endloop
  endfacet
  facet normal 0.442339 1.68369e-07 0.896848
    outer loop
      vertex 7.73205 27.4 7.95303
      vertex 7.875 0 7.88253
      vertex 7.84776 27.6346 7.89596
    endloop
  endfacet
  facet normal 0.441391 -5.98115e-06 0.897315
    outer loop
      vertex 7.72835 27.3945 7.95485
      vertex 7.875 0 7.88253
      vertex 7.73205 27.4 7.95303
    endloop
  endfacet
  facet normal 0.44229 0 0.896872
    outer loop
      vertex 7.875 0 7.88253
      vertex 7.72835 27.3945 7.95485
      vertex 7.72835 0 7.95485
    endloop
  endfacet
  facet normal -0.75183 0 0.659357
    outer loop
      vertex 6.36612 0 7.68388
      vertex 6.25831 26.4169 7.56095
      vertex 6.25831 0 7.56095
    endloop
  endfacet
  facet normal -0.752428 -5.6139e-06 0.658675
    outer loop
      vertex 6.25831 26.4169 7.56095
      vertex 6.36612 0 7.68388
      vertex 6.26105 26.4171 7.56408
    endloop
  endfacet
  facet normal -0.751814 0 0.659375
    outer loop
      vertex 6.26105 26.4171 7.56408
      vertex 6.36612 0 7.68388
      vertex 6.36612 26.438 7.68388
    endloop
  endfacet
  facet normal -0.555593 0 0.831454
    outer loop
      vertex 6.51764 26.4681 7.81079
      vertex 6.625 0 7.88253
      vertex 6.625 26.5046 7.88253
    endloop
  endfacet
  facet normal -0.555505 5.16701e-07 0.831513
    outer loop
      vertex 6.48905 26.4625 7.79169
      vertex 6.625 0 7.88253
      vertex 6.51764 26.4681 7.81079
    endloop
  endfacet
  facet normal -0.555575 0 0.831466
    outer loop
      vertex 6.625 0 7.88253
      vertex 6.48905 26.4625 7.79169
      vertex 6.48905 0 7.79169
    endloop
  endfacet
  facet normal -0.442639 0 -0.8967
    outer loop
      vertex 6.77165 0 5.64515
      vertex 6.76537 26.5522 5.64825
      vertex 6.77165 26.5553 5.64515
    endloop
  endfacet
  facet normal -0.44229 -0 -0.896872
    outer loop
      vertex 6.625 26.5046 5.71747
      vertex 6.77165 0 5.64515
      vertex 6.625 0 5.71747
    endloop
  endfacet
  facet normal -0.442274 1.0717e-07 -0.89688
    outer loop
      vertex 6.77165 0 5.64515
      vertex 6.625 26.5046 5.71747
      vertex 6.76537 26.5522 5.64825
    endloop
  endfacet
  facet normal 0.0653783 0 0.997861
    outer loop
      vertex 7.25 26.8418 8.05
      vertex 7.41316 0 8.03931
      vertex 7.41316 26.9849 8.03931
    endloop
  endfacet
  facet normal 0.0653783 0 0.997861
    outer loop
      vertex 7.41316 0 8.03931
      vertex 7.25 26.8418 8.05
      vertex 7.25 0 8.05
    endloop
  endfacet
  facet normal -0.321452 0 0.946926
    outer loop
      vertex 6.77165 26.5553 7.95485
      vertex 6.92648 0 8.00741
      vertex 6.92648 26.6317 8.00741
    endloop
  endfacet
  facet normal -0.321452 0 0.946926
    outer loop
      vertex 6.92648 0 8.00741
      vertex 6.77165 26.5553 7.95485
      vertex 6.77165 0 7.95485
    endloop
  endfacet
  facet normal -0.946926 0 0.321452
    outer loop
      vertex 6.09515 0 7.27835
      vertex 6.04259 26.4028 7.12352
      vertex 6.04259 0 7.12352
    endloop
  endfacet
  facet normal -0.946926 0 0.321452
    outer loop
      vertex 6.04259 26.4028 7.12352
      vertex 6.09515 0 7.27835
      vertex 6.09515 26.4062 7.27835
    endloop
  endfacet
  facet normal -0.659357 -0 -0.75183
    outer loop
      vertex 6.36612 26.438 5.91612
      vertex 6.48905 0 5.80831
      vertex 6.36612 0 5.91612
    endloop
  endfacet
  facet normal -0.659357 0 -0.75183
    outer loop
      vertex 6.48905 0 5.80831
      vertex 6.36612 26.438 5.91612
      vertex 6.48905 26.4625 5.80831
    endloop
  endfacet
  facet normal 0.896872 -0 0.44229
    outer loop
      vertex 8.33253 0 7.425
      vertex 8.40485 28.4 7.27835
      vertex 8.33253 28.4 7.425
    endloop
  endfacet
  facet normal 0.896872 0 0.44229
    outer loop
      vertex 8.40485 28.4 7.27835
      vertex 8.33253 0 7.425
      vertex 8.40485 0 7.27835
    endloop
  endfacet
  facet normal 0.997861 -0 0.0653783
    outer loop
      vertex 8.48931 0 6.96316
      vertex 8.5 28.4 6.8
      vertex 8.48931 28.4 6.96316
    endloop
  endfacet
  facet normal 0.997861 0 0.0653783
    outer loop
      vertex 8.5 28.4 6.8
      vertex 8.48931 0 6.96316
      vertex 8.5 0 6.8
    endloop
  endfacet
  facet normal 0.321438 0 -0.946931
    outer loop
      vertex 7.72835 0 5.64515
      vertex 7.58671 27.1825 5.59707
      vertex 7.72835 27.3945 5.64515
    endloop
  endfacet
  facet normal 0.321452 0 -0.946926
    outer loop
      vertex 7.57352 27.1674 5.59259
      vertex 7.72835 0 5.64515
      vertex 7.57352 0 5.59259
    endloop
  endfacet
  facet normal 0.321606 9.76602e-07 -0.946874
    outer loop
      vertex 7.72835 0 5.64515
      vertex 7.57352 27.1674 5.59259
      vertex 7.58671 27.1825 5.59707
    endloop
  endfacet
  facet normal 0.659357 0 -0.75183
    outer loop
      vertex 8.01095 0 5.80831
      vertex 8.13388 28.4 5.91612
      vertex 8.13388 0 5.91612
    endloop
  endfacet
  facet normal 0.659357 0 -0.75183
    outer loop
      vertex 8.13388 28.4 5.91612
      vertex 8.01095 0 5.80831
      vertex 8.01095 28.4 5.80831
    endloop
  endfacet
  facet normal -0.19516 0 -0.980771
    outer loop
      vertex 7.08684 0 5.56069
      vertex 7 26.6679 5.57797
      vertex 7.08684 26.726 5.56069
    endloop
  endfacet
  facet normal -0.195105 -0 -0.980782
    outer loop
      vertex 6.92648 26.6317 5.59259
      vertex 7.08684 0 5.56069
      vertex 6.92648 0 5.59259
    endloop
  endfacet
  facet normal -0.195039 4.11943e-07 -0.980796
    outer loop
      vertex 7.08684 0 5.56069
      vertex 6.92648 26.6317 5.59259
      vertex 7 26.6679 5.57797
    endloop
  endfacet
  facet normal 0.831466 0 -0.555575
    outer loop
      vertex 8.33253 0 6.175
      vertex 8.24169 28.4 6.03905
      vertex 8.33253 28.4 6.175
    endloop
  endfacet
  facet normal 0.831466 0 -0.555575
    outer loop
      vertex 8.24169 28.4 6.03905
      vertex 8.33253 0 6.175
      vertex 8.24169 0 6.03905
    endloop
  endfacet
  facet normal -0.442639 0 0.8967
    outer loop
      vertex 6.76537 26.5522 7.95175
      vertex 6.77165 0 7.95485
      vertex 6.77165 26.5553 7.95485
    endloop
  endfacet
  facet normal -0.442274 1.0717e-07 0.89688
    outer loop
      vertex 6.625 26.5046 7.88253
      vertex 6.77165 0 7.95485
      vertex 6.76537 26.5522 7.95175
    endloop
  endfacet
  facet normal -0.44229 0 0.896872
    outer loop
      vertex 6.77165 0 7.95485
      vertex 6.625 26.5046 7.88253
      vertex 6.625 0 7.88253
    endloop
  endfacet
  facet normal 0.195098 0 0.980784
    outer loop
      vertex 7.41421 26.9858 8.0391
      vertex 7.57352 0 8.00741
      vertex 7.57352 27.1674 8.00741
    endloop
  endfacet
  facet normal 0.196111 6.21849e-06 0.980582
    outer loop
      vertex 7.41316 26.9849 8.03931
      vertex 7.57352 0 8.00741
      vertex 7.41421 26.9858 8.0391
    endloop
  endfacet
  facet normal 0.195105 0 0.980782
    outer loop
      vertex 7.57352 0 8.00741
      vertex 7.41316 26.9849 8.03931
      vertex 7.41316 0 8.03931
    endloop
  endfacet
  facet normal -0.980782 0 -0.195105
    outer loop
      vertex 6.04259 0 6.47648
      vertex 6.01069 26.4007 6.63684
      vertex 6.04259 26.4028 6.47648
    endloop
  endfacet
  facet normal -0.980782 -0 -0.195105
    outer loop
      vertex 6.01069 26.4007 6.63684
      vertex 6.04259 0 6.47648
      vertex 6.01069 0 6.63684
    endloop
  endfacet
  facet normal -0.997861 0 -0.0653783
    outer loop
      vertex 6.01069 0 6.63684
      vertex 6 26.4 6.8
      vertex 6.01069 26.4007 6.63684
    endloop
  endfacet
  facet normal -0.997861 -0 -0.0653783
    outer loop
      vertex 6 26.4 6.8
      vertex 6.01069 0 6.63684
      vertex 6 0 6.8
    endloop
  endfacet
  facet normal 0.0653783 0 -0.997861
    outer loop
      vertex 7.25 26.8418 5.55
      vertex 7.41316 0 5.56069
      vertex 7.25 0 5.55
    endloop
  endfacet
  facet normal 0.0653783 0 -0.997861
    outer loop
      vertex 7.41316 0 5.56069
      vertex 7.25 26.8418 5.55
      vertex 7.41316 26.9849 5.56069
    endloop
  endfacet
  facet normal 0.946926 -0 0.321452
    outer loop
      vertex 8.40485 0 7.27835
      vertex 8.45741 28.4 7.12352
      vertex 8.40485 28.4 7.27835
    endloop
  endfacet
  facet normal 0.946926 0 0.321452
    outer loop
      vertex 8.45741 28.4 7.12352
      vertex 8.40485 0 7.27835
      vertex 8.45741 0 7.12352
    endloop
  endfacet
  facet normal -0.896872 0 0.44229
    outer loop
      vertex 6.16747 0 7.425
      vertex 6.09515 26.4062 7.27835
      vertex 6.09515 0 7.27835
    endloop
  endfacet
  facet normal -0.896872 0 0.44229
    outer loop
      vertex 6.09515 26.4062 7.27835
      vertex 6.16747 0 7.425
      vertex 6.16747 26.411 7.425
    endloop
  endfacet
  facet normal 0.831466 -0 0.555575
    outer loop
      vertex 8.24169 0 7.56095
      vertex 8.33253 28.4 7.425
      vertex 8.24169 28.4 7.56095
    endloop
  endfacet
  facet normal 0.831466 0 0.555575
    outer loop
      vertex 8.33253 28.4 7.425
      vertex 8.24169 0 7.56095
      vertex 8.33253 0 7.425
    endloop
  endfacet
  facet normal 0.555589 0 -0.831457
    outer loop
      vertex 7.98289 28.1389 5.78956
      vertex 8.01095 28.4 5.80831
      vertex 8.01095 0 5.80831
    endloop
  endfacet
  facet normal 0.555751 -2.52105e-05 -0.831349
    outer loop
      vertex 8.01095 28.4 5.80831
      vertex 7.98289 28.1389 5.78956
      vertex 8 28.4 5.80099
    endloop
  endfacet
  facet normal 0.555527 -8.87142e-08 -0.831498
    outer loop
      vertex 8.01095 0 5.80831
      vertex 7.93185 27.8824 5.75546
      vertex 7.98289 28.1389 5.78956
    endloop
  endfacet
  facet normal 0.555575 0 -0.831466
    outer loop
      vertex 7.875 27.7149 5.71747
      vertex 8.01095 0 5.80831
      vertex 7.875 0 5.71747
    endloop
  endfacet
  facet normal 0.555611 2.53069e-07 -0.831443
    outer loop
      vertex 8.01095 0 5.80831
      vertex 7.875 27.7149 5.71747
      vertex 7.93185 27.8824 5.75546
    endloop
  endfacet
  facet normal -0.946926 0 -0.321452
    outer loop
      vertex 6.09515 0 6.32165
      vertex 6.04259 26.4028 6.47648
      vertex 6.09515 26.4062 6.32165
    endloop
  endfacet
  facet normal -0.946926 -0 -0.321452
    outer loop
      vertex 6.04259 26.4028 6.47648
      vertex 6.09515 0 6.32165
      vertex 6.04259 0 6.47648
    endloop
  endfacet
  facet normal -0.831466 0 0.555575
    outer loop
      vertex 6.25831 0 7.56095
      vertex 6.16747 26.411 7.425
      vertex 6.16747 0 7.425
    endloop
  endfacet
  facet normal -0.831466 0 0.555575
    outer loop
      vertex 6.16747 26.411 7.425
      vertex 6.25831 0 7.56095
      vertex 6.25831 26.4169 7.56095
    endloop
  endfacet
  facet normal 0.555751 -2.52105e-05 0.831349
    outer loop
      vertex 7.98289 28.1389 7.81044
      vertex 8.01095 28.4 7.79169
      vertex 8 28.4 7.79901
    endloop
  endfacet
  facet normal 0.555589 0 0.831457
    outer loop
      vertex 8.01095 28.4 7.79169
      vertex 7.98289 28.1389 7.81044
      vertex 8.01095 0 7.79169
    endloop
  endfacet
  facet normal 0.555527 -8.87142e-08 0.831498
    outer loop
      vertex 7.93185 27.8824 7.84454
      vertex 8.01095 0 7.79169
      vertex 7.98289 28.1389 7.81044
    endloop
  endfacet
  facet normal 0.555611 2.53069e-07 0.831443
    outer loop
      vertex 7.875 27.7149 7.88253
      vertex 8.01095 0 7.79169
      vertex 7.93185 27.8824 7.84454
    endloop
  endfacet
  facet normal 0.555575 0 0.831466
    outer loop
      vertex 8.01095 0 7.79169
      vertex 7.875 27.7149 7.88253
      vertex 7.875 0 7.88253
    endloop
  endfacet
  facet normal -0.0654383 0 -0.997857
    outer loop
      vertex 7.25 0 5.55
      vertex 7.21752 26.8133 5.55213
      vertex 7.25 26.8418 5.55
    endloop
  endfacet
  facet normal -0.0653783 -0 -0.997861
    outer loop
      vertex 7.08684 26.726 5.56069
      vertex 7.25 0 5.55
      vertex 7.08684 0 5.56069
    endloop
  endfacet
  facet normal -0.0653635 9.09424e-08 -0.997862
    outer loop
      vertex 7.25 0 5.55
      vertex 7.08684 26.726 5.56069
      vertex 7.21752 26.8133 5.55213
    endloop
  endfacet
  facet normal 0.75183 -0 0.659357
    outer loop
      vertex 8.13388 0 7.68388
      vertex 8.24169 28.4 7.56095
      vertex 8.13388 28.4 7.68388
    endloop
  endfacet
  facet normal 0.75183 0 0.659357
    outer loop
      vertex 8.24169 28.4 7.56095
      vertex 8.13388 0 7.68388
      vertex 8.24169 0 7.56095
    endloop
  endfacet
  facet normal 0.195098 0 -0.980784
    outer loop
      vertex 7.57352 0 5.59259
      vertex 7.41421 26.9858 5.5609
      vertex 7.57352 27.1674 5.59259
    endloop
  endfacet
  facet normal 0.195105 0 -0.980782
    outer loop
      vertex 7.41316 26.9849 5.56069
      vertex 7.57352 0 5.59259
      vertex 7.41316 0 5.56069
    endloop
  endfacet
  facet normal 0.196111 6.21849e-06 -0.980582
    outer loop
      vertex 7.57352 0 5.59259
      vertex 7.41316 26.9849 5.56069
      vertex 7.41421 26.9858 5.5609
    endloop
  endfacet
  facet normal 0.75183 0 -0.659357
    outer loop
      vertex 8.24169 0 6.03905
      vertex 8.13388 28.4 5.91612
      vertex 8.24169 28.4 6.03905
    endloop
  endfacet
  facet normal 0.75183 0 -0.659357
    outer loop
      vertex 8.13388 28.4 5.91612
      vertex 8.24169 0 6.03905
      vertex 8.13388 0 5.91612
    endloop
  endfacet
  facet normal -0.55554 0 -0.83149
    outer loop
      vertex 6.625 0 5.71747
      vertex 6.51764 26.4681 5.7892
      vertex 6.625 26.5046 5.71747
    endloop
  endfacet
  facet normal -0.555575 -0 -0.831466
    outer loop
      vertex 6.48905 26.4625 5.80831
      vertex 6.625 0 5.71747
      vertex 6.48905 0 5.80831
    endloop
  endfacet
  facet normal -0.555706 -9.75821e-07 -0.831379
    outer loop
      vertex 6.625 0 5.71747
      vertex 6.48905 26.4625 5.80831
      vertex 6.51764 26.4681 5.7892
    endloop
  endfacet
  facet normal 0.946926 0 -0.321452
    outer loop
      vertex 8.45741 0 6.47648
      vertex 8.40485 28.4 6.32165
      vertex 8.45741 28.4 6.47648
    endloop
  endfacet
  facet normal 0.946926 0 -0.321452
    outer loop
      vertex 8.40485 28.4 6.32165
      vertex 8.45741 0 6.47648
      vertex 8.40485 0 6.32165
    endloop
  endfacet
  facet normal -0.980782 0 0.195105
    outer loop
      vertex 6.04259 0 7.12352
      vertex 6.01069 26.4007 6.96316
      vertex 6.01069 0 6.96316
    endloop
  endfacet
  facet normal -0.980782 0 0.195105
    outer loop
      vertex 6.01069 26.4007 6.96316
      vertex 6.04259 0 7.12352
      vertex 6.04259 26.4028 7.12352
    endloop
  endfacet
  facet normal -0.19516 0 0.980771
    outer loop
      vertex 7 26.6679 8.02203
      vertex 7.08684 0 8.03931
      vertex 7.08684 26.726 8.03931
    endloop
  endfacet
  facet normal -0.195039 4.11943e-07 0.980796
    outer loop
      vertex 6.92648 26.6317 8.00741
      vertex 7.08684 0 8.03931
      vertex 7 26.6679 8.02203
    endloop
  endfacet
  facet normal -0.195105 0 0.980782
    outer loop
      vertex 7.08684 0 8.03931
      vertex 6.92648 26.6317 8.00741
      vertex 6.92648 0 8.00741
    endloop
  endfacet
  facet normal -0.659357 0 0.75183
    outer loop
      vertex 6.36612 26.438 7.68388
      vertex 6.48905 0 7.79169
      vertex 6.48905 26.4625 7.79169
    endloop
  endfacet
  facet normal -0.659357 0 0.75183
    outer loop
      vertex 6.48905 0 7.79169
      vertex 6.36612 26.438 7.68388
      vertex 6.36612 0 7.68388
    endloop
  endfacet
  facet normal -0.751814 0 -0.659375
    outer loop
      vertex 6.36612 0 5.91612
      vertex 6.26105 26.4171 6.03592
      vertex 6.36612 26.438 5.91612
    endloop
  endfacet
  facet normal -0.752428 -5.6139e-06 -0.658675
    outer loop
      vertex 6.36612 0 5.91612
      vertex 6.25831 26.4169 6.03905
      vertex 6.26105 26.4171 6.03592
    endloop
  endfacet
  facet normal -0.75183 -0 -0.659357
    outer loop
      vertex 6.25831 26.4169 6.03905
      vertex 6.36612 0 5.91612
      vertex 6.25831 0 6.03905
    endloop
  endfacet
  facet normal -0.896872 0 -0.44229
    outer loop
      vertex 6.16747 0 6.175
      vertex 6.09515 26.4062 6.32165
      vertex 6.16747 26.411 6.175
    endloop
  endfacet
  facet normal -0.896872 -0 -0.44229
    outer loop
      vertex 6.09515 26.4062 6.32165
      vertex 6.16747 0 6.175
      vertex 6.09515 0 6.32165
    endloop
  endfacet
  facet normal 0.321884 -0.946779 0
    outer loop
      vertex 6.51764 26.4681 4.46683
      vertex 6.625 26.5046 5.71747
      vertex 6.51764 26.4681 5.7892
    endloop
  endfacet
  facet normal 0.321172 -0.947021 6.81553e-05
    outer loop
      vertex 6.51764 26.4681 4.46683
      vertex 6.76537 26.5522 5.64825
      vertex 6.625 26.5046 5.71747
    endloop
  endfacet
  facet normal 0.321833 -0.946796 -8.64813e-05
    outer loop
      vertex 6.61589 26.5015 4.43348
      vertex 6.76537 26.5522 5.64825
      vertex 6.51764 26.4681 4.46683
    endloop
  endfacet
  facet normal 0.321203 -0.94701 0
    outer loop
      vertex 6.76537 26.5522 5.64825
      vertex 6.61589 26.5015 4.43348
      vertex 6.76537 26.5522 4.40375
    endloop
  endfacet
  facet normal 0.321833 -0.946796 8.64803e-05
    outer loop
      vertex 6.76537 26.5522 7.95175
      vertex 6.61589 26.5015 9.16652
      vertex 6.51764 26.4681 9.13316
    endloop
  endfacet
  facet normal 0.321203 -0.94701 0
    outer loop
      vertex 6.61589 26.5015 9.16652
      vertex 6.76537 26.5522 7.95175
      vertex 6.76537 26.5522 9.19625
    endloop
  endfacet
  facet normal 0.321172 -0.947021 -6.81558e-05
    outer loop
      vertex 6.51764 26.4681 9.13316
      vertex 6.625 26.5046 7.88253
      vertex 6.76537 26.5522 7.95175
    endloop
  endfacet
  facet normal 0.321884 -0.946779 0
    outer loop
      vertex 6.625 26.5046 7.88253
      vertex 6.51764 26.4681 9.13316
      vertex 6.51764 26.4681 7.81079
    endloop
  endfacet
  facet normal 0.980771 -0.19516 0
    outer loop
      vertex 7.93185 27.8824 5.75546
      vertex 7.98289 28.1389 4.46701
      vertex 7.98289 28.1389 5.78956
    endloop
  endfacet
  facet normal 0.980771 -0.19516 0
    outer loop
      vertex 7.98289 28.1389 4.46701
      vertex 7.93185 27.8824 5.75546
      vertex 7.93185 27.8824 4.44969
    endloop
  endfacet
  facet normal 0.980771 -0.19516 0
    outer loop
      vertex 7.93185 27.8824 7.84454
      vertex 7.98289 28.1389 9.13299
      vertex 7.93185 27.8824 9.15031
    endloop
  endfacet
  facet normal 0.980771 -0.19516 0
    outer loop
      vertex 7.98289 28.1389 9.13299
      vertex 7.93185 27.8824 7.84454
      vertex 7.98289 28.1389 7.81044
    endloop
  endfacet
  facet normal 0.99786 -0.0653902 0
    outer loop
      vertex 7.98289 28.1389 5.78956
      vertex 8 28.4 4.47282
      vertex 8 28.4 5.80099
    endloop
  endfacet
  facet normal 0.99786 -0.0653902 0
    outer loop
      vertex 8 28.4 4.47282
      vertex 7.98289 28.1389 5.78956
      vertex 7.98289 28.1389 4.46701
    endloop
  endfacet
  facet normal 0.99786 -0.0653902 0
    outer loop
      vertex 7.98289 28.1389 7.81044
      vertex 8 28.4 9.12718
      vertex 7.98289 28.1389 9.13299
    endloop
  endfacet
  facet normal 0.99786 -0.0653902 0
    outer loop
      vertex 8 28.4 9.12718
      vertex 7.98289 28.1389 7.81044
      vertex 8 28.4 7.79901
    endloop
  endfacet
  facet normal -0.322854 -0.946448 0.00124771
    outer loop
      vertex 5.23463 26.5522 8.18423
      vertex 5.48236 26.4681 8.49224
      vertex 5.30628 26.5279 8.29146
    endloop
  endfacet
  facet normal -0.321463 -0.946922 0
    outer loop
      vertex 5.23463 26.5522 5.41577
      vertex 5.48236 26.4681 8.49224
      vertex 5.23463 26.5522 8.18423
    endloop
  endfacet
  facet normal -0.322853 -0.946448 -0.00124702
    outer loop
      vertex 5.48236 26.4681 5.10776
      vertex 5.23463 26.5522 5.41577
      vertex 5.30628 26.5279 5.30853
    endloop
  endfacet
  facet normal -0.321463 -0.946922 0
    outer loop
      vertex 5.23463 26.5522 5.41577
      vertex 5.48236 26.4681 5.10776
      vertex 5.48236 26.4681 8.49224
    endloop
  endfacet
  facet normal 0.556069 -0.831136 0
    outer loop
      vertex 7 26.6679 4.36639
      vertex 7.08684 26.726 5.56069
      vertex 7 26.6679 5.57797
    endloop
  endfacet
  facet normal 0.555496 -0.831519 6.0322e-05
    outer loop
      vertex 7 26.6679 4.36639
      vertex 7.21752 26.8133 5.55213
      vertex 7.08684 26.726 5.56069
    endloop
  endfacet
  facet normal 0.555723 -0.831368 0
    outer loop
      vertex 7.21752 26.8133 5.55213
      vertex 7 26.6679 4.36639
      vertex 7.21752 26.8133 4.35213
    endloop
  endfacet
  facet normal 0.555723 -0.831368 0
    outer loop
      vertex 7 26.6679 9.23361
      vertex 7.21752 26.8133 8.04787
      vertex 7.21752 26.8133 9.24787
    endloop
  endfacet
  facet normal 0.555496 -0.831519 -6.0322e-05
    outer loop
      vertex 7 26.6679 9.23361
      vertex 7.08684 26.726 8.03931
      vertex 7.21752 26.8133 8.04787
    endloop
  endfacet
  facet normal 0.556069 -0.831136 0
    outer loop
      vertex 7.08684 26.726 8.03931
      vertex 7 26.6679 9.23361
      vertex 7 26.6679 8.02203
    endloop
  endfacet
  facet normal 0.659553 -0.751658 0
    outer loop
      vertex 7.21752 26.8133 4.35213
      vertex 7.25 26.8418 5.55
      vertex 7.21752 26.8133 5.55213
    endloop
  endfacet
  facet normal 0.659553 -0.751658 0
    outer loop
      vertex 7.25 26.8418 5.55
      vertex 7.21752 26.8133 4.35213
      vertex 7.25 26.8418 4.35
    endloop
  endfacet
  facet normal 0.659324 -0.751859 0
    outer loop
      vertex 7.25 26.8418 5.55
      vertex 7.25 26.8418 4.35
      vertex 7.41421 26.9858 4.36076
    endloop
  endfacet
  facet normal 0.650791 -0.759257 0
    outer loop
      vertex 7.41316 26.9849 5.56069
      vertex 7.41421 26.9858 4.36076
      vertex 7.41421 26.9858 5.5609
    endloop
  endfacet
  facet normal 0.659378 -0.751812 1.30977e-05
    outer loop
      vertex 7.41421 26.9858 4.36076
      vertex 7.41316 26.9849 5.56069
      vertex 7.25 26.8418 5.55
    endloop
  endfacet
  facet normal 0.659553 -0.751658 0
    outer loop
      vertex 7.25 26.8418 8.05
      vertex 7.25 26.8418 9.25
      vertex 7.21752 26.8133 9.24787
    endloop
  endfacet
  facet normal 0.659324 -0.751859 0
    outer loop
      vertex 7.25 26.8418 9.25
      vertex 7.25 26.8418 8.05
      vertex 7.41421 26.9858 9.23924
    endloop
  endfacet
  facet normal 0.659553 -0.751658 0
    outer loop
      vertex 7.25 26.8418 8.05
      vertex 7.21752 26.8133 9.24787
      vertex 7.21752 26.8133 8.04787
    endloop
  endfacet
  facet normal 0.659378 -0.751812 -1.30977e-05
    outer loop
      vertex 7.41316 26.9849 8.03931
      vertex 7.41421 26.9858 9.23924
      vertex 7.25 26.8418 8.05
    endloop
  endfacet
  facet normal 0.650791 -0.759257 0
    outer loop
      vertex 7.41421 26.9858 9.23924
      vertex 7.41316 26.9849 8.03931
      vertex 7.41421 26.9858 8.0391
    endloop
  endfacet
  facet normal -0.566738 -0.823879 0.00561017
    outer loop
      vertex 4.88348 26.7458 7.43411
      vertex 5 26.6679 7.76496
      vertex 4.9865 26.677 7.73757
    endloop
  endfacet
  facet normal -0.555763 -0.831341 -1.18913e-05
    outer loop
      vertex 4.82096 26.7876 7.11979
      vertex 5 26.6679 7.76496
      vertex 4.88348 26.7458 7.43411
    endloop
  endfacet
  facet normal -0.555904 -0.831247 4.47058e-05
    outer loop
      vertex 4.8 26.8016 6.8
      vertex 5 26.6679 7.76496
      vertex 4.82096 26.7876 7.11979
    endloop
  endfacet
  facet normal -0.555677 -0.831398 -2.32284e-05
    outer loop
      vertex 4.82096 26.7876 6.48021
      vertex 5 26.6679 7.76496
      vertex 4.8 26.8016 6.8
    endloop
  endfacet
  facet normal -0.5558 -0.831316 1.38757e-06
    outer loop
      vertex 4.88348 26.7458 6.16589
      vertex 5 26.6679 7.76496
      vertex 4.82096 26.7876 6.48021
    endloop
  endfacet
  facet normal -0.566728 -0.823886 -0.00560509
    outer loop
      vertex 5 26.6679 5.83504
      vertex 4.88348 26.7458 6.16589
      vertex 4.9865 26.677 5.86242
    endloop
  endfacet
  facet normal -0.555786 -0.831325 0
    outer loop
      vertex 4.88348 26.7458 6.16589
      vertex 5 26.6679 5.83504
      vertex 5 26.6679 7.76496
    endloop
  endfacet
  facet normal 0.946945 -0.321396 0
    outer loop
      vertex 7.875 27.7149 5.71747
      vertex 7.93185 27.8824 4.44969
      vertex 7.93185 27.8824 5.75546
    endloop
  endfacet
  facet normal 0.946994 -0.32125 2.14328e-05
    outer loop
      vertex 7.84776 27.6346 5.70403
      vertex 7.93185 27.8824 4.44969
      vertex 7.875 27.7149 5.71747
    endloop
  endfacet
  facet normal 0.946973 -0.321312 7.82226e-06
    outer loop
      vertex 7.93185 27.8824 4.44969
      vertex 7.84776 27.6346 5.70403
      vertex 7.88411 27.7417 4.43348
    endloop
  endfacet
  facet normal 0.946945 -0.321395 0
    outer loop
      vertex 7.88411 27.7417 4.43348
      vertex 7.84776 27.6346 5.70403
      vertex 7.84776 27.6346 4.42625
    endloop
  endfacet
  facet normal 0.946973 -0.321312 -7.8222e-06
    outer loop
      vertex 7.84776 27.6346 7.89596
      vertex 7.93185 27.8824 9.15031
      vertex 7.88411 27.7417 9.16652
    endloop
  endfacet
  facet normal 0.946945 -0.321396 0
    outer loop
      vertex 7.93185 27.8824 9.15031
      vertex 7.875 27.7149 7.88253
      vertex 7.93185 27.8824 7.84454
    endloop
  endfacet
  facet normal 0.946945 -0.321395 0
    outer loop
      vertex 7.84776 27.6346 7.89596
      vertex 7.88411 27.7417 9.16652
      vertex 7.84776 27.6346 9.17375
    endloop
  endfacet
  facet normal 0.946994 -0.32125 -2.14332e-05
    outer loop
      vertex 7.93185 27.8824 9.15031
      vertex 7.84776 27.6346 7.89596
      vertex 7.875 27.7149 7.88253
    endloop
  endfacet
  facet normal 0.195093 -0.980785 0
    outer loop
      vertex 6.26105 26.4171 4.56183
      vertex 6.36612 26.438 5.91612
      vertex 6.26105 26.4171 6.03592
    endloop
  endfacet
  facet normal 0.195433 -0.980717 -2.74563e-05
    outer loop
      vertex 6.26105 26.4171 4.56183
      vertex 6.48905 26.4625 5.80831
      vertex 6.36612 26.438 5.91612
    endloop
  endfacet
  facet normal 0.192555 -0.981286 0.000519817
    outer loop
      vertex 6.26105 26.4171 4.56183
      vertex 6.51764 26.4681 5.7892
      vertex 6.48905 26.4625 5.80831
    endloop
  endfacet
  facet normal 0.194742 -0.980854 4.45858e-05
    outer loop
      vertex 6.31243 26.4273 4.5365
      vertex 6.51764 26.4681 5.7892
      vertex 6.26105 26.4171 4.56183
    endloop
  endfacet
  facet normal 0.195004 -0.980802 0
    outer loop
      vertex 6.51764 26.4681 5.7892
      vertex 6.31243 26.4273 4.5365
      vertex 6.51764 26.4681 4.46683
    endloop
  endfacet
  facet normal 0.194742 -0.980854 -4.45854e-05
    outer loop
      vertex 6.51764 26.4681 7.81079
      vertex 6.31243 26.4273 9.0635
      vertex 6.26105 26.4171 9.03817
    endloop
  endfacet
  facet normal 0.195004 -0.980802 0
    outer loop
      vertex 6.31243 26.4273 9.0635
      vertex 6.51764 26.4681 7.81079
      vertex 6.51764 26.4681 9.13316
    endloop
  endfacet
  facet normal 0.192554 -0.981286 -0.000519847
    outer loop
      vertex 6.26105 26.4171 9.03817
      vertex 6.48905 26.4625 7.79169
      vertex 6.51764 26.4681 7.81079
    endloop
  endfacet
  facet normal 0.195433 -0.980717 2.74563e-05
    outer loop
      vertex 6.26105 26.4171 9.03817
      vertex 6.36612 26.438 7.68388
      vertex 6.48905 26.4625 7.79169
    endloop
  endfacet
  facet normal 0.195093 -0.980785 0
    outer loop
      vertex 6.36612 26.438 7.68388
      vertex 6.26105 26.4171 9.03817
      vertex 6.26105 26.4171 7.56408
    endloop
  endfacet
  facet normal -0.195199 -0.980764 0.000286657
    outer loop
      vertex 5.48236 26.4681 8.49224
      vertex 5.73895 26.4171 8.72654
      vertex 5.51759 26.4611 8.53241
    endloop
  endfacet
  facet normal -0.194947 -0.980814 0
    outer loop
      vertex 5.48236 26.4681 5.10776
      vertex 5.73895 26.4171 8.72654
      vertex 5.48236 26.4681 8.49224
    endloop
  endfacet
  facet normal -0.195199 -0.980764 -0.000286657
    outer loop
      vertex 5.73895 26.4171 4.87346
      vertex 5.48236 26.4681 5.10776
      vertex 5.51759 26.4611 5.06759
    endloop
  endfacet
  facet normal -0.194947 -0.980814 0
    outer loop
      vertex 5.48236 26.4681 5.10776
      vertex 5.73895 26.4171 4.87346
      vertex 5.73895 26.4171 8.72654
    endloop
  endfacet
  facet normal 0.753133 -0.657869 0
    outer loop
      vertex 7.57352 27.1674 5.59259
      vertex 7.58671 27.1825 4.37433
      vertex 7.58671 27.1825 5.59707
    endloop
  endfacet
  facet normal 0.751738 -0.659462 -3.48449e-05
    outer loop
      vertex 7.41421 26.9858 5.5609
      vertex 7.58671 27.1825 4.37433
      vertex 7.57352 27.1674 5.59259
    endloop
  endfacet
  facet normal 0.751946 -0.659225 3.46556e-05
    outer loop
      vertex 7.58671 27.1825 4.37433
      vertex 7.41421 26.9858 5.5609
      vertex 7.56979 27.1632 4.37096
    endloop
  endfacet
  facet normal 0.751831 -0.659356 0
    outer loop
      vertex 7.56979 27.1632 4.37096
      vertex 7.41421 26.9858 5.5609
      vertex 7.41421 26.9858 4.36076
    endloop
  endfacet
  facet normal 0.753133 -0.657869 0
    outer loop
      vertex 7.58671 27.1825 9.22567
      vertex 7.57352 27.1674 8.00741
      vertex 7.58671 27.1825 8.00293
    endloop
  endfacet
  facet normal 0.751946 -0.659225 -3.46556e-05
    outer loop
      vertex 7.41421 26.9858 8.0391
      vertex 7.58671 27.1825 9.22567
      vertex 7.56979 27.1632 9.22904
    endloop
  endfacet
  facet normal 0.751831 -0.659356 0
    outer loop
      vertex 7.41421 26.9858 8.0391
      vertex 7.56979 27.1632 9.22904
      vertex 7.41421 26.9858 9.23924
    endloop
  endfacet
  facet normal 0.751738 -0.659462 3.48449e-05
    outer loop
      vertex 7.58671 27.1825 9.22567
      vertex 7.41421 26.9858 8.0391
      vertex 7.57352 27.1674 8.00741
    endloop
  endfacet
  facet normal 0.896845 -0.442344 0
    outer loop
      vertex 7.73205 27.4 5.64697
      vertex 7.84776 27.6346 4.42625
      vertex 7.84776 27.6346 5.70403
    endloop
  endfacet
  facet normal 0.896845 -0.442344 0
    outer loop
      vertex 7.84776 27.6346 4.42625
      vertex 7.73205 27.4 5.64697
      vertex 7.73205 27.4 4.40324
    endloop
  endfacet
  facet normal 0.896845 -0.442344 0
    outer loop
      vertex 7.73205 27.4 7.95303
      vertex 7.84776 27.6346 9.17375
      vertex 7.73205 27.4 9.19676
    endloop
  endfacet
  facet normal 0.896845 -0.442344 0
    outer loop
      vertex 7.84776 27.6346 9.17375
      vertex 7.73205 27.4 7.95303
      vertex 7.84776 27.6346 7.89596
    endloop
  endfacet
  facet normal 0.0640414 -0.997947 -0.00025868
    outer loop
      vertex 6.26105 26.4171 7.56408
      vertex 6.025 26.4016 8.92176
      vertex 6 26.4 8.90506
    endloop
  endfacet
  facet normal 0.0655229 -0.997851 0
    outer loop
      vertex 6.025 26.4016 8.92176
      vertex 6.26105 26.4171 7.56408
      vertex 6.26105 26.4171 9.03817
    endloop
  endfacet
  facet normal 0.0714473 -0.997444 0.00118946
    outer loop
      vertex 6 26.4 8.90506
      vertex 6.25831 26.4169 7.56095
      vertex 6.26105 26.4171 7.56408
    endloop
  endfacet
  facet normal 0.0649184 -0.997891 -7.08797e-05
    outer loop
      vertex 6 26.4 8.90506
      vertex 6.16747 26.411 7.425
      vertex 6.25831 26.4169 7.56095
    endloop
  endfacet
  facet normal 0.0660984 -0.997813 6.32062e-05
    outer loop
      vertex 6 26.4 8.90506
      vertex 6.09515 26.4062 7.27835
      vertex 6.16747 26.411 7.425
    endloop
  endfacet
  facet normal 0.064622 -0.99791 -2.35161e-05
    outer loop
      vertex 6 26.4 8.90506
      vertex 6.04259 26.4028 7.12352
      vertex 6.09515 26.4062 7.27835
    endloop
  endfacet
  facet normal 0.0656792 -0.997841 1.86524e-06
    outer loop
      vertex 6 26.4 8.90506
      vertex 6.01069 26.4007 6.96316
      vertex 6.04259 26.4028 7.12352
    endloop
  endfacet
  facet normal 0.0653418 -0.997863 0
    outer loop
      vertex 6.01069 26.4007 6.96316
      vertex 6 26.4 8.90506
      vertex 6 26.4 6.8
    endloop
  endfacet
  facet normal 0.0653418 -0.997863 0
    outer loop
      vertex 6 26.4 4.69494
      vertex 6.01069 26.4007 6.63684
      vertex 6 26.4 6.8
    endloop
  endfacet
  facet normal 0.0656792 -0.997841 -1.86524e-06
    outer loop
      vertex 6 26.4 4.69494
      vertex 6.04259 26.4028 6.47648
      vertex 6.01069 26.4007 6.63684
    endloop
  endfacet
  facet normal 0.064622 -0.99791 2.35161e-05
    outer loop
      vertex 6 26.4 4.69494
      vertex 6.09515 26.4062 6.32165
      vertex 6.04259 26.4028 6.47648
    endloop
  endfacet
  facet normal 0.0660984 -0.997813 -6.32062e-05
    outer loop
      vertex 6 26.4 4.69494
      vertex 6.16747 26.411 6.175
      vertex 6.09515 26.4062 6.32165
    endloop
  endfacet
  facet normal 0.0649184 -0.997891 7.08797e-05
    outer loop
      vertex 6 26.4 4.69494
      vertex 6.25831 26.4169 6.03905
      vertex 6.16747 26.411 6.175
    endloop
  endfacet
  facet normal 0.0714473 -0.997444 -0.00118946
    outer loop
      vertex 6 26.4 4.69494
      vertex 6.26105 26.4171 6.03592
      vertex 6.25831 26.4169 6.03905
    endloop
  endfacet
  facet normal 0.0640414 -0.997947 0.00025868
    outer loop
      vertex 6.025 26.4016 4.67824
      vertex 6.26105 26.4171 6.03592
      vertex 6 26.4 4.69494
    endloop
  endfacet
  facet normal 0.0655229 -0.997851 0
    outer loop
      vertex 6.26105 26.4171 6.03592
      vertex 6.025 26.4016 4.67824
      vertex 6.26105 26.4171 4.56183
    endloop
  endfacet
  facet normal 0.442639 -0.8967 0
    outer loop
      vertex 6.76537 26.5522 4.40375
      vertex 6.77165 26.5553 5.64515
      vertex 6.76537 26.5522 5.64825
    endloop
  endfacet
  facet normal 0.442505 -0.896766 8.43035e-07
    outer loop
      vertex 6.76537 26.5522 4.40375
      vertex 6.92648 26.6317 5.59259
      vertex 6.77165 26.5553 5.64515
    endloop
  endfacet
  facet normal 0.441759 -0.897134 0.000126516
    outer loop
      vertex 6.76537 26.5522 4.40375
      vertex 7 26.6679 5.57797
      vertex 6.92648 26.6317 5.59259
    endloop
  endfacet
  facet normal 0.44233 -0.896853 -1.52898e-05
    outer loop
      vertex 6.93021 26.6335 4.37096
      vertex 7 26.6679 5.57797
      vertex 6.76537 26.5522 4.40375
    endloop
  endfacet
  facet normal 0.442117 -0.896957 0
    outer loop
      vertex 7 26.6679 5.57797
      vertex 6.93021 26.6335 4.37096
      vertex 7 26.6679 4.36639
    endloop
  endfacet
  facet normal 0.44233 -0.896853 1.52898e-05
    outer loop
      vertex 7 26.6679 8.02203
      vertex 6.93021 26.6335 9.22904
      vertex 6.76537 26.5522 9.19625
    endloop
  endfacet
  facet normal 0.442117 -0.896957 0
    outer loop
      vertex 6.93021 26.6335 9.22904
      vertex 7 26.6679 8.02203
      vertex 7 26.6679 9.23361
    endloop
  endfacet
  facet normal 0.441759 -0.897134 -0.000126516
    outer loop
      vertex 6.76537 26.5522 9.19625
      vertex 6.92648 26.6317 8.00741
      vertex 7 26.6679 8.02203
    endloop
  endfacet
  facet normal 0.442505 -0.896766 -8.43035e-07
    outer loop
      vertex 6.76537 26.5522 9.19625
      vertex 6.77165 26.5553 7.95485
      vertex 6.92648 26.6317 8.00741
    endloop
  endfacet
  facet normal 0.442639 -0.8967 0
    outer loop
      vertex 6.77165 26.5553 7.95485
      vertex 6.76537 26.5522 9.19625
      vertex 6.76537 26.5522 7.95175
    endloop
  endfacet
  facet normal 0.829722 -0.558177 0
    outer loop
      vertex 7.72835 27.3945 5.64515
      vertex 7.73205 27.4 4.40324
      vertex 7.73205 27.4 5.64697
    endloop
  endfacet
  facet normal 0.831493 -0.555535 1.69738e-05
    outer loop
      vertex 7.58671 27.1825 5.59707
      vertex 7.73205 27.4 4.40324
      vertex 7.72835 27.3945 5.64515
    endloop
  endfacet
  facet normal 0.83145 -0.5556 0
    outer loop
      vertex 7.73205 27.4 4.40324
      vertex 7.58671 27.1825 5.59707
      vertex 7.58671 27.1825 4.37433
    endloop
  endfacet
  facet normal 0.829722 -0.558177 0
    outer loop
      vertex 7.73205 27.4 9.19676
      vertex 7.72835 27.3945 7.95485
      vertex 7.73205 27.4 7.95303
    endloop
  endfacet
  facet normal 0.83145 -0.5556 0
    outer loop
      vertex 7.58671 27.1825 8.00293
      vertex 7.73205 27.4 9.19676
      vertex 7.58671 27.1825 9.22567
    endloop
  endfacet
  facet normal 0.831493 -0.555535 -1.69738e-05
    outer loop
      vertex 7.73205 27.4 9.19676
      vertex 7.58671 27.1825 8.00293
      vertex 7.72835 27.3945 7.95485
    endloop
  endfacet
  facet normal -0.0623525 -0.998044 -0.00442213
    outer loop
      vertex 5.73895 26.4171 8.72654
      vertex 6 26.4 8.90506
      vertex 5.75854 26.4158 8.74372
    endloop
  endfacet
  facet normal -0.0653646 -0.997861 0
    outer loop
      vertex 5.73895 26.4171 8.72654
      vertex 6 26.4 6.8
      vertex 6 26.4 8.90506
    endloop
  endfacet
  facet normal -0.0653646 -0.997861 0
    outer loop
      vertex 5.73895 26.4171 4.87346
      vertex 6 26.4 6.8
      vertex 5.73895 26.4171 8.72654
    endloop
  endfacet
  facet normal -0.0661245 -0.997811 0.000103407
    outer loop
      vertex 5.75854 26.4158 4.85628
      vertex 6 26.4 6.8
      vertex 5.73895 26.4171 4.87346
    endloop
  endfacet
  facet normal -0.0652956 -0.997866 -0
    outer loop
      vertex 6 26.4 6.8
      vertex 5.75854 26.4158 4.85628
      vertex 6 26.4 4.69494
    endloop
  endfacet
  facet normal -0.443823 -0.896114 0.00108236
    outer loop
      vertex 5 26.6679 7.76496
      vertex 5.23463 26.5522 8.18423
      vertex 5.12824 26.6047 8.025
    endloop
  endfacet
  facet normal -0.442268 -0.896883 0
    outer loop
      vertex 5 26.6679 5.83504
      vertex 5.23463 26.5522 8.18423
      vertex 5 26.6679 7.76496
    endloop
  endfacet
  facet normal -0.443823 -0.896114 -0.00108236
    outer loop
      vertex 5.23463 26.5522 5.41577
      vertex 5 26.6679 5.83504
      vertex 5.12824 26.6047 5.575
    endloop
  endfacet
  facet normal -0.442268 -0.896883 0
    outer loop
      vertex 5 26.6679 5.83504
      vertex 5.23463 26.5522 5.41577
      vertex 5.23463 26.5522 8.18423
    endloop
  endfacet
  facet normal 1 -0 0
    outer loop
      vertex 26 0 12.8
      vertex 26 36.4 0
      vertex 26 36.4 12.8
    endloop
  endfacet
  facet normal 1 0 0
    outer loop
      vertex 26 36.4 0
      vertex 26 0 12.8
      vertex 26 0 0
    endloop
  endfacet
  facet normal -0 0 1
    outer loop
      vertex 13.5 31.4 12.8
      vertex 26 0 12.8
      vertex 26 36.4 12.8
    endloop
  endfacet
  facet normal 0 0 1
    outer loop
      vertex 26 0 12.8
      vertex 13.5 31.4 12.8
      vertex 17.8175 0 12.8
    endloop
  endfacet
  facet normal -0 0 1
    outer loop
      vertex 0 36.4 12.8
      vertex 13.5 31.4 12.8
      vertex 26 36.4 12.8
    endloop
  endfacet
  facet normal 0 0 1
    outer loop
      vertex 13.5 31.4 12.8
      vertex 0 36.4 12.8
      vertex 8.5 31.4 12.8
    endloop
  endfacet
  facet normal 0 0 1
    outer loop
      vertex 0 0 12.8
      vertex 8.5 31.4 12.8
      vertex 0 36.4 12.8
    endloop
  endfacet
  facet normal 0 0 1
    outer loop
      vertex 8.5 31.4 12.8
      vertex 0 0 12.8
      vertex 8.5 0 12.8
    endloop
  endfacet
  facet normal -0 0 1
    outer loop
      vertex 10.3 3.90269 12.8
      vertex 16.8175 0 12.8
      vertex 16.0684 5.44831 12.8
    endloop
  endfacet
  facet normal 0 0 1
    outer loop
      vertex 16.8175 0 12.8
      vertex 10.3 3.90269 12.8
      vertex 10.3 0 12.8
    endloop
  endfacet
  facet normal -0 0 1
    outer loop
      vertex 10.3 25.4 12.8
      vertex 14.7981 14.6862 12.8
      vertex 13.325 25.4 12.8
    endloop
  endfacet
  facet normal 0 0 1
    outer loop
      vertex 14.7981 14.6862 12.8
      vertex 10.3 25.4 12.8
      vertex 10.3 13.4809 12.8
    endloop
  endfacet
  facet normal -0 0 1
    outer loop
      vertex 10.3 12.6527 12.8
      vertex 15.9585 6.24709 12.8
      vertex 14.908 13.8874 12.8
    endloop
  endfacet
  facet normal 0 0 1
    outer loop
      vertex 15.9585 6.24709 12.8
      vertex 10.3 12.6527 12.8
      vertex 10.3 4.7309 12.8
    endloop
  endfacet
  facet normal 0 0 -1
    outer loop
      vertex 8.5 0 0
      vertex 0 0 0
      vertex 8.5 31.4 0
    endloop
  endfacet
  facet normal 0 0 -1
    outer loop
      vertex 13.5 31.4 0
      vertex 26 0 0
      vertex 17.8175 0 0
    endloop
  endfacet
  facet normal 0 0 -1
    outer loop
      vertex 26 0 0
      vertex 13.5 31.4 0
      vertex 26 36.4 0
    endloop
  endfacet
  facet normal 0 0 -1
    outer loop
      vertex 0 36.4 0
      vertex 13.5 31.4 0
      vertex 8.5 31.4 0
    endloop
  endfacet
  facet normal 0 0 -1
    outer loop
      vertex 13.5 31.4 0
      vertex 0 36.4 0
      vertex 26 36.4 0
    endloop
  endfacet
  facet normal 0 0 -1
    outer loop
      vertex 0 36.4 0
      vertex 8.5 31.4 0
      vertex 0 0 0
    endloop
  endfacet
  facet normal 0 0 -1
    outer loop
      vertex 10.3 3.90269 0
      vertex 16.8175 0 0
      vertex 10.3 0 0
    endloop
  endfacet
  facet normal 0 0 -1
    outer loop
      vertex 16.8175 0 0
      vertex 10.3 3.90269 0
      vertex 16.0684 5.44831 0
    endloop
  endfacet
  facet normal 0 0 -1
    outer loop
      vertex 10.3 25.4 0
      vertex 14.7981 14.6862 0
      vertex 10.3 13.4809 0
    endloop
  endfacet
  facet normal 0 0 -1
    outer loop
      vertex 14.7981 14.6862 0
      vertex 10.3 25.4 0
      vertex 13.325 25.4 0
    endloop
  endfacet
  facet normal 0 0 -1
    outer loop
      vertex 10.3 12.6527 0
      vertex 15.9585 6.24709 0
      vertex 10.3 4.7309 0
    endloop
  endfacet
  facet normal 0 0 -1
    outer loop
      vertex 15.9585 6.24709 0
      vertex 10.3 12.6527 0
      vertex 14.908 13.8874 0
    endloop
  endfacet
  facet normal -1 0 0
    outer loop
      vertex 0 0 0
      vertex 0 36.4 12.8
      vertex 0 36.4 0
    endloop
  endfacet
  facet normal -1 -0 0
    outer loop
      vertex 0 36.4 12.8
      vertex 0 0 0
      vertex 0 0 12.8
    endloop
  endfacet
  facet normal 0 1 -0
    outer loop
      vertex 26 36.4 0
      vertex 0 36.4 12.8
      vertex 26 36.4 12.8
    endloop
  endfacet
  facet normal 0 1 0
    outer loop
      vertex 0 36.4 12.8
      vertex 26 36.4 0
      vertex 0 36.4 0
    endloop
  endfacet
  facet normal 0 -1 0
    outer loop
      vertex 6.025 0 8.92176
      vertex 8.5 0 12.8
      vertex 0 0 12.8
    endloop
  endfacet
  facet normal 0 -1 0
    outer loop
      vertex 8.5 0 12.8
      vertex 6.93021 0 9.22904
      vertex 7.25 0 9.25
    endloop
  endfacet
  facet normal 0 -1 0
    outer loop
      vertex 8.5 0 12.8
      vertex 6.61589 0 9.16652
      vertex 6.93021 0 9.22904
    endloop
  endfacet
  facet normal 0 -1 0
    outer loop
      vertex 8.5 0 12.8
      vertex 6.31243 0 9.0635
      vertex 6.61589 0 9.16652
    endloop
  endfacet
  facet normal 0 -1 0
    outer loop
      vertex 8.5 0 12.8
      vertex 6.025 0 8.92176
      vertex 6.31243 0 9.0635
    endloop
  endfacet
  facet normal 0 -1 0
    outer loop
      vertex 0 0 12.8
      vertex 5.75854 0 8.74372
      vertex 6.025 0 8.92176
    endloop
  endfacet
  facet normal 0 -1 0
    outer loop
      vertex 0 0 12.8
      vertex 5.51759 0 8.53241
      vertex 5.75854 0 8.74372
    endloop
  endfacet
  facet normal 0 -1 0
    outer loop
      vertex 0 0 12.8
      vertex 5.30628 0 8.29146
      vertex 5.51759 0 8.53241
    endloop
  endfacet
  facet normal 0 -1 0
    outer loop
      vertex 0 0 12.8
      vertex 5.12824 0 8.025
      vertex 5.30628 0 8.29146
    endloop
  endfacet
  facet normal 0 -1 0
    outer loop
      vertex 0 0 12.8
      vertex 4.9865 0 7.73757
      vertex 5.12824 0 8.025
    endloop
  endfacet
  facet normal 0 -1 0
    outer loop
      vertex 0 0 12.8
      vertex 4.88348 0 7.43411
      vertex 4.9865 0 7.73757
    endloop
  endfacet
  facet normal 0 -1 0
    outer loop
      vertex 0 0 12.8
      vertex 4.82096 0 7.11979
      vertex 4.88348 0 7.43411
    endloop
  endfacet
  facet normal 0 -1 0
    outer loop
      vertex 0 0 12.8
      vertex 4.8 0 6.8
      vertex 4.82096 0 7.11979
    endloop
  endfacet
  facet normal 0 -1 0
    outer loop
      vertex 0 0 0
      vertex 4.8 0 6.8
      vertex 0 0 12.8
    endloop
  endfacet
  facet normal 0 -1 -0
    outer loop
      vertex 4.8 0 6.8
      vertex 0 0 0
      vertex 4.82096 0 6.48021
    endloop
  endfacet
  facet normal 0 -1 -0
    outer loop
      vertex 4.82096 0 6.48021
      vertex 0 0 0
      vertex 4.88348 0 6.16589
    endloop
  endfacet
  facet normal 0 -1 -0
    outer loop
      vertex 4.88348 0 6.16589
      vertex 0 0 0
      vertex 4.9865 0 5.86242
    endloop
  endfacet
  facet normal 0 -1 -0
    outer loop
      vertex 4.9865 0 5.86242
      vertex 0 0 0
      vertex 5.12824 0 5.575
    endloop
  endfacet
  facet normal 0 -1 0
    outer loop
      vertex 6.61589 0 4.43348
      vertex 8.5 0 0
      vertex 6.93021 0 4.37096
    endloop
  endfacet
  facet normal 0 -1 0
    outer loop
      vertex 6.31243 0 4.5365
      vertex 8.5 0 0
      vertex 6.61589 0 4.43348
    endloop
  endfacet
  facet normal 0 -1 0
    outer loop
      vertex 8.5 0 0
      vertex 6.31243 0 4.5365
      vertex 0 0 0
    endloop
  endfacet
  facet normal 0 -1 -0
    outer loop
      vertex 6.025 0 4.67824
      vertex 0 0 0
      vertex 6.31243 0 4.5365
    endloop
  endfacet
  facet normal 0 -1 -0
    outer loop
      vertex 5.75854 0 4.85628
      vertex 0 0 0
      vertex 6.025 0 4.67824
    endloop
  endfacet
  facet normal 0 -1 -0
    outer loop
      vertex 5.51759 0 5.06759
      vertex 0 0 0
      vertex 5.75854 0 4.85628
    endloop
  endfacet
  facet normal 0 -1 -0
    outer loop
      vertex 5.30628 0 5.30853
      vertex 0 0 0
      vertex 5.51759 0 5.06759
    endloop
  endfacet
  facet normal 0 -1 -0
    outer loop
      vertex 5.12824 0 5.575
      vertex 0 0 0
      vertex 5.30628 0 5.30853
    endloop
  endfacet
  facet normal 0 -1 0
    outer loop
      vertex 7.56979 0 9.22904
      vertex 8.5 0 12.8
      vertex 7.25 0 9.25
    endloop
  endfacet
  facet normal 0 -1 0
    outer loop
      vertex 7.88411 0 9.16652
      vertex 8.5 0 12.8
      vertex 7.56979 0 9.22904
    endloop
  endfacet
  facet normal 0 -1 0
    outer loop
      vertex 8.18758 0 9.0635
      vertex 8.5 0 12.8
      vertex 7.88411 0 9.16652
    endloop
  endfacet
  facet normal 0 -1 0
    outer loop
      vertex 8.475 0 8.92176
      vertex 8.5 0 12.8
      vertex 8.18758 0 9.0635
    endloop
  endfacet
  facet normal 0 -1 -0
    outer loop
      vertex 8.5 0 12.8
      vertex 8.475 0 8.92176
      vertex 8.5 0 8.90506
    endloop
  endfacet
  facet normal 0 -1 0
    outer loop
      vertex 6.93021 0 4.37096
      vertex 8.5 0 0
      vertex 7.25 0 4.35
    endloop
  endfacet
  facet normal 0 -1 0
    outer loop
      vertex 7.25 0 4.35
      vertex 8.5 0 0
      vertex 7.56979 0 4.37096
    endloop
  endfacet
  facet normal 0 -1 0
    outer loop
      vertex 7.56979 0 4.37096
      vertex 8.5 0 0
      vertex 7.88411 0 4.43348
    endloop
  endfacet
  facet normal 0 -1 0
    outer loop
      vertex 7.88411 0 4.43348
      vertex 8.5 0 0
      vertex 8.18758 0 4.5365
    endloop
  endfacet
  facet normal 0 -1 0
    outer loop
      vertex 8.475 0 4.67824
      vertex 8.5 0 0
      vertex 8.5 0 4.69494
    endloop
  endfacet
  facet normal 0 -1 0
    outer loop
      vertex 8.18758 0 4.5365
      vertex 8.5 0 0
      vertex 8.475 0 4.67824
    endloop
  endfacet
  facet normal 0 -1 0
    outer loop
      vertex 17.8175 0 0
      vertex 26 0 12.8
      vertex 17.8175 0 12.8
    endloop
  endfacet
  facet normal 0 -1 -0
    outer loop
      vertex 26 0 12.8
      vertex 17.8175 0 0
      vertex 26 0 0
    endloop
  endfacet
  facet normal 0 -1 0
    outer loop
      vertex 10.3 0 0
      vertex 16.8175 0 12.8
      vertex 10.3 0 12.8
    endloop
  endfacet
  facet normal 0 -1 -0
    outer loop
      vertex 16.8175 0 12.8
      vertex 10.3 0 0
      vertex 16.8175 0 0
    endloop
  endfacet
  facet normal 0 -1 0
    outer loop
      vertex 7.08684 0 8.03931
      vertex 7.41316 0 8.03931
      vertex 7.25 0 8.05
    endloop
  endfacet
  facet normal 0 -1 0
    outer loop
      vertex 6.92648 0 8.00741
      vertex 7.41316 0 8.03931
      vertex 7.08684 0 8.03931
    endloop
  endfacet
  facet normal 0 -1 0
    outer loop
      vertex 6.92648 0 8.00741
      vertex 7.57352 0 8.00741
      vertex 7.41316 0 8.03931
    endloop
  endfacet
  facet normal 0 -1 0
    outer loop
      vertex 6.77165 0 7.95485
      vertex 7.57352 0 8.00741
      vertex 6.92648 0 8.00741
    endloop
  endfacet
  facet normal 0 -1 0
    outer loop
      vertex 6.77165 0 7.95485
      vertex 7.72835 0 7.95485
      vertex 7.57352 0 8.00741
    endloop
  endfacet
  facet normal 0 -1 0
    outer loop
      vertex 6.625 0 7.88253
      vertex 7.72835 0 7.95485
      vertex 6.77165 0 7.95485
    endloop
  endfacet
  facet normal 0 -1 0
    outer loop
      vertex 6.625 0 7.88253
      vertex 7.875 0 7.88253
      vertex 7.72835 0 7.95485
    endloop
  endfacet
  facet normal 0 -1 0
    outer loop
      vertex 6.48905 0 7.79169
      vertex 7.875 0 7.88253
      vertex 6.625 0 7.88253
    endloop
  endfacet
  facet normal 0 -1 0
    outer loop
      vertex 6.48905 0 7.79169
      vertex 8.01095 0 7.79169
      vertex 7.875 0 7.88253
    endloop
  endfacet
  facet normal 0 -1 0
    outer loop
      vertex 6.36612 0 7.68388
      vertex 8.01095 0 7.79169
      vertex 6.48905 0 7.79169
    endloop
  endfacet
  facet normal 0 -1 0
    outer loop
      vertex 6.36612 0 7.68388
      vertex 8.13388 0 7.68388
      vertex 8.01095 0 7.79169
    endloop
  endfacet
  facet normal 0 -1 0
    outer loop
      vertex 6.25831 0 7.56095
      vertex 8.13388 0 7.68388
      vertex 6.36612 0 7.68388
    endloop
  endfacet
  facet normal 0 -1 0
    outer loop
      vertex 6.25831 0 7.56095
      vertex 8.24169 0 7.56095
      vertex 8.13388 0 7.68388
    endloop
  endfacet
  facet normal 0 -1 0
    outer loop
      vertex 6.16747 0 7.425
      vertex 8.24169 0 7.56095
      vertex 6.25831 0 7.56095
    endloop
  endfacet
  facet normal 0 -1 0
    outer loop
      vertex 6.16747 0 7.425
      vertex 8.33253 0 7.425
      vertex 8.24169 0 7.56095
    endloop
  endfacet
  facet normal 0 -1 0
    outer loop
      vertex 6.09515 0 7.27835
      vertex 8.33253 0 7.425
      vertex 6.16747 0 7.425
    endloop
  endfacet
  facet normal 0 -1 0
    outer loop
      vertex 6.09515 0 7.27835
      vertex 8.40485 0 7.27835
      vertex 8.33253 0 7.425
    endloop
  endfacet
  facet normal 0 -1 0
    outer loop
      vertex 6.04259 0 7.12352
      vertex 8.40485 0 7.27835
      vertex 6.09515 0 7.27835
    endloop
  endfacet
  facet normal 0 -1 0
    outer loop
      vertex 6.04259 0 7.12352
      vertex 8.45741 0 7.12352
      vertex 8.40485 0 7.27835
    endloop
  endfacet
  facet normal 0 -1 0
    outer loop
      vertex 6.01069 0 6.96316
      vertex 8.45741 0 7.12352
      vertex 6.04259 0 7.12352
    endloop
  endfacet
  facet normal 0 -1 0
    outer loop
      vertex 6.01069 0 6.96316
      vertex 8.48931 0 6.96316
      vertex 8.45741 0 7.12352
    endloop
  endfacet
  facet normal 0 -1 0
    outer loop
      vertex 6 0 6.8
      vertex 8.48931 0 6.96316
      vertex 6.01069 0 6.96316
    endloop
  endfacet
  facet normal 0 -1 0
    outer loop
      vertex 6 0 6.8
      vertex 8.5 0 6.8
      vertex 8.48931 0 6.96316
    endloop
  endfacet
  facet normal 0 -1 0
    outer loop
      vertex 6.01069 0 6.63684
      vertex 8.5 0 6.8
      vertex 6 0 6.8
    endloop
  endfacet
  facet normal 0 -1 0
    outer loop
      vertex 6.01069 0 6.63684
      vertex 8.48931 0 6.63684
      vertex 8.5 0 6.8
    endloop
  endfacet
  facet normal 0 -1 0
    outer loop
      vertex 6.04259 0 6.47648
      vertex 8.48931 0 6.63684
      vertex 6.01069 0 6.63684
    endloop
  endfacet
  facet normal 0 -1 0
    outer loop
      vertex 6.04259 0 6.47648
      vertex 8.45741 0 6.47648
      vertex 8.48931 0 6.63684
    endloop
  endfacet
  facet normal 0 -1 0
    outer loop
      vertex 6.09515 0 6.32165
      vertex 8.45741 0 6.47648
      vertex 6.04259 0 6.47648
    endloop
  endfacet
  facet normal 0 -1 0
    outer loop
      vertex 6.09515 0 6.32165
      vertex 8.40485 0 6.32165
      vertex 8.45741 0 6.47648
    endloop
  endfacet
  facet normal 0 -1 0
    outer loop
      vertex 6.16747 0 6.175
      vertex 8.40485 0 6.32165
      vertex 6.09515 0 6.32165
    endloop
  endfacet
  facet normal 0 -1 0
    outer loop
      vertex 6.16747 0 6.175
      vertex 8.33253 0 6.175
      vertex 8.40485 0 6.32165
    endloop
  endfacet
  facet normal 0 -1 0
    outer loop
      vertex 6.25831 0 6.03905
      vertex 8.33253 0 6.175
      vertex 6.16747 0 6.175
    endloop
  endfacet
  facet normal 0 -1 0
    outer loop
      vertex 6.25831 0 6.03905
      vertex 8.24169 0 6.03905
      vertex 8.33253 0 6.175
    endloop
  endfacet
  facet normal 0 -1 0
    outer loop
      vertex 6.36612 0 5.91612
      vertex 8.24169 0 6.03905
      vertex 6.25831 0 6.03905
    endloop
  endfacet
  facet normal 0 -1 0
    outer loop
      vertex 6.36612 0 5.91612
      vertex 8.13388 0 5.91612
      vertex 8.24169 0 6.03905
    endloop
  endfacet
  facet normal 0 -1 0
    outer loop
      vertex 6.48905 0 5.80831
      vertex 8.13388 0 5.91612
      vertex 6.36612 0 5.91612
    endloop
  endfacet
  facet normal 0 -1 0
    outer loop
      vertex 6.48905 0 5.80831
      vertex 8.01095 0 5.80831
      vertex 8.13388 0 5.91612
    endloop
  endfacet
  facet normal 0 -1 0
    outer loop
      vertex 6.625 0 5.71747
      vertex 8.01095 0 5.80831
      vertex 6.48905 0 5.80831
    endloop
  endfacet
  facet normal 0 -1 0
    outer loop
      vertex 6.625 0 5.71747
      vertex 7.875 0 5.71747
      vertex 8.01095 0 5.80831
    endloop
  endfacet
  facet normal 0 -1 0
    outer loop
      vertex 6.77165 0 5.64515
      vertex 7.875 0 5.71747
      vertex 6.625 0 5.71747
    endloop
  endfacet
  facet normal 0 -1 0
    outer loop
      vertex 6.77165 0 5.64515
      vertex 7.72835 0 5.64515
      vertex 7.875 0 5.71747
    endloop
  endfacet
  facet normal 0 -1 0
    outer loop
      vertex 6.92648 0 5.59259
      vertex 7.72835 0 5.64515
      vertex 6.77165 0 5.64515
    endloop
  endfacet
  facet normal 0 -1 0
    outer loop
      vertex 6.92648 0 5.59259
      vertex 7.57352 0 5.59259
      vertex 7.72835 0 5.64515
    endloop
  endfacet
  facet normal 0 -1 0
    outer loop
      vertex 7.08684 0 5.56069
      vertex 7.57352 0 5.59259
      vertex 6.92648 0 5.59259
    endloop
  endfacet
  facet normal 0 -1 0
    outer loop
      vertex 7.08684 0 5.56069
      vertex 7.41316 0 5.56069
      vertex 7.57352 0 5.59259
    endloop
  endfacet
  facet normal -0 -1 0
    outer loop
      vertex 7.41316 0 5.56069
      vertex 7.08684 0 5.56069
      vertex 7.25 0 5.55
    endloop
  endfacet
endsolid OpenSCAD_Model
