solid OpenSCAD_Model
  facet normal 0 0 -1
    outer loop
      vertex 1.79999 69.0809 0
      vertex 6.31712 69.463 0
      vertex 1.79999 68.2527 0
    endloop
  endfacet
  facet normal -0 0 -1
    outer loop
      vertex 6.31712 69.463 0
      vertex 1.79999 69.0809 0
      vertex 6.21695 70.2644 0
    endloop
  endfacet
  facet normal 0 0 -1
    outer loop
      vertex 1.79999 59.3309 0
      vertex 7.49637 60.029 0
      vertex 1.79999 58.5027 0
    endloop
  endfacet
  facet normal -0 0 -1
    outer loop
      vertex 7.49637 60.029 0
      vertex 1.79999 59.3309 0
      vertex 7.39619 60.8304 0
    endloop
  endfacet
  facet normal 0 0 -1
    outer loop
      vertex 1.79999 49.5809 0
      vertex 8.67563 50.595 0
      vertex 1.79999 48.7527 0
    endloop
  endfacet
  facet normal -0 0 -1
    outer loop
      vertex 8.67563 50.595 0
      vertex 1.79999 49.5809 0
      vertex 8.57545 51.3964 0
    endloop
  endfacet
  facet normal 0 0 -1
    outer loop
      vertex 9.64207 -8.56001 0
      vertex 16 -12 0
      vertex 9.68546 -8.7781 0
    endloop
  endfacet
  facet normal 0 0 -1
    outer loop
      vertex 16 -12 0
      vertex 9.68546 -3.82189 0
      vertex 9.7 -3.6 0
    endloop
  endfacet
  facet normal 0 0 -1
    outer loop
      vertex 9.57059 -8.34944 0
      vertex 16 -12 0
      vertex 9.64207 -8.56001 0
    endloop
  endfacet
  facet normal 0 0 -1
    outer loop
      vertex 16 -12 0
      vertex 9.64207 -4.03999 0
      vertex 9.68546 -3.82189 0
    endloop
  endfacet
  facet normal 0 0 -1
    outer loop
      vertex 9.57059 -4.25056 0
      vertex 16 -12 0
      vertex 9.57059 -8.34944 0
    endloop
  endfacet
  facet normal 0 0 -1
    outer loop
      vertex 16 -12 0
      vertex 9.57059 -4.25056 0
      vertex 9.64207 -4.03999 0
    endloop
  endfacet
  facet normal 0 0 -1
    outer loop
      vertex 9.47224 -8.15 0
      vertex 9.57059 -4.25056 0
      vertex 9.57059 -8.34944 0
    endloop
  endfacet
  facet normal 0 0 -1
    outer loop
      vertex 9.47224 -8.15 0
      vertex 9.47224 -4.45 0
      vertex 9.57059 -4.25056 0
    endloop
  endfacet
  facet normal 0 0 -1
    outer loop
      vertex 9.3487 -7.96511 0
      vertex 9.47224 -4.45 0
      vertex 9.47224 -8.15 0
    endloop
  endfacet
  facet normal 0 0 -1
    outer loop
      vertex 9.3487 -7.96511 0
      vertex 9.3487 -4.63489 0
      vertex 9.47224 -4.45 0
    endloop
  endfacet
  facet normal 0 0 -1
    outer loop
      vertex 9.20208 -7.79792 0
      vertex 9.3487 -4.63489 0
      vertex 9.3487 -7.96511 0
    endloop
  endfacet
  facet normal 0 0 -1
    outer loop
      vertex 9.20208 -7.79792 0
      vertex 9.20208 -4.80208 0
      vertex 9.3487 -4.63489 0
    endloop
  endfacet
  facet normal 0 0 -1
    outer loop
      vertex 9.03489 -7.6513 0
      vertex 9.20208 -4.80208 0
      vertex 9.20208 -7.79792 0
    endloop
  endfacet
  facet normal 0 0 -1
    outer loop
      vertex 9.03489 -7.6513 0
      vertex 9.03489 -4.9487 0
      vertex 9.20208 -4.80208 0
    endloop
  endfacet
  facet normal 0 0 -1
    outer loop
      vertex 8.85 -7.52776 0
      vertex 9.03489 -4.9487 0
      vertex 9.03489 -7.6513 0
    endloop
  endfacet
  facet normal 0 0 -1
    outer loop
      vertex 8.85 -7.52776 0
      vertex 8.85 -5.07224 0
      vertex 9.03489 -4.9487 0
    endloop
  endfacet
  facet normal 0 0 -1
    outer loop
      vertex 8.65056 -7.4294 0
      vertex 8.85 -5.07224 0
      vertex 8.85 -7.52776 0
    endloop
  endfacet
  facet normal 0 0 -1
    outer loop
      vertex 8.65056 -7.4294 0
      vertex 8.65056 -5.1706 0
      vertex 8.85 -5.07224 0
    endloop
  endfacet
  facet normal 0 0 -1
    outer loop
      vertex 8.43999 -7.35793 0
      vertex 8.65056 -5.1706 0
      vertex 8.65056 -7.4294 0
    endloop
  endfacet
  facet normal 0 0 -1
    outer loop
      vertex 8.43999 -7.35793 0
      vertex 8.43999 -5.24207 0
      vertex 8.65056 -5.1706 0
    endloop
  endfacet
  facet normal 0 0 -1
    outer loop
      vertex 8.22189 -7.31454 0
      vertex 8.43999 -5.24207 0
      vertex 8.43999 -7.35793 0
    endloop
  endfacet
  facet normal 0 0 -1
    outer loop
      vertex 8.22189 -7.31454 0
      vertex 8.22189 -5.28546 0
      vertex 8.43999 -5.24207 0
    endloop
  endfacet
  facet normal 0 0 -1
    outer loop
      vertex 8 -7.3 0
      vertex 8.22189 -5.28546 0
      vertex 8.22189 -7.31454 0
    endloop
  endfacet
  facet normal 0 0 -1
    outer loop
      vertex 8 -7.3 0
      vertex 8 -5.3 0
      vertex 8.22189 -5.28546 0
    endloop
  endfacet
  facet normal 0 0 -1
    outer loop
      vertex 7.7781 -7.31454 0
      vertex 8 -5.3 0
      vertex 8 -7.3 0
    endloop
  endfacet
  facet normal 0 0 -1
    outer loop
      vertex 7.7781 -7.31454 0
      vertex 7.7781 -5.28546 0
      vertex 8 -5.3 0
    endloop
  endfacet
  facet normal 0 0 -1
    outer loop
      vertex 7.56001 -7.35793 0
      vertex 7.7781 -5.28546 0
      vertex 7.7781 -7.31454 0
    endloop
  endfacet
  facet normal 0 0 -1
    outer loop
      vertex 7.56001 -7.35793 0
      vertex 7.56001 -5.24207 0
      vertex 7.7781 -5.28546 0
    endloop
  endfacet
  facet normal 0 0 -1
    outer loop
      vertex 7.34944 -7.4294 0
      vertex 7.56001 -5.24207 0
      vertex 7.56001 -7.35793 0
    endloop
  endfacet
  facet normal 0 0 -1
    outer loop
      vertex 7.34944 -7.4294 0
      vertex 7.34944 -5.1706 0
      vertex 7.56001 -5.24207 0
    endloop
  endfacet
  facet normal 0 0 -1
    outer loop
      vertex 7.15 -7.52776 0
      vertex 7.34944 -5.1706 0
      vertex 7.34944 -7.4294 0
    endloop
  endfacet
  facet normal 0 0 -1
    outer loop
      vertex 7.15 -7.52776 0
      vertex 7.15 -5.07224 0
      vertex 7.34944 -5.1706 0
    endloop
  endfacet
  facet normal 0 0 -1
    outer loop
      vertex 6.96511 -7.6513 0
      vertex 7.15 -5.07224 0
      vertex 7.15 -7.52776 0
    endloop
  endfacet
  facet normal 0 0 -1
    outer loop
      vertex 6.96511 -7.6513 0
      vertex 6.96511 -4.9487 0
      vertex 7.15 -5.07224 0
    endloop
  endfacet
  facet normal 0 0 -1
    outer loop
      vertex 6.79792 -7.79792 0
      vertex 6.96511 -4.9487 0
      vertex 6.96511 -7.6513 0
    endloop
  endfacet
  facet normal 0 0 -1
    outer loop
      vertex 6.79792 -7.79792 0
      vertex 6.79792 -4.80208 0
      vertex 6.96511 -4.9487 0
    endloop
  endfacet
  facet normal 0 0 -1
    outer loop
      vertex 6.6513 -7.96511 0
      vertex 6.79792 -4.80208 0
      vertex 6.79792 -7.79792 0
    endloop
  endfacet
  facet normal 0 0 -1
    outer loop
      vertex 6.6513 -7.96511 0
      vertex 6.6513 -4.63489 0
      vertex 6.79792 -4.80208 0
    endloop
  endfacet
  facet normal 0 0 -1
    outer loop
      vertex 6.52776 -8.15 0
      vertex 6.6513 -4.63489 0
      vertex 6.6513 -7.96511 0
    endloop
  endfacet
  facet normal 0 0 -1
    outer loop
      vertex 6.52776 -8.15 0
      vertex 6.52776 -4.45 0
      vertex 6.6513 -4.63489 0
    endloop
  endfacet
  facet normal 0 0 -1
    outer loop
      vertex 6.4294 -8.34944 0
      vertex 6.52776 -4.45 0
      vertex 6.52776 -8.15 0
    endloop
  endfacet
  facet normal 0 0 -1
    outer loop
      vertex 6.4294 -8.34944 0
      vertex 6.4294 -4.25056 0
      vertex 6.52776 -4.45 0
    endloop
  endfacet
  facet normal 0 0 -1
    outer loop
      vertex 0 -12 0
      vertex 6.4294 -8.34944 0
      vertex 6.35793 -8.56001 0
    endloop
  endfacet
  facet normal -0 0 -1
    outer loop
      vertex 6.4294 -8.34944 0
      vertex 0 -12 0
      vertex 6.4294 -4.25056 0
    endloop
  endfacet
  facet normal 0 0 -1
    outer loop
      vertex 0 -12 0
      vertex 6.35793 -8.56001 0
      vertex 6.31454 -8.7781 0
    endloop
  endfacet
  facet normal -0 0 -1
    outer loop
      vertex 6.4294 -4.25056 0
      vertex 0 -12 0
      vertex 6.35793 -4.03999 0
    endloop
  endfacet
  facet normal 0 0 -1
    outer loop
      vertex 0 -12 0
      vertex 6.31454 -8.7781 0
      vertex 6.3 -9 0
    endloop
  endfacet
  facet normal 0 -0 -1
    outer loop
      vertex 1.79999 0.00999451 0
      vertex 6.35793 -4.03999 0
      vertex 0 -12 0
    endloop
  endfacet
  facet normal 0 0 -1
    outer loop
      vertex 1.79999 39.8309 0
      vertex 9.85487 41.161 0
      vertex 1.79999 39.0027 0
    endloop
  endfacet
  facet normal -0 0 -1
    outer loop
      vertex 9.85487 41.161 0
      vertex 1.79999 39.8309 0
      vertex 9.7547 41.9624 0
    endloop
  endfacet
  facet normal 0 0 -1
    outer loop
      vertex 1.79999 30.0809 0
      vertex 11.0341 31.727 0
      vertex 1.79999 29.2527 0
    endloop
  endfacet
  facet normal -0 0 -1
    outer loop
      vertex 11.0341 31.727 0
      vertex 1.79999 30.0809 0
      vertex 10.934 32.5283 0
    endloop
  endfacet
  facet normal 0 0 -1
    outer loop
      vertex 1.79999 20.3309 0
      vertex 12.2134 22.2929 0
      vertex 1.79999 19.5027 0
    endloop
  endfacet
  facet normal -0 0 -1
    outer loop
      vertex 12.2134 22.2929 0
      vertex 1.79999 20.3309 0
      vertex 12.1132 23.0943 0
    endloop
  endfacet
  facet normal 0 0 -1
    outer loop
      vertex 1.79999 10.5809 0
      vertex 13.3926 12.8589 0
      vertex 1.79999 9.75269 0
    endloop
  endfacet
  facet normal -0 0 -1
    outer loop
      vertex 13.3926 12.8589 0
      vertex 1.79999 10.5809 0
      vertex 13.2925 13.6603 0
    endloop
  endfacet
  facet normal 0 0 -1
    outer loop
      vertex 16 -12 0
      vertex 15.9987 0.00999451 0
      vertex 16 0.00999451 0
    endloop
  endfacet
  facet normal 0 0 -1
    outer loop
      vertex 16 -12 0
      vertex 14.9987 0.00999451 0
      vertex 15.9987 0.00999451 0
    endloop
  endfacet
  facet normal 0 0 -1
    outer loop
      vertex 9.68546 -8.7781 0
      vertex 16 -12 0
      vertex 9.7 -9 0
    endloop
  endfacet
  facet normal 0 0 -1
    outer loop
      vertex 16 -12 0
      vertex 9.68546 -9.22189 0
      vertex 9.7 -9 0
    endloop
  endfacet
  facet normal 0 0 -1
    outer loop
      vertex 16 -12 0
      vertex 9.64207 -9.43999 0
      vertex 9.68546 -9.22189 0
    endloop
  endfacet
  facet normal 0 0 -1
    outer loop
      vertex 16 -12 0
      vertex 9.57059 -9.65056 0
      vertex 9.64207 -9.43999 0
    endloop
  endfacet
  facet normal 0 0 -1
    outer loop
      vertex 16 -12 0
      vertex 9.47224 -9.85 0
      vertex 9.57059 -9.65056 0
    endloop
  endfacet
  facet normal 0 0 -1
    outer loop
      vertex 16 -12 0
      vertex 9.3487 -10.0349 0
      vertex 9.47224 -9.85 0
    endloop
  endfacet
  facet normal 0 0 -1
    outer loop
      vertex 16 -12 0
      vertex 9.20208 -10.2021 0
      vertex 9.3487 -10.0349 0
    endloop
  endfacet
  facet normal 0 0 -1
    outer loop
      vertex 16 -12 0
      vertex 9.03489 -10.3487 0
      vertex 9.20208 -10.2021 0
    endloop
  endfacet
  facet normal 0 0 -1
    outer loop
      vertex 16 -12 0
      vertex 8.85 -10.4722 0
      vertex 9.03489 -10.3487 0
    endloop
  endfacet
  facet normal 0 0 -1
    outer loop
      vertex 16 -12 0
      vertex 8.65056 -10.5706 0
      vertex 8.85 -10.4722 0
    endloop
  endfacet
  facet normal 0 0 -1
    outer loop
      vertex 16 -12 0
      vertex 8.43999 -10.6421 0
      vertex 8.65056 -10.5706 0
    endloop
  endfacet
  facet normal 0 0 -1
    outer loop
      vertex 16 -12 0
      vertex 8.22189 -10.6855 0
      vertex 8.43999 -10.6421 0
    endloop
  endfacet
  facet normal 0 0 -1
    outer loop
      vertex 16 -12 0
      vertex 8 -10.7 0
      vertex 8.22189 -10.6855 0
    endloop
  endfacet
  facet normal 0 0 -1
    outer loop
      vertex 0 -12 0
      vertex 8 -10.7 0
      vertex 16 -12 0
    endloop
  endfacet
  facet normal 0 0 -1
    outer loop
      vertex 6.35793 -4.03999 0
      vertex 1.79999 0.00999451 0
      vertex 6.31454 -3.82189 0
    endloop
  endfacet
  facet normal 0 0 -1
    outer loop
      vertex 0 -12 0
      vertex 6.3 -9 0
      vertex 6.31454 -9.22189 0
    endloop
  endfacet
  facet normal 0 0 -1
    outer loop
      vertex 0 -12 0
      vertex 6.31454 -9.22189 0
      vertex 6.35793 -9.43999 0
    endloop
  endfacet
  facet normal 0 0 -1
    outer loop
      vertex 0 -12 0
      vertex 6.35793 -9.43999 0
      vertex 6.4294 -9.65056 0
    endloop
  endfacet
  facet normal 0 0 -1
    outer loop
      vertex 0 -12 0
      vertex 1.79999 9.75269 0
      vertex 1.79999 0.00999451 0
    endloop
  endfacet
  facet normal -0 0 -1
    outer loop
      vertex 1.79999 9.75269 0
      vertex 0 -12 0
      vertex 1.79999 10.5809 0
    endloop
  endfacet
  facet normal -0 0 -1
    outer loop
      vertex 1.79999 10.5809 0
      vertex 0 -12 0
      vertex 1.79999 19.5027 0
    endloop
  endfacet
  facet normal -0 0 -1
    outer loop
      vertex 1.79999 19.5027 0
      vertex 0 -12 0
      vertex 1.79999 20.3309 0
    endloop
  endfacet
  facet normal -0 0 -1
    outer loop
      vertex 1.79999 20.3309 0
      vertex 0 -12 0
      vertex 1.79999 29.2527 0
    endloop
  endfacet
  facet normal -0 0 -1
    outer loop
      vertex 1.79999 29.2527 0
      vertex 0 -12 0
      vertex 1.79999 30.0809 0
    endloop
  endfacet
  facet normal -0 0 -1
    outer loop
      vertex 1.79999 30.0809 0
      vertex 0 -12 0
      vertex 1.79999 39.0027 0
    endloop
  endfacet
  facet normal -0 0 -1
    outer loop
      vertex 1.79999 39.0027 0
      vertex 0 -12 0
      vertex 1.79999 39.8309 0
    endloop
  endfacet
  facet normal 0 0 -1
    outer loop
      vertex 0 88 0
      vertex 1.79999 39.8309 0
      vertex 0 -12 0
    endloop
  endfacet
  facet normal 0 0 -1
    outer loop
      vertex 1.79999 39.8309 0
      vertex 0 88 0
      vertex 1.79999 48.7527 0
    endloop
  endfacet
  facet normal 0 0 -1
    outer loop
      vertex 1.79999 48.7527 0
      vertex 0 88 0
      vertex 1.79999 49.5809 0
    endloop
  endfacet
  facet normal 0 0 -1
    outer loop
      vertex 1.79999 49.5809 0
      vertex 0 88 0
      vertex 1.79999 58.5027 0
    endloop
  endfacet
  facet normal 0 0 -1
    outer loop
      vertex 1.79999 58.5027 0
      vertex 0 88 0
      vertex 1.79999 59.3309 0
    endloop
  endfacet
  facet normal 0 0 -1
    outer loop
      vertex 1.79999 59.3309 0
      vertex 0 88 0
      vertex 1.79999 68.2527 0
    endloop
  endfacet
  facet normal 0 0 -1
    outer loop
      vertex 1.79999 68.2527 0
      vertex 0 88 0
      vertex 1.79999 69.0809 0
    endloop
  endfacet
  facet normal 0 0 -1
    outer loop
      vertex 6.31454 -3.82189 0
      vertex 1.79999 0.00999451 0
      vertex 6.3 -3.6 0
    endloop
  endfacet
  facet normal -0 0 -1
    outer loop
      vertex 6.52776 -9.85 0
      vertex 0 -12 0
      vertex 6.4294 -9.65056 0
    endloop
  endfacet
  facet normal -0 0 -1
    outer loop
      vertex 6.6513 -10.0349 0
      vertex 0 -12 0
      vertex 6.52776 -9.85 0
    endloop
  endfacet
  facet normal -0 0 -1
    outer loop
      vertex 6.79792 -10.2021 0
      vertex 0 -12 0
      vertex 6.6513 -10.0349 0
    endloop
  endfacet
  facet normal -0 0 -1
    outer loop
      vertex 6.96511 -10.3487 0
      vertex 0 -12 0
      vertex 6.79792 -10.2021 0
    endloop
  endfacet
  facet normal -0 0 -1
    outer loop
      vertex 7.15 -10.4722 0
      vertex 0 -12 0
      vertex 6.96511 -10.3487 0
    endloop
  endfacet
  facet normal -0 0 -1
    outer loop
      vertex 7.34944 -10.5706 0
      vertex 0 -12 0
      vertex 7.15 -10.4722 0
    endloop
  endfacet
  facet normal -0 0 -1
    outer loop
      vertex 7.56001 -10.6421 0
      vertex 0 -12 0
      vertex 7.34944 -10.5706 0
    endloop
  endfacet
  facet normal -0 0 -1
    outer loop
      vertex 7.7781 -10.6855 0
      vertex 0 -12 0
      vertex 7.56001 -10.6421 0
    endloop
  endfacet
  facet normal -0 0 -1
    outer loop
      vertex 8 -10.7 0
      vertex 0 -12 0
      vertex 7.7781 -10.6855 0
    endloop
  endfacet
  facet normal 0 0 -1
    outer loop
      vertex 13.3926 12.8589 0
      vertex 15.9987 0.00999451 0
      vertex 14.9987 0.00999451 0
    endloop
  endfacet
  facet normal 0 0 -1
    outer loop
      vertex 13.2925 13.6603 0
      vertex 15.9987 0.00999451 0
      vertex 13.3926 12.8589 0
    endloop
  endfacet
  facet normal 0 0 -1
    outer loop
      vertex 12.2134 22.2929 0
      vertex 15.9987 0.00999451 0
      vertex 13.2925 13.6603 0
    endloop
  endfacet
  facet normal 0 0 -1
    outer loop
      vertex 12.1132 23.0943 0
      vertex 15.9987 0.00999451 0
      vertex 12.2134 22.2929 0
    endloop
  endfacet
  facet normal 0 0 -1
    outer loop
      vertex 11.0341 31.727 0
      vertex 15.9987 0.00999451 0
      vertex 12.1132 23.0943 0
    endloop
  endfacet
  facet normal 0 0 -1
    outer loop
      vertex 10.934 32.5283 0
      vertex 15.9987 0.00999451 0
      vertex 11.0341 31.727 0
    endloop
  endfacet
  facet normal 0 0 -1
    outer loop
      vertex 9.85487 41.161 0
      vertex 15.9987 0.00999451 0
      vertex 10.934 32.5283 0
    endloop
  endfacet
  facet normal 0 0 -1
    outer loop
      vertex 9.7547 41.9624 0
      vertex 15.9987 0.00999451 0
      vertex 9.85487 41.161 0
    endloop
  endfacet
  facet normal 0 0 -1
    outer loop
      vertex 8.67563 50.595 0
      vertex 15.9987 0.00999451 0
      vertex 9.7547 41.9624 0
    endloop
  endfacet
  facet normal 0 0 -1
    outer loop
      vertex 8.57545 51.3964 0
      vertex 15.9987 0.00999451 0
      vertex 8.67563 50.595 0
    endloop
  endfacet
  facet normal 0 0 -1
    outer loop
      vertex 5 88 0
      vertex 8.57545 51.3964 0
      vertex 7.49637 60.029 0
    endloop
  endfacet
  facet normal 0 0 -1
    outer loop
      vertex 5 88 0
      vertex 7.49637 60.029 0
      vertex 7.39619 60.8304 0
    endloop
  endfacet
  facet normal 0 0 -1
    outer loop
      vertex 5 88 0
      vertex 7.39619 60.8304 0
      vertex 6.31712 69.463 0
    endloop
  endfacet
  facet normal 0 0 -1
    outer loop
      vertex 5 88 0
      vertex 6.31712 69.463 0
      vertex 6.21695 70.2644 0
    endloop
  endfacet
  facet normal 0 0 -1
    outer loop
      vertex 8.57545 51.3964 0
      vertex 5 88 0
      vertex 15.9987 0.00999451 0
    endloop
  endfacet
  facet normal 0 0 -1
    outer loop
      vertex 4.75 82 0
      vertex 5 88 0
      vertex 6.21695 70.2644 0
    endloop
  endfacet
  facet normal 0 0 -1
    outer loop
      vertex 1.79999 82 0
      vertex 5 88 0
      vertex 4.75 82 0
    endloop
  endfacet
  facet normal 0 0 -1
    outer loop
      vertex 1.79999 82 0
      vertex 0 88 0
      vertex 5 88 0
    endloop
  endfacet
  facet normal 0 0 -1
    outer loop
      vertex 1.79999 69.0809 0
      vertex 0 88 0
      vertex 1.79999 82 0
    endloop
  endfacet
  facet normal 0 0 -1
    outer loop
      vertex 16 -12 0
      vertex 9.7 -3.6 0
      vertex 14.9987 0.00999451 0
    endloop
  endfacet
  facet normal 0 0 -1
    outer loop
      vertex 9.68546 -3.37811 0
      vertex 14.9987 0.00999451 0
      vertex 9.7 -3.6 0
    endloop
  endfacet
  facet normal 0 0 -1
    outer loop
      vertex 9.64207 -3.16001 0
      vertex 14.9987 0.00999451 0
      vertex 9.68546 -3.37811 0
    endloop
  endfacet
  facet normal 0 0 -1
    outer loop
      vertex 9.57059 -2.94944 0
      vertex 14.9987 0.00999451 0
      vertex 9.64207 -3.16001 0
    endloop
  endfacet
  facet normal 0 0 -1
    outer loop
      vertex 9.47224 -2.75 0
      vertex 14.9987 0.00999451 0
      vertex 9.57059 -2.94944 0
    endloop
  endfacet
  facet normal 0 0 -1
    outer loop
      vertex 9.3487 -2.56511 0
      vertex 14.9987 0.00999451 0
      vertex 9.47224 -2.75 0
    endloop
  endfacet
  facet normal 0 0 -1
    outer loop
      vertex 9.20208 -2.39792 0
      vertex 14.9987 0.00999451 0
      vertex 9.3487 -2.56511 0
    endloop
  endfacet
  facet normal 0 0 -1
    outer loop
      vertex 9.03489 -2.2513 0
      vertex 14.9987 0.00999451 0
      vertex 9.20208 -2.39792 0
    endloop
  endfacet
  facet normal 0 0 -1
    outer loop
      vertex 8.85 -2.12776 0
      vertex 14.9987 0.00999451 0
      vertex 9.03489 -2.2513 0
    endloop
  endfacet
  facet normal 0 0 -1
    outer loop
      vertex 8.65056 -2.0294 0
      vertex 14.9987 0.00999451 0
      vertex 8.85 -2.12776 0
    endloop
  endfacet
  facet normal 0 0 -1
    outer loop
      vertex 8.43999 -1.95793 0
      vertex 14.9987 0.00999451 0
      vertex 8.65056 -2.0294 0
    endloop
  endfacet
  facet normal 0 0 -1
    outer loop
      vertex 8.22189 -1.91454 0
      vertex 14.9987 0.00999451 0
      vertex 8.43999 -1.95793 0
    endloop
  endfacet
  facet normal 0 0 -1
    outer loop
      vertex 8 -1.9 0
      vertex 14.9987 0.00999451 0
      vertex 8.22189 -1.91454 0
    endloop
  endfacet
  facet normal 0 0 -1
    outer loop
      vertex 1.79999 0.00999451 0
      vertex 8 -1.9 0
      vertex 7.7781 -1.91454 0
    endloop
  endfacet
  facet normal 0 0 -1
    outer loop
      vertex 1.79999 0.00999451 0
      vertex 7.7781 -1.91454 0
      vertex 7.56001 -1.95793 0
    endloop
  endfacet
  facet normal 0 0 -1
    outer loop
      vertex 8 -1.9 0
      vertex 1.79999 0.00999451 0
      vertex 14.9987 0.00999451 0
    endloop
  endfacet
  facet normal 0 0 -1
    outer loop
      vertex 7.34944 -2.0294 0
      vertex 1.79999 0.00999451 0
      vertex 7.56001 -1.95793 0
    endloop
  endfacet
  facet normal 0 0 -1
    outer loop
      vertex 7.15 -2.12776 0
      vertex 1.79999 0.00999451 0
      vertex 7.34944 -2.0294 0
    endloop
  endfacet
  facet normal 0 0 -1
    outer loop
      vertex 6.96511 -2.2513 0
      vertex 1.79999 0.00999451 0
      vertex 7.15 -2.12776 0
    endloop
  endfacet
  facet normal 0 0 -1
    outer loop
      vertex 6.79792 -2.39792 0
      vertex 1.79999 0.00999451 0
      vertex 6.96511 -2.2513 0
    endloop
  endfacet
  facet normal 0 0 -1
    outer loop
      vertex 6.6513 -2.56511 0
      vertex 1.79999 0.00999451 0
      vertex 6.79792 -2.39792 0
    endloop
  endfacet
  facet normal 0 0 -1
    outer loop
      vertex 6.52776 -2.75 0
      vertex 1.79999 0.00999451 0
      vertex 6.6513 -2.56511 0
    endloop
  endfacet
  facet normal 0 0 -1
    outer loop
      vertex 6.4294 -2.94944 0
      vertex 1.79999 0.00999451 0
      vertex 6.52776 -2.75 0
    endloop
  endfacet
  facet normal 0 0 -1
    outer loop
      vertex 6.35793 -3.16001 0
      vertex 1.79999 0.00999451 0
      vertex 6.4294 -2.94944 0
    endloop
  endfacet
  facet normal 0 0 -1
    outer loop
      vertex 6.31454 -3.37811 0
      vertex 1.79999 0.00999451 0
      vertex 6.35793 -3.16001 0
    endloop
  endfacet
  facet normal 0 0 -1
    outer loop
      vertex 1.79999 0.00999451 0
      vertex 6.31454 -3.37811 0
      vertex 6.3 -3.6 0
    endloop
  endfacet
  facet normal 0 0 1
    outer loop
      vertex 1.79999 69.0809 16
      vertex 6.31712 69.463 16
      vertex 6.21695 70.2644 16
    endloop
  endfacet
  facet normal 0 0 1
    outer loop
      vertex 6.31712 69.463 16
      vertex 1.79999 69.0809 16
      vertex 1.79999 68.2527 16
    endloop
  endfacet
  facet normal 0 0 1
    outer loop
      vertex 14.9987 0.00999451 16
      vertex 9.64207 -4.03999 16
      vertex 16 -12 16
    endloop
  endfacet
  facet normal 0 0 1
    outer loop
      vertex 16 -12 16
      vertex 9.68546 -8.7781 16
      vertex 9.7 -9 16
    endloop
  endfacet
  facet normal -0 0 1
    outer loop
      vertex 9.57059 -4.25056 16
      vertex 16 -12 16
      vertex 9.64207 -4.03999 16
    endloop
  endfacet
  facet normal 0 0 1
    outer loop
      vertex 16 -12 16
      vertex 9.64207 -8.56001 16
      vertex 9.68546 -8.7781 16
    endloop
  endfacet
  facet normal -0 0 1
    outer loop
      vertex 9.57059 -8.34944 16
      vertex 16 -12 16
      vertex 9.57059 -4.25056 16
    endloop
  endfacet
  facet normal 0 0 1
    outer loop
      vertex 16 -12 16
      vertex 9.57059 -8.34944 16
      vertex 9.64207 -8.56001 16
    endloop
  endfacet
  facet normal -0 0 1
    outer loop
      vertex 9.47224 -4.45 16
      vertex 9.57059 -8.34944 16
      vertex 9.57059 -4.25056 16
    endloop
  endfacet
  facet normal 0 0 1
    outer loop
      vertex 9.47224 -4.45 16
      vertex 9.47224 -8.15 16
      vertex 9.57059 -8.34944 16
    endloop
  endfacet
  facet normal -0 0 1
    outer loop
      vertex 9.3487 -4.63489 16
      vertex 9.47224 -8.15 16
      vertex 9.47224 -4.45 16
    endloop
  endfacet
  facet normal 0 0 1
    outer loop
      vertex 9.3487 -4.63489 16
      vertex 9.3487 -7.96511 16
      vertex 9.47224 -8.15 16
    endloop
  endfacet
  facet normal -0 0 1
    outer loop
      vertex 9.20208 -4.80208 16
      vertex 9.3487 -7.96511 16
      vertex 9.3487 -4.63489 16
    endloop
  endfacet
  facet normal 0 0 1
    outer loop
      vertex 9.20208 -4.80208 16
      vertex 9.20208 -7.79792 16
      vertex 9.3487 -7.96511 16
    endloop
  endfacet
  facet normal -0 0 1
    outer loop
      vertex 9.03489 -4.9487 16
      vertex 9.20208 -7.79792 16
      vertex 9.20208 -4.80208 16
    endloop
  endfacet
  facet normal 0 0 1
    outer loop
      vertex 9.03489 -4.9487 16
      vertex 9.03489 -7.6513 16
      vertex 9.20208 -7.79792 16
    endloop
  endfacet
  facet normal -0 0 1
    outer loop
      vertex 8.85 -5.07224 16
      vertex 9.03489 -7.6513 16
      vertex 9.03489 -4.9487 16
    endloop
  endfacet
  facet normal 0 0 1
    outer loop
      vertex 8.85 -5.07224 16
      vertex 8.85 -7.52776 16
      vertex 9.03489 -7.6513 16
    endloop
  endfacet
  facet normal -0 0 1
    outer loop
      vertex 8.65056 -5.1706 16
      vertex 8.85 -7.52776 16
      vertex 8.85 -5.07224 16
    endloop
  endfacet
  facet normal 0 0 1
    outer loop
      vertex 8.65056 -5.1706 16
      vertex 8.65056 -7.4294 16
      vertex 8.85 -7.52776 16
    endloop
  endfacet
  facet normal -0 0 1
    outer loop
      vertex 8.43999 -5.24207 16
      vertex 8.65056 -7.4294 16
      vertex 8.65056 -5.1706 16
    endloop
  endfacet
  facet normal 0 0 1
    outer loop
      vertex 8.43999 -5.24207 16
      vertex 8.43999 -7.35793 16
      vertex 8.65056 -7.4294 16
    endloop
  endfacet
  facet normal -0 0 1
    outer loop
      vertex 8.22189 -5.28546 16
      vertex 8.43999 -7.35793 16
      vertex 8.43999 -5.24207 16
    endloop
  endfacet
  facet normal 0 0 1
    outer loop
      vertex 8.22189 -5.28546 16
      vertex 8.22189 -7.31454 16
      vertex 8.43999 -7.35793 16
    endloop
  endfacet
  facet normal -0 0 1
    outer loop
      vertex 8 -5.3 16
      vertex 8.22189 -7.31454 16
      vertex 8.22189 -5.28546 16
    endloop
  endfacet
  facet normal 0 0 1
    outer loop
      vertex 8 -5.3 16
      vertex 8 -7.3 16
      vertex 8.22189 -7.31454 16
    endloop
  endfacet
  facet normal 0 0 1
    outer loop
      vertex 7.7781 -5.28546 16
      vertex 8 -7.3 16
      vertex 8 -5.3 16
    endloop
  endfacet
  facet normal 0 0 1
    outer loop
      vertex 7.7781 -5.28546 16
      vertex 7.7781 -7.31454 16
      vertex 8 -7.3 16
    endloop
  endfacet
  facet normal 0 0 1
    outer loop
      vertex 7.56001 -5.24207 16
      vertex 7.7781 -7.31454 16
      vertex 7.7781 -5.28546 16
    endloop
  endfacet
  facet normal 0 0 1
    outer loop
      vertex 7.56001 -5.24207 16
      vertex 7.56001 -7.35793 16
      vertex 7.7781 -7.31454 16
    endloop
  endfacet
  facet normal 0 0 1
    outer loop
      vertex 7.34944 -5.1706 16
      vertex 7.56001 -7.35793 16
      vertex 7.56001 -5.24207 16
    endloop
  endfacet
  facet normal 0 0 1
    outer loop
      vertex 7.34944 -5.1706 16
      vertex 7.34944 -7.4294 16
      vertex 7.56001 -7.35793 16
    endloop
  endfacet
  facet normal 0 0 1
    outer loop
      vertex 7.15 -5.07224 16
      vertex 7.34944 -7.4294 16
      vertex 7.34944 -5.1706 16
    endloop
  endfacet
  facet normal 0 0 1
    outer loop
      vertex 7.15 -5.07224 16
      vertex 7.15 -7.52776 16
      vertex 7.34944 -7.4294 16
    endloop
  endfacet
  facet normal 0 0 1
    outer loop
      vertex 6.96511 -4.9487 16
      vertex 7.15 -7.52776 16
      vertex 7.15 -5.07224 16
    endloop
  endfacet
  facet normal 0 0 1
    outer loop
      vertex 6.96511 -4.9487 16
      vertex 6.96511 -7.6513 16
      vertex 7.15 -7.52776 16
    endloop
  endfacet
  facet normal 0 0 1
    outer loop
      vertex 6.79792 -4.80208 16
      vertex 6.96511 -7.6513 16
      vertex 6.96511 -4.9487 16
    endloop
  endfacet
  facet normal 0 0 1
    outer loop
      vertex 6.79792 -4.80208 16
      vertex 6.79792 -7.79792 16
      vertex 6.96511 -7.6513 16
    endloop
  endfacet
  facet normal 0 0 1
    outer loop
      vertex 6.6513 -4.63489 16
      vertex 6.79792 -7.79792 16
      vertex 6.79792 -4.80208 16
    endloop
  endfacet
  facet normal 0 0 1
    outer loop
      vertex 6.6513 -4.63489 16
      vertex 6.6513 -7.96511 16
      vertex 6.79792 -7.79792 16
    endloop
  endfacet
  facet normal 0 0 1
    outer loop
      vertex 6.52776 -4.45 16
      vertex 6.6513 -7.96511 16
      vertex 6.6513 -4.63489 16
    endloop
  endfacet
  facet normal 0 0 1
    outer loop
      vertex 6.52776 -4.45 16
      vertex 6.52776 -8.15 16
      vertex 6.6513 -7.96511 16
    endloop
  endfacet
  facet normal 0 0 1
    outer loop
      vertex 6.4294 -4.25056 16
      vertex 6.52776 -8.15 16
      vertex 6.52776 -4.45 16
    endloop
  endfacet
  facet normal 0 0 1
    outer loop
      vertex 6.4294 -4.25056 16
      vertex 6.4294 -8.34944 16
      vertex 6.52776 -8.15 16
    endloop
  endfacet
  facet normal 0 0 1
    outer loop
      vertex 0 -12 16
      vertex 6.4294 -4.25056 16
      vertex 6.35793 -4.03999 16
    endloop
  endfacet
  facet normal 0 0 1
    outer loop
      vertex 6.4294 -4.25056 16
      vertex 0 -12 16
      vertex 6.4294 -8.34944 16
    endloop
  endfacet
  facet normal 0 0 1
    outer loop
      vertex 1.79999 0.00999451 16
      vertex 6.35793 -4.03999 16
      vertex 6.31454 -3.82189 16
    endloop
  endfacet
  facet normal 0 0 1
    outer loop
      vertex 6.4294 -8.34944 16
      vertex 0 -12 16
      vertex 6.35793 -8.56001 16
    endloop
  endfacet
  facet normal 0 0 1
    outer loop
      vertex 1.79999 0.00999451 16
      vertex 6.31454 -3.82189 16
      vertex 6.3 -3.6 16
    endloop
  endfacet
  facet normal 0 0 1
    outer loop
      vertex 6.35793 -8.56001 16
      vertex 0 -12 16
      vertex 6.31454 -8.7781 16
    endloop
  endfacet
  facet normal 0 0 1
    outer loop
      vertex 14.9987 0.00999451 16
      vertex 9.68546 -3.37811 16
      vertex 9.7 -3.6 16
    endloop
  endfacet
  facet normal 0 0 1
    outer loop
      vertex 14.9987 0.00999451 16
      vertex 9.64207 -3.16001 16
      vertex 9.68546 -3.37811 16
    endloop
  endfacet
  facet normal 0 0 1
    outer loop
      vertex 14.9987 0.00999451 16
      vertex 9.57059 -2.94944 16
      vertex 9.64207 -3.16001 16
    endloop
  endfacet
  facet normal 0 0 1
    outer loop
      vertex 14.9987 0.00999451 16
      vertex 9.47224 -2.75 16
      vertex 9.57059 -2.94944 16
    endloop
  endfacet
  facet normal 0 0 1
    outer loop
      vertex 14.9987 0.00999451 16
      vertex 9.3487 -2.56511 16
      vertex 9.47224 -2.75 16
    endloop
  endfacet
  facet normal 0 0 1
    outer loop
      vertex 14.9987 0.00999451 16
      vertex 9.20208 -2.39792 16
      vertex 9.3487 -2.56511 16
    endloop
  endfacet
  facet normal 0 0 1
    outer loop
      vertex 14.9987 0.00999451 16
      vertex 9.03489 -2.2513 16
      vertex 9.20208 -2.39792 16
    endloop
  endfacet
  facet normal 0 0 1
    outer loop
      vertex 14.9987 0.00999451 16
      vertex 8.85 -2.12776 16
      vertex 9.03489 -2.2513 16
    endloop
  endfacet
  facet normal 0 0 1
    outer loop
      vertex 14.9987 0.00999451 16
      vertex 8.65056 -2.0294 16
      vertex 8.85 -2.12776 16
    endloop
  endfacet
  facet normal 0 0 1
    outer loop
      vertex 14.9987 0.00999451 16
      vertex 8.43999 -1.95793 16
      vertex 8.65056 -2.0294 16
    endloop
  endfacet
  facet normal 0 0 1
    outer loop
      vertex 14.9987 0.00999451 16
      vertex 8.22189 -1.91454 16
      vertex 8.43999 -1.95793 16
    endloop
  endfacet
  facet normal 0 0 1
    outer loop
      vertex 14.9987 0.00999451 16
      vertex 8 -1.9 16
      vertex 8.22189 -1.91454 16
    endloop
  endfacet
  facet normal -0 0 1
    outer loop
      vertex 1.79999 0.00999451 16
      vertex 8 -1.9 16
      vertex 14.9987 0.00999451 16
    endloop
  endfacet
  facet normal 0 0 1
    outer loop
      vertex 8 -1.9 16
      vertex 1.79999 0.00999451 16
      vertex 7.7781 -1.91454 16
    endloop
  endfacet
  facet normal 0 0 1
    outer loop
      vertex 6.35793 -4.03999 16
      vertex 1.79999 0.00999451 16
      vertex 0 -12 16
    endloop
  endfacet
  facet normal 0 0 1
    outer loop
      vertex 6.31454 -3.37811 16
      vertex 1.79999 0.00999451 16
      vertex 6.3 -3.6 16
    endloop
  endfacet
  facet normal 0 0 1
    outer loop
      vertex 6.35793 -3.16001 16
      vertex 1.79999 0.00999451 16
      vertex 6.31454 -3.37811 16
    endloop
  endfacet
  facet normal 0 0 1
    outer loop
      vertex 6.4294 -2.94944 16
      vertex 1.79999 0.00999451 16
      vertex 6.35793 -3.16001 16
    endloop
  endfacet
  facet normal 0 0 1
    outer loop
      vertex 6.52776 -2.75 16
      vertex 1.79999 0.00999451 16
      vertex 6.4294 -2.94944 16
    endloop
  endfacet
  facet normal 0 0 1
    outer loop
      vertex 6.6513 -2.56511 16
      vertex 1.79999 0.00999451 16
      vertex 6.52776 -2.75 16
    endloop
  endfacet
  facet normal 0 0 1
    outer loop
      vertex 6.79792 -2.39792 16
      vertex 1.79999 0.00999451 16
      vertex 6.6513 -2.56511 16
    endloop
  endfacet
  facet normal 0 0 1
    outer loop
      vertex 6.96511 -2.2513 16
      vertex 1.79999 0.00999451 16
      vertex 6.79792 -2.39792 16
    endloop
  endfacet
  facet normal 0 0 1
    outer loop
      vertex 7.15 -2.12776 16
      vertex 1.79999 0.00999451 16
      vertex 6.96511 -2.2513 16
    endloop
  endfacet
  facet normal 0 0 1
    outer loop
      vertex 7.34944 -2.0294 16
      vertex 1.79999 0.00999451 16
      vertex 7.15 -2.12776 16
    endloop
  endfacet
  facet normal 0 0 1
    outer loop
      vertex 7.56001 -1.95793 16
      vertex 1.79999 0.00999451 16
      vertex 7.34944 -2.0294 16
    endloop
  endfacet
  facet normal 0 0 1
    outer loop
      vertex 7.7781 -1.91454 16
      vertex 1.79999 0.00999451 16
      vertex 7.56001 -1.95793 16
    endloop
  endfacet
  facet normal 0 0 1
    outer loop
      vertex 15.9987 0.00999451 16
      vertex 13.3926 12.8589 16
      vertex 14.9987 0.00999451 16
    endloop
  endfacet
  facet normal 0 0 1
    outer loop
      vertex 15.9987 0.00999451 16
      vertex 13.2925 13.6603 16
      vertex 13.3926 12.8589 16
    endloop
  endfacet
  facet normal 0 0 1
    outer loop
      vertex 15.9987 0.00999451 16
      vertex 12.2134 22.2929 16
      vertex 13.2925 13.6603 16
    endloop
  endfacet
  facet normal 0 0 1
    outer loop
      vertex 15.9987 0.00999451 16
      vertex 12.1132 23.0943 16
      vertex 12.2134 22.2929 16
    endloop
  endfacet
  facet normal 0 0 1
    outer loop
      vertex 15.9987 0.00999451 16
      vertex 11.0341 31.727 16
      vertex 12.1132 23.0943 16
    endloop
  endfacet
  facet normal 0 0 1
    outer loop
      vertex 15.9987 0.00999451 16
      vertex 10.934 32.5283 16
      vertex 11.0341 31.727 16
    endloop
  endfacet
  facet normal 0 0 1
    outer loop
      vertex 15.9987 0.00999451 16
      vertex 9.85487 41.161 16
      vertex 10.934 32.5283 16
    endloop
  endfacet
  facet normal 0 0 1
    outer loop
      vertex 15.9987 0.00999451 16
      vertex 9.7547 41.9624 16
      vertex 9.85487 41.161 16
    endloop
  endfacet
  facet normal 0 0 1
    outer loop
      vertex 15.9987 0.00999451 16
      vertex 8.67563 50.595 16
      vertex 9.7547 41.9624 16
    endloop
  endfacet
  facet normal 0 0 1
    outer loop
      vertex 15.9987 0.00999451 16
      vertex 8.57545 51.3964 16
      vertex 8.67563 50.595 16
    endloop
  endfacet
  facet normal 0 0 1
    outer loop
      vertex 5 88 16
      vertex 8.57545 51.3964 16
      vertex 15.9987 0.00999451 16
    endloop
  endfacet
  facet normal 0 0 1
    outer loop
      vertex 8.57545 51.3964 16
      vertex 5 88 16
      vertex 7.49637 60.029 16
    endloop
  endfacet
  facet normal 0 0 1
    outer loop
      vertex 7.49637 60.029 16
      vertex 5 88 16
      vertex 7.39619 60.8304 16
    endloop
  endfacet
  facet normal 0 0 1
    outer loop
      vertex 7.39619 60.8304 16
      vertex 5 88 16
      vertex 6.31712 69.463 16
    endloop
  endfacet
  facet normal 0 0 1
    outer loop
      vertex 6.31712 69.463 16
      vertex 5 88 16
      vertex 6.21695 70.2644 16
    endloop
  endfacet
  facet normal 0 0 1
    outer loop
      vertex 5 88 16
      vertex 4.75 82 16
      vertex 6.21695 70.2644 16
    endloop
  endfacet
  facet normal 0 0 1
    outer loop
      vertex 5 88 16
      vertex 1.79999 82 16
      vertex 4.75 82 16
    endloop
  endfacet
  facet normal 0 0 1
    outer loop
      vertex 0 88 16
      vertex 1.79999 69.0809 16
      vertex 1.79999 82 16
    endloop
  endfacet
  facet normal 0 0 1
    outer loop
      vertex 1.79999 69.0809 16
      vertex 0 88 16
      vertex 1.79999 68.2527 16
    endloop
  endfacet
  facet normal 0 0 1
    outer loop
      vertex 1.79999 68.2527 16
      vertex 0 88 16
      vertex 1.79999 59.3309 16
    endloop
  endfacet
  facet normal 0 0 1
    outer loop
      vertex 1.79999 59.3309 16
      vertex 0 88 16
      vertex 1.79999 58.5027 16
    endloop
  endfacet
  facet normal 0 0 1
    outer loop
      vertex 1.79999 58.5027 16
      vertex 0 88 16
      vertex 1.79999 49.5809 16
    endloop
  endfacet
  facet normal 0 0 1
    outer loop
      vertex 1.79999 49.5809 16
      vertex 0 88 16
      vertex 1.79999 48.7527 16
    endloop
  endfacet
  facet normal 0 0 1
    outer loop
      vertex 1.79999 48.7527 16
      vertex 0 88 16
      vertex 1.79999 39.8309 16
    endloop
  endfacet
  facet normal 0 0 1
    outer loop
      vertex 1.79999 39.8309 16
      vertex 0 88 16
      vertex 1.79999 39.0027 16
    endloop
  endfacet
  facet normal 0 0 1
    outer loop
      vertex 1.79999 39.0027 16
      vertex 0 88 16
      vertex 1.79999 30.0809 16
    endloop
  endfacet
  facet normal 0 0 1
    outer loop
      vertex 0 -12 16
      vertex 1.79999 30.0809 16
      vertex 0 88 16
    endloop
  endfacet
  facet normal 0 0 1
    outer loop
      vertex 1.79999 30.0809 16
      vertex 0 -12 16
      vertex 1.79999 29.2527 16
    endloop
  endfacet
  facet normal 0 0 1
    outer loop
      vertex 1.79999 29.2527 16
      vertex 0 -12 16
      vertex 1.79999 20.3309 16
    endloop
  endfacet
  facet normal 0 0 1
    outer loop
      vertex 1.79999 20.3309 16
      vertex 0 -12 16
      vertex 1.79999 19.5027 16
    endloop
  endfacet
  facet normal 0 0 1
    outer loop
      vertex 1.79999 19.5027 16
      vertex 0 -12 16
      vertex 1.79999 10.5809 16
    endloop
  endfacet
  facet normal 0 0 1
    outer loop
      vertex 1.79999 10.5809 16
      vertex 0 -12 16
      vertex 1.79999 9.75269 16
    endloop
  endfacet
  facet normal -0 0 1
    outer loop
      vertex 0 88 16
      vertex 1.79999 82 16
      vertex 5 88 16
    endloop
  endfacet
  facet normal -0 0 1
    outer loop
      vertex 15.9987 0.00999451 16
      vertex 16 -12 16
      vertex 16 0.00999451 16
    endloop
  endfacet
  facet normal -0 0 1
    outer loop
      vertex 14.9987 0.00999451 16
      vertex 16 -12 16
      vertex 15.9987 0.00999451 16
    endloop
  endfacet
  facet normal 0 0 1
    outer loop
      vertex 9.68546 -3.82189 16
      vertex 14.9987 0.00999451 16
      vertex 9.7 -3.6 16
    endloop
  endfacet
  facet normal 0 0 1
    outer loop
      vertex 9.64207 -4.03999 16
      vertex 14.9987 0.00999451 16
      vertex 9.68546 -3.82189 16
    endloop
  endfacet
  facet normal -0 0 1
    outer loop
      vertex 9.68546 -9.22189 16
      vertex 16 -12 16
      vertex 9.7 -9 16
    endloop
  endfacet
  facet normal -0 0 1
    outer loop
      vertex 9.64207 -9.43999 16
      vertex 16 -12 16
      vertex 9.68546 -9.22189 16
    endloop
  endfacet
  facet normal -0 0 1
    outer loop
      vertex 9.57059 -9.65056 16
      vertex 16 -12 16
      vertex 9.64207 -9.43999 16
    endloop
  endfacet
  facet normal -0 0 1
    outer loop
      vertex 9.47224 -9.85 16
      vertex 16 -12 16
      vertex 9.57059 -9.65056 16
    endloop
  endfacet
  facet normal -0 0 1
    outer loop
      vertex 9.3487 -10.0349 16
      vertex 16 -12 16
      vertex 9.47224 -9.85 16
    endloop
  endfacet
  facet normal -0 0 1
    outer loop
      vertex 9.20208 -10.2021 16
      vertex 16 -12 16
      vertex 9.3487 -10.0349 16
    endloop
  endfacet
  facet normal -0 0 1
    outer loop
      vertex 9.03489 -10.3487 16
      vertex 16 -12 16
      vertex 9.20208 -10.2021 16
    endloop
  endfacet
  facet normal -0 0 1
    outer loop
      vertex 8.85 -10.4722 16
      vertex 16 -12 16
      vertex 9.03489 -10.3487 16
    endloop
  endfacet
  facet normal -0 0 1
    outer loop
      vertex 8.65056 -10.5706 16
      vertex 16 -12 16
      vertex 8.85 -10.4722 16
    endloop
  endfacet
  facet normal -0 0 1
    outer loop
      vertex 8.43999 -10.6421 16
      vertex 16 -12 16
      vertex 8.65056 -10.5706 16
    endloop
  endfacet
  facet normal -0 0 1
    outer loop
      vertex 8.22189 -10.6855 16
      vertex 16 -12 16
      vertex 8.43999 -10.6421 16
    endloop
  endfacet
  facet normal -0 0 1
    outer loop
      vertex 8 -10.7 16
      vertex 16 -12 16
      vertex 8.22189 -10.6855 16
    endloop
  endfacet
  facet normal 0 0 1
    outer loop
      vertex 0 -12 16
      vertex 8 -10.7 16
      vertex 7.7781 -10.6855 16
    endloop
  endfacet
  facet normal 0 0 1
    outer loop
      vertex 6.31454 -8.7781 16
      vertex 0 -12 16
      vertex 6.3 -9 16
    endloop
  endfacet
  facet normal 0 0 1
    outer loop
      vertex 6.3 -9 16
      vertex 0 -12 16
      vertex 6.31454 -9.22189 16
    endloop
  endfacet
  facet normal 0 0 1
    outer loop
      vertex 6.31454 -9.22189 16
      vertex 0 -12 16
      vertex 6.35793 -9.43999 16
    endloop
  endfacet
  facet normal 0 0 1
    outer loop
      vertex 8 -10.7 16
      vertex 0 -12 16
      vertex 16 -12 16
    endloop
  endfacet
  facet normal 0 0 1
    outer loop
      vertex 7.56001 -10.6421 16
      vertex 0 -12 16
      vertex 7.7781 -10.6855 16
    endloop
  endfacet
  facet normal 0 0 1
    outer loop
      vertex 7.34944 -10.5706 16
      vertex 0 -12 16
      vertex 7.56001 -10.6421 16
    endloop
  endfacet
  facet normal 0 0 1
    outer loop
      vertex 7.15 -10.4722 16
      vertex 0 -12 16
      vertex 7.34944 -10.5706 16
    endloop
  endfacet
  facet normal 0 0 1
    outer loop
      vertex 6.96511 -10.3487 16
      vertex 0 -12 16
      vertex 7.15 -10.4722 16
    endloop
  endfacet
  facet normal 0 0 1
    outer loop
      vertex 6.79792 -10.2021 16
      vertex 0 -12 16
      vertex 6.96511 -10.3487 16
    endloop
  endfacet
  facet normal 0 0 1
    outer loop
      vertex 6.6513 -10.0349 16
      vertex 0 -12 16
      vertex 6.79792 -10.2021 16
    endloop
  endfacet
  facet normal 0 0 1
    outer loop
      vertex 6.52776 -9.85 16
      vertex 0 -12 16
      vertex 6.6513 -10.0349 16
    endloop
  endfacet
  facet normal 0 0 1
    outer loop
      vertex 6.4294 -9.65056 16
      vertex 0 -12 16
      vertex 6.52776 -9.85 16
    endloop
  endfacet
  facet normal 0 0 1
    outer loop
      vertex 6.35793 -9.43999 16
      vertex 0 -12 16
      vertex 6.4294 -9.65056 16
    endloop
  endfacet
  facet normal 0 0 1
    outer loop
      vertex 1.79999 9.75269 16
      vertex 0 -12 16
      vertex 1.79999 0.00999451 16
    endloop
  endfacet
  facet normal 0 0 1
    outer loop
      vertex 1.79999 10.5809 16
      vertex 13.3926 12.8589 16
      vertex 13.2925 13.6603 16
    endloop
  endfacet
  facet normal 0 0 1
    outer loop
      vertex 13.3926 12.8589 16
      vertex 1.79999 10.5809 16
      vertex 1.79999 9.75269 16
    endloop
  endfacet
  facet normal 0 0 1
    outer loop
      vertex 1.79999 20.3309 16
      vertex 12.2134 22.2929 16
      vertex 12.1132 23.0943 16
    endloop
  endfacet
  facet normal 0 0 1
    outer loop
      vertex 12.2134 22.2929 16
      vertex 1.79999 20.3309 16
      vertex 1.79999 19.5027 16
    endloop
  endfacet
  facet normal 0 0 1
    outer loop
      vertex 1.79999 30.0809 16
      vertex 11.0341 31.727 16
      vertex 10.934 32.5283 16
    endloop
  endfacet
  facet normal 0 0 1
    outer loop
      vertex 11.0341 31.727 16
      vertex 1.79999 30.0809 16
      vertex 1.79999 29.2527 16
    endloop
  endfacet
  facet normal 0 0 1
    outer loop
      vertex 1.79999 39.8309 16
      vertex 9.85487 41.161 16
      vertex 9.7547 41.9624 16
    endloop
  endfacet
  facet normal 0 0 1
    outer loop
      vertex 9.85487 41.161 16
      vertex 1.79999 39.8309 16
      vertex 1.79999 39.0027 16
    endloop
  endfacet
  facet normal 0 0 1
    outer loop
      vertex 1.79999 49.5809 16
      vertex 8.67563 50.595 16
      vertex 8.57545 51.3964 16
    endloop
  endfacet
  facet normal 0 0 1
    outer loop
      vertex 8.67563 50.595 16
      vertex 1.79999 49.5809 16
      vertex 1.79999 48.7527 16
    endloop
  endfacet
  facet normal 0 0 1
    outer loop
      vertex 1.79999 59.3309 16
      vertex 7.49637 60.029 16
      vertex 7.39619 60.8304 16
    endloop
  endfacet
  facet normal 0 0 1
    outer loop
      vertex 7.49637 60.029 16
      vertex 1.79999 59.3309 16
      vertex 1.79999 58.5027 16
    endloop
  endfacet
  facet normal 1 -0 0
    outer loop
      vertex 16 -12 16
      vertex 16 0.00999451 0
      vertex 16 0.00999451 16
    endloop
  endfacet
  facet normal 1 0 0
    outer loop
      vertex 16 0.00999451 0
      vertex 16 -12 16
      vertex 16 -12 0
    endloop
  endfacet
  facet normal 0 1 -0
    outer loop
      vertex 16 0.00999451 0
      vertex 15.9987 0.00999451 16
      vertex 16 0.00999451 16
    endloop
  endfacet
  facet normal 0 1 0
    outer loop
      vertex 15.9987 0.00999451 16
      vertex 16 0.00999451 0
      vertex 15.9987 0.00999451 0
    endloop
  endfacet
  facet normal 0.992278 0.124035 0
    outer loop
      vertex 5 88 16
      vertex 6.35003 77.1998 8
      vertex 5 88 0
    endloop
  endfacet
  facet normal 0.992281 0.124013 2.98432e-05
    outer loop
      vertex 5 88 16
      vertex 6.35145 77.1884 8.15798
      vertex 6.35003 77.1998 8
    endloop
  endfacet
  facet normal 0.992262 0.12416 -0.000175835
    outer loop
      vertex 5 88 16
      vertex 6.35182 77.1855 8.1982
      vertex 6.35145 77.1884 8.15798
    endloop
  endfacet
  facet normal 0.992273 0.124074 -5.38957e-05
    outer loop
      vertex 5 88 16
      vertex 6.35291 77.1768 8.23784
      vertex 6.35182 77.1855 8.1982
    endloop
  endfacet
  facet normal 0.992281 0.124006 4.18778e-05
    outer loop
      vertex 5 88 16
      vertex 6.35714 77.1429 8.39198
      vertex 6.35291 77.1768 8.23784
    endloop
  endfacet
  facet normal 0.992279 0.124026 1.35222e-05
    outer loop
      vertex 5 88 16
      vertex 6.364 77.088 8.53789
      vertex 6.35714 77.1429 8.39198
    endloop
  endfacet
  facet normal 0.992295 0.123899 0.000201151
    outer loop
      vertex 5 88 16
      vertex 6.36584 77.0732 8.5771
      vertex 6.364 77.088 8.53789
    endloop
  endfacet
  facet normal 0.99225 0.12426 -0.000338544
    outer loop
      vertex 5 88 16
      vertex 6.36842 77.0527 8.61452
      vertex 6.36584 77.0732 8.5771
    endloop
  endfacet
  facet normal 0.992281 0.124009 4.04535e-05
    outer loop
      vertex 5 88 16
      vertex 6.3777 76.9784 8.74961
      vertex 6.36842 77.0527 8.61452
    endloop
  endfacet
  facet normal 0.992275 0.124062 -4.13668e-05
    outer loop
      vertex 5 88 16
      vertex 6.38902 76.8879 8.86998
      vertex 6.3777 76.9784 8.74961
    endloop
  endfacet
  facet normal 0.992274 0.124065 -4.60816e-05
    outer loop
      vertex 5 88 16
      vertex 6.39241 76.8608 8.90603
      vertex 6.38902 76.8879 8.86998
    endloop
  endfacet
  facet normal 0.992296 0.123891 0.000231087
    outer loop
      vertex 5 88 16
      vertex 6.39651 76.8279 8.93888
      vertex 6.39241 76.8608 8.90603
    endloop
  endfacet
  facet normal 0.992274 0.124062 -4.37724e-05
    outer loop
      vertex 5 88 16
      vertex 6.40958 76.7234 9.04338
      vertex 6.39651 76.8279 8.93888
    endloop
  endfacet
  facet normal 0.992271 0.124091 -9.24678e-05
    outer loop
      vertex 5 88 16
      vertex 6.41446 76.6844 9.07279
      vertex 6.40958 76.7234 9.04338
    endloop
  endfacet
  facet normal 0.992283 0.123997 6.3926e-05
    outer loop
      vertex 5 88 16
      vertex 6.4288 76.5696 9.15931
      vertex 6.41446 76.6844 9.07279
    endloop
  endfacet
  facet normal 0.992282 0.124003 5.32058e-05
    outer loop
      vertex 5 88 16
      vertex 6.44393 76.4485 9.22671
      vertex 6.4288 76.5696 9.15931
    endloop
  endfacet
  facet normal 0.992264 0.124144 -0.000190879
    outer loop
      vertex 5 88 16
      vertex 6.44964 76.4029 9.25211
      vertex 6.44393 76.4485 9.22671
    endloop
  endfacet
  facet normal 0.992275 0.124058 -4.07492e-05
    outer loop
      vertex 5 88 16
      vertex 6.46522 76.2783 9.30071
      vertex 6.44964 76.4029 9.25211
    endloop
  endfacet
  facet normal 0.992296 0.123893 0.000252311
    outer loop
      vertex 5 88 16
      vertex 6.47162 76.227 9.32068
      vertex 6.46522 76.2783 9.30071
    endloop
  endfacet
  facet normal 0.992266 0.124127 -0.000165638
    outer loop
      vertex 5 88 16
      vertex 6.47859 76.1713 9.33415
      vertex 6.47162 76.227 9.32068
    endloop
  endfacet
  facet normal 0.99228 0.124021 2.47719e-05
    outer loop
      vertex 5 88 16
      vertex 6.4943 76.0456 9.36452
      vertex 6.47859 76.1713 9.33415
    endloop
  endfacet
  facet normal 0.992282 0.124001 6.25975e-05
    outer loop
      vertex 5 88 16
      vertex 6.50181 75.9855 9.37079
      vertex 6.4943 76.0456 9.36452
    endloop
  endfacet
  facet normal 0.992272 0.124085 -9.22791e-05
    outer loop
      vertex 5 88 16
      vertex 6.51723 75.8622 9.38368
      vertex 6.50181 75.9855 9.37079
    endloop
  endfacet
  facet normal 0.992293 0.123913 0.000227107
    outer loop
      vertex 5 88 16
      vertex 6.52516 75.7987 9.38195
      vertex 6.51723 75.8622 9.38368
    endloop
  endfacet
  facet normal 0.992275 0.124056 -4.09663e-05
    outer loop
      vertex 5 88 16
      vertex 6.54 75.68 9.37871
      vertex 6.52516 75.7987 9.38195
    endloop
  endfacet
  facet normal 0.992286 0.123973 0.000116627
    outer loop
      vertex 5 88 16
      vertex 6.55402 75.5678 9.36095
      vertex 6.54 75.68 9.37871
    endloop
  endfacet
  facet normal 0.992251 0.124247 -0.000403897
    outer loop
      vertex 5 88 16
      vertex 6.56223 75.5022 9.35055
      vertex 6.55402 75.5678 9.36095
    endloop
  endfacet
  facet normal 0.992278 0.124034 2.00314e-06
    outer loop
      vertex 7.4843 68.1256 9.36452
      vertex 6.56223 75.5022 9.35055
      vertex 5 88 16
    endloop
  endfacet
  facet normal 0.992278 0.124034 7.95219e-05
    outer loop
      vertex 7.46859 68.2513 9.33415
      vertex 6.56223 75.5022 9.35055
      vertex 7.4843 68.1256 9.36452
    endloop
  endfacet
  facet normal 0.992278 0.124036 -0.000548775
    outer loop
      vertex 7.46162 68.307 9.32068
      vertex 6.56223 75.5022 9.35055
      vertex 7.46859 68.2513 9.33415
    endloop
  endfacet
  facet normal 0.992278 0.124034 -0.000242089
    outer loop
      vertex 6.56223 75.5022 9.35055
      vertex 7.46162 68.307 9.32068
      vertex 6.57526 75.3979 9.31997
    endloop
  endfacet
  facet normal 0.992278 0.124035 -6.54065e-05
    outer loop
      vertex 7.4188 68.6496 9.15932
      vertex 6.6117 75.1064 9.19182
      vertex 6.60369 75.1705 9.23007
    endloop
  endfacet
  facet normal 0.992278 0.124036 -4.41588e-05
    outer loop
      vertex 7.39958 68.8034 9.04338
      vertex 6.63176 74.9459 9.08232
      vertex 6.62235 75.0212 9.14104
    endloop
  endfacet
  facet normal 0.992278 0.124033 -0.000212068
    outer loop
      vertex 7.3824 68.9408 8.90603
      vertex 6.66117 74.7106 8.84502
      vertex 6.65436 74.7652 8.91485
    endloop
  endfacet
  facet normal 0.992278 0.124035 0
    outer loop
      vertex 7.3677 69.0584 8.74961
      vertex 6.67265 74.6188 8.71122
      vertex 6.66735 74.6612 8.78174
    endloop
  endfacet
  facet normal 0.992278 0.124033 0.000222582
    outer loop
      vertex 7.34714 69.2229 8.39198
      vertex 6.68967 74.4827 8.40775
      vertex 6.68664 74.5068 8.48594
    endloop
  endfacet
  facet normal 0.992278 0.124033 0.000148729
    outer loop
      vertex 7.34182 69.2655 8.1982
      vertex 6.69467 74.4427 8.24395
      vertex 6.69277 74.4578 8.32748
    endloop
  endfacet
  facet normal 0.992278 0.124036 -8.7644e-05
    outer loop
      vertex 7.34039 69.2769 8.04011
      vertex 6.6971 74.4232 8.07981
      vertex 6.69647 74.4283 8.16479
    endloop
  endfacet
  facet normal 0.992278 0.124035 -2.90044e-08
    outer loop
      vertex 6.6971 74.4232 8.07981
      vertex 7.34039 69.2769 8.04011
      vertex 6.6977 74.4184 8
    endloop
  endfacet
  facet normal 0.992278 0.124035 -2.23049e-14
    outer loop
      vertex 6.69467 74.4427 8.24395
      vertex 7.34182 69.2655 8.1982
      vertex 6.69647 74.4283 8.16479
    endloop
  endfacet
  facet normal 0.992278 0.124034 -0.000154373
    outer loop
      vertex 6.68967 74.4827 8.40775
      vertex 7.34714 69.2229 8.39198
      vertex 6.69277 74.4578 8.32748
    endloop
  endfacet
  facet normal 0.992278 0.124033 -0.000129694
    outer loop
      vertex 7.35584 69.1532 8.5771
      vertex 6.68664 74.5068 8.48594
      vertex 6.6824 74.5408 8.56187
    endloop
  endfacet
  facet normal 0.992278 0.124033 0.000130894
    outer loop
      vertex 7.35584 69.1532 8.5771
      vertex 6.6824 74.5408 8.56187
      vertex 6.67814 74.5748 8.63806
    endloop
  endfacet
  facet normal 0.992278 0.124034 -0.00013507
    outer loop
      vertex 6.67265 74.6188 8.71122
      vertex 7.3677 69.0584 8.74961
      vertex 6.67814 74.5748 8.63806
    endloop
  endfacet
  facet normal 0.992278 0.124037 7.64582e-05
    outer loop
      vertex 6.66117 74.7106 8.84502
      vertex 7.37902 68.9679 8.86998
      vertex 6.66735 74.6612 8.78174
    endloop
  endfacet
  facet normal 0.992278 0.124033 0.000117135
    outer loop
      vertex 7.3824 68.9408 8.90603
      vertex 6.65436 74.7652 8.91485
      vertex 6.64629 74.8297 8.97942
    endloop
  endfacet
  facet normal 0.992278 0.124035 4.45719e-05
    outer loop
      vertex 7.3954 68.8368 9.00999
      vertex 6.64629 74.8297 8.97942
      vertex 6.6393 74.8856 9.03531
    endloop
  endfacet
  facet normal 0.992278 0.124036 5.16353e-05
    outer loop
      vertex 6.63176 74.9459 9.08232
      vertex 7.39958 68.8034 9.04338
      vertex 6.6393 74.8856 9.03531
    endloop
  endfacet
  facet normal 0.992278 0.124035 -4.65929e-16
    outer loop
      vertex 6.6117 75.1064 9.19182
      vertex 7.4188 68.6496 9.15932
      vertex 6.62235 75.0212 9.14104
    endloop
  endfacet
  facet normal 0.992278 0.124034 1.19207e-06
    outer loop
      vertex 6.57526 75.3979 9.31997
      vertex 7.46162 68.307 9.32068
      vertex 6.58356 75.3315 9.30049
    endloop
  endfacet
  facet normal 0.992278 0.124036 6.19171e-05
    outer loop
      vertex 6.6977 74.4184 8
      vertex 7.34039 69.2769 8.04011
      vertex 7.34003 69.2798 8
    endloop
  endfacet
  facet normal 0.992278 0.124035 -3.1398e-05
    outer loop
      vertex 6.69647 74.4283 8.16479
      vertex 7.34182 69.2655 8.1982
      vertex 7.34039 69.2769 8.04011
    endloop
  endfacet
  facet normal 0.992278 0.124036 3.25947e-05
    outer loop
      vertex 6.69277 74.4578 8.32748
      vertex 7.34604 69.2317 8.35205
      vertex 7.34182 69.2655 8.1982
    endloop
  endfacet
  facet normal 0.992278 0.124036 3.1416e-07
    outer loop
      vertex 6.69277 74.4578 8.32748
      vertex 7.34714 69.2229 8.39198
      vertex 7.34604 69.2317 8.35205
    endloop
  endfacet
  facet normal 0.992278 0.124037 1.77659e-05
    outer loop
      vertex 6.68664 74.5068 8.48594
      vertex 7.354 69.168 8.53789
      vertex 7.34714 69.2229 8.39198
    endloop
  endfacet
  facet normal 0.992277 0.124039 0.000254704
    outer loop
      vertex 6.68664 74.5068 8.48594
      vertex 7.35584 69.1532 8.5771
      vertex 7.354 69.168 8.53789
    endloop
  endfacet
  facet normal 0.992277 0.12404 -0.000461212
    outer loop
      vertex 6.67814 74.5748 8.63806
      vertex 7.35842 69.1327 8.61452
      vertex 7.35584 69.1532 8.5771
    endloop
  endfacet
  facet normal 0.992278 0.124038 5.67099e-05
    outer loop
      vertex 6.67814 74.5748 8.63806
      vertex 7.3677 69.0584 8.74961
      vertex 7.35842 69.1327 8.61452
    endloop
  endfacet
  facet normal 0.992278 0.124035 -6.15613e-05
    outer loop
      vertex 6.66735 74.6612 8.78174
      vertex 7.37902 68.9679 8.86998
      vertex 7.3677 69.0584 8.74961
    endloop
  endfacet
  facet normal 0.992277 0.124038 0.000208743
    outer loop
      vertex 6.66117 74.7106 8.84502
      vertex 7.3824 68.9408 8.90603
      vertex 7.37902 68.9679 8.86998
    endloop
  endfacet
  facet normal 0.992278 0.124034 -4.16222e-07
    outer loop
      vertex 6.64629 74.8297 8.97942
      vertex 7.3954 68.8368 9.00999
      vertex 7.3824 68.9408 8.90603
    endloop
  endfacet
  facet normal 0.992278 0.124035 -0.000147969
    outer loop
      vertex 6.6393 74.8856 9.03531
      vertex 7.39958 68.8034 9.04338
      vertex 7.3954 68.8368 9.00999
    endloop
  endfacet
  facet normal 0.992277 0.124038 -0.000164219
    outer loop
      vertex 6.62235 75.0212 9.14104
      vertex 7.40446 68.7644 9.07279
      vertex 7.39958 68.8034 9.04338
    endloop
  endfacet
  facet normal 0.992278 0.124035 0.000115113
    outer loop
      vertex 6.62235 75.0212 9.14104
      vertex 7.4188 68.6496 9.15932
      vertex 7.40446 68.7644 9.07279
    endloop
  endfacet
  facet normal 0.992278 0.124033 0.000107651
    outer loop
      vertex 6.60369 75.1705 9.23007
      vertex 7.43393 68.5285 9.22671
      vertex 7.4188 68.6496 9.15932
    endloop
  endfacet
  facet normal 0.992278 0.124033 -0.000392986
    outer loop
      vertex 6.60369 75.1705 9.23007
      vertex 7.43964 68.4829 9.25211
      vertex 7.43393 68.5285 9.22671
    endloop
  endfacet
  facet normal 0.992278 0.124034 -0.00017116
    outer loop
      vertex 6.59547 75.2363 9.25884
      vertex 7.43964 68.4829 9.25211
      vertex 6.60369 75.1705 9.23007
    endloop
  endfacet
  facet normal 0.992278 0.124034 0.000240469
    outer loop
      vertex 6.58356 75.3315 9.30049
      vertex 7.43964 68.4829 9.25211
      vertex 6.59547 75.2363 9.25884
    endloop
  endfacet
  facet normal 0.992278 0.124036 -9.84459e-05
    outer loop
      vertex 7.43964 68.4829 9.25211
      vertex 6.58356 75.3315 9.30049
      vertex 7.45522 68.3583 9.30071
    endloop
  endfacet
  facet normal 0.992278 0.124036 0.000624811
    outer loop
      vertex 7.45522 68.3583 9.30071
      vertex 6.58356 75.3315 9.30049
      vertex 7.46162 68.307 9.32068
    endloop
  endfacet
  facet normal 0.992282 0.124004 9.41957e-05
    outer loop
      vertex 5 88 16
      vertex 7.49181 68.0655 9.37079
      vertex 7.4843 68.1256 9.36452
    endloop
  endfacet
  facet normal 0.992272 0.12408 -0.000138373
    outer loop
      vertex 5 88 16
      vertex 7.50723 67.9422 9.38368
      vertex 7.49181 68.0655 9.37079
    endloop
  endfacet
  facet normal 0.992294 0.123909 0.000388104
    outer loop
      vertex 5 88 16
      vertex 7.51516 67.8787 9.38195
      vertex 7.50723 67.9422 9.38368
    endloop
  endfacet
  facet normal 0.992275 0.124057 -6.96991e-05
    outer loop
      vertex 5 88 16
      vertex 7.53 67.76 9.37871
      vertex 7.51516 67.8787 9.38195
    endloop
  endfacet
  facet normal 0.992278 0.124035 -1.95615e-06
    outer loop
      vertex 8.49723 60.0222 9.38368
      vertex 7.53 67.76 9.37871
      vertex 5 88 16
    endloop
  endfacet
  facet normal 0.992278 0.124035 -0.000574751
    outer loop
      vertex 8.48181 60.1455 9.37079
      vertex 7.53 67.76 9.37871
      vertex 8.49723 60.0222 9.38368
    endloop
  endfacet
  facet normal 0.992278 0.124034 0.000388648
    outer loop
      vertex 8.4743 60.2056 9.36452
      vertex 7.53 67.76 9.37871
      vertex 8.48181 60.1455 9.37079
    endloop
  endfacet
  facet normal 0.992278 0.124035 -0.000282712
    outer loop
      vertex 7.53 67.76 9.37871
      vertex 8.4743 60.2056 9.36452
      vertex 7.54402 67.6478 9.36095
    endloop
  endfacet
  facet normal 0.992278 0.124034 4.55351e-05
    outer loop
      vertex 8.37651 60.9879 8.93888
      vertex 7.63629 66.9097 8.97942
      vertex 7.6293 66.9656 9.03531
    endloop
  endfacet
  facet normal 0.992278 0.124035 0
    outer loop
      vertex 8.3577 61.1384 8.74961
      vertex 7.66265 66.6988 8.71122
      vertex 7.65735 66.7412 8.78174
    endloop
  endfacet
  facet normal 0.992278 0.124033 0.000130877
    outer loop
      vertex 8.34584 61.2332 8.5771
      vertex 7.6724 66.6208 8.56187
      vertex 7.66814 66.6548 8.63807
    endloop
  endfacet
  facet normal 0.992278 0.124036 -8.7644e-05
    outer loop
      vertex 8.33039 61.3569 8.04011
      vertex 7.6871 66.5032 8.07981
      vertex 7.68647 66.5083 8.16479
    endloop
  endfacet
  facet normal 0.992278 0.124035 -2.90044e-08
    outer loop
      vertex 7.6871 66.5032 8.07981
      vertex 8.33039 61.3569 8.04011
      vertex 7.6877 66.4984 8
    endloop
  endfacet
  facet normal 0.992278 0.124035 1.18466e-14
    outer loop
      vertex 8.33182 61.3455 8.1982
      vertex 7.68647 66.5083 8.16479
      vertex 7.68467 66.5227 8.24395
    endloop
  endfacet
  facet normal 0.992278 0.124033 0.000148729
    outer loop
      vertex 8.33182 61.3455 8.1982
      vertex 7.68467 66.5227 8.24395
      vertex 7.68277 66.5378 8.32748
    endloop
  endfacet
  facet normal 0.992278 0.124034 -0.000154373
    outer loop
      vertex 8.33714 61.3029 8.39198
      vertex 7.68277 66.5378 8.32748
      vertex 7.67967 66.5627 8.40775
    endloop
  endfacet
  facet normal 0.992278 0.124033 0.000222582
    outer loop
      vertex 8.33714 61.3029 8.39198
      vertex 7.67967 66.5627 8.40775
      vertex 7.67664 66.5868 8.48594
    endloop
  endfacet
  facet normal 0.992278 0.124033 -0.000129694
    outer loop
      vertex 7.6724 66.6208 8.56187
      vertex 8.34584 61.2332 8.5771
      vertex 7.67664 66.5868 8.48594
    endloop
  endfacet
  facet normal 0.992278 0.124034 -0.000135089
    outer loop
      vertex 7.66265 66.6988 8.71122
      vertex 8.3577 61.1384 8.74961
      vertex 7.66814 66.6548 8.63807
    endloop
  endfacet
  facet normal 0.992278 0.124037 7.64582e-05
    outer loop
      vertex 8.36902 61.0479 8.86998
      vertex 7.65735 66.7412 8.78174
      vertex 7.65117 66.7906 8.84502
    endloop
  endfacet
  facet normal 0.992278 0.124037 -3.72309e-05
    outer loop
      vertex 8.37241 61.0208 8.90603
      vertex 7.65117 66.7906 8.84502
      vertex 7.64436 66.8451 8.91485
    endloop
  endfacet
  facet normal 0.992278 0.124034 -7.65233e-05
    outer loop
      vertex 7.63629 66.9097 8.97942
      vertex 8.37651 60.9879 8.93888
      vertex 7.64436 66.8451 8.91485
    endloop
  endfacet
  facet normal 0.992278 0.124036 5.16353e-05
    outer loop
      vertex 8.38958 60.8834 9.04338
      vertex 7.6293 66.9656 9.03531
      vertex 7.62176 67.0259 9.08232
    endloop
  endfacet
  facet normal 0.992278 0.124036 -4.41588e-05
    outer loop
      vertex 8.38958 60.8834 9.04338
      vertex 7.62176 67.0259 9.08232
      vertex 7.61235 67.1012 9.14104
    endloop
  endfacet
  facet normal 0.992278 0.124035 0
    outer loop
      vertex 8.4088 60.7296 9.15931
      vertex 7.61235 67.1012 9.14104
      vertex 7.6017 67.1864 9.19182
    endloop
  endfacet
  facet normal 0.992278 0.124035 -6.54066e-05
    outer loop
      vertex 8.4088 60.7296 9.15931
      vertex 7.6017 67.1864 9.19182
      vertex 7.59369 67.2505 9.23007
    endloop
  endfacet
  facet normal 0.992278 0.124034 -0.00017116
    outer loop
      vertex 8.42964 60.5629 9.25211
      vertex 7.59369 67.2505 9.23007
      vertex 7.58547 67.3163 9.25884
    endloop
  endfacet
  facet normal 0.992278 0.124034 0.000240469
    outer loop
      vertex 8.42964 60.5629 9.25211
      vertex 7.58547 67.3163 9.25884
      vertex 7.57356 67.4115 9.30049
    endloop
  endfacet
  facet normal 0.992277 0.124036 0.000947042
    outer loop
      vertex 7.54402 67.6478 9.36095
      vertex 8.4743 60.2056 9.36452
      vertex 7.55223 67.5822 9.35055
    endloop
  endfacet
  facet normal 0.992278 0.124036 6.19171e-05
    outer loop
      vertex 7.6877 66.4984 8
      vertex 8.33039 61.3569 8.04011
      vertex 8.33003 61.3598 8
    endloop
  endfacet
  facet normal 0.992278 0.124035 -3.1398e-05
    outer loop
      vertex 7.68647 66.5083 8.16479
      vertex 8.33182 61.3455 8.1982
      vertex 8.33039 61.3569 8.04011
    endloop
  endfacet
  facet normal 0.992278 0.124036 3.25947e-05
    outer loop
      vertex 7.68277 66.5378 8.32748
      vertex 8.33604 61.3117 8.35205
      vertex 8.33182 61.3455 8.1982
    endloop
  endfacet
  facet normal 0.992278 0.124036 3.1416e-07
    outer loop
      vertex 7.68277 66.5378 8.32748
      vertex 8.33714 61.3029 8.39198
      vertex 8.33604 61.3117 8.35205
    endloop
  endfacet
  facet normal 0.992278 0.124037 1.77659e-05
    outer loop
      vertex 7.67664 66.5868 8.48594
      vertex 8.344 61.248 8.53789
      vertex 8.33714 61.3029 8.39198
    endloop
  endfacet
  facet normal 0.992277 0.124039 0.000254704
    outer loop
      vertex 7.67664 66.5868 8.48594
      vertex 8.34584 61.2332 8.5771
      vertex 8.344 61.248 8.53789
    endloop
  endfacet
  facet normal 0.992277 0.12404 -0.000461211
    outer loop
      vertex 7.66814 66.6548 8.63807
      vertex 8.34842 61.2127 8.61452
      vertex 8.34584 61.2332 8.5771
    endloop
  endfacet
  facet normal 0.992278 0.124038 5.67098e-05
    outer loop
      vertex 7.66814 66.6548 8.63807
      vertex 8.3577 61.1384 8.74961
      vertex 8.34842 61.2127 8.61452
    endloop
  endfacet
  facet normal 0.992278 0.124035 -6.15613e-05
    outer loop
      vertex 7.65735 66.7412 8.78174
      vertex 8.36902 61.0479 8.86998
      vertex 8.3577 61.1384 8.74961
    endloop
  endfacet
  facet normal 0.992278 0.124037 -6.74092e-05
    outer loop
      vertex 7.65117 66.7906 8.84502
      vertex 8.37241 61.0208 8.90603
      vertex 8.36902 61.0479 8.86998
    endloop
  endfacet
  facet normal 0.992278 0.124036 0.000379137
    outer loop
      vertex 7.64436 66.8451 8.91485
      vertex 8.37651 60.9879 8.93888
      vertex 8.37241 61.0208 8.90603
    endloop
  endfacet
  facet normal 0.992278 0.124035 -7.04939e-05
    outer loop
      vertex 7.6293 66.9656 9.03531
      vertex 8.38958 60.8834 9.04338
      vertex 8.37651 60.9879 8.93888
    endloop
  endfacet
  facet normal 0.992278 0.124035 5.7504e-05
    outer loop
      vertex 7.61235 67.1012 9.14104
      vertex 8.40385 60.7692 9.12945
      vertex 8.38958 60.8834 9.04338
    endloop
  endfacet
  facet normal 0.992278 0.124035 2.78998e-14
    outer loop
      vertex 7.61235 67.1012 9.14104
      vertex 8.4088 60.7296 9.15931
      vertex 8.40385 60.7692 9.12945
    endloop
  endfacet
  facet normal 0.992278 0.124033 0.000107635
    outer loop
      vertex 7.59369 67.2505 9.23007
      vertex 8.42393 60.6085 9.22671
      vertex 8.4088 60.7296 9.15931
    endloop
  endfacet
  facet normal 0.992278 0.124033 -0.000392986
    outer loop
      vertex 7.59369 67.2505 9.23007
      vertex 8.42964 60.5629 9.25211
      vertex 8.42393 60.6085 9.22671
    endloop
  endfacet
  facet normal 0.992278 0.124036 -9.84459e-05
    outer loop
      vertex 7.57356 67.4115 9.30049
      vertex 8.44522 60.4383 9.30071
      vertex 8.42964 60.5629 9.25211
    endloop
  endfacet
  facet normal 0.992278 0.124036 0.000624811
    outer loop
      vertex 7.57356 67.4115 9.30049
      vertex 8.45162 60.387 9.32068
      vertex 8.44522 60.4383 9.30071
    endloop
  endfacet
  facet normal 0.992278 0.124034 1.19207e-06
    outer loop
      vertex 7.56526 67.4779 9.31997
      vertex 8.45162 60.387 9.32068
      vertex 7.57356 67.4115 9.30049
    endloop
  endfacet
  facet normal 0.992278 0.124034 -0.000242089
    outer loop
      vertex 7.55223 67.5822 9.35055
      vertex 8.45162 60.387 9.32068
      vertex 7.56526 67.4779 9.31997
    endloop
  endfacet
  facet normal 0.992278 0.124036 -0.000548775
    outer loop
      vertex 8.45162 60.387 9.32068
      vertex 7.55223 67.5822 9.35055
      vertex 8.45859 60.3313 9.33415
    endloop
  endfacet
  facet normal 0.992278 0.124034 7.95219e-05
    outer loop
      vertex 8.45859 60.3313 9.33415
      vertex 7.55223 67.5822 9.35055
      vertex 8.4743 60.2056 9.36452
    endloop
  endfacet
  facet normal 0.992294 0.123904 0.000560969
    outer loop
      vertex 5 88 16
      vertex 8.50516 59.9587 9.38195
      vertex 8.49723 60.0222 9.38368
    endloop
  endfacet
  facet normal 0.992275 0.124058 -0.000100555
    outer loop
      vertex 5 88 16
      vertex 8.52 59.84 9.37871
      vertex 8.50516 59.9587 9.38195
    endloop
  endfacet
  facet normal 0.992278 0.124034 2.43097e-06
    outer loop
      vertex 15.9987 0.00999451 16
      vertex 8.52 59.84 9.37871
      vertex 5 88 16
    endloop
  endfacet
  facet normal 0.99228 0.124016 -0.000161285
    outer loop
      vertex 8.52 59.84 9.37871
      vertex 15.9987 0.00999451 16
      vertex 8.53402 59.7278 9.36095
    endloop
  endfacet
  facet normal 0.885775 -0.268052 0.378881
    outer loop
      vertex 8.6193 59.0456 9.03531
      vertex 8.63436 58.9251 8.91485
      vertex 8.62629 58.9897 8.97942
    endloop
  endfacet
  facet normal 0.887127 -0.36305 0.284956
    outer loop
      vertex 8.64735 58.8212 8.78174
      vertex 8.65814 58.7348 8.63807
      vertex 8.65265 58.7788 8.71122
    endloop
  endfacet
  facet normal 0.776417 0.629405 -0.0320172
    outer loop
      vertex 8.67647 58.5883 8.16479
      vertex 8.6777 58.5784 8
      vertex 8.6771 58.5832 8.07981
    endloop
  endfacet
  facet normal 0.992279 0.124028 -4.47423e-05
    outer loop
      vertex 8.67647 58.5883 8.16479
      vertex 15.9987 0.00999451 16
      vertex 8.6777 58.5784 8
    endloop
  endfacet
  facet normal 0.992278 0.124034 1.75038e-07
    outer loop
      vertex 8.67467 58.6027 8.24395
      vertex 15.9987 0.00999451 16
      vertex 8.67647 58.5883 8.16479
    endloop
  endfacet
  facet normal 0.992276 0.124053 0.000145195
    outer loop
      vertex 8.67277 58.6178 8.32748
      vertex 15.9987 0.00999451 16
      vertex 8.67467 58.6027 8.24395
    endloop
  endfacet
  facet normal 0.99228 0.124015 -0.000148262
    outer loop
      vertex 8.66967 58.6427 8.40775
      vertex 15.9987 0.00999451 16
      vertex 8.67277 58.6178 8.32748
    endloop
  endfacet
  facet normal 0.992275 0.124061 0.000213853
    outer loop
      vertex 8.66664 58.6668 8.48594
      vertex 15.9987 0.00999451 16
      vertex 8.66967 58.6427 8.40775
    endloop
  endfacet
  facet normal 0.99228 0.124019 -0.000123302
    outer loop
      vertex 8.6624 58.7008 8.56187
      vertex 15.9987 0.00999451 16
      vertex 8.66664 58.6668 8.48594
    endloop
  endfacet
  facet normal 0.992276 0.124049 0.000123612
    outer loop
      vertex 8.65814 58.7348 8.63807
      vertex 15.9987 0.00999451 16
      vertex 8.6624 58.7008 8.56187
    endloop
  endfacet
  facet normal 0.992279 0.124026 -6.38401e-05
    outer loop
      vertex 8.64735 58.8212 8.78174
      vertex 15.9987 0.00999451 16
      vertex 8.65814 58.7348 8.63807
    endloop
  endfacet
  facet normal 0.992277 0.124043 7.21575e-05
    outer loop
      vertex 8.64117 58.8706 8.84502
      vertex 15.9987 0.00999451 16
      vertex 8.64735 58.8212 8.78174
    endloop
  endfacet
  facet normal 0.992278 0.12403 -3.18975e-05
    outer loop
      vertex 8.63436 58.9251 8.91485
      vertex 15.9987 0.00999451 16
      vertex 8.64117 58.8706 8.84502
    endloop
  endfacet
  facet normal 0.992278 0.124032 -1.76575e-05
    outer loop
      vertex 8.6193 59.0456 9.03531
      vertex 15.9987 0.00999451 16
      vertex 8.63436 58.9251 8.91485
    endloop
  endfacet
  facet normal 0.992277 0.124039 4.67828e-05
    outer loop
      vertex 8.61176 59.1059 9.08232
      vertex 15.9987 0.00999451 16
      vertex 8.6193 59.0456 9.03531
    endloop
  endfacet
  facet normal 0.992278 0.12403 -3.58301e-05
    outer loop
      vertex 8.60235 59.1812 9.14104
      vertex 15.9987 0.00999451 16
      vertex 8.61176 59.1059 9.08232
    endloop
  endfacet
  facet normal 0.992278 0.124034 1.19393e-06
    outer loop
      vertex 8.5917 59.2664 9.19182
      vertex 15.9987 0.00999451 16
      vertex 8.60235 59.1812 9.14104
    endloop
  endfacet
  facet normal 0.992279 0.124028 -5.3191e-05
    outer loop
      vertex 8.58369 59.3305 9.23007
      vertex 15.9987 0.00999451 16
      vertex 8.5917 59.2664 9.19182
    endloop
  endfacet
  facet normal 0.99228 0.124019 -0.000135142
    outer loop
      vertex 8.57547 59.3963 9.25884
      vertex 15.9987 0.00999451 16
      vertex 8.58369 59.3305 9.23007
    endloop
  endfacet
  facet normal 0.992275 0.124055 0.000190926
    outer loop
      vertex 8.56356 59.4915 9.30049
      vertex 15.9987 0.00999451 16
      vertex 8.57547 59.3963 9.25884
    endloop
  endfacet
  facet normal 0.992278 0.124034 1.9799e-06
    outer loop
      vertex 8.55526 59.5579 9.31997
      vertex 15.9987 0.00999451 16
      vertex 8.56356 59.4915 9.30049
    endloop
  endfacet
  facet normal 0.992277 0.124041 6.06534e-05
    outer loop
      vertex 8.54222 59.6622 9.35055
      vertex 15.9987 0.00999451 16
      vertex 8.55526 59.5579 9.31997
    endloop
  endfacet
  facet normal 0.992278 0.124034 2.81461e-06
    outer loop
      vertex 8.53402 59.7278 9.36095
      vertex 15.9987 0.00999451 16
      vertex 8.54222 59.6622 9.35055
    endloop
  endfacet
  facet normal 0.992281 0.124013 -2.98432e-05
    outer loop
      vertex 6.35145 77.1884 7.84202
      vertex 5 88 0
      vertex 6.35003 77.1998 8
    endloop
  endfacet
  facet normal 0.992262 0.12416 0.000175835
    outer loop
      vertex 6.35182 77.1855 7.8018
      vertex 5 88 0
      vertex 6.35145 77.1884 7.84202
    endloop
  endfacet
  facet normal 0.992273 0.124074 5.38957e-05
    outer loop
      vertex 6.35291 77.1768 7.76216
      vertex 5 88 0
      vertex 6.35182 77.1855 7.8018
    endloop
  endfacet
  facet normal 0.992281 0.124006 -4.18778e-05
    outer loop
      vertex 6.35714 77.1429 7.60802
      vertex 5 88 0
      vertex 6.35291 77.1768 7.76216
    endloop
  endfacet
  facet normal 0.992279 0.124026 -1.35222e-05
    outer loop
      vertex 6.364 77.088 7.46211
      vertex 5 88 0
      vertex 6.35714 77.1429 7.60802
    endloop
  endfacet
  facet normal 0.992295 0.123899 -0.000201151
    outer loop
      vertex 6.36584 77.0732 7.4229
      vertex 5 88 0
      vertex 6.364 77.088 7.46211
    endloop
  endfacet
  facet normal 0.99225 0.12426 0.000338544
    outer loop
      vertex 6.36842 77.0527 7.38548
      vertex 5 88 0
      vertex 6.36584 77.0732 7.4229
    endloop
  endfacet
  facet normal 0.992281 0.124009 -4.04513e-05
    outer loop
      vertex 6.3777 76.9784 7.25038
      vertex 5 88 0
      vertex 6.36842 77.0527 7.38548
    endloop
  endfacet
  facet normal 0.992275 0.124062 4.13691e-05
    outer loop
      vertex 6.38902 76.8879 7.13002
      vertex 5 88 0
      vertex 6.3777 76.9784 7.25038
    endloop
  endfacet
  facet normal 0.992274 0.124065 4.60816e-05
    outer loop
      vertex 6.39241 76.8608 7.09397
      vertex 5 88 0
      vertex 6.38902 76.8879 7.13002
    endloop
  endfacet
  facet normal 0.992296 0.123891 -0.000231044
    outer loop
      vertex 6.39651 76.8279 7.06111
      vertex 5 88 0
      vertex 6.39241 76.8608 7.09397
    endloop
  endfacet
  facet normal 0.992274 0.124062 4.3775e-05
    outer loop
      vertex 6.40958 76.7234 6.95662
      vertex 5 88 0
      vertex 6.39651 76.8279 7.06111
    endloop
  endfacet
  facet normal 0.992271 0.124091 9.24678e-05
    outer loop
      vertex 6.41446 76.6844 6.92721
      vertex 5 88 0
      vertex 6.40958 76.7234 6.95662
    endloop
  endfacet
  facet normal 0.992283 0.123997 -6.39219e-05
    outer loop
      vertex 6.4288 76.5696 6.84068
      vertex 5 88 0
      vertex 6.41446 76.6844 6.92721
    endloop
  endfacet
  facet normal 0.992282 0.124003 -5.32059e-05
    outer loop
      vertex 6.44393 76.4485 6.77328
      vertex 5 88 0
      vertex 6.4288 76.5696 6.84068
    endloop
  endfacet
  facet normal 0.992264 0.124144 0.000190916
    outer loop
      vertex 6.44964 76.4029 6.74789
      vertex 5 88 0
      vertex 6.44393 76.4485 6.77328
    endloop
  endfacet
  facet normal 0.992275 0.124058 4.07492e-05
    outer loop
      vertex 6.46522 76.2783 6.69929
      vertex 5 88 0
      vertex 6.44964 76.4029 6.74789
    endloop
  endfacet
  facet normal 0.992296 0.123893 -0.000252311
    outer loop
      vertex 6.47162 76.227 6.67932
      vertex 5 88 0
      vertex 6.46522 76.2783 6.69929
    endloop
  endfacet
  facet normal 0.992266 0.124127 0.000165638
    outer loop
      vertex 6.47859 76.1713 6.66585
      vertex 5 88 0
      vertex 6.47162 76.227 6.67932
    endloop
  endfacet
  facet normal 0.99228 0.124021 -2.47719e-05
    outer loop
      vertex 6.4943 76.0456 6.63548
      vertex 5 88 0
      vertex 6.47859 76.1713 6.66585
    endloop
  endfacet
  facet normal 0.992282 0.124001 -6.25817e-05
    outer loop
      vertex 6.50181 75.9855 6.6292
      vertex 5 88 0
      vertex 6.4943 76.0456 6.63548
    endloop
  endfacet
  facet normal 0.992272 0.124085 9.22906e-05
    outer loop
      vertex 6.51723 75.8622 6.61632
      vertex 5 88 0
      vertex 6.50181 75.9855 6.6292
    endloop
  endfacet
  facet normal 0.992283 0.123991 -8.15693e-05
    outer loop
      vertex 6.53205 75.7436 6.61955
      vertex 5 88 0
      vertex 6.51723 75.8622 6.61632
    endloop
  endfacet
  facet normal 0.992278 0.124035 2.70467e-14
    outer loop
      vertex 6.54 75.68 6.62129
      vertex 5 88 0
      vertex 6.53205 75.7436 6.61955
    endloop
  endfacet
  facet normal 0.992284 0.123982 -9.95871e-05
    outer loop
      vertex 6.54821 75.6143 6.63169
      vertex 5 88 0
      vertex 6.54 75.68 6.62129
    endloop
  endfacet
  facet normal 0.992266 0.124128 0.000176582
    outer loop
      vertex 6.56223 75.5022 6.64944
      vertex 5 88 0
      vertex 6.54821 75.6143 6.63169
    endloop
  endfacet
  facet normal 0.992278 0.124034 0.000242009
    outer loop
      vertex 7.46162 68.307 6.67932
      vertex 6.56223 75.5022 6.64944
      vertex 6.57526 75.3979 6.68003
    endloop
  endfacet
  facet normal 0.992278 0.124034 -1.19207e-06
    outer loop
      vertex 7.46162 68.307 6.67932
      vertex 6.57526 75.3979 6.68003
      vertex 6.58356 75.3315 6.69951
    endloop
  endfacet
  facet normal 0.992278 0.124034 -0.000240469
    outer loop
      vertex 7.43964 68.4829 6.74789
      vertex 6.58356 75.3315 6.69951
      vertex 6.59547 75.2363 6.74116
    endloop
  endfacet
  facet normal 0.992278 0.124034 0.00017116
    outer loop
      vertex 7.43964 68.4829 6.74789
      vertex 6.59547 75.2363 6.74116
      vertex 6.60369 75.1705 6.76993
    endloop
  endfacet
  facet normal 0.992278 0.124035 2.71086e-15
    outer loop
      vertex 7.4188 68.6496 6.84068
      vertex 6.6117 75.1064 6.80818
      vertex 6.62235 75.0212 6.85896
    endloop
  endfacet
  facet normal 0.992278 0.124036 -5.16243e-05
    outer loop
      vertex 7.39958 68.8034 6.95662
      vertex 6.63176 74.9459 6.91767
      vertex 6.6393 74.8856 6.96469
    endloop
  endfacet
  facet normal 0.992278 0.124036 -7.70961e-05
    outer loop
      vertex 7.3824 68.9408 7.09397
      vertex 6.66117 74.7106 7.15498
      vertex 6.66735 74.6612 7.21826
    endloop
  endfacet
  facet normal 0.992278 0.124034 0.00013507
    outer loop
      vertex 7.3677 69.0584 7.25038
      vertex 6.67265 74.6188 7.28878
      vertex 6.67814 74.5748 7.36194
    endloop
  endfacet
  facet normal 0.992278 0.124034 0.000154373
    outer loop
      vertex 7.34714 69.2229 7.60802
      vertex 6.68967 74.4827 7.59225
      vertex 6.69277 74.4578 7.67252
    endloop
  endfacet
  facet normal 0.992278 0.124035 2.15393e-14
    outer loop
      vertex 7.34182 69.2655 7.8018
      vertex 6.69467 74.4427 7.75605
      vertex 6.69647 74.4283 7.83521
    endloop
  endfacet
  facet normal 0.992278 0.124035 2.90044e-08
    outer loop
      vertex 7.34039 69.2769 7.95989
      vertex 6.6971 74.4232 7.92019
      vertex 6.6977 74.4184 8
    endloop
  endfacet
  facet normal 0.992278 0.124036 -6.19171e-05
    outer loop
      vertex 7.34039 69.2769 7.95989
      vertex 6.6977 74.4184 8
      vertex 7.34003 69.2798 8
    endloop
  endfacet
  facet normal 0.992278 0.124036 8.7644e-05
    outer loop
      vertex 6.6971 74.4232 7.92019
      vertex 7.34039 69.2769 7.95989
      vertex 6.69647 74.4283 7.83521
    endloop
  endfacet
  facet normal 0.992278 0.124035 3.1398e-05
    outer loop
      vertex 7.34182 69.2655 7.8018
      vertex 6.69647 74.4283 7.83521
      vertex 7.34039 69.2769 7.95989
    endloop
  endfacet
  facet normal 0.992278 0.124033 -0.000148729
    outer loop
      vertex 6.69467 74.4427 7.75605
      vertex 7.34182 69.2655 7.8018
      vertex 6.69277 74.4578 7.67252
    endloop
  endfacet
  facet normal 0.992278 0.124036 -3.25947e-05
    outer loop
      vertex 7.34604 69.2317 7.64795
      vertex 6.69277 74.4578 7.67252
      vertex 7.34182 69.2655 7.8018
    endloop
  endfacet
  facet normal 0.992278 0.124036 -3.1416e-07
    outer loop
      vertex 7.34714 69.2229 7.60802
      vertex 6.69277 74.4578 7.67252
      vertex 7.34604 69.2317 7.64795
    endloop
  endfacet
  facet normal 0.992278 0.124033 -0.000222582
    outer loop
      vertex 6.68967 74.4827 7.59225
      vertex 7.34714 69.2229 7.60802
      vertex 6.68664 74.5068 7.51406
    endloop
  endfacet
  facet normal 0.992278 0.124037 -1.77659e-05
    outer loop
      vertex 7.354 69.168 7.46211
      vertex 6.68664 74.5068 7.51406
      vertex 7.34714 69.2229 7.60802
    endloop
  endfacet
  facet normal 0.992277 0.124039 -0.000254704
    outer loop
      vertex 7.35584 69.1532 7.4229
      vertex 6.68664 74.5068 7.51406
      vertex 7.354 69.168 7.46211
    endloop
  endfacet
  facet normal 0.992278 0.124033 0.000129694
    outer loop
      vertex 6.68664 74.5068 7.51406
      vertex 7.35584 69.1532 7.4229
      vertex 6.6824 74.5408 7.43813
    endloop
  endfacet
  facet normal 0.992278 0.124033 -0.000130894
    outer loop
      vertex 6.6824 74.5408 7.43813
      vertex 7.35584 69.1532 7.4229
      vertex 6.67814 74.5748 7.36194
    endloop
  endfacet
  facet normal 0.992277 0.12404 0.000461212
    outer loop
      vertex 7.35842 69.1327 7.38548
      vertex 6.67814 74.5748 7.36194
      vertex 7.35584 69.1532 7.4229
    endloop
  endfacet
  facet normal 0.992278 0.124038 -5.67057e-05
    outer loop
      vertex 7.3677 69.0584 7.25038
      vertex 6.67814 74.5748 7.36194
      vertex 7.35842 69.1327 7.38548
    endloop
  endfacet
  facet normal 0.992278 0.124035 1.83609e-16
    outer loop
      vertex 6.67265 74.6188 7.28878
      vertex 7.3677 69.0584 7.25038
      vertex 6.66735 74.6612 7.21826
    endloop
  endfacet
  facet normal 0.992278 0.124035 6.96178e-05
    outer loop
      vertex 7.37104 69.0317 7.2149
      vertex 6.66735 74.6612 7.21826
      vertex 7.3677 69.0584 7.25038
    endloop
  endfacet
  facet normal 0.992278 0.124035 -2.08541e-05
    outer loop
      vertex 7.3824 68.9408 7.09397
      vertex 6.66735 74.6612 7.21826
      vertex 7.37104 69.0317 7.2149
    endloop
  endfacet
  facet normal 0.992278 0.124033 0.000212068
    outer loop
      vertex 6.66117 74.7106 7.15498
      vertex 7.3824 68.9408 7.09397
      vertex 6.65436 74.7652 7.08515
    endloop
  endfacet
  facet normal 0.992278 0.124033 -0.000117135
    outer loop
      vertex 6.65436 74.7652 7.08515
      vertex 7.3824 68.9408 7.09397
      vertex 6.64629 74.8297 7.02058
    endloop
  endfacet
  facet normal 0.992278 0.124034 4.16222e-07
    outer loop
      vertex 7.3954 68.8368 6.99001
      vertex 6.64629 74.8297 7.02058
      vertex 7.3824 68.9408 7.09397
    endloop
  endfacet
  facet normal 0.992278 0.124035 -4.45719e-05
    outer loop
      vertex 6.64629 74.8297 7.02058
      vertex 7.3954 68.8368 6.99001
      vertex 6.6393 74.8856 6.96469
    endloop
  endfacet
  facet normal 0.992278 0.124035 0.000147969
    outer loop
      vertex 7.39958 68.8034 6.95662
      vertex 6.6393 74.8856 6.96469
      vertex 7.3954 68.8368 6.99001
    endloop
  endfacet
  facet normal 0.992278 0.124036 4.41665e-05
    outer loop
      vertex 6.63176 74.9459 6.91767
      vertex 7.39958 68.8034 6.95662
      vertex 6.62235 75.0212 6.85896
    endloop
  endfacet
  facet normal 0.992277 0.124038 0.000164219
    outer loop
      vertex 7.40446 68.7644 6.92721
      vertex 6.62235 75.0212 6.85896
      vertex 7.39958 68.8034 6.95662
    endloop
  endfacet
  facet normal 0.992278 0.124035 -0.000115113
    outer loop
      vertex 7.4188 68.6496 6.84068
      vertex 6.62235 75.0212 6.85896
      vertex 7.40446 68.7644 6.92721
    endloop
  endfacet
  facet normal 0.992278 0.124035 6.54065e-05
    outer loop
      vertex 6.6117 75.1064 6.80818
      vertex 7.4188 68.6496 6.84068
      vertex 6.60369 75.1705 6.76993
    endloop
  endfacet
  facet normal 0.992278 0.124033 -0.000107635
    outer loop
      vertex 7.43393 68.5285 6.77328
      vertex 6.60369 75.1705 6.76993
      vertex 7.4188 68.6496 6.84068
    endloop
  endfacet
  facet normal 0.992278 0.124033 0.000393141
    outer loop
      vertex 7.43964 68.4829 6.74789
      vertex 6.60369 75.1705 6.76993
      vertex 7.43393 68.5285 6.77328
    endloop
  endfacet
  facet normal 0.992278 0.124036 9.84459e-05
    outer loop
      vertex 6.58356 75.3315 6.69951
      vertex 7.43964 68.4829 6.74789
      vertex 7.45522 68.3583 6.69929
    endloop
  endfacet
  facet normal 0.992278 0.124036 -0.000624811
    outer loop
      vertex 6.58356 75.3315 6.69951
      vertex 7.45522 68.3583 6.69929
      vertex 7.46162 68.307 6.67932
    endloop
  endfacet
  facet normal 0.992278 0.124036 0.000548772
    outer loop
      vertex 6.56223 75.5022 6.64944
      vertex 7.46162 68.307 6.67932
      vertex 7.46859 68.2513 6.66585
    endloop
  endfacet
  facet normal 0.992278 0.124034 -7.95215e-05
    outer loop
      vertex 6.56223 75.5022 6.64944
      vertex 7.46859 68.2513 6.66585
      vertex 7.4843 68.1256 6.63548
    endloop
  endfacet
  facet normal 0.992278 0.124034 -2.00315e-06
    outer loop
      vertex 6.56223 75.5022 6.64944
      vertex 7.4843 68.1256 6.63548
      vertex 5 88 0
    endloop
  endfacet
  facet normal 0.992282 0.124004 -9.416e-05
    outer loop
      vertex 7.49181 68.0655 6.6292
      vertex 5 88 0
      vertex 7.4843 68.1256 6.63548
    endloop
  endfacet
  facet normal 0.992272 0.12408 0.000138399
    outer loop
      vertex 7.50723 67.9422 6.61632
      vertex 5 88 0
      vertex 7.49181 68.0655 6.6292
    endloop
  endfacet
  facet normal 0.992283 0.12399 -0.00013905
    outer loop
      vertex 7.52205 67.8236 6.61955
      vertex 5 88 0
      vertex 7.50723 67.9422 6.61632
    endloop
  endfacet
  facet normal 0.992278 0.124035 4.61047e-14
    outer loop
      vertex 7.53 67.76 6.62129
      vertex 5 88 0
      vertex 7.52205 67.8236 6.61955
    endloop
  endfacet
  facet normal 0.992278 0.124035 0.000241393
    outer loop
      vertex 8.4743 60.2056 6.63548
      vertex 7.53 67.76 6.62129
      vertex 7.53821 67.6943 6.63169
    endloop
  endfacet
  facet normal 0.992278 0.124035 -0.000418518
    outer loop
      vertex 8.4743 60.2056 6.63548
      vertex 7.53821 67.6943 6.63169
      vertex 7.55223 67.5822 6.64944
    endloop
  endfacet
  facet normal 0.992278 0.124034 0.000242009
    outer loop
      vertex 8.45162 60.387 6.67932
      vertex 7.55223 67.5822 6.64944
      vertex 7.56526 67.4779 6.68003
    endloop
  endfacet
  facet normal 0.992278 0.124034 -1.19207e-06
    outer loop
      vertex 8.45162 60.387 6.67932
      vertex 7.56526 67.4779 6.68003
      vertex 7.57356 67.4115 6.69951
    endloop
  endfacet
  facet normal 0.992278 0.124034 7.65232e-05
    outer loop
      vertex 8.37651 60.9879 7.06111
      vertex 7.63629 66.9097 7.02058
      vertex 7.64436 66.8451 7.08515
    endloop
  endfacet
  facet normal 0.992278 0.124032 0.000210814
    outer loop
      vertex 8.3577 61.1384 7.25038
      vertex 7.66288 66.697 7.29183
      vertex 7.66814 66.6548 7.36194
    endloop
  endfacet
  facet normal 0.992278 0.124033 0.000129694
    outer loop
      vertex 8.34584 61.2332 7.4229
      vertex 7.6724 66.6208 7.43813
      vertex 7.67664 66.5868 7.51406
    endloop
  endfacet
  facet normal 0.992278 0.124035 2.90044e-08
    outer loop
      vertex 8.33039 61.3569 7.95989
      vertex 7.6871 66.5032 7.92019
      vertex 7.6877 66.4984 8
    endloop
  endfacet
  facet normal 0.992278 0.124036 -6.19171e-05
    outer loop
      vertex 8.33039 61.3569 7.95989
      vertex 7.6877 66.4984 8
      vertex 8.33003 61.3598 8
    endloop
  endfacet
  facet normal 0.992278 0.124036 8.7644e-05
    outer loop
      vertex 7.6871 66.5032 7.92019
      vertex 8.33039 61.3569 7.95989
      vertex 7.68647 66.5083 7.83521
    endloop
  endfacet
  facet normal 0.992278 0.124035 3.1398e-05
    outer loop
      vertex 8.33182 61.3455 7.8018
      vertex 7.68647 66.5083 7.83521
      vertex 8.33039 61.3569 7.95989
    endloop
  endfacet
  facet normal 0.992278 0.124035 -1.1123e-14
    outer loop
      vertex 7.68647 66.5083 7.83521
      vertex 8.33182 61.3455 7.8018
      vertex 7.68467 66.5227 7.75605
    endloop
  endfacet
  facet normal 0.992278 0.124033 -0.000148729
    outer loop
      vertex 7.68467 66.5227 7.75605
      vertex 8.33182 61.3455 7.8018
      vertex 7.68277 66.5378 7.67252
    endloop
  endfacet
  facet normal 0.992278 0.124036 -3.25947e-05
    outer loop
      vertex 8.33604 61.3117 7.64795
      vertex 7.68277 66.5378 7.67252
      vertex 8.33182 61.3455 7.8018
    endloop
  endfacet
  facet normal 0.992278 0.124036 -3.1416e-07
    outer loop
      vertex 8.33714 61.3029 7.60802
      vertex 7.68277 66.5378 7.67252
      vertex 8.33604 61.3117 7.64795
    endloop
  endfacet
  facet normal 0.992278 0.124034 0.000154373
    outer loop
      vertex 7.68277 66.5378 7.67252
      vertex 8.33714 61.3029 7.60802
      vertex 7.67967 66.5627 7.59225
    endloop
  endfacet
  facet normal 0.992278 0.124033 -0.000222582
    outer loop
      vertex 7.67967 66.5627 7.59225
      vertex 8.33714 61.3029 7.60802
      vertex 7.67664 66.5868 7.51406
    endloop
  endfacet
  facet normal 0.992278 0.124037 -1.77659e-05
    outer loop
      vertex 8.344 61.248 7.46211
      vertex 7.67664 66.5868 7.51406
      vertex 8.33714 61.3029 7.60802
    endloop
  endfacet
  facet normal 0.992277 0.124039 -0.000254704
    outer loop
      vertex 8.34584 61.2332 7.4229
      vertex 7.67664 66.5868 7.51406
      vertex 8.344 61.248 7.46211
    endloop
  endfacet
  facet normal 0.992278 0.124033 -0.000130894
    outer loop
      vertex 7.6724 66.6208 7.43813
      vertex 8.34584 61.2332 7.4229
      vertex 7.66814 66.6548 7.36194
    endloop
  endfacet
  facet normal 0.992277 0.12404 0.000461212
    outer loop
      vertex 8.34842 61.2127 7.38548
      vertex 7.66814 66.6548 7.36194
      vertex 8.34584 61.2332 7.4229
    endloop
  endfacet
  facet normal 0.992278 0.124038 -5.67057e-05
    outer loop
      vertex 8.3577 61.1384 7.25038
      vertex 7.66814 66.6548 7.36194
      vertex 8.34842 61.2127 7.38548
    endloop
  endfacet
  facet normal 0.992278 0.124034 -6.76707e-05
    outer loop
      vertex 7.66288 66.697 7.29183
      vertex 8.3577 61.1384 7.25038
      vertex 7.65735 66.7412 7.21826
    endloop
  endfacet
  facet normal 0.992278 0.124035 6.96178e-05
    outer loop
      vertex 8.36104 61.1117 7.2149
      vertex 7.65735 66.7412 7.21826
      vertex 8.3577 61.1384 7.25038
    endloop
  endfacet
  facet normal 0.992278 0.124035 -7.80234e-05
    outer loop
      vertex 7.65735 66.7412 7.21826
      vertex 8.36104 61.1117 7.2149
      vertex 7.65117 66.7906 7.15498
    endloop
  endfacet
  facet normal 0.992278 0.124037 6.00789e-05
    outer loop
      vertex 8.37241 61.0208 7.09397
      vertex 7.65117 66.7906 7.15498
      vertex 8.36104 61.1117 7.2149
    endloop
  endfacet
  facet normal 0.992278 0.124037 3.72309e-05
    outer loop
      vertex 7.65117 66.7906 7.15498
      vertex 8.37241 61.0208 7.09397
      vertex 7.64436 66.8451 7.08515
    endloop
  endfacet
  facet normal 0.992278 0.124036 -0.000379022
    outer loop
      vertex 8.37651 60.9879 7.06111
      vertex 7.64436 66.8451 7.08515
      vertex 8.37241 61.0208 7.09397
    endloop
  endfacet
  facet normal 0.992278 0.124034 -4.5535e-05
    outer loop
      vertex 7.63629 66.9097 7.02058
      vertex 8.37651 60.9879 7.06111
      vertex 7.6293 66.9656 6.96469
    endloop
  endfacet
  facet normal 0.992278 0.124035 7.05007e-05
    outer loop
      vertex 8.38958 60.8834 6.95662
      vertex 7.6293 66.9656 6.96469
      vertex 8.37651 60.9879 7.06111
    endloop
  endfacet
  facet normal 0.992278 0.124036 -5.16243e-05
    outer loop
      vertex 7.6293 66.9656 6.96469
      vertex 8.38958 60.8834 6.95662
      vertex 7.62176 67.0259 6.91767
    endloop
  endfacet
  facet normal 0.992278 0.124036 4.41665e-05
    outer loop
      vertex 7.62176 67.0259 6.91767
      vertex 8.38958 60.8834 6.95662
      vertex 7.61235 67.1012 6.85896
    endloop
  endfacet
  facet normal 0.992278 0.124035 -5.7504e-05
    outer loop
      vertex 8.40385 60.7692 6.87055
      vertex 7.61235 67.1012 6.85896
      vertex 8.38958 60.8834 6.95662
    endloop
  endfacet
  facet normal 0.992278 0.124035 -2.92705e-14
    outer loop
      vertex 8.4088 60.7296 6.84068
      vertex 7.61235 67.1012 6.85896
      vertex 8.40385 60.7692 6.87055
    endloop
  endfacet
  facet normal 0.992278 0.124035 -4.65929e-16
    outer loop
      vertex 7.61235 67.1012 6.85896
      vertex 8.4088 60.7296 6.84068
      vertex 7.6017 67.1864 6.80818
    endloop
  endfacet
  facet normal 0.992278 0.124035 6.54065e-05
    outer loop
      vertex 7.6017 67.1864 6.80818
      vertex 8.4088 60.7296 6.84068
      vertex 7.59369 67.2505 6.76993
    endloop
  endfacet
  facet normal 0.992278 0.124033 -0.000107635
    outer loop
      vertex 8.42393 60.6085 6.77328
      vertex 7.59369 67.2505 6.76993
      vertex 8.4088 60.7296 6.84068
    endloop
  endfacet
  facet normal 0.992278 0.124033 0.000393141
    outer loop
      vertex 8.42964 60.5629 6.74789
      vertex 7.59369 67.2505 6.76993
      vertex 8.42393 60.6085 6.77328
    endloop
  endfacet
  facet normal 0.992278 0.124034 0.00017116
    outer loop
      vertex 7.59369 67.2505 6.76993
      vertex 8.42964 60.5629 6.74789
      vertex 7.58547 67.3163 6.74116
    endloop
  endfacet
  facet normal 0.992278 0.124034 -0.000240469
    outer loop
      vertex 7.58547 67.3163 6.74116
      vertex 8.42964 60.5629 6.74789
      vertex 7.57356 67.4115 6.69951
    endloop
  endfacet
  facet normal 0.992278 0.124036 9.84459e-05
    outer loop
      vertex 8.44522 60.4383 6.69929
      vertex 7.57356 67.4115 6.69951
      vertex 8.42964 60.5629 6.74789
    endloop
  endfacet
  facet normal 0.992278 0.124036 -0.000624811
    outer loop
      vertex 8.45162 60.387 6.67932
      vertex 7.57356 67.4115 6.69951
      vertex 8.44522 60.4383 6.69929
    endloop
  endfacet
  facet normal 0.992278 0.124036 0.000548772
    outer loop
      vertex 7.55223 67.5822 6.64944
      vertex 8.45162 60.387 6.67932
      vertex 8.45859 60.3313 6.66585
    endloop
  endfacet
  facet normal 0.992278 0.124034 -7.95215e-05
    outer loop
      vertex 7.55223 67.5822 6.64944
      vertex 8.45859 60.3313 6.66585
      vertex 8.4743 60.2056 6.63548
    endloop
  endfacet
  facet normal 0.992278 0.124034 -0.00038804
    outer loop
      vertex 7.53 67.76 6.62129
      vertex 8.4743 60.2056 6.63548
      vertex 8.48181 60.1455 6.6292
    endloop
  endfacet
  facet normal 0.992278 0.124035 0.0005752
    outer loop
      vertex 7.53 67.76 6.62129
      vertex 8.48181 60.1455 6.6292
      vertex 8.49723 60.0222 6.61632
    endloop
  endfacet
  facet normal 0.992278 0.124035 1.95615e-06
    outer loop
      vertex 7.53 67.76 6.62129
      vertex 8.49723 60.0222 6.61632
      vertex 5 88 0
    endloop
  endfacet
  facet normal 0.992284 0.123988 -0.000200767
    outer loop
      vertex 8.51205 59.9036 6.61955
      vertex 5 88 0
      vertex 8.49723 60.0222 6.61632
    endloop
  endfacet
  facet normal 0.992278 0.124035 0
    outer loop
      vertex 8.52 59.84 6.62129
      vertex 5 88 0
      vertex 8.51205 59.9036 6.61955
    endloop
  endfacet
  facet normal 0.99228 0.124019 0.000137258
    outer loop
      vertex 15.9987 0.00999451 0
      vertex 8.52 59.84 6.62129
      vertex 8.52821 59.7743 6.63169
    endloop
  endfacet
  facet normal 0.992279 0.124025 7.92013e-05
    outer loop
      vertex 15.9987 0.00999451 0
      vertex 8.52821 59.7743 6.63169
      vertex 8.54222 59.6622 6.64944
    endloop
  endfacet
  facet normal -0.943694 -0.196121 -0.266417
    outer loop
      vertex 8.56356 59.4915 6.69951
      vertex 8.54222 59.6622 6.64944
      vertex 8.55526 59.5579 6.68003
    endloop
  endfacet
  facet normal 0.885775 -0.268052 -0.378881
    outer loop
      vertex 8.63436 58.9251 7.08515
      vertex 8.6193 59.0456 6.96469
      vertex 8.62629 58.9897 7.02058
    endloop
  endfacet
  facet normal 0.981213 -0.123685 -0.148063
    outer loop
      vertex 8.65814 58.7348 7.36194
      vertex 8.64735 58.8212 7.21826
      vertex 8.65288 58.777 7.29183
    endloop
  endfacet
  facet normal 0.776417 0.629405 0.0320172
    outer loop
      vertex 8.6777 58.5784 8
      vertex 8.67647 58.5883 7.83521
      vertex 8.6771 58.5832 7.92019
    endloop
  endfacet
  facet normal 0.992278 0.124034 -0
    outer loop
      vertex 15.9987 0.00999451 0
      vertex 8.6777 58.5784 8
      vertex 15.9987 0.00999451 16
    endloop
  endfacet
  facet normal 0.992279 0.124028 4.47423e-05
    outer loop
      vertex 8.6777 58.5784 8
      vertex 15.9987 0.00999451 0
      vertex 8.67647 58.5883 7.83521
    endloop
  endfacet
  facet normal 0.992278 0.124034 -1.75038e-07
    outer loop
      vertex 8.67647 58.5883 7.83521
      vertex 15.9987 0.00999451 0
      vertex 8.67467 58.6027 7.75605
    endloop
  endfacet
  facet normal 0.992276 0.124053 -0.000145195
    outer loop
      vertex 8.67467 58.6027 7.75605
      vertex 15.9987 0.00999451 0
      vertex 8.67277 58.6178 7.67252
    endloop
  endfacet
  facet normal 0.99228 0.124015 0.000148262
    outer loop
      vertex 8.67277 58.6178 7.67252
      vertex 15.9987 0.00999451 0
      vertex 8.66967 58.6427 7.59225
    endloop
  endfacet
  facet normal 0.992275 0.124061 -0.000213853
    outer loop
      vertex 8.66967 58.6427 7.59225
      vertex 15.9987 0.00999451 0
      vertex 8.66664 58.6668 7.51406
    endloop
  endfacet
  facet normal 0.99228 0.124019 0.000123302
    outer loop
      vertex 8.66664 58.6668 7.51406
      vertex 15.9987 0.00999451 0
      vertex 8.6624 58.7008 7.43813
    endloop
  endfacet
  facet normal 0.992276 0.124049 -0.000123628
    outer loop
      vertex 8.6624 58.7008 7.43813
      vertex 15.9987 0.00999451 0
      vertex 8.65814 58.7348 7.36194
    endloop
  endfacet
  facet normal 0.992279 0.124026 6.3836e-05
    outer loop
      vertex 8.65814 58.7348 7.36194
      vertex 15.9987 0.00999451 0
      vertex 8.64735 58.8212 7.21826
    endloop
  endfacet
  facet normal 0.992277 0.124043 -7.21575e-05
    outer loop
      vertex 8.64735 58.8212 7.21826
      vertex 15.9987 0.00999451 0
      vertex 8.64117 58.8706 7.15498
    endloop
  endfacet
  facet normal 0.992278 0.12403 3.18975e-05
    outer loop
      vertex 8.64117 58.8706 7.15498
      vertex 15.9987 0.00999451 0
      vertex 8.63436 58.9251 7.08515
    endloop
  endfacet
  facet normal 0.992278 0.124032 1.76575e-05
    outer loop
      vertex 8.63436 58.9251 7.08515
      vertex 15.9987 0.00999451 0
      vertex 8.6193 59.0456 6.96469
    endloop
  endfacet
  facet normal 0.992277 0.124039 -4.67742e-05
    outer loop
      vertex 8.6193 59.0456 6.96469
      vertex 15.9987 0.00999451 0
      vertex 8.61176 59.1059 6.91767
    endloop
  endfacet
  facet normal 0.992278 0.12403 3.58355e-05
    outer loop
      vertex 8.61176 59.1059 6.91767
      vertex 15.9987 0.00999451 0
      vertex 8.60235 59.1812 6.85896
    endloop
  endfacet
  facet normal 0.992278 0.124034 -1.19393e-06
    outer loop
      vertex 8.60235 59.1812 6.85896
      vertex 15.9987 0.00999451 0
      vertex 8.5917 59.2664 6.80818
    endloop
  endfacet
  facet normal 0.992279 0.124028 5.3191e-05
    outer loop
      vertex 8.5917 59.2664 6.80818
      vertex 15.9987 0.00999451 0
      vertex 8.58369 59.3305 6.76993
    endloop
  endfacet
  facet normal 0.99228 0.124019 0.000135142
    outer loop
      vertex 8.58369 59.3305 6.76993
      vertex 15.9987 0.00999451 0
      vertex 8.57547 59.3963 6.74116
    endloop
  endfacet
  facet normal 0.992275 0.124055 -0.000190926
    outer loop
      vertex 8.57547 59.3963 6.74116
      vertex 15.9987 0.00999451 0
      vertex 8.56356 59.4915 6.69951
    endloop
  endfacet
  facet normal 0.992277 0.124038 -3.77785e-05
    outer loop
      vertex 8.56356 59.4915 6.69951
      vertex 15.9987 0.00999451 0
      vertex 8.54222 59.6622 6.64944
    endloop
  endfacet
  facet normal 0.992278 0.124034 -2.43097e-06
    outer loop
      vertex 8.52 59.84 6.62129
      vertex 15.9987 0.00999451 0
      vertex 5 88 0
    endloop
  endfacet
  facet normal 0 1 0
    outer loop
      vertex 5 88 16
      vertex 0 88 8
      vertex 0 88 16
    endloop
  endfacet
  facet normal 0 1 -0
    outer loop
      vertex 5 88 0
      vertex 0 88 8
      vertex 5 88 16
    endloop
  endfacet
  facet normal 0 1 0
    outer loop
      vertex 0 88 8
      vertex 5 88 0
      vertex 0 88 0
    endloop
  endfacet
  facet normal -1 0 0
    outer loop
      vertex 0 88 0
      vertex 0 85 5.89494
      vertex 0 88 8
    endloop
  endfacet
  facet normal -1 0 0
    outer loop
      vertex 0 -12 0
      vertex 0 85 5.89494
      vertex 0 88 0
    endloop
  endfacet
  facet normal -1 -0 0
    outer loop
      vertex 0 85 5.89494
      vertex 0 -12 0
      vertex 0 -12 5.89494
    endloop
  endfacet
  facet normal -1 -0 0
    outer loop
      vertex 0 88 8
      vertex 0 85 5.89494
      vertex 0 85 8
    endloop
  endfacet
  facet normal -1 0 0
    outer loop
      vertex 0 85 10.1051
      vertex 0 88 8
      vertex 0 85 8
    endloop
  endfacet
  facet normal -1 0 0
    outer loop
      vertex 0 88 8
      vertex 0 85 10.1051
      vertex 0 88 16
    endloop
  endfacet
  facet normal -1 0 0
    outer loop
      vertex 0 -12 16
      vertex 0 85 10.1051
      vertex 0 -12 10.1051
    endloop
  endfacet
  facet normal -1 0 0
    outer loop
      vertex 0 85 10.1051
      vertex 0 -12 16
      vertex 0 88 16
    endloop
  endfacet
  facet normal 0 -1 0
    outer loop
      vertex -1.25 -12 9.25
      vertex -1.25 -12 10.45
      vertex -1.56979 -12 10.429
    endloop
  endfacet
  facet normal 0 -1 0
    outer loop
      vertex -1.41316 -12 9.23931
      vertex -1.56979 -12 10.429
      vertex -1.88411 -12 10.3665
    endloop
  endfacet
  facet normal 0 -1 0
    outer loop
      vertex -1.25 -12 10.45
      vertex -1.25 -12 9.25
      vertex -0.93021 -12 10.429
    endloop
  endfacet
  facet normal 0 -1 0
    outer loop
      vertex -1.57352 -12 9.20741
      vertex -1.88411 -12 10.3665
      vertex -2.18757 -12 10.2635
    endloop
  endfacet
  facet normal 0 -1 0
    outer loop
      vertex -1.08684 -12 9.23931
      vertex -0.93021 -12 10.429
      vertex -1.25 -12 9.25
    endloop
  endfacet
  facet normal 0 -1 0
    outer loop
      vertex -1.72835 -12 9.15485
      vertex -2.18757 -12 10.2635
      vertex -2.475 -12 10.1218
    endloop
  endfacet
  facet normal 0 -1 -0
    outer loop
      vertex -0.93021 -12 10.429
      vertex -1.08684 -12 9.23931
      vertex -0.615892 -12 10.3665
    endloop
  endfacet
  facet normal 0 -1 0
    outer loop
      vertex -0.926476 -12 9.20741
      vertex -0.615892 -12 10.3665
      vertex -1.08684 -12 9.23931
    endloop
  endfacet
  facet normal 0 -1 0
    outer loop
      vertex -1.875 -12 9.08253
      vertex -2.475 -12 10.1218
      vertex -2.74146 -12 9.94372
    endloop
  endfacet
  facet normal 0 -1 0
    outer loop
      vertex 0 -12 10.1051
      vertex 16 -12 16
      vertex 0 -12 16
    endloop
  endfacet
  facet normal 0 -1 0
    outer loop
      vertex -2.01095 -12 8.99169
      vertex -2.74146 -12 9.94372
      vertex -2.98241 -12 9.73241
    endloop
  endfacet
  facet normal 0 -1 0
    outer loop
      vertex -2.13388 -12 8.88388
      vertex -2.98241 -12 9.73241
      vertex -3.19372 -12 9.49146
    endloop
  endfacet
  facet normal 0 -1 0
    outer loop
      vertex -1.56979 -12 10.429
      vertex -1.41316 -12 9.23931
      vertex -1.25 -12 9.25
    endloop
  endfacet
  facet normal 0 -1 0
    outer loop
      vertex -0.771646 -12 9.15485
      vertex -0.312425 -12 10.2635
      vertex -0.926476 -12 9.20741
    endloop
  endfacet
  facet normal 0 -1 -0
    outer loop
      vertex -0.312425 -12 10.2635
      vertex -0.771646 -12 9.15485
      vertex -0.0249996 -12 10.1218
    endloop
  endfacet
  facet normal 0 -1 0
    outer loop
      vertex -0.625 -12 9.08253
      vertex -0.0249996 -12 10.1218
      vertex -0.771646 -12 9.15485
    endloop
  endfacet
  facet normal 0 -1 -0
    outer loop
      vertex -0.0249996 -12 10.1218
      vertex -0.625 -12 9.08253
      vertex 0 -12 10.1051
    endloop
  endfacet
  facet normal 0 -1 0
    outer loop
      vertex -0.489048 -12 8.99169
      vertex 0 -12 10.1051
      vertex -0.625 -12 9.08253
    endloop
  endfacet
  facet normal 0 -1 0
    outer loop
      vertex -0.366116 -12 8.88388
      vertex 0 -12 10.1051
      vertex -0.489048 -12 8.99169
    endloop
  endfacet
  facet normal 0 -1 0
    outer loop
      vertex -0.258307 -12 8.76095
      vertex 0 -12 10.1051
      vertex -0.366116 -12 8.88388
    endloop
  endfacet
  facet normal 0 -1 0
    outer loop
      vertex -0.167468 -12 8.625
      vertex 0 -12 10.1051
      vertex -0.258307 -12 8.76095
    endloop
  endfacet
  facet normal 0 -1 0
    outer loop
      vertex -0.09515 -12 8.47835
      vertex 0 -12 10.1051
      vertex -0.167468 -12 8.625
    endloop
  endfacet
  facet normal 0 -1 0
    outer loop
      vertex -0.042592 -12 8.32352
      vertex 0 -12 10.1051
      vertex -0.09515 -12 8.47835
    endloop
  endfacet
  facet normal 0 -1 0
    outer loop
      vertex -0.0106936 -12 8.16316
      vertex 0 -12 10.1051
      vertex -0.042592 -12 8.32352
    endloop
  endfacet
  facet normal 0 -1 -0
    outer loop
      vertex 0 -12 10.1051
      vertex -0.0106936 -12 8.16316
      vertex 16 -12 16
    endloop
  endfacet
  facet normal 0 -1 0
    outer loop
      vertex 0 -12 8
      vertex 16 -12 16
      vertex -0.0106936 -12 8.16316
    endloop
  endfacet
  facet normal 0 -1 0
    outer loop
      vertex 16 -12 0
      vertex 0 -12 8
      vertex -0.0106936 -12 7.83684
    endloop
  endfacet
  facet normal 0 -1 0
    outer loop
      vertex 0 -12 5.89494
      vertex -0.0106936 -12 7.83684
      vertex -0.042592 -12 7.67648
    endloop
  endfacet
  facet normal 0 -1 0
    outer loop
      vertex 0 -12 5.89494
      vertex -0.042592 -12 7.67648
      vertex -0.09515 -12 7.52165
    endloop
  endfacet
  facet normal 0 -1 0
    outer loop
      vertex 0 -12 5.89494
      vertex -0.09515 -12 7.52165
      vertex -0.167468 -12 7.375
    endloop
  endfacet
  facet normal 0 -1 0
    outer loop
      vertex 0 -12 5.89494
      vertex -0.167468 -12 7.375
      vertex -0.258307 -12 7.23905
    endloop
  endfacet
  facet normal 0 -1 0
    outer loop
      vertex 0 -12 5.89494
      vertex -0.258307 -12 7.23905
      vertex -0.366116 -12 7.11612
    endloop
  endfacet
  facet normal 0 -1 0
    outer loop
      vertex 0 -12 5.89494
      vertex -0.366116 -12 7.11612
      vertex -0.489048 -12 7.00831
    endloop
  endfacet
  facet normal 0 -1 0
    outer loop
      vertex 0 -12 5.89494
      vertex -0.489048 -12 7.00831
      vertex -0.625 -12 6.91747
    endloop
  endfacet
  facet normal 0 -1 0
    outer loop
      vertex -2.18757 -12 5.7365
      vertex -1.72835 -12 6.84515
      vertex -2.475 -12 5.87824
    endloop
  endfacet
  facet normal 0 -1 -0
    outer loop
      vertex -1.72835 -12 6.84515
      vertex -2.18757 -12 5.7365
      vertex -1.57352 -12 6.79259
    endloop
  endfacet
  facet normal 0 -1 0
    outer loop
      vertex -1.88411 -12 5.63348
      vertex -1.57352 -12 6.79259
      vertex -2.18757 -12 5.7365
    endloop
  endfacet
  facet normal 0 -1 -0
    outer loop
      vertex -1.57352 -12 6.79259
      vertex -1.88411 -12 5.63348
      vertex -1.41316 -12 6.76069
    endloop
  endfacet
  facet normal 0 -1 0
    outer loop
      vertex -1.56979 -12 5.57096
      vertex -1.41316 -12 6.76069
      vertex -1.88411 -12 5.63348
    endloop
  endfacet
  facet normal 0 -1 -0
    outer loop
      vertex -1.41316 -12 6.76069
      vertex -1.56979 -12 5.57096
      vertex -1.25 -12 6.75
    endloop
  endfacet
  facet normal 0 -1 0
    outer loop
      vertex -0.0249996 -12 5.87824
      vertex -0.625 -12 6.91747
      vertex -0.771646 -12 6.84515
    endloop
  endfacet
  facet normal 0 -1 0
    outer loop
      vertex -0.0106936 -12 7.83684
      vertex 0 -12 5.89494
      vertex 16 -12 0
    endloop
  endfacet
  facet normal 0 -1 0
    outer loop
      vertex 16 -12 0
      vertex 0 -12 5.89494
      vertex 0 -12 0
    endloop
  endfacet
  facet normal 0 -1 0
    outer loop
      vertex 0 -12 8
      vertex 16 -12 0
      vertex 16 -12 16
    endloop
  endfacet
  facet normal 0 -1 0
    outer loop
      vertex -1.25 -12 5.55
      vertex -1.25 -12 6.75
      vertex -1.56979 -12 5.57096
    endloop
  endfacet
  facet normal 0 -1 0
    outer loop
      vertex -1.25 -12 6.75
      vertex -1.25 -12 5.55
      vertex -1.08684 -12 6.76069
    endloop
  endfacet
  facet normal -0 -1 0
    outer loop
      vertex -0.0249996 -12 5.87824
      vertex -0.771646 -12 6.84515
      vertex -0.312425 -12 5.7365
    endloop
  endfacet
  facet normal 0 -1 0
    outer loop
      vertex -0.625 -12 6.91747
      vertex -0.0249996 -12 5.87824
      vertex 0 -12 5.89494
    endloop
  endfacet
  facet normal -0 -1 0
    outer loop
      vertex -0.93021 -12 5.57096
      vertex -1.08684 -12 6.76069
      vertex -1.25 -12 5.55
    endloop
  endfacet
  facet normal 0 -1 0
    outer loop
      vertex -0.771646 -12 6.84515
      vertex -0.615892 -12 5.63348
      vertex -0.312425 -12 5.7365
    endloop
  endfacet
  facet normal 0 -1 0
    outer loop
      vertex -1.08684 -12 6.76069
      vertex -0.93021 -12 5.57096
      vertex -0.926476 -12 6.79259
    endloop
  endfacet
  facet normal 0 -1 0
    outer loop
      vertex -0.926476 -12 6.79259
      vertex -0.615892 -12 5.63348
      vertex -0.771646 -12 6.84515
    endloop
  endfacet
  facet normal -0 -1 0
    outer loop
      vertex -0.615892 -12 5.63348
      vertex -0.926476 -12 6.79259
      vertex -0.93021 -12 5.57096
    endloop
  endfacet
  facet normal 0 -1 -0
    outer loop
      vertex -0.615892 -12 10.3665
      vertex -0.926476 -12 9.20741
      vertex -0.312425 -12 10.2635
    endloop
  endfacet
  facet normal 0 -1 0
    outer loop
      vertex -2.24169 -12 8.76095
      vertex -3.19372 -12 9.49146
      vertex -3.37176 -12 9.225
    endloop
  endfacet
  facet normal 0 -1 0
    outer loop
      vertex -1.88411 -12 10.3665
      vertex -1.57352 -12 9.20741
      vertex -1.41316 -12 9.23931
    endloop
  endfacet
  facet normal 0 -1 0
    outer loop
      vertex -2.18757 -12 10.2635
      vertex -1.72835 -12 9.15485
      vertex -1.57352 -12 9.20741
    endloop
  endfacet
  facet normal 0 -1 0
    outer loop
      vertex -2.475 -12 10.1218
      vertex -1.875 -12 9.08253
      vertex -1.72835 -12 9.15485
    endloop
  endfacet
  facet normal 0 -1 0
    outer loop
      vertex -2.74146 -12 9.94372
      vertex -2.01095 -12 8.99169
      vertex -1.875 -12 9.08253
    endloop
  endfacet
  facet normal 0 -1 0
    outer loop
      vertex -2.33253 -12 8.625
      vertex -3.37176 -12 9.225
      vertex -3.5135 -12 8.93757
    endloop
  endfacet
  facet normal 0 -1 0
    outer loop
      vertex -2.98241 -12 9.73241
      vertex -2.13388 -12 8.88388
      vertex -2.01095 -12 8.99169
    endloop
  endfacet
  facet normal 0 -1 0
    outer loop
      vertex -3.19372 -12 9.49146
      vertex -2.24169 -12 8.76095
      vertex -2.13388 -12 8.88388
    endloop
  endfacet
  facet normal 0 -1 0
    outer loop
      vertex -2.40485 -12 8.47835
      vertex -3.5135 -12 8.93757
      vertex -3.61652 -12 8.63411
    endloop
  endfacet
  facet normal 0 -1 0
    outer loop
      vertex -3.37176 -12 9.225
      vertex -2.33253 -12 8.625
      vertex -2.24169 -12 8.76095
    endloop
  endfacet
  facet normal 0 -1 0
    outer loop
      vertex -3.5135 -12 8.93757
      vertex -2.40485 -12 8.47835
      vertex -2.33253 -12 8.625
    endloop
  endfacet
  facet normal 0 -1 0
    outer loop
      vertex -3.61652 -12 8.63411
      vertex -2.45741 -12 8.32352
      vertex -2.40485 -12 8.47835
    endloop
  endfacet
  facet normal 0 -1 0
    outer loop
      vertex -3.67904 -12 8.31979
      vertex -2.45741 -12 8.32352
      vertex -3.61652 -12 8.63411
    endloop
  endfacet
  facet normal 0 -1 0
    outer loop
      vertex -3.67904 -12 8.31979
      vertex -2.48931 -12 8.16316
      vertex -2.45741 -12 8.32352
    endloop
  endfacet
  facet normal 0 -1 0
    outer loop
      vertex -3.7 -12 8
      vertex -2.48931 -12 8.16316
      vertex -3.67904 -12 8.31979
    endloop
  endfacet
  facet normal 0 -1 0
    outer loop
      vertex -3.7 -12 8
      vertex -2.5 -12 8
      vertex -2.48931 -12 8.16316
    endloop
  endfacet
  facet normal 0 -1 0
    outer loop
      vertex -3.7 -12 8
      vertex -2.48931 -12 7.83684
      vertex -2.5 -12 8
    endloop
  endfacet
  facet normal 0 -1 0
    outer loop
      vertex -3.67904 -12 7.68021
      vertex -2.48931 -12 7.83684
      vertex -3.7 -12 8
    endloop
  endfacet
  facet normal 0 -1 0
    outer loop
      vertex -3.67904 -12 7.68021
      vertex -2.45741 -12 7.67648
      vertex -2.48931 -12 7.83684
    endloop
  endfacet
  facet normal 0 -1 0
    outer loop
      vertex -3.61652 -12 7.36589
      vertex -2.45741 -12 7.67648
      vertex -3.67904 -12 7.68021
    endloop
  endfacet
  facet normal 0 -1 -0
    outer loop
      vertex -2.45741 -12 7.67648
      vertex -3.61652 -12 7.36589
      vertex -2.40485 -12 7.52165
    endloop
  endfacet
  facet normal 0 -1 0
    outer loop
      vertex -3.5135 -12 7.06242
      vertex -2.40485 -12 7.52165
      vertex -3.61652 -12 7.36589
    endloop
  endfacet
  facet normal 0 -1 -0
    outer loop
      vertex -2.40485 -12 7.52165
      vertex -3.5135 -12 7.06242
      vertex -2.33253 -12 7.375
    endloop
  endfacet
  facet normal 0 -1 0
    outer loop
      vertex -3.37176 -12 6.775
      vertex -2.33253 -12 7.375
      vertex -3.5135 -12 7.06242
    endloop
  endfacet
  facet normal 0 -1 -0
    outer loop
      vertex -2.33253 -12 7.375
      vertex -3.37176 -12 6.775
      vertex -2.24169 -12 7.23905
    endloop
  endfacet
  facet normal 0 -1 0
    outer loop
      vertex -3.19372 -12 6.50853
      vertex -2.24169 -12 7.23905
      vertex -3.37176 -12 6.775
    endloop
  endfacet
  facet normal 0 -1 -0
    outer loop
      vertex -2.24169 -12 7.23905
      vertex -3.19372 -12 6.50853
      vertex -2.13388 -12 7.11612
    endloop
  endfacet
  facet normal 0 -1 0
    outer loop
      vertex -2.98241 -12 6.26759
      vertex -2.13388 -12 7.11612
      vertex -3.19372 -12 6.50853
    endloop
  endfacet
  facet normal 0 -1 -0
    outer loop
      vertex -2.13388 -12 7.11612
      vertex -2.98241 -12 6.26759
      vertex -2.01095 -12 7.00831
    endloop
  endfacet
  facet normal 0 -1 0
    outer loop
      vertex -2.74146 -12 6.05628
      vertex -2.01095 -12 7.00831
      vertex -2.98241 -12 6.26759
    endloop
  endfacet
  facet normal 0 -1 -0
    outer loop
      vertex -2.01095 -12 7.00831
      vertex -2.74146 -12 6.05628
      vertex -1.875 -12 6.91747
    endloop
  endfacet
  facet normal 0 -1 0
    outer loop
      vertex -2.475 -12 5.87824
      vertex -1.875 -12 6.91747
      vertex -2.74146 -12 6.05628
    endloop
  endfacet
  facet normal 0 -1 -0
    outer loop
      vertex -1.875 -12 6.91747
      vertex -2.475 -12 5.87824
      vertex -1.72835 -12 6.84515
    endloop
  endfacet
  facet normal 0 -1 0
    outer loop
      vertex 1.79999 82 0
      vertex 4.75 82 16
      vertex 1.79999 82 16
    endloop
  endfacet
  facet normal 0 -1 -0
    outer loop
      vertex 4.75 82 16
      vertex 1.79999 82 0
      vertex 4.75 82 0
    endloop
  endfacet
  facet normal -0.992278 -0.124035 0
    outer loop
      vertex 6.21695 70.2644 0
      vertex 4.75 82 16
      vertex 4.75 82 0
    endloop
  endfacet
  facet normal -0.992278 -0.124035 0
    outer loop
      vertex 4.75 82 16
      vertex 6.21695 70.2644 0
      vertex 6.21695 70.2644 16
    endloop
  endfacet
  facet normal -0.258815 0.965927 0
    outer loop
      vertex 6.21695 70.2644 0
      vertex 1.79999 69.0809 16
      vertex 6.21695 70.2644 16
    endloop
  endfacet
  facet normal -0.258815 0.965927 0
    outer loop
      vertex 1.79999 69.0809 16
      vertex 6.21695 70.2644 0
      vertex 1.79999 69.0809 0
    endloop
  endfacet
  facet normal 1 -0 0
    outer loop
      vertex 1.79999 69.0809 16
      vertex 1.79999 82 0
      vertex 1.79999 82 16
    endloop
  endfacet
  facet normal 1 0 0
    outer loop
      vertex 1.79999 82 0
      vertex 1.79999 69.0809 16
      vertex 1.79999 69.0809 0
    endloop
  endfacet
  facet normal -0.992278 -0.124034 0
    outer loop
      vertex 7.39619 60.8304 0
      vertex 6.31712 69.463 16
      vertex 6.31712 69.463 0
    endloop
  endfacet
  facet normal -0.992278 -0.124034 0
    outer loop
      vertex 6.31712 69.463 16
      vertex 7.39619 60.8304 0
      vertex 7.39619 60.8304 16
    endloop
  endfacet
  facet normal -0.258819 0.965926 0
    outer loop
      vertex 7.39619 60.8304 0
      vertex 1.79999 59.3309 16
      vertex 7.39619 60.8304 16
    endloop
  endfacet
  facet normal -0.258819 0.965926 0
    outer loop
      vertex 1.79999 59.3309 16
      vertex 7.39619 60.8304 0
      vertex 1.79999 59.3309 0
    endloop
  endfacet
  facet normal 1 -0 0
    outer loop
      vertex 1.79999 59.3309 16
      vertex 1.79999 68.2527 0
      vertex 1.79999 68.2527 16
    endloop
  endfacet
  facet normal 1 0 0
    outer loop
      vertex 1.79999 68.2527 0
      vertex 1.79999 59.3309 16
      vertex 1.79999 59.3309 0
    endloop
  endfacet
  facet normal 0.258807 -0.965929 0
    outer loop
      vertex 1.79999 68.2527 0
      vertex 6.31712 69.463 16
      vertex 1.79999 68.2527 16
    endloop
  endfacet
  facet normal 0.258807 -0.965929 0
    outer loop
      vertex 6.31712 69.463 16
      vertex 1.79999 68.2527 0
      vertex 6.31712 69.463 0
    endloop
  endfacet
  facet normal -0.992278 -0.124035 0
    outer loop
      vertex 8.57545 51.3964 0
      vertex 7.49637 60.029 16
      vertex 7.49637 60.029 0
    endloop
  endfacet
  facet normal -0.992278 -0.124035 0
    outer loop
      vertex 7.49637 60.029 16
      vertex 8.57545 51.3964 0
      vertex 8.57545 51.3964 16
    endloop
  endfacet
  facet normal -0.258822 0.965925 0
    outer loop
      vertex 8.57545 51.3964 0
      vertex 1.79999 49.5809 16
      vertex 8.57545 51.3964 16
    endloop
  endfacet
  facet normal -0.258822 0.965925 0
    outer loop
      vertex 1.79999 49.5809 16
      vertex 8.57545 51.3964 0
      vertex 1.79999 49.5809 0
    endloop
  endfacet
  facet normal 1 -0 0
    outer loop
      vertex 1.79999 49.5809 16
      vertex 1.79999 58.5027 0
      vertex 1.79999 58.5027 16
    endloop
  endfacet
  facet normal 1 0 0
    outer loop
      vertex 1.79999 58.5027 0
      vertex 1.79999 49.5809 16
      vertex 1.79999 49.5809 0
    endloop
  endfacet
  facet normal 0.258813 -0.965928 0
    outer loop
      vertex 1.79999 58.5027 0
      vertex 7.49637 60.029 16
      vertex 1.79999 58.5027 16
    endloop
  endfacet
  facet normal 0.258813 -0.965928 0
    outer loop
      vertex 7.49637 60.029 16
      vertex 1.79999 58.5027 0
      vertex 7.49637 60.029 0
    endloop
  endfacet
  facet normal -0.992278 -0.124034 0
    outer loop
      vertex 9.7547 41.9624 0
      vertex 8.67563 50.595 16
      vertex 8.67563 50.595 0
    endloop
  endfacet
  facet normal -0.992278 -0.124034 0
    outer loop
      vertex 8.67563 50.595 16
      vertex 9.7547 41.9624 0
      vertex 9.7547 41.9624 16
    endloop
  endfacet
  facet normal -0.258824 0.965925 0
    outer loop
      vertex 9.7547 41.9624 0
      vertex 1.79999 39.8309 16
      vertex 9.7547 41.9624 16
    endloop
  endfacet
  facet normal -0.258824 0.965925 0
    outer loop
      vertex 1.79999 39.8309 16
      vertex 9.7547 41.9624 0
      vertex 1.79999 39.8309 0
    endloop
  endfacet
  facet normal 1 -0 0
    outer loop
      vertex 1.79999 39.8309 16
      vertex 1.79999 48.7527 0
      vertex 1.79999 48.7527 16
    endloop
  endfacet
  facet normal 1 0 0
    outer loop
      vertex 1.79999 48.7527 0
      vertex 1.79999 39.8309 16
      vertex 1.79999 39.8309 0
    endloop
  endfacet
  facet normal 0.258816 -0.965927 0
    outer loop
      vertex 1.79999 48.7527 0
      vertex 8.67563 50.595 16
      vertex 1.79999 48.7527 16
    endloop
  endfacet
  facet normal 0.258816 -0.965927 0
    outer loop
      vertex 8.67563 50.595 16
      vertex 1.79999 48.7527 0
      vertex 8.67563 50.595 0
    endloop
  endfacet
  facet normal -0.992277 -0.12404 0
    outer loop
      vertex 10.934 32.5283 0
      vertex 9.85487 41.161 16
      vertex 9.85487 41.161 0
    endloop
  endfacet
  facet normal -0.992277 -0.12404 0
    outer loop
      vertex 9.85487 41.161 16
      vertex 10.934 32.5283 0
      vertex 10.934 32.5283 16
    endloop
  endfacet
  facet normal -0.258814 0.965927 0
    outer loop
      vertex 10.934 32.5283 0
      vertex 1.79999 30.0809 16
      vertex 10.934 32.5283 16
    endloop
  endfacet
  facet normal -0.258814 0.965927 0
    outer loop
      vertex 1.79999 30.0809 16
      vertex 10.934 32.5283 0
      vertex 1.79999 30.0809 0
    endloop
  endfacet
  facet normal 1 -0 0
    outer loop
      vertex 1.79999 30.0809 16
      vertex 1.79999 39.0027 0
      vertex 1.79999 39.0027 16
    endloop
  endfacet
  facet normal 1 0 0
    outer loop
      vertex 1.79999 39.0027 0
      vertex 1.79999 30.0809 16
      vertex 1.79999 30.0809 0
    endloop
  endfacet
  facet normal 0.258819 -0.965926 0
    outer loop
      vertex 1.79999 39.0027 0
      vertex 9.85487 41.161 16
      vertex 1.79999 39.0027 16
    endloop
  endfacet
  facet normal 0.258819 -0.965926 0
    outer loop
      vertex 9.85487 41.161 16
      vertex 1.79999 39.0027 0
      vertex 9.85487 41.161 0
    endloop
  endfacet
  facet normal -0.992278 -0.124036 0
    outer loop
      vertex 12.1132 23.0943 0
      vertex 11.0341 31.727 16
      vertex 11.0341 31.727 0
    endloop
  endfacet
  facet normal -0.992278 -0.124036 0
    outer loop
      vertex 11.0341 31.727 16
      vertex 12.1132 23.0943 0
      vertex 12.1132 23.0943 16
    endloop
  endfacet
  facet normal -0.258818 0.965926 0
    outer loop
      vertex 12.1132 23.0943 0
      vertex 1.79999 20.3309 16
      vertex 12.1132 23.0943 16
    endloop
  endfacet
  facet normal -0.258818 0.965926 0
    outer loop
      vertex 1.79999 20.3309 16
      vertex 12.1132 23.0943 0
      vertex 1.79999 20.3309 0
    endloop
  endfacet
  facet normal 1 -0 0
    outer loop
      vertex 1.79999 20.3309 16
      vertex 1.79999 29.2527 0
      vertex 1.79999 29.2527 16
    endloop
  endfacet
  facet normal 1 0 0
    outer loop
      vertex 1.79999 29.2527 0
      vertex 1.79999 20.3309 16
      vertex 1.79999 20.3309 0
    endloop
  endfacet
  facet normal 0.258822 -0.965925 0
    outer loop
      vertex 1.79999 29.2527 0
      vertex 11.0341 31.727 16
      vertex 1.79999 29.2527 16
    endloop
  endfacet
  facet normal 0.258822 -0.965925 0
    outer loop
      vertex 11.0341 31.727 16
      vertex 1.79999 29.2527 0
      vertex 11.0341 31.727 0
    endloop
  endfacet
  facet normal -0.992278 -0.124038 0
    outer loop
      vertex 13.2925 13.6603 0
      vertex 12.2134 22.2929 16
      vertex 12.2134 22.2929 0
    endloop
  endfacet
  facet normal -0.992278 -0.124038 0
    outer loop
      vertex 12.2134 22.2929 16
      vertex 13.2925 13.6603 0
      vertex 13.2925 13.6603 16
    endloop
  endfacet
  facet normal -0.258818 0.965926 0
    outer loop
      vertex 13.2925 13.6603 0
      vertex 1.79999 10.5809 16
      vertex 13.2925 13.6603 16
    endloop
  endfacet
  facet normal -0.258818 0.965926 0
    outer loop
      vertex 1.79999 10.5809 16
      vertex 13.2925 13.6603 0
      vertex 1.79999 10.5809 0
    endloop
  endfacet
  facet normal 1 -0 0
    outer loop
      vertex 1.79999 10.5809 16
      vertex 1.79999 19.5027 0
      vertex 1.79999 19.5027 16
    endloop
  endfacet
  facet normal 1 0 0
    outer loop
      vertex 1.79999 19.5027 0
      vertex 1.79999 10.5809 16
      vertex 1.79999 10.5809 0
    endloop
  endfacet
  facet normal 0.258813 -0.965927 0
    outer loop
      vertex 1.79999 19.5027 0
      vertex 12.2134 22.2929 16
      vertex 1.79999 19.5027 16
    endloop
  endfacet
  facet normal 0.258813 -0.965927 0
    outer loop
      vertex 12.2134 22.2929 16
      vertex 1.79999 19.5027 0
      vertex 12.2134 22.2929 0
    endloop
  endfacet
  facet normal -0.992278 -0.124034 0
    outer loop
      vertex 14.9987 0.00999451 0
      vertex 13.3926 12.8589 16
      vertex 13.3926 12.8589 0
    endloop
  endfacet
  facet normal -0.992278 -0.124034 0
    outer loop
      vertex 13.3926 12.8589 16
      vertex 14.9987 0.00999451 0
      vertex 14.9987 0.00999451 16
    endloop
  endfacet
  facet normal 0 1 -0
    outer loop
      vertex 14.9987 0.00999451 0
      vertex 1.79999 0.00999451 16
      vertex 14.9987 0.00999451 16
    endloop
  endfacet
  facet normal 0 1 0
    outer loop
      vertex 1.79999 0.00999451 16
      vertex 14.9987 0.00999451 0
      vertex 1.79999 0.00999451 0
    endloop
  endfacet
  facet normal 1 -0 0
    outer loop
      vertex 1.79999 0.00999451 16
      vertex 1.79999 9.75269 0
      vertex 1.79999 9.75269 16
    endloop
  endfacet
  facet normal 1 0 0
    outer loop
      vertex 1.79999 9.75269 0
      vertex 1.79999 0.00999451 16
      vertex 1.79999 0.00999451 0
    endloop
  endfacet
  facet normal 0.258817 -0.965926 0
    outer loop
      vertex 1.79999 9.75269 0
      vertex 13.3926 12.8589 16
      vertex 1.79999 9.75269 16
    endloop
  endfacet
  facet normal 0.258817 -0.965926 0
    outer loop
      vertex 13.3926 12.8589 16
      vertex 1.79999 9.75269 0
      vertex 13.3926 12.8589 0
    endloop
  endfacet
  facet normal -0.997859 0 -0.0654027
    outer loop
      vertex -3.7 -12 8
      vertex -3.67904 83.3876 7.68021
      vertex -3.67904 -12 7.68021
    endloop
  endfacet
  facet normal -0.997859 0 -0.0654027
    outer loop
      vertex -3.67904 83.3876 7.68021
      vertex -3.7 -12 8
      vertex -3.7 83.4016 8
    endloop
  endfacet
  facet normal 0.442182 0 0.896925
    outer loop
      vertex -0.312425 85 10.2635
      vertex -0.0249996 -12 10.1218
      vertex -0.0249996 85 10.1218
    endloop
  endfacet
  facet normal 0.442182 0 0.896925
    outer loop
      vertex -0.0249996 -12 10.1218
      vertex -0.312425 85 10.2635
      vertex -0.312425 -12 10.2635
    endloop
  endfacet
  facet normal 0.195083 0 -0.980787
    outer loop
      vertex -0.615892 -12 5.63348
      vertex -0.652241 84.2346 5.62625
      vertex -0.615892 84.3417 5.63348
    endloop
  endfacet
  facet normal 0.195043 -1.56973e-08 -0.980795
    outer loop
      vertex -0.615892 -12 5.63348
      vertex -0.767949 84 5.60324
      vertex -0.652241 84.2346 5.62625
    endloop
  endfacet
  facet normal 0.195086 5.3668e-08 -0.980786
    outer loop
      vertex -0.615892 -12 5.63348
      vertex -0.913293 83.7825 5.57433
      vertex -0.767949 84 5.60324
    endloop
  endfacet
  facet normal 0.195085 0 -0.980786
    outer loop
      vertex -0.93021 83.7632 5.57096
      vertex -0.615892 -12 5.63348
      vertex -0.93021 -12 5.57096
    endloop
  endfacet
  facet normal 0.195368 9.65488e-07 -0.98073
    outer loop
      vertex -0.615892 -12 5.63348
      vertex -0.93021 83.7632 5.57096
      vertex -0.913293 83.7825 5.57433
    endloop
  endfacet
  facet normal 0.194305 0 0.980941
    outer loop
      vertex -0.652241 84.2346 10.3737
      vertex -0.615892 -12 10.3665
      vertex -0.615892 84.3417 10.3665
    endloop
  endfacet
  facet normal 0.195776 5.77663e-07 0.980649
    outer loop
      vertex -0.767949 84 10.3968
      vertex -0.615892 -12 10.3665
      vertex -0.652241 84.2346 10.3737
    endloop
  endfacet
  facet normal 0.195022 -6.64514e-07 0.980799
    outer loop
      vertex -0.913293 83.7825 10.4257
      vertex -0.615892 -12 10.3665
      vertex -0.767949 84 10.3968
    endloop
  endfacet
  facet normal 0.191475 -1.21099e-05 0.981498
    outer loop
      vertex -0.93021 83.7632 10.429
      vertex -0.615892 -12 10.3665
      vertex -0.913293 83.7825 10.4257
    endloop
  endfacet
  facet normal 0.195025 0 0.980798
    outer loop
      vertex -0.615892 -12 10.3665
      vertex -0.93021 83.7632 10.429
      vertex -0.93021 -12 10.429
    endloop
  endfacet
  facet normal 0.0654207 0 0.997858
    outer loop
      vertex -1.08579 83.5858 10.4392
      vertex -0.93021 -12 10.429
      vertex -0.93021 83.7632 10.429
    endloop
  endfacet
  facet normal 0.0656274 3.37851e-07 0.997844
    outer loop
      vertex -1.25 83.4418 10.45
      vertex -0.93021 -12 10.429
      vertex -1.08579 83.5858 10.4392
    endloop
  endfacet
  facet normal 0.065527 0 0.997851
    outer loop
      vertex -0.93021 -12 10.429
      vertex -1.25 83.4418 10.45
      vertex -1.25 -12 10.45
    endloop
  endfacet
  facet normal -0.65935 0 -0.751836
    outer loop
      vertex -2.98241 -12 6.26759
      vertex -2.74146 83.0158 6.05628
      vertex -2.74146 -12 6.05628
    endloop
  endfacet
  facet normal -0.659346 -1.69214e-08 -0.751839
    outer loop
      vertex -2.74146 83.0158 6.05628
      vertex -2.98241 -12 6.26759
      vertex -2.76105 83.0171 6.07346
    endloop
  endfacet
  facet normal -0.659351 0 -0.751836
    outer loop
      vertex -2.76105 83.0171 6.07346
      vertex -2.98241 -12 6.26759
      vertex -2.98241 83.0611 6.26759
    endloop
  endfacet
  facet normal -0.831483 0 -0.55555
    outer loop
      vertex -3.37176 -12 6.775
      vertex -3.19372 83.1279 6.50853
      vertex -3.19372 -12 6.50853
    endloop
  endfacet
  facet normal -0.831489 3.53595e-08 -0.555541
    outer loop
      vertex -3.19372 83.1279 6.50853
      vertex -3.37176 -12 6.775
      vertex -3.26537 83.1522 6.61577
    endloop
  endfacet
  facet normal -0.831479 0 -0.555555
    outer loop
      vertex -3.26537 83.1522 6.61577
      vertex -3.37176 -12 6.775
      vertex -3.37176 83.2047 6.775
    endloop
  endfacet
  facet normal 0.321459 0 -0.946924
    outer loop
      vertex -0.615892 84.3417 5.63348
      vertex -0.312425 85 5.7365
      vertex -0.312425 -12 5.7365
    endloop
  endfacet
  facet normal 0.321471 4.7553e-06 -0.94692
    outer loop
      vertex -0.312425 85 5.7365
      vertex -0.51711 84.7389 5.66701
      vertex -0.5 85 5.67282
    endloop
  endfacet
  facet normal 0.321517 -3.59278e-05 -0.946904
    outer loop
      vertex -0.312425 85 5.7365
      vertex -0.568148 84.4824 5.64969
      vertex -0.51711 84.7389 5.66701
    endloop
  endfacet
  facet normal 0.321459 0 -0.946924
    outer loop
      vertex -0.615892 84.3417 5.63348
      vertex -0.312425 -12 5.7365
      vertex -0.615892 -12 5.63348
    endloop
  endfacet
  facet normal 0.321358 5.15325e-05 -0.946958
    outer loop
      vertex -0.312425 85 5.7365
      vertex -0.615892 84.3417 5.63348
      vertex -0.568148 84.4824 5.64969
    endloop
  endfacet
  facet normal -0.442179 0 -0.896927
    outer loop
      vertex -2.18757 -12 5.7365
      vertex -2.23895 83.0171 5.76183
      vertex -2.18757 83.0273 5.7365
    endloop
  endfacet
  facet normal -0.442277 -0 -0.896879
    outer loop
      vertex -2.475 83.0016 5.87824
      vertex -2.18757 -12 5.7365
      vertex -2.475 -12 5.87824
    endloop
  endfacet
  facet normal -0.442298 -7.99439e-08 -0.896868
    outer loop
      vertex -2.18757 -12 5.7365
      vertex -2.475 83.0016 5.87824
      vertex -2.23895 83.0171 5.76183
    endloop
  endfacet
  facet normal -0.0645205 0 0.997916
    outer loop
      vertex -1.28248 83.4133 10.4479
      vertex -1.25 -12 10.45
      vertex -1.25 83.4418 10.45
    endloop
  endfacet
  facet normal -0.0655992 -3.68778e-07 0.997846
    outer loop
      vertex -1.5 83.268 10.4336
      vertex -1.25 -12 10.45
      vertex -1.28248 83.4133 10.4479
    endloop
  endfacet
  facet normal -0.0657689 -8.15969e-07 0.997835
    outer loop
      vertex -1.56979 83.2335 10.429
      vertex -1.25 -12 10.45
      vertex -1.5 83.268 10.4336
    endloop
  endfacet
  facet normal -0.065527 0 0.997851
    outer loop
      vertex -1.25 -12 10.45
      vertex -1.56979 83.2335 10.429
      vertex -1.56979 -12 10.429
    endloop
  endfacet
  facet normal -0.946921 0 0.321465
    outer loop
      vertex -3.61652 -12 8.63411
      vertex -3.5135 83.277 8.93757
      vertex -3.61652 83.3458 8.63411
    endloop
  endfacet
  facet normal -0.946921 0 0.321465
    outer loop
      vertex -3.5135 83.277 8.93757
      vertex -3.61652 -12 8.63411
      vertex -3.5135 -12 8.93757
    endloop
  endfacet
  facet normal 0.321561 -3.81262e-05 0.946889
    outer loop
      vertex -0.51711 84.7389 10.333
      vertex -0.312425 85 10.2635
      vertex -0.5 85 10.3272
    endloop
  endfacet
  facet normal 0.321686 -0.000147203 0.946846
    outer loop
      vertex -0.568148 84.4824 10.3503
      vertex -0.312425 85 10.2635
      vertex -0.51711 84.7389 10.333
    endloop
  endfacet
  facet normal 0.321642 -0.000123241 0.946861
    outer loop
      vertex -0.615892 84.3417 10.3665
      vertex -0.312425 85 10.2635
      vertex -0.568148 84.4824 10.3503
    endloop
  endfacet
  facet normal 0.321403 0 0.946943
    outer loop
      vertex -0.312425 85 10.2635
      vertex -0.615892 84.3417 10.3665
      vertex -0.312425 -12 10.2635
    endloop
  endfacet
  facet normal 0.321403 0 0.946943
    outer loop
      vertex -0.312425 -12 10.2635
      vertex -0.615892 84.3417 10.3665
      vertex -0.615892 -12 10.3665
    endloop
  endfacet
  facet normal -0.321428 0 -0.946934
    outer loop
      vertex -1.88411 -12 5.63348
      vertex -1.98236 83.0681 5.66683
      vertex -1.88411 83.1015 5.63348
    endloop
  endfacet
  facet normal -0.321465 -0 -0.946921
    outer loop
      vertex -2.18757 83.0273 5.7365
      vertex -1.88411 -12 5.63348
      vertex -2.18757 -12 5.7365
    endloop
  endfacet
  facet normal -0.321483 -6.42505e-08 -0.946915
    outer loop
      vertex -1.88411 -12 5.63348
      vertex -2.18757 83.0273 5.7365
      vertex -1.98236 83.0681 5.66683
    endloop
  endfacet
  facet normal -0.555468 0 -0.831538
    outer loop
      vertex -2.475 -12 5.87824
      vertex -2.5 83 5.89494
      vertex -2.475 83.0016 5.87824
    endloop
  endfacet
  facet normal -0.555564 -3.67227e-08 -0.831474
    outer loop
      vertex -2.74146 -12 6.05628
      vertex -2.5 83 5.89494
      vertex -2.475 -12 5.87824
    endloop
  endfacet
  facet normal -0.555574 0 -0.831467
    outer loop
      vertex -2.5 83 5.89494
      vertex -2.74146 -12 6.05628
      vertex -2.74146 83.0158 6.05628
    endloop
  endfacet
  facet normal -0.946925 0 -0.321456
    outer loop
      vertex -3.61652 -12 7.36589
      vertex -3.5135 83.277 7.06242
      vertex -3.5135 -12 7.06242
    endloop
  endfacet
  facet normal -0.946925 0 -0.321456
    outer loop
      vertex -3.5135 83.277 7.06242
      vertex -3.61652 -12 7.36589
      vertex -3.61652 83.3458 7.36589
    endloop
  endfacet
  facet normal -0.195098 0 -0.980784
    outer loop
      vertex -1.56979 -12 5.57096
      vertex -1.73463 83.1522 5.60375
      vertex -1.56979 83.2335 5.57096
    endloop
  endfacet
  facet normal -0.195084 -0 -0.980787
    outer loop
      vertex -1.88411 83.1015 5.63348
      vertex -1.56979 -12 5.57096
      vertex -1.88411 -12 5.63348
    endloop
  endfacet
  facet normal -0.195069 5.21003e-08 -0.98079
    outer loop
      vertex -1.56979 -12 5.57096
      vertex -1.88411 83.1015 5.63348
      vertex -1.73463 83.1522 5.60375
    endloop
  endfacet
  facet normal 0.442282 0 -0.896876
    outer loop
      vertex -0.312425 -12 5.7365
      vertex -0.0249996 85 5.87824
      vertex -0.0249996 -12 5.87824
    endloop
  endfacet
  facet normal 0.442282 0 -0.896876
    outer loop
      vertex -0.0249996 85 5.87824
      vertex -0.312425 -12 5.7365
      vertex -0.312425 85 5.7365
    endloop
  endfacet
  facet normal -0.320995 0 0.947081
    outer loop
      vertex -1.98236 83.0681 10.3332
      vertex -1.88411 -12 10.3665
      vertex -1.88411 83.1015 10.3665
    endloop
  endfacet
  facet normal -0.321607 -7.05171e-07 0.946873
    outer loop
      vertex -2.18757 83.0273 10.2635
      vertex -1.88411 -12 10.3665
      vertex -1.98236 83.0681 10.3332
    endloop
  endfacet
  facet normal -0.321409 0 0.94694
    outer loop
      vertex -1.88411 -12 10.3665
      vertex -2.18757 83.0273 10.2635
      vertex -2.18757 -12 10.2635
    endloop
  endfacet
  facet normal -0.980787 0 -0.195084
    outer loop
      vertex -3.67904 -12 7.68021
      vertex -3.61652 83.3458 7.36589
      vertex -3.61652 -12 7.36589
    endloop
  endfacet
  facet normal -0.980787 0 -0.195084
    outer loop
      vertex -3.61652 83.3458 7.36589
      vertex -3.67904 -12 7.68021
      vertex -3.67904 83.3876 7.68021
    endloop
  endfacet
  facet normal -0.0654383 0 -0.997857
    outer loop
      vertex -1.25 -12 5.55
      vertex -1.28248 83.4133 5.55213
      vertex -1.25 83.4418 5.55
    endloop
  endfacet
  facet normal -0.0654168 7.34489e-09 -0.997858
    outer loop
      vertex -1.25 -12 5.55
      vertex -1.5 83.268 5.56639
      vertex -1.28248 83.4133 5.55213
    endloop
  endfacet
  facet normal -0.0654027 -0 -0.997859
    outer loop
      vertex -1.56979 83.2335 5.57096
      vertex -1.25 -12 5.55
      vertex -1.56979 -12 5.57096
    endloop
  endfacet
  facet normal -0.0653423 2.03563e-07 -0.997863
    outer loop
      vertex -1.25 -12 5.55
      vertex -1.56979 83.2335 5.57096
      vertex -1.5 83.268 5.56639
    endloop
  endfacet
  facet normal -0.195155 0 0.980772
    outer loop
      vertex -1.73463 83.1522 10.3962
      vertex -1.56979 -12 10.429
      vertex -1.56979 83.2335 10.429
    endloop
  endfacet
  facet normal -0.19488 4.95937e-07 0.980827
    outer loop
      vertex -1.88411 83.1015 10.3665
      vertex -1.56979 -12 10.429
      vertex -1.73463 83.1522 10.3962
    endloop
  endfacet
  facet normal -0.195024 0 0.980798
    outer loop
      vertex -1.56979 -12 10.429
      vertex -1.88411 83.1015 10.3665
      vertex -1.88411 -12 10.3665
    endloop
  endfacet
  facet normal -0.896967 0 0.442098
    outer loop
      vertex -3.5135 -12 8.93757
      vertex -3.5 83.268 8.96496
      vertex -3.5135 83.277 8.93757
    endloop
  endfacet
  facet normal -0.896869 -7.07208e-08 0.442296
    outer loop
      vertex -3.5135 -12 8.93757
      vertex -3.37176 83.2047 9.225
      vertex -3.5 83.268 8.96496
    endloop
  endfacet
  facet normal -0.896879 0 0.442277
    outer loop
      vertex -3.37176 83.2047 9.225
      vertex -3.5135 -12 8.93757
      vertex -3.37176 -12 9.225
    endloop
  endfacet
  facet normal -0.751839 0 0.659347
    outer loop
      vertex -3.19372 -12 9.49146
      vertex -3.01764 83.0681 9.69224
      vertex -3.19372 83.1279 9.49146
    endloop
  endfacet
  facet normal -0.751823 -6.80525e-08 0.659365
    outer loop
      vertex -3.19372 -12 9.49146
      vertex -2.98241 83.0611 9.73241
      vertex -3.01764 83.0681 9.69224
    endloop
  endfacet
  facet normal -0.751836 0 0.65935
    outer loop
      vertex -2.98241 83.0611 9.73241
      vertex -3.19372 -12 9.49146
      vertex -2.98241 -12 9.73241
    endloop
  endfacet
  facet normal -0.751822 0 -0.659366
    outer loop
      vertex -3.19372 -12 6.50853
      vertex -2.98241 83.0611 6.26759
      vertex -2.98241 -12 6.26759
    endloop
  endfacet
  facet normal -0.751823 1.27918e-09 -0.659365
    outer loop
      vertex -2.98241 83.0611 6.26759
      vertex -3.19372 -12 6.50853
      vertex -3.01764 83.0681 6.30776
    endloop
  endfacet
  facet normal -0.751822 0 -0.659366
    outer loop
      vertex -3.01764 83.0681 6.30776
      vertex -3.19372 -12 6.50853
      vertex -3.19372 83.1279 6.50853
    endloop
  endfacet
  facet normal 0.0654207 0 -0.997858
    outer loop
      vertex -0.93021 -12 5.57096
      vertex -1.08579 83.5858 5.56076
      vertex -0.93021 83.7632 5.57096
    endloop
  endfacet
  facet normal 0.0654027 0 -0.997859
    outer loop
      vertex -1.25 83.4418 5.55
      vertex -0.93021 -12 5.57096
      vertex -1.25 -12 5.55
    endloop
  endfacet
  facet normal 0.0653857 -5.72109e-08 -0.99786
    outer loop
      vertex -0.93021 -12 5.57096
      vertex -1.25 83.4418 5.55
      vertex -1.08579 83.5858 5.56076
    endloop
  endfacet
  facet normal 0.555474 0 -0.831534
    outer loop
      vertex -0.0249996 -12 5.87824
      vertex 0 85 5.89494
      vertex 0 -12 5.89494
    endloop
  endfacet
  facet normal 0.555474 0 -0.831534
    outer loop
      vertex 0 85 5.89494
      vertex -0.0249996 -12 5.87824
      vertex -0.0249996 85 5.87824
    endloop
  endfacet
  facet normal 0 1 -0
    outer loop
      vertex 0 85 5.89494
      vertex -0.0106936 85 7.83684
      vertex 0 85 8
    endloop
  endfacet
  facet normal 0 1 0
    outer loop
      vertex 0 85 5.89494
      vertex -0.042592 85 7.67648
      vertex -0.0106936 85 7.83684
    endloop
  endfacet
  facet normal 0 1 0
    outer loop
      vertex 0 85 5.89494
      vertex -0.09515 85 7.52165
      vertex -0.042592 85 7.67648
    endloop
  endfacet
  facet normal 0 1 0
    outer loop
      vertex 0 85 5.89494
      vertex -0.167468 85 7.375
      vertex -0.09515 85 7.52165
    endloop
  endfacet
  facet normal 0 1 0
    outer loop
      vertex 0 85 5.89494
      vertex -0.258307 85 7.23905
      vertex -0.167468 85 7.375
    endloop
  endfacet
  facet normal 0 1 0
    outer loop
      vertex 0 85 5.89494
      vertex -0.366116 85 7.11612
      vertex -0.258307 85 7.23905
    endloop
  endfacet
  facet normal 0 1 0
    outer loop
      vertex 0 85 5.89494
      vertex -0.489048 85 7.00831
      vertex -0.366116 85 7.11612
    endloop
  endfacet
  facet normal 0 1 0
    outer loop
      vertex 0 85 5.89494
      vertex -0.5 85 7.00099
      vertex -0.489048 85 7.00831
    endloop
  endfacet
  facet normal 0 1 -0
    outer loop
      vertex -0.0249996 85 5.87824
      vertex -0.5 85 7.00099
      vertex 0 85 5.89494
    endloop
  endfacet
  facet normal 0 1 -0
    outer loop
      vertex -0.312425 85 5.7365
      vertex -0.5 85 7.00099
      vertex -0.0249996 85 5.87824
    endloop
  endfacet
  facet normal 0 1 0
    outer loop
      vertex -0.5 85 7.00099
      vertex -0.312425 85 5.7365
      vertex -0.5 85 5.67282
    endloop
  endfacet
  facet normal 0 1 0
    outer loop
      vertex -0.5 85 8.99901
      vertex -0.312425 85 10.2635
      vertex -0.0249996 85 10.1218
    endloop
  endfacet
  facet normal 0 1 0
    outer loop
      vertex -0.5 85 8.99901
      vertex -0.0249996 85 10.1218
      vertex 0 85 10.1051
    endloop
  endfacet
  facet normal 0 1 0
    outer loop
      vertex -0.312425 85 10.2635
      vertex -0.5 85 8.99901
      vertex -0.5 85 10.3272
    endloop
  endfacet
  facet normal 0 1 0
    outer loop
      vertex 0 85 10.1051
      vertex -0.489048 85 8.99169
      vertex -0.5 85 8.99901
    endloop
  endfacet
  facet normal 0 1 0
    outer loop
      vertex 0 85 10.1051
      vertex -0.366116 85 8.88388
      vertex -0.489048 85 8.99169
    endloop
  endfacet
  facet normal 0 1 0
    outer loop
      vertex 0 85 10.1051
      vertex -0.258307 85 8.76095
      vertex -0.366116 85 8.88388
    endloop
  endfacet
  facet normal 0 1 0
    outer loop
      vertex 0 85 10.1051
      vertex -0.167468 85 8.625
      vertex -0.258307 85 8.76095
    endloop
  endfacet
  facet normal 0 1 0
    outer loop
      vertex 0 85 10.1051
      vertex -0.09515 85 8.47835
      vertex -0.167468 85 8.625
    endloop
  endfacet
  facet normal 0 1 0
    outer loop
      vertex 0 85 10.1051
      vertex -0.042592 85 8.32352
      vertex -0.09515 85 8.47835
    endloop
  endfacet
  facet normal 0 1 0
    outer loop
      vertex 0 85 10.1051
      vertex -0.0106936 85 8.16316
      vertex -0.042592 85 8.32352
    endloop
  endfacet
  facet normal -0 1 0
    outer loop
      vertex -0.0106936 85 8.16316
      vertex 0 85 10.1051
      vertex 0 85 8
    endloop
  endfacet
  facet normal -0.441758 0 0.897134
    outer loop
      vertex -2.23895 83.0171 10.2382
      vertex -2.18757 -12 10.2635
      vertex -2.18757 83.0273 10.2635
    endloop
  endfacet
  facet normal -0.442267 -3.42565e-07 0.896883
    outer loop
      vertex -2.475 83.0016 10.1218
      vertex -2.18757 -12 10.2635
      vertex -2.23895 83.0171 10.2382
    endloop
  endfacet
  facet normal -0.442176 0 0.896928
    outer loop
      vertex -2.18757 -12 10.2635
      vertex -2.475 83.0016 10.1218
      vertex -2.475 -12 10.1218
    endloop
  endfacet
  facet normal -0.831479 0 0.555555
    outer loop
      vertex -3.37176 -12 9.225
      vertex -3.26537 83.1522 9.38423
      vertex -3.37176 83.2047 9.225
    endloop
  endfacet
  facet normal -0.831465 -5.13035e-08 0.555577
    outer loop
      vertex -3.37176 -12 9.225
      vertex -3.19372 83.1279 9.49146
      vertex -3.26537 83.1522 9.38423
    endloop
  endfacet
  facet normal -0.831474 0 0.555564
    outer loop
      vertex -3.19372 83.1279 9.49146
      vertex -3.37176 -12 9.225
      vertex -3.19372 -12 9.49146
    endloop
  endfacet
  facet normal -0.980787 0 0.195084
    outer loop
      vertex -3.67904 -12 8.31979
      vertex -3.61652 83.3458 8.63411
      vertex -3.67904 83.3876 8.31979
    endloop
  endfacet
  facet normal -0.980787 0 0.195084
    outer loop
      vertex -3.61652 83.3458 8.63411
      vertex -3.67904 -12 8.31979
      vertex -3.61652 -12 8.63411
    endloop
  endfacet
  facet normal -0.659346 -1.69214e-08 0.751839
    outer loop
      vertex -2.98241 -12 9.73241
      vertex -2.74146 83.0158 9.94372
      vertex -2.76105 83.0171 9.92654
    endloop
  endfacet
  facet normal -0.659351 0 0.751836
    outer loop
      vertex -2.98241 -12 9.73241
      vertex -2.76105 83.0171 9.92654
      vertex -2.98241 83.0611 9.73241
    endloop
  endfacet
  facet normal -0.65935 0 0.751836
    outer loop
      vertex -2.74146 83.0158 9.94372
      vertex -2.98241 -12 9.73241
      vertex -2.74146 -12 9.94372
    endloop
  endfacet
  facet normal -0.896873 0 -0.442289
    outer loop
      vertex -3.5135 -12 7.06242
      vertex -3.37176 83.2047 6.775
      vertex -3.37176 -12 6.775
    endloop
  endfacet
  facet normal -0.896869 -2.42976e-08 -0.442296
    outer loop
      vertex -3.37176 83.2047 6.775
      vertex -3.5135 -12 7.06242
      vertex -3.5 83.268 7.03504
    endloop
  endfacet
  facet normal -0.896903 0 -0.442228
    outer loop
      vertex -3.5 83.268 7.03504
      vertex -3.5135 -12 7.06242
      vertex -3.5135 83.277 7.06242
    endloop
  endfacet
  facet normal -0.997859 0 0.0654027
    outer loop
      vertex -3.7 -12 8
      vertex -3.67904 83.3876 8.31979
      vertex -3.7 83.4016 8
    endloop
  endfacet
  facet normal -0.997859 0 0.0654027
    outer loop
      vertex -3.67904 83.3876 8.31979
      vertex -3.7 -12 8
      vertex -3.67904 -12 8.31979
    endloop
  endfacet
  facet normal 0.555474 0 0.831534
    outer loop
      vertex -0.0249996 85 10.1218
      vertex 0 -12 10.1051
      vertex 0 85 10.1051
    endloop
  endfacet
  facet normal 0.555474 0 0.831534
    outer loop
      vertex 0 -12 10.1051
      vertex -0.0249996 85 10.1218
      vertex -0.0249996 -12 10.1218
    endloop
  endfacet
  facet normal -0.555468 0 0.831538
    outer loop
      vertex -2.5 83 10.1051
      vertex -2.475 -12 10.1218
      vertex -2.475 83.0016 10.1218
    endloop
  endfacet
  facet normal -0.555669 0 0.831403
    outer loop
      vertex -2.74146 -12 9.94372
      vertex -2.5 83 10.1051
      vertex -2.74146 83.0158 9.94372
    endloop
  endfacet
  facet normal -0.55565 -6.95647e-08 0.831416
    outer loop
      vertex -2.5 83 10.1051
      vertex -2.74146 -12 9.94372
      vertex -2.475 -12 10.1218
    endloop
  endfacet
  facet normal -0.980779 -0.195122 0
    outer loop
      vertex 9.68546 -3.37811 0
      vertex 9.64207 -3.16001 16
      vertex 9.64207 -3.16001 0
    endloop
  endfacet
  facet normal -0.980779 -0.195122 0
    outer loop
      vertex 9.64207 -3.16001 16
      vertex 9.68546 -3.37811 0
      vertex 9.68546 -3.37811 16
    endloop
  endfacet
  facet normal -0.99786 -0.0653877 0
    outer loop
      vertex 9.7 -3.6 0
      vertex 9.68546 -3.37811 16
      vertex 9.68546 -3.37811 0
    endloop
  endfacet
  facet normal -0.99786 -0.0653877 0
    outer loop
      vertex 9.68546 -3.37811 16
      vertex 9.7 -3.6 0
      vertex 9.7 -3.6 16
    endloop
  endfacet
  facet normal 0.555572 0.831469 -0
    outer loop
      vertex 7.15 -5.07224 0
      vertex 6.96511 -4.9487 16
      vertex 7.15 -5.07224 16
    endloop
  endfacet
  facet normal 0.555572 0.831469 0
    outer loop
      vertex 6.96511 -4.9487 16
      vertex 7.15 -5.07224 0
      vertex 6.96511 -4.9487 0
    endloop
  endfacet
  facet normal 0.99786 0.0653877 0
    outer loop
      vertex 6.31454 -3.82189 16
      vertex 6.3 -3.6 0
      vertex 6.3 -3.6 16
    endloop
  endfacet
  facet normal 0.99786 0.0653877 0
    outer loop
      vertex 6.3 -3.6 0
      vertex 6.31454 -3.82189 16
      vertex 6.31454 -3.82189 0
    endloop
  endfacet
  facet normal 0.89686 -0.442314 0
    outer loop
      vertex 6.4294 -2.94944 16
      vertex 6.52776 -2.75 0
      vertex 6.52776 -2.75 16
    endloop
  endfacet
  facet normal 0.89686 -0.442314 0
    outer loop
      vertex 6.52776 -2.75 0
      vertex 6.4294 -2.94944 16
      vertex 6.4294 -2.94944 0
    endloop
  endfacet
  facet normal 0.442314 -0.89686 0
    outer loop
      vertex 7.15 -2.12776 0
      vertex 7.34944 -2.0294 16
      vertex 7.15 -2.12776 16
    endloop
  endfacet
  facet normal 0.442314 -0.89686 0
    outer loop
      vertex 7.34944 -2.0294 16
      vertex 7.15 -2.12776 0
      vertex 7.34944 -2.0294 0
    endloop
  endfacet
  facet normal -0.831469 -0.555572 0
    outer loop
      vertex 9.47224 -2.75 0
      vertex 9.3487 -2.56511 16
      vertex 9.3487 -2.56511 0
    endloop
  endfacet
  facet normal -0.831469 -0.555572 0
    outer loop
      vertex 9.3487 -2.56511 16
      vertex 9.47224 -2.75 0
      vertex 9.47224 -2.75 16
    endloop
  endfacet
  facet normal -0.321404 0.946942 0
    outer loop
      vertex 8.65056 -5.1706 0
      vertex 8.43999 -5.24207 16
      vertex 8.65056 -5.1706 16
    endloop
  endfacet
  facet normal -0.321404 0.946942 0
    outer loop
      vertex 8.43999 -5.24207 16
      vertex 8.65056 -5.1706 0
      vertex 8.43999 -5.24207 0
    endloop
  endfacet
  facet normal -0.896878 -0.442278 0
    outer loop
      vertex 9.57059 -2.94944 0
      vertex 9.47224 -2.75 16
      vertex 9.47224 -2.75 0
    endloop
  endfacet
  facet normal -0.896878 -0.442278 0
    outer loop
      vertex 9.47224 -2.75 16
      vertex 9.57059 -2.94944 0
      vertex 9.57059 -2.94944 16
    endloop
  endfacet
  facet normal -0.442314 0.89686 0
    outer loop
      vertex 8.85 -5.07224 0
      vertex 8.65056 -5.1706 16
      vertex 8.85 -5.07224 16
    endloop
  endfacet
  facet normal -0.442314 0.89686 0
    outer loop
      vertex 8.65056 -5.1706 16
      vertex 8.85 -5.07224 0
      vertex 8.65056 -5.1706 0
    endloop
  endfacet
  facet normal -0.831469 0.555572 0
    outer loop
      vertex 9.3487 -4.63489 0
      vertex 9.47224 -4.45 16
      vertex 9.47224 -4.45 0
    endloop
  endfacet
  facet normal -0.831469 0.555572 0
    outer loop
      vertex 9.47224 -4.45 16
      vertex 9.3487 -4.63489 0
      vertex 9.3487 -4.63489 16
    endloop
  endfacet
  facet normal -0.946929 0.321444 0
    outer loop
      vertex 9.57059 -4.25056 0
      vertex 9.64207 -4.03999 16
      vertex 9.64207 -4.03999 0
    endloop
  endfacet
  facet normal -0.946929 0.321444 0
    outer loop
      vertex 9.64207 -4.03999 16
      vertex 9.57059 -4.25056 0
      vertex 9.57059 -4.25056 16
    endloop
  endfacet
  facet normal 0.19513 0.980777 -0
    outer loop
      vertex 7.7781 -5.28546 0
      vertex 7.56001 -5.24207 16
      vertex 7.7781 -5.28546 16
    endloop
  endfacet
  facet normal 0.19513 0.980777 0
    outer loop
      vertex 7.56001 -5.24207 16
      vertex 7.7781 -5.28546 0
      vertex 7.56001 -5.24207 0
    endloop
  endfacet
  facet normal 0.946942 0.321404 0
    outer loop
      vertex 6.4294 -4.25056 16
      vertex 6.35793 -4.03999 0
      vertex 6.35793 -4.03999 16
    endloop
  endfacet
  facet normal 0.946942 0.321404 0
    outer loop
      vertex 6.35793 -4.03999 0
      vertex 6.4294 -4.25056 16
      vertex 6.4294 -4.25056 0
    endloop
  endfacet
  facet normal -0.99786 0.0653877 0
    outer loop
      vertex 9.68546 -3.82189 0
      vertex 9.7 -3.6 16
      vertex 9.7 -3.6 0
    endloop
  endfacet
  facet normal -0.99786 0.0653877 0
    outer loop
      vertex 9.7 -3.6 16
      vertex 9.68546 -3.82189 0
      vertex 9.68546 -3.82189 16
    endloop
  endfacet
  facet normal -0.896878 0.442278 0
    outer loop
      vertex 9.47224 -4.45 0
      vertex 9.57059 -4.25056 16
      vertex 9.57059 -4.25056 0
    endloop
  endfacet
  facet normal -0.896878 0.442278 0
    outer loop
      vertex 9.57059 -4.25056 16
      vertex 9.47224 -4.45 0
      vertex 9.47224 -4.45 16
    endloop
  endfacet
  facet normal -0.0653877 -0.99786 0
    outer loop
      vertex 8 -1.9 0
      vertex 8.22189 -1.91454 16
      vertex 8 -1.9 16
    endloop
  endfacet
  facet normal -0.0653877 -0.99786 -0
    outer loop
      vertex 8.22189 -1.91454 16
      vertex 8 -1.9 0
      vertex 8.22189 -1.91454 0
    endloop
  endfacet
  facet normal -0.751844 -0.659342 0
    outer loop
      vertex 9.3487 -2.56511 0
      vertex 9.20208 -2.39792 16
      vertex 9.20208 -2.39792 0
    endloop
  endfacet
  facet normal -0.751844 -0.659342 0
    outer loop
      vertex 9.20208 -2.39792 16
      vertex 9.3487 -2.56511 0
      vertex 9.3487 -2.56511 16
    endloop
  endfacet
  facet normal 0.751844 0.659342 0
    outer loop
      vertex 6.79792 -4.80208 16
      vertex 6.6513 -4.63489 0
      vertex 6.6513 -4.63489 16
    endloop
  endfacet
  facet normal 0.751844 0.659342 0
    outer loop
      vertex 6.6513 -4.63489 0
      vertex 6.79792 -4.80208 16
      vertex 6.79792 -4.80208 0
    endloop
  endfacet
  facet normal 0.980779 0.195122 0
    outer loop
      vertex 6.35793 -4.03999 16
      vertex 6.31454 -3.82189 0
      vertex 6.31454 -3.82189 16
    endloop
  endfacet
  facet normal 0.980779 0.195122 0
    outer loop
      vertex 6.31454 -3.82189 0
      vertex 6.35793 -4.03999 16
      vertex 6.35793 -4.03999 0
    endloop
  endfacet
  facet normal 0.751844 -0.659342 0
    outer loop
      vertex 6.6513 -2.56511 16
      vertex 6.79792 -2.39792 0
      vertex 6.79792 -2.39792 16
    endloop
  endfacet
  facet normal 0.751844 -0.659342 0
    outer loop
      vertex 6.79792 -2.39792 0
      vertex 6.6513 -2.56511 16
      vertex 6.6513 -2.56511 0
    endloop
  endfacet
  facet normal 0.89686 0.442314 0
    outer loop
      vertex 6.52776 -4.45 16
      vertex 6.4294 -4.25056 0
      vertex 6.4294 -4.25056 16
    endloop
  endfacet
  facet normal 0.89686 0.442314 0
    outer loop
      vertex 6.4294 -4.25056 0
      vertex 6.52776 -4.45 16
      vertex 6.52776 -4.45 0
    endloop
  endfacet
  facet normal -0.195122 0.980779 0
    outer loop
      vertex 8.43999 -5.24207 0
      vertex 8.22189 -5.28546 16
      vertex 8.43999 -5.24207 16
    endloop
  endfacet
  facet normal -0.195122 0.980779 0
    outer loop
      vertex 8.22189 -5.28546 16
      vertex 8.43999 -5.24207 0
      vertex 8.22189 -5.28546 0
    endloop
  endfacet
  facet normal 0.321404 0.946942 -0
    outer loop
      vertex 7.56001 -5.24207 0
      vertex 7.34944 -5.1706 16
      vertex 7.56001 -5.24207 16
    endloop
  endfacet
  facet normal 0.321404 0.946942 0
    outer loop
      vertex 7.34944 -5.1706 16
      vertex 7.56001 -5.24207 0
      vertex 7.34944 -5.1706 0
    endloop
  endfacet
  facet normal 0.555572 -0.831469 0
    outer loop
      vertex 6.96511 -2.2513 0
      vertex 7.15 -2.12776 16
      vertex 6.96511 -2.2513 16
    endloop
  endfacet
  facet normal 0.555572 -0.831469 0
    outer loop
      vertex 7.15 -2.12776 16
      vertex 6.96511 -2.2513 0
      vertex 7.15 -2.12776 0
    endloop
  endfacet
  facet normal -0.555572 -0.831469 0
    outer loop
      vertex 8.85 -2.12776 0
      vertex 9.03489 -2.2513 16
      vertex 8.85 -2.12776 16
    endloop
  endfacet
  facet normal -0.555572 -0.831469 -0
    outer loop
      vertex 9.03489 -2.2513 16
      vertex 8.85 -2.12776 0
      vertex 9.03489 -2.2513 0
    endloop
  endfacet
  facet normal 0.442314 0.89686 -0
    outer loop
      vertex 7.34944 -5.1706 0
      vertex 7.15 -5.07224 16
      vertex 7.34944 -5.1706 16
    endloop
  endfacet
  facet normal 0.442314 0.89686 0
    outer loop
      vertex 7.15 -5.07224 16
      vertex 7.34944 -5.1706 0
      vertex 7.15 -5.07224 0
    endloop
  endfacet
  facet normal -0.555572 0.831469 0
    outer loop
      vertex 9.03489 -4.9487 0
      vertex 8.85 -5.07224 16
      vertex 9.03489 -4.9487 16
    endloop
  endfacet
  facet normal -0.555572 0.831469 0
    outer loop
      vertex 8.85 -5.07224 16
      vertex 9.03489 -4.9487 0
      vertex 8.85 -5.07224 0
    endloop
  endfacet
  facet normal -0.321404 -0.946942 0
    outer loop
      vertex 8.43999 -1.95793 0
      vertex 8.65056 -2.0294 16
      vertex 8.43999 -1.95793 16
    endloop
  endfacet
  facet normal -0.321404 -0.946942 -0
    outer loop
      vertex 8.65056 -2.0294 16
      vertex 8.43999 -1.95793 0
      vertex 8.65056 -2.0294 0
    endloop
  endfacet
  facet normal -0.195122 -0.980779 0
    outer loop
      vertex 8.22189 -1.91454 0
      vertex 8.43999 -1.95793 16
      vertex 8.22189 -1.91454 16
    endloop
  endfacet
  facet normal -0.195122 -0.980779 -0
    outer loop
      vertex 8.43999 -1.95793 16
      vertex 8.22189 -1.91454 0
      vertex 8.43999 -1.95793 0
    endloop
  endfacet
  facet normal 0.19513 -0.980777 0
    outer loop
      vertex 7.56001 -1.95793 0
      vertex 7.7781 -1.91454 16
      vertex 7.56001 -1.95793 16
    endloop
  endfacet
  facet normal 0.19513 -0.980777 0
    outer loop
      vertex 7.7781 -1.91454 16
      vertex 7.56001 -1.95793 0
      vertex 7.7781 -1.91454 0
    endloop
  endfacet
  facet normal -0.980779 0.195122 0
    outer loop
      vertex 9.64207 -4.03999 0
      vertex 9.68546 -3.82189 16
      vertex 9.68546 -3.82189 0
    endloop
  endfacet
  facet normal -0.980779 0.195122 0
    outer loop
      vertex 9.68546 -3.82189 16
      vertex 9.64207 -4.03999 0
      vertex 9.64207 -4.03999 16
    endloop
  endfacet
  facet normal -0.442314 -0.89686 0
    outer loop
      vertex 8.65056 -2.0294 0
      vertex 8.85 -2.12776 16
      vertex 8.65056 -2.0294 16
    endloop
  endfacet
  facet normal -0.442314 -0.89686 -0
    outer loop
      vertex 8.85 -2.12776 16
      vertex 8.65056 -2.0294 0
      vertex 8.85 -2.12776 0
    endloop
  endfacet
  facet normal 0.321404 -0.946942 0
    outer loop
      vertex 7.34944 -2.0294 0
      vertex 7.56001 -1.95793 16
      vertex 7.34944 -2.0294 16
    endloop
  endfacet
  facet normal 0.321404 -0.946942 0
    outer loop
      vertex 7.56001 -1.95793 16
      vertex 7.34944 -2.0294 0
      vertex 7.56001 -1.95793 0
    endloop
  endfacet
  facet normal 0.980779 -0.195122 0
    outer loop
      vertex 6.31454 -3.37811 16
      vertex 6.35793 -3.16001 0
      vertex 6.35793 -3.16001 16
    endloop
  endfacet
  facet normal 0.980779 -0.195122 0
    outer loop
      vertex 6.35793 -3.16001 0
      vertex 6.31454 -3.37811 16
      vertex 6.31454 -3.37811 0
    endloop
  endfacet
  facet normal -0.659342 -0.751844 0
    outer loop
      vertex 9.03489 -2.2513 0
      vertex 9.20208 -2.39792 16
      vertex 9.03489 -2.2513 16
    endloop
  endfacet
  facet normal -0.659342 -0.751844 -0
    outer loop
      vertex 9.20208 -2.39792 16
      vertex 9.03489 -2.2513 0
      vertex 9.20208 -2.39792 0
    endloop
  endfacet
  facet normal -0.751844 0.659342 0
    outer loop
      vertex 9.20208 -4.80208 0
      vertex 9.3487 -4.63489 16
      vertex 9.3487 -4.63489 0
    endloop
  endfacet
  facet normal -0.751844 0.659342 0
    outer loop
      vertex 9.3487 -4.63489 16
      vertex 9.20208 -4.80208 0
      vertex 9.20208 -4.80208 16
    endloop
  endfacet
  facet normal 0.659342 0.751844 -0
    outer loop
      vertex 6.96511 -4.9487 0
      vertex 6.79792 -4.80208 16
      vertex 6.96511 -4.9487 16
    endloop
  endfacet
  facet normal 0.659342 0.751844 0
    outer loop
      vertex 6.79792 -4.80208 16
      vertex 6.96511 -4.9487 0
      vertex 6.79792 -4.80208 0
    endloop
  endfacet
  facet normal -0.946929 -0.321444 0
    outer loop
      vertex 9.64207 -3.16001 0
      vertex 9.57059 -2.94944 16
      vertex 9.57059 -2.94944 0
    endloop
  endfacet
  facet normal -0.946929 -0.321444 0
    outer loop
      vertex 9.57059 -2.94944 16
      vertex 9.64207 -3.16001 0
      vertex 9.64207 -3.16001 16
    endloop
  endfacet
  facet normal -0.0653877 0.99786 0
    outer loop
      vertex 8.22189 -5.28546 0
      vertex 8 -5.3 16
      vertex 8.22189 -5.28546 16
    endloop
  endfacet
  facet normal -0.0653877 0.99786 0
    outer loop
      vertex 8 -5.3 16
      vertex 8.22189 -5.28546 0
      vertex 8 -5.3 0
    endloop
  endfacet
  facet normal 0.0653848 0.99786 -0
    outer loop
      vertex 8 -5.3 0
      vertex 7.7781 -5.28546 16
      vertex 8 -5.3 16
    endloop
  endfacet
  facet normal 0.0653848 0.99786 0
    outer loop
      vertex 7.7781 -5.28546 16
      vertex 8 -5.3 0
      vertex 7.7781 -5.28546 0
    endloop
  endfacet
  facet normal 0.99786 -0.0653877 0
    outer loop
      vertex 6.3 -3.6 16
      vertex 6.31454 -3.37811 0
      vertex 6.31454 -3.37811 16
    endloop
  endfacet
  facet normal 0.99786 -0.0653877 0
    outer loop
      vertex 6.31454 -3.37811 0
      vertex 6.3 -3.6 16
      vertex 6.3 -3.6 0
    endloop
  endfacet
  facet normal 0.0653848 -0.99786 0
    outer loop
      vertex 7.7781 -1.91454 0
      vertex 8 -1.9 16
      vertex 7.7781 -1.91454 16
    endloop
  endfacet
  facet normal 0.0653848 -0.99786 0
    outer loop
      vertex 8 -1.9 16
      vertex 7.7781 -1.91454 0
      vertex 8 -1.9 0
    endloop
  endfacet
  facet normal 0.659342 -0.751844 0
    outer loop
      vertex 6.79792 -2.39792 0
      vertex 6.96511 -2.2513 16
      vertex 6.79792 -2.39792 16
    endloop
  endfacet
  facet normal 0.659342 -0.751844 0
    outer loop
      vertex 6.96511 -2.2513 16
      vertex 6.79792 -2.39792 0
      vertex 6.96511 -2.2513 0
    endloop
  endfacet
  facet normal -0.659342 0.751844 0
    outer loop
      vertex 9.20208 -4.80208 0
      vertex 9.03489 -4.9487 16
      vertex 9.20208 -4.80208 16
    endloop
  endfacet
  facet normal -0.659342 0.751844 0
    outer loop
      vertex 9.03489 -4.9487 16
      vertex 9.20208 -4.80208 0
      vertex 9.03489 -4.9487 0
    endloop
  endfacet
  facet normal 0.946942 -0.321404 0
    outer loop
      vertex 6.35793 -3.16001 16
      vertex 6.4294 -2.94944 0
      vertex 6.4294 -2.94944 16
    endloop
  endfacet
  facet normal 0.946942 -0.321404 0
    outer loop
      vertex 6.4294 -2.94944 0
      vertex 6.35793 -3.16001 16
      vertex 6.35793 -3.16001 0
    endloop
  endfacet
  facet normal 0.831469 0.555572 0
    outer loop
      vertex 6.6513 -4.63489 16
      vertex 6.52776 -4.45 0
      vertex 6.52776 -4.45 16
    endloop
  endfacet
  facet normal 0.831469 0.555572 0
    outer loop
      vertex 6.52776 -4.45 0
      vertex 6.6513 -4.63489 16
      vertex 6.6513 -4.63489 0
    endloop
  endfacet
  facet normal 0.831469 -0.555572 0
    outer loop
      vertex 6.52776 -2.75 16
      vertex 6.6513 -2.56511 0
      vertex 6.6513 -2.56511 16
    endloop
  endfacet
  facet normal 0.831469 -0.555572 0
    outer loop
      vertex 6.6513 -2.56511 0
      vertex 6.52776 -2.75 16
      vertex 6.52776 -2.75 0
    endloop
  endfacet
  facet normal -0.751863 0.659319 0
    outer loop
      vertex 9.20208 -10.2021 0
      vertex 9.3487 -10.0349 16
      vertex 9.3487 -10.0349 0
    endloop
  endfacet
  facet normal -0.751863 0.659319 0
    outer loop
      vertex 9.3487 -10.0349 16
      vertex 9.20208 -10.2021 0
      vertex 9.20208 -10.2021 16
    endloop
  endfacet
  facet normal -0.980777 -0.19513 0
    outer loop
      vertex 9.68546 -8.7781 0
      vertex 9.64207 -8.56001 16
      vertex 9.64207 -8.56001 0
    endloop
  endfacet
  facet normal -0.980777 -0.19513 0
    outer loop
      vertex 9.64207 -8.56001 16
      vertex 9.68546 -8.7781 0
      vertex 9.68546 -8.7781 16
    endloop
  endfacet
  facet normal 0.659342 -0.751844 0
    outer loop
      vertex 6.79792 -7.79792 0
      vertex 6.96511 -7.6513 16
      vertex 6.79792 -7.79792 16
    endloop
  endfacet
  facet normal 0.659342 -0.751844 0
    outer loop
      vertex 6.96511 -7.6513 16
      vertex 6.79792 -7.79792 0
      vertex 6.96511 -7.6513 0
    endloop
  endfacet
  facet normal -0.896878 -0.442278 0
    outer loop
      vertex 9.57059 -8.34944 0
      vertex 9.47224 -8.15 16
      vertex 9.47224 -8.15 0
    endloop
  endfacet
  facet normal -0.896878 -0.442278 0
    outer loop
      vertex 9.47224 -8.15 16
      vertex 9.57059 -8.34944 0
      vertex 9.57059 -8.34944 16
    endloop
  endfacet
  facet normal -0.659291 0.751888 0
    outer loop
      vertex 9.20208 -10.2021 0
      vertex 9.03489 -10.3487 16
      vertex 9.20208 -10.2021 16
    endloop
  endfacet
  facet normal -0.659291 0.751888 0
    outer loop
      vertex 9.03489 -10.3487 16
      vertex 9.20208 -10.2021 0
      vertex 9.03489 -10.3487 0
    endloop
  endfacet
  facet normal -0.555447 0.831552 0
    outer loop
      vertex 9.03489 -10.3487 0
      vertex 8.85 -10.4722 16
      vertex 9.03489 -10.3487 16
    endloop
  endfacet
  facet normal -0.555447 0.831552 0
    outer loop
      vertex 8.85 -10.4722 16
      vertex 9.03489 -10.3487 0
      vertex 8.85 -10.4722 0
    endloop
  endfacet
  facet normal 0.321525 0.946901 -0
    outer loop
      vertex 7.56001 -10.6421 0
      vertex 7.34944 -10.5706 16
      vertex 7.56001 -10.6421 16
    endloop
  endfacet
  facet normal 0.321525 0.946901 0
    outer loop
      vertex 7.34944 -10.5706 16
      vertex 7.56001 -10.6421 0
      vertex 7.34944 -10.5706 0
    endloop
  endfacet
  facet normal -0.0653877 -0.99786 0
    outer loop
      vertex 8 -7.3 0
      vertex 8.22189 -7.31454 16
      vertex 8 -7.3 16
    endloop
  endfacet
  facet normal -0.0653877 -0.99786 -0
    outer loop
      vertex 8.22189 -7.31454 16
      vertex 8 -7.3 0
      vertex 8.22189 -7.31454 0
    endloop
  endfacet
  facet normal -0.659342 -0.751844 0
    outer loop
      vertex 9.03489 -7.6513 0
      vertex 9.20208 -7.79792 16
      vertex 9.03489 -7.6513 16
    endloop
  endfacet
  facet normal -0.659342 -0.751844 -0
    outer loop
      vertex 9.20208 -7.79792 16
      vertex 9.03489 -7.6513 0
      vertex 9.20208 -7.79792 0
    endloop
  endfacet
  facet normal 0.89686 -0.442314 0
    outer loop
      vertex 6.4294 -8.34944 16
      vertex 6.52776 -8.15 0
      vertex 6.52776 -8.15 16
    endloop
  endfacet
  facet normal 0.89686 -0.442314 0
    outer loop
      vertex 6.52776 -8.15 0
      vertex 6.4294 -8.34944 16
      vertex 6.4294 -8.34944 0
    endloop
  endfacet
  facet normal -0.99786 -0.0653848 0
    outer loop
      vertex 9.7 -9 0
      vertex 9.68546 -8.7781 16
      vertex 9.68546 -8.7781 0
    endloop
  endfacet
  facet normal -0.99786 -0.0653848 0
    outer loop
      vertex 9.68546 -8.7781 16
      vertex 9.7 -9 0
      vertex 9.7 -9 16
    endloop
  endfacet
  facet normal 0.831469 -0.555572 0
    outer loop
      vertex 6.52776 -8.15 16
      vertex 6.6513 -7.96511 0
      vertex 6.6513 -7.96511 16
    endloop
  endfacet
  facet normal 0.831469 -0.555572 0
    outer loop
      vertex 6.6513 -7.96511 0
      vertex 6.52776 -8.15 16
      vertex 6.52776 -8.15 0
    endloop
  endfacet
  facet normal 0.980779 0.195122 0
    outer loop
      vertex 6.35793 -9.43999 16
      vertex 6.31454 -9.22189 0
      vertex 6.31454 -9.22189 16
    endloop
  endfacet
  facet normal 0.980779 0.195122 0
    outer loop
      vertex 6.31454 -9.22189 0
      vertex 6.35793 -9.43999 16
      vertex 6.35793 -9.43999 0
    endloop
  endfacet
  facet normal 0.442314 -0.89686 0
    outer loop
      vertex 7.15 -7.52776 0
      vertex 7.34944 -7.4294 16
      vertex 7.15 -7.52776 16
    endloop
  endfacet
  facet normal 0.442314 -0.89686 0
    outer loop
      vertex 7.34944 -7.4294 16
      vertex 7.15 -7.52776 0
      vertex 7.34944 -7.4294 0
    endloop
  endfacet
  facet normal -0.0652086 0.997872 0
    outer loop
      vertex 8.22189 -10.6855 0
      vertex 8 -10.7 16
      vertex 8.22189 -10.6855 16
    endloop
  endfacet
  facet normal -0.0652086 0.997872 0
    outer loop
      vertex 8 -10.7 16
      vertex 8.22189 -10.6855 0
      vertex 8 -10.7 0
    endloop
  endfacet
  facet normal -0.321404 -0.946942 0
    outer loop
      vertex 8.43999 -7.35793 0
      vertex 8.65056 -7.4294 16
      vertex 8.43999 -7.35793 16
    endloop
  endfacet
  facet normal -0.321404 -0.946942 -0
    outer loop
      vertex 8.65056 -7.4294 16
      vertex 8.43999 -7.35793 0
      vertex 8.65056 -7.4294 0
    endloop
  endfacet
  facet normal 0.0653848 -0.99786 0
    outer loop
      vertex 7.7781 -7.31454 0
      vertex 8 -7.3 16
      vertex 7.7781 -7.31454 16
    endloop
  endfacet
  facet normal 0.0653848 -0.99786 0
    outer loop
      vertex 8 -7.3 16
      vertex 7.7781 -7.31454 0
      vertex 8 -7.3 0
    endloop
  endfacet
  facet normal 0.946942 0.321404 0
    outer loop
      vertex 6.4294 -9.65056 16
      vertex 6.35793 -9.43999 0
      vertex 6.35793 -9.43999 16
    endloop
  endfacet
  facet normal 0.946942 0.321404 0
    outer loop
      vertex 6.35793 -9.43999 0
      vertex 6.4294 -9.65056 16
      vertex 6.4294 -9.65056 0
    endloop
  endfacet
  facet normal 0.321404 -0.946942 0
    outer loop
      vertex 7.34944 -7.4294 0
      vertex 7.56001 -7.35793 16
      vertex 7.34944 -7.4294 16
    endloop
  endfacet
  facet normal 0.321404 -0.946942 0
    outer loop
      vertex 7.56001 -7.35793 16
      vertex 7.34944 -7.4294 0
      vertex 7.56001 -7.35793 0
    endloop
  endfacet
  facet normal -0.946929 0.321444 0
    outer loop
      vertex 9.57059 -9.65056 0
      vertex 9.64207 -9.43999 16
      vertex 9.64207 -9.43999 0
    endloop
  endfacet
  facet normal -0.946929 0.321444 0
    outer loop
      vertex 9.64207 -9.43999 16
      vertex 9.57059 -9.65056 0
      vertex 9.57059 -9.65056 16
    endloop
  endfacet
  facet normal -0.195122 -0.980779 0
    outer loop
      vertex 8.22189 -7.31454 0
      vertex 8.43999 -7.35793 16
      vertex 8.22189 -7.31454 16
    endloop
  endfacet
  facet normal -0.195122 -0.980779 -0
    outer loop
      vertex 8.43999 -7.35793 16
      vertex 8.22189 -7.31454 0
      vertex 8.43999 -7.35793 0
    endloop
  endfacet
  facet normal -0.99786 0.0653877 0
    outer loop
      vertex 9.68546 -9.22189 0
      vertex 9.7 -9 16
      vertex 9.7 -9 0
    endloop
  endfacet
  facet normal -0.99786 0.0653877 0
    outer loop
      vertex 9.7 -9 16
      vertex 9.68546 -9.22189 0
      vertex 9.68546 -9.22189 16
    endloop
  endfacet
  facet normal -0.555572 -0.831469 0
    outer loop
      vertex 8.85 -7.52776 0
      vertex 9.03489 -7.6513 16
      vertex 8.85 -7.52776 16
    endloop
  endfacet
  facet normal -0.555572 -0.831469 -0
    outer loop
      vertex 9.03489 -7.6513 16
      vertex 8.85 -7.52776 0
      vertex 9.03489 -7.6513 0
    endloop
  endfacet
  facet normal -0.751844 -0.659342 0
    outer loop
      vertex 9.3487 -7.96511 0
      vertex 9.20208 -7.79792 16
      vertex 9.20208 -7.79792 0
    endloop
  endfacet
  facet normal -0.751844 -0.659342 0
    outer loop
      vertex 9.20208 -7.79792 16
      vertex 9.3487 -7.96511 0
      vertex 9.3487 -7.96511 16
    endloop
  endfacet
  facet normal -0.321525 0.946901 0
    outer loop
      vertex 8.65056 -10.5706 0
      vertex 8.43999 -10.6421 16
      vertex 8.65056 -10.5706 16
    endloop
  endfacet
  facet normal -0.321525 0.946901 0
    outer loop
      vertex 8.43999 -10.6421 16
      vertex 8.65056 -10.5706 0
      vertex 8.43999 -10.6421 0
    endloop
  endfacet
  facet normal -0.831469 -0.555572 0
    outer loop
      vertex 9.47224 -8.15 0
      vertex 9.3487 -7.96511 16
      vertex 9.3487 -7.96511 0
    endloop
  endfacet
  facet normal -0.831469 -0.555572 0
    outer loop
      vertex 9.3487 -7.96511 16
      vertex 9.47224 -8.15 0
      vertex 9.47224 -8.15 16
    endloop
  endfacet
  facet normal 0.99786 -0.0653848 0
    outer loop
      vertex 6.3 -9 16
      vertex 6.31454 -8.7781 0
      vertex 6.31454 -8.7781 16
    endloop
  endfacet
  facet normal 0.99786 -0.0653848 0
    outer loop
      vertex 6.31454 -8.7781 0
      vertex 6.3 -9 16
      vertex 6.3 -9 0
    endloop
  endfacet
  facet normal 0.195173 0.980769 -0
    outer loop
      vertex 7.7781 -10.6855 0
      vertex 7.56001 -10.6421 16
      vertex 7.7781 -10.6855 16
    endloop
  endfacet
  facet normal 0.195173 0.980769 0
    outer loop
      vertex 7.56001 -10.6421 16
      vertex 7.7781 -10.6855 0
      vertex 7.56001 -10.6421 0
    endloop
  endfacet
  facet normal 0.659291 0.751888 -0
    outer loop
      vertex 6.96511 -10.3487 0
      vertex 6.79792 -10.2021 16
      vertex 6.96511 -10.3487 16
    endloop
  endfacet
  facet normal 0.659291 0.751888 0
    outer loop
      vertex 6.79792 -10.2021 16
      vertex 6.96511 -10.3487 0
      vertex 6.79792 -10.2021 0
    endloop
  endfacet
  facet normal 0.946942 -0.321404 0
    outer loop
      vertex 6.35793 -8.56001 16
      vertex 6.4294 -8.34944 0
      vertex 6.4294 -8.34944 16
    endloop
  endfacet
  facet normal 0.946942 -0.321404 0
    outer loop
      vertex 6.4294 -8.34944 0
      vertex 6.35793 -8.56001 16
      vertex 6.35793 -8.56001 0
    endloop
  endfacet
  facet normal -0.442314 -0.89686 0
    outer loop
      vertex 8.65056 -7.4294 0
      vertex 8.85 -7.52776 16
      vertex 8.65056 -7.4294 16
    endloop
  endfacet
  facet normal -0.442314 -0.89686 -0
    outer loop
      vertex 8.85 -7.52776 16
      vertex 8.65056 -7.4294 0
      vertex 8.85 -7.52776 0
    endloop
  endfacet
  facet normal 0.19513 -0.980777 0
    outer loop
      vertex 7.56001 -7.35793 0
      vertex 7.7781 -7.31454 16
      vertex 7.56001 -7.35793 16
    endloop
  endfacet
  facet normal 0.19513 -0.980777 0
    outer loop
      vertex 7.7781 -7.31454 16
      vertex 7.56001 -7.35793 0
      vertex 7.7781 -7.31454 0
    endloop
  endfacet
  facet normal -0.442459 0.896789 0
    outer loop
      vertex 8.85 -10.4722 0
      vertex 8.65056 -10.5706 16
      vertex 8.85 -10.4722 16
    endloop
  endfacet
  facet normal -0.442459 0.896789 0
    outer loop
      vertex 8.65056 -10.5706 16
      vertex 8.85 -10.4722 0
      vertex 8.65056 -10.5706 0
    endloop
  endfacet
  facet normal -0.946929 -0.321444 0
    outer loop
      vertex 9.64207 -8.56001 0
      vertex 9.57059 -8.34944 16
      vertex 9.57059 -8.34944 0
    endloop
  endfacet
  facet normal -0.946929 -0.321444 0
    outer loop
      vertex 9.57059 -8.34944 16
      vertex 9.64207 -8.56001 0
      vertex 9.64207 -8.56001 16
    endloop
  endfacet
  facet normal 0.751863 0.659319 0
    outer loop
      vertex 6.79792 -10.2021 16
      vertex 6.6513 -10.0349 0
      vertex 6.6513 -10.0349 16
    endloop
  endfacet
  facet normal 0.751863 0.659319 0
    outer loop
      vertex 6.6513 -10.0349 0
      vertex 6.79792 -10.2021 16
      vertex 6.79792 -10.2021 0
    endloop
  endfacet
  facet normal -0.195165 0.98077 0
    outer loop
      vertex 8.43999 -10.6421 0
      vertex 8.22189 -10.6855 16
      vertex 8.43999 -10.6421 16
    endloop
  endfacet
  facet normal -0.195165 0.98077 0
    outer loop
      vertex 8.22189 -10.6855 16
      vertex 8.43999 -10.6421 0
      vertex 8.22189 -10.6855 0
    endloop
  endfacet
  facet normal -0.896878 0.442278 0
    outer loop
      vertex 9.47224 -9.85 0
      vertex 9.57059 -9.65056 16
      vertex 9.57059 -9.65056 0
    endloop
  endfacet
  facet normal -0.896878 0.442278 0
    outer loop
      vertex 9.57059 -9.65056 16
      vertex 9.47224 -9.85 0
      vertex 9.47224 -9.85 16
    endloop
  endfacet
  facet normal -0.831483 0.555551 0
    outer loop
      vertex 9.3487 -10.0349 0
      vertex 9.47224 -9.85 16
      vertex 9.47224 -9.85 0
    endloop
  endfacet
  facet normal -0.831483 0.555551 0
    outer loop
      vertex 9.47224 -9.85 16
      vertex 9.3487 -10.0349 0
      vertex 9.3487 -10.0349 16
    endloop
  endfacet
  facet normal -0.980779 0.195122 0
    outer loop
      vertex 9.64207 -9.43999 0
      vertex 9.68546 -9.22189 16
      vertex 9.68546 -9.22189 0
    endloop
  endfacet
  facet normal -0.980779 0.195122 0
    outer loop
      vertex 9.68546 -9.22189 16
      vertex 9.64207 -9.43999 0
      vertex 9.64207 -9.43999 16
    endloop
  endfacet
  facet normal 0.980777 -0.19513 0
    outer loop
      vertex 6.31454 -8.7781 16
      vertex 6.35793 -8.56001 0
      vertex 6.35793 -8.56001 16
    endloop
  endfacet
  facet normal 0.980777 -0.19513 0
    outer loop
      vertex 6.35793 -8.56001 0
      vertex 6.31454 -8.7781 16
      vertex 6.31454 -8.7781 0
    endloop
  endfacet
  facet normal 0.442459 0.896789 -0
    outer loop
      vertex 7.34944 -10.5706 0
      vertex 7.15 -10.4722 16
      vertex 7.34944 -10.5706 16
    endloop
  endfacet
  facet normal 0.442459 0.896789 0
    outer loop
      vertex 7.15 -10.4722 16
      vertex 7.34944 -10.5706 0
      vertex 7.15 -10.4722 0
    endloop
  endfacet
  facet normal 0.0652057 0.997872 -0
    outer loop
      vertex 8 -10.7 0
      vertex 7.7781 -10.6855 16
      vertex 8 -10.7 16
    endloop
  endfacet
  facet normal 0.0652057 0.997872 0
    outer loop
      vertex 7.7781 -10.6855 16
      vertex 8 -10.7 0
      vertex 7.7781 -10.6855 0
    endloop
  endfacet
  facet normal 0.89686 0.442314 0
    outer loop
      vertex 6.52776 -9.85 16
      vertex 6.4294 -9.65056 0
      vertex 6.4294 -9.65056 16
    endloop
  endfacet
  facet normal 0.89686 0.442314 0
    outer loop
      vertex 6.4294 -9.65056 0
      vertex 6.52776 -9.85 16
      vertex 6.52776 -9.85 0
    endloop
  endfacet
  facet normal 0.831483 0.555551 0
    outer loop
      vertex 6.6513 -10.0349 16
      vertex 6.52776 -9.85 0
      vertex 6.52776 -9.85 16
    endloop
  endfacet
  facet normal 0.831483 0.555551 0
    outer loop
      vertex 6.52776 -9.85 0
      vertex 6.6513 -10.0349 16
      vertex 6.6513 -10.0349 0
    endloop
  endfacet
  facet normal 0.555447 0.831552 -0
    outer loop
      vertex 7.15 -10.4722 0
      vertex 6.96511 -10.3487 16
      vertex 7.15 -10.4722 16
    endloop
  endfacet
  facet normal 0.555447 0.831552 0
    outer loop
      vertex 6.96511 -10.3487 16
      vertex 7.15 -10.4722 0
      vertex 6.96511 -10.3487 0
    endloop
  endfacet
  facet normal 0.99786 0.0653877 0
    outer loop
      vertex 6.31454 -9.22189 16
      vertex 6.3 -9 0
      vertex 6.3 -9 16
    endloop
  endfacet
  facet normal 0.99786 0.0653877 0
    outer loop
      vertex 6.3 -9 0
      vertex 6.31454 -9.22189 16
      vertex 6.31454 -9.22189 0
    endloop
  endfacet
  facet normal 0.555572 -0.831469 0
    outer loop
      vertex 6.96511 -7.6513 0
      vertex 7.15 -7.52776 16
      vertex 6.96511 -7.6513 16
    endloop
  endfacet
  facet normal 0.555572 -0.831469 0
    outer loop
      vertex 7.15 -7.52776 16
      vertex 6.96511 -7.6513 0
      vertex 7.15 -7.52776 0
    endloop
  endfacet
  facet normal 0.751844 -0.659342 0
    outer loop
      vertex 6.6513 -7.96511 16
      vertex 6.79792 -7.79792 0
      vertex 6.79792 -7.79792 16
    endloop
  endfacet
  facet normal 0.751844 -0.659342 0
    outer loop
      vertex 6.79792 -7.79792 0
      vertex 6.6513 -7.96511 16
      vertex 6.6513 -7.96511 0
    endloop
  endfacet
  facet normal -0.595312 -0.603662 -0.53028
    outer loop
      vertex 8.37241 61.0208 8.90603
      vertex 8.37651 60.9879 8.93888
      vertex 8.02 61.2284 9.06533
    endloop
  endfacet
  facet normal -0.595299 -0.668173 0.446278
    outer loop
      vertex 8.02 61.3555 7.125
      vertex 8.37241 61.0208 7.09397
      vertex 8.36104 61.1117 7.2149
    endloop
  endfacet
  facet normal -0.595325 -0.668194 0.446212
    outer loop
      vertex 8.37241 61.0208 7.09397
      vertex 8.02 61.3555 7.125
      vertex 8.02 61.2284 6.93467
    endloop
  endfacet
  facet normal -0.595352 -0.0525058 -0.801748
    outer loop
      vertex 8.49723 60.0222 9.38368
      vertex 8.50516 59.9587 9.38195
      vertex 8.02 60.0684 9.73503
    endloop
  endfacet
  facet normal -0.595359 -0.0524854 0.801744
    outer loop
      vertex 8.52 59.84 6.62129
      vertex 8.51205 59.9036 6.61955
      vertex 8.02 59.84 6.25
    endloop
  endfacet
  facet normal -0.595353 -0.0525486 0.801744
    outer loop
      vertex 8.02 59.84 6.25
      vertex 8.49723 60.0222 6.61632
      vertex 8.02 60.0684 6.26497
    endloop
  endfacet
  facet normal -0.59535 -0.0525587 0.801745
    outer loop
      vertex 8.49723 60.0222 6.61632
      vertex 8.02 59.84 6.25
      vertex 8.51205 59.9036 6.61955
    endloop
  endfacet
  facet normal -0.595357 -0.0525481 -0.801741
    outer loop
      vertex 8.02 59.84 9.75
      vertex 8.50516 59.9587 9.38195
      vertex 8.52 59.84 9.37871
    endloop
  endfacet
  facet normal -0.595357 -0.0525484 -0.801741
    outer loop
      vertex 8.50516 59.9587 9.38195
      vertex 8.02 59.84 9.75
      vertex 8.02 60.0684 9.73503
    endloop
  endfacet
  facet normal -0.595356 0.801732 0.0526942
    outer loop
      vertex 8.6771 58.5832 7.92019
      vertex 8.02 58.09 8
      vertex 8.6777 58.5784 8
    endloop
  endfacet
  facet normal -0.595361 0.801731 0.0526485
    outer loop
      vertex 8.02 58.09 8
      vertex 8.6771 58.5832 7.92019
      vertex 8.02 58.105 7.77158
    endloop
  endfacet
  facet normal -0.595381 0.788044 -0.156549
    outer loop
      vertex 8.67467 58.6027 8.24395
      vertex 8.02 58.105 8.22842
      vertex 8.02 58.1496 8.45293
    endloop
  endfacet
  facet normal -0.595344 0.788006 -0.156884
    outer loop
      vertex 8.02 58.105 8.22842
      vertex 8.67467 58.6027 8.24395
      vertex 8.67647 58.5883 8.16479
    endloop
  endfacet
  facet normal -0.59532 0.760622 -0.258938
    outer loop
      vertex 8.66967 58.6427 8.40775
      vertex 8.67277 58.6178 8.32748
      vertex 8.02 58.1496 8.45293
    endloop
  endfacet
  facet normal -0.595298 -0.603996 -0.529914
    outer loop
      vertex 8.02 61.2284 9.06533
      vertex 8.38958 60.8834 9.04338
      vertex 8.02 61.0774 9.23744
    endloop
  endfacet
  facet normal -0.595401 -0.604122 -0.529655
    outer loop
      vertex 8.38958 60.8834 9.04338
      vertex 8.02 61.2284 9.06533
      vertex 8.37651 60.9879 8.93888
    endloop
  endfacet
  facet normal -0.595329 0.258374 0.760806
    outer loop
      vertex 8.02 59.3871 6.30963
      vertex 8.57547 59.3963 6.74116
      vertex 8.56356 59.4915 6.69951
    endloop
  endfacet
  facet normal -0.595353 0.258222 0.760839
    outer loop
      vertex 8.57547 59.3963 6.74116
      vertex 8.02 59.3871 6.30963
      vertex 8.02 59.1703 6.38321
    endloop
  endfacet
  facet normal -0.595342 0.156769 0.78803
    outer loop
      vertex 8.56356 59.4915 6.69951
      vertex 8.55526 59.5579 6.68003
      vertex 8.02 59.3871 6.30963
    endloop
  endfacet
  facet normal -0.595485 -0.721157 -0.354019
    outer loop
      vertex 8.34584 61.2332 8.5771
      vertex 8.34842 61.2127 8.61452
      vertex 8.02 61.4568 8.6697
    endloop
  endfacet
  facet normal -0.595315 -0.603735 0.530192
    outer loop
      vertex 8.37651 60.9879 7.06111
      vertex 8.37241 61.0208 7.09397
      vertex 8.02 61.2284 6.93467
    endloop
  endfacet
  facet normal -0.595307 0.529788 -0.604098
    outer loop
      vertex 8.02 58.7747 9.38837
      vertex 8.63436 58.9251 8.91485
      vertex 8.02 58.6026 9.23744
    endloop
  endfacet
  facet normal -0.595358 0.529578 -0.604232
    outer loop
      vertex 8.63436 58.9251 8.91485
      vertex 8.02 58.7747 9.38837
      vertex 8.62629 58.9897 8.97942
    endloop
  endfacet
  facet normal -0.595408 -0.787887 0.157237
    outer loop
      vertex 8.33714 61.3029 7.60802
      vertex 8.33604 61.3117 7.64795
      vertex 8.02 61.5304 7.54707
    endloop
  endfacet
  facet normal -0.595343 -0.156737 0.788035
    outer loop
      vertex 8.48181 60.1455 6.6292
      vertex 8.4743 60.2056 6.63548
      vertex 8.02 60.2929 6.30963
    endloop
  endfacet
  facet normal -0.595472 -0.76045 -0.259092
    outer loop
      vertex 8.344 61.248 8.53789
      vertex 8.34584 61.2332 8.5771
      vertex 8.02 61.4568 8.6697
    endloop
  endfacet
  facet normal -0.595357 0.720523 -0.355523
    outer loop
      vertex 8.6624 58.7008 8.56187
      vertex 8.02 58.2232 8.6697
      vertex 8.02 58.3245 8.875
    endloop
  endfacet
  facet normal -0.59532 0.720404 -0.355826
    outer loop
      vertex 8.02 58.2232 8.6697
      vertex 8.6624 58.7008 8.56187
      vertex 8.66664 58.6668 8.48594
    endloop
  endfacet
  facet normal -0.595315 -0.801766 0.0526508
    outer loop
      vertex 8.02 61.575 7.77158
      vertex 8.33039 61.3569 7.95989
      vertex 8.02 61.59 8
    endloop
  endfacet
  facet normal -0.595236 -0.801838 0.052437
    outer loop
      vertex 8.33039 61.3569 7.95989
      vertex 8.02 61.575 7.77158
      vertex 8.33182 61.3455 7.8018
    endloop
  endfacet
  facet normal -0.595349 -0.446485 0.66799
    outer loop
      vertex 8.42964 60.5629 6.74789
      vertex 8.42393 60.6085 6.77328
      vertex 8.02 60.715 6.48446
    endloop
  endfacet
  facet normal -0.595391 -0.760796 0.258264
    outer loop
      vertex 8.02 61.5304 7.54707
      vertex 8.344 61.248 7.46211
      vertex 8.33714 61.3029 7.60802
    endloop
  endfacet
  facet normal -0.595375 -0.760792 0.258312
    outer loop
      vertex 8.344 61.248 7.46211
      vertex 8.02 61.5304 7.54707
      vertex 8.02 61.4568 7.3303
    endloop
  endfacet
  facet normal -0.595311 -0.446436 0.668056
    outer loop
      vertex 8.02 60.715 6.48446
      vertex 8.4088 60.7296 6.84068
      vertex 8.02 60.9053 6.61163
    endloop
  endfacet
  facet normal -0.595381 -0.44624 0.668125
    outer loop
      vertex 8.4088 60.7296 6.84068
      vertex 8.02 60.715 6.48446
      vertex 8.42393 60.6085 6.77328
    endloop
  endfacet
  facet normal -0.595361 0.604093 -0.529733
    outer loop
      vertex 8.64117 58.8706 8.84502
      vertex 8.64735 58.8212 8.78174
      vertex 8.02 58.4516 9.06533
    endloop
  endfacet
  facet normal -0.595355 0.35555 -0.720512
    outer loop
      vertex 8.58369 59.3305 9.23007
      vertex 8.5917 59.2664 9.19182
      vertex 8.02 59.1703 9.61679
    endloop
  endfacet
  facet normal -0.595376 -0.258472 0.760736
    outer loop
      vertex 8.45859 60.3313 6.66585
      vertex 8.45162 60.387 6.67932
      vertex 8.02 60.5097 6.38321
    endloop
  endfacet
  facet normal -0.595353 0.156689 0.788038
    outer loop
      vertex 8.02 59.6116 6.26497
      vertex 8.55526 59.5579 6.68003
      vertex 8.54222 59.6622 6.64944
    endloop
  endfacet
  facet normal -0.595341 0.156764 0.788032
    outer loop
      vertex 8.55526 59.5579 6.68003
      vertex 8.02 59.6116 6.26497
      vertex 8.02 59.3871 6.30963
    endloop
  endfacet
  facet normal -0.595319 0.788195 0.156026
    outer loop
      vertex 8.67467 58.6027 7.75605
      vertex 8.67277 58.6178 7.67252
      vertex 8.02 58.1496 7.54707
    endloop
  endfacet
  facet normal -0.59532 0.720404 0.355826
    outer loop
      vertex 8.6624 58.7008 7.43813
      vertex 8.02 58.2232 7.3303
      vertex 8.66664 58.6668 7.51406
    endloop
  endfacet
  facet normal -0.595357 0.720523 0.355523
    outer loop
      vertex 8.02 58.2232 7.3303
      vertex 8.6624 58.7008 7.43813
      vertex 8.02 58.3245 7.125
    endloop
  endfacet
  facet normal -0.595239 -0.788099 0.156814
    outer loop
      vertex 8.02 61.575 7.77158
      vertex 8.33604 61.3117 7.64795
      vertex 8.33182 61.3455 7.8018
    endloop
  endfacet
  facet normal -0.595327 -0.788083 0.156557
    outer loop
      vertex 8.33604 61.3117 7.64795
      vertex 8.02 61.575 7.77158
      vertex 8.02 61.5304 7.54707
    endloop
  endfacet
  facet normal -0.595348 0.801749 -0.0525299
    outer loop
      vertex 8.67647 58.5883 8.16479
      vertex 8.6771 58.5832 8.07981
      vertex 8.02 58.105 8.22842
    endloop
  endfacet
  facet normal -0.59536 0.258279 0.760814
    outer loop
      vertex 8.58369 59.3305 6.76993
      vertex 8.57547 59.3963 6.74116
      vertex 8.02 59.1703 6.38321
    endloop
  endfacet
  facet normal -0.595353 -0.355384 0.720595
    outer loop
      vertex 8.02 60.5097 6.38321
      vertex 8.42964 60.5629 6.74789
      vertex 8.02 60.715 6.48446
    endloop
  endfacet
  facet normal -0.595316 -0.355496 0.72057
    outer loop
      vertex 8.42964 60.5629 6.74789
      vertex 8.02 60.5097 6.38321
      vertex 8.44522 60.4383 6.69929
    endloop
  endfacet
  facet normal -0.595309 -0.529871 -0.604023
    outer loop
      vertex 8.40385 60.7692 9.12945
      vertex 8.4088 60.7296 9.15931
      vertex 8.02 60.9053 9.38837
    endloop
  endfacet
  facet normal -0.595375 -0.760792 -0.258312
    outer loop
      vertex 8.02 61.5304 8.45293
      vertex 8.344 61.248 8.53789
      vertex 8.02 61.4568 8.6697
    endloop
  endfacet
  facet normal -0.595391 -0.760796 -0.258264
    outer loop
      vertex 8.344 61.248 8.53789
      vertex 8.02 61.5304 8.45293
      vertex 8.33714 61.3029 8.39198
    endloop
  endfacet
  facet normal -0.59536 0.258279 -0.760814
    outer loop
      vertex 8.57547 59.3963 9.25884
      vertex 8.58369 59.3305 9.23007
      vertex 8.02 59.1703 9.61679
    endloop
  endfacet
  facet normal -0.595409 0.355109 0.720685
    outer loop
      vertex 8.02 59.1703 6.38321
      vertex 8.60235 59.1812 6.85896
      vertex 8.5917 59.2664 6.80818
    endloop
  endfacet
  facet normal -0.595345 0.355386 0.7206
    outer loop
      vertex 8.60235 59.1812 6.85896
      vertex 8.02 59.1703 6.38321
      vertex 8.02 58.965 6.48446
    endloop
  endfacet
  facet normal -0.595295 -0.529968 0.603952
    outer loop
      vertex 8.4088 60.7296 6.84068
      vertex 8.40385 60.7692 6.87055
      vertex 8.02 60.9053 6.61163
    endloop
  endfacet
  facet normal -0.595352 0.0525487 -0.801745
    outer loop
      vertex 8.02 59.84 9.75
      vertex 8.53402 59.7278 9.36095
      vertex 8.02 59.6116 9.73503
    endloop
  endfacet
  facet normal -0.595358 0.0525136 -0.801743
    outer loop
      vertex 8.53402 59.7278 9.36095
      vertex 8.02 59.84 9.75
      vertex 8.52 59.84 9.37871
    endloop
  endfacet
  facet normal -0.595328 -0.668143 -0.446284
    outer loop
      vertex 8.36902 61.0479 8.86998
      vertex 8.37241 61.0208 8.90603
      vertex 8.02 61.2284 9.06533
    endloop
  endfacet
  facet normal -0.595348 0.801749 0.0525299
    outer loop
      vertex 8.6771 58.5832 7.92019
      vertex 8.67647 58.5883 7.83521
      vertex 8.02 58.105 7.77158
    endloop
  endfacet
  facet normal -0.595392 -0.354876 -0.720813
    outer loop
      vertex 8.44522 60.4383 9.30071
      vertex 8.45162 60.387 9.32068
      vertex 8.02 60.5097 9.61679
    endloop
  endfacet
  facet normal -0.595343 -0.258231 -0.760844
    outer loop
      vertex 8.02 60.2929 9.69037
      vertex 8.45859 60.3313 9.33415
      vertex 8.4743 60.2056 9.36452
    endloop
  endfacet
  facet normal -0.595345 -0.258224 -0.760845
    outer loop
      vertex 8.45859 60.3313 9.33415
      vertex 8.02 60.2929 9.69037
      vertex 8.02 60.5097 9.61679
    endloop
  endfacet
  facet normal 1 0 0
    outer loop
      vertex 8.02 61.575 8.22842
      vertex 8.02 61.575 7.77158
      vertex 8.02 61.59 8
    endloop
  endfacet
  facet normal 1 0 0
    outer loop
      vertex 8.02 61.5304 8.45293
      vertex 8.02 61.575 7.77158
      vertex 8.02 61.575 8.22842
    endloop
  endfacet
  facet normal 1 0 0
    outer loop
      vertex 8.02 61.5304 8.45293
      vertex 8.02 61.5304 7.54707
      vertex 8.02 61.575 7.77158
    endloop
  endfacet
  facet normal 1 0 0
    outer loop
      vertex 8.02 61.4568 8.6697
      vertex 8.02 61.5304 7.54707
      vertex 8.02 61.5304 8.45293
    endloop
  endfacet
  facet normal 1 0 0
    outer loop
      vertex 8.02 61.4568 8.6697
      vertex 8.02 61.4568 7.3303
      vertex 8.02 61.5304 7.54707
    endloop
  endfacet
  facet normal 1 0 0
    outer loop
      vertex 8.02 61.3555 8.875
      vertex 8.02 61.4568 7.3303
      vertex 8.02 61.4568 8.6697
    endloop
  endfacet
  facet normal 1 0 0
    outer loop
      vertex 8.02 61.3555 8.875
      vertex 8.02 61.3555 7.125
      vertex 8.02 61.4568 7.3303
    endloop
  endfacet
  facet normal 1 0 0
    outer loop
      vertex 8.02 61.2284 9.06533
      vertex 8.02 61.3555 7.125
      vertex 8.02 61.3555 8.875
    endloop
  endfacet
  facet normal 1 0 0
    outer loop
      vertex 8.02 61.2284 9.06533
      vertex 8.02 61.2284 6.93467
      vertex 8.02 61.3555 7.125
    endloop
  endfacet
  facet normal 1 0 0
    outer loop
      vertex 8.02 61.0774 9.23744
      vertex 8.02 61.2284 6.93467
      vertex 8.02 61.2284 9.06533
    endloop
  endfacet
  facet normal 1 0 0
    outer loop
      vertex 8.02 61.0774 9.23744
      vertex 8.02 61.0774 6.76256
      vertex 8.02 61.2284 6.93467
    endloop
  endfacet
  facet normal 1 0 0
    outer loop
      vertex 8.02 60.9053 9.38837
      vertex 8.02 61.0774 6.76256
      vertex 8.02 61.0774 9.23744
    endloop
  endfacet
  facet normal 1 0 0
    outer loop
      vertex 8.02 60.9053 9.38837
      vertex 8.02 60.9053 6.61163
      vertex 8.02 61.0774 6.76256
    endloop
  endfacet
  facet normal 1 0 0
    outer loop
      vertex 8.02 60.715 9.51554
      vertex 8.02 60.9053 6.61163
      vertex 8.02 60.9053 9.38837
    endloop
  endfacet
  facet normal 1 0 0
    outer loop
      vertex 8.02 60.715 9.51554
      vertex 8.02 60.715 6.48446
      vertex 8.02 60.9053 6.61163
    endloop
  endfacet
  facet normal 1 0 0
    outer loop
      vertex 8.02 60.5097 9.61679
      vertex 8.02 60.715 6.48446
      vertex 8.02 60.715 9.51554
    endloop
  endfacet
  facet normal 1 0 0
    outer loop
      vertex 8.02 60.5097 9.61679
      vertex 8.02 60.5097 6.38321
      vertex 8.02 60.715 6.48446
    endloop
  endfacet
  facet normal 1 0 0
    outer loop
      vertex 8.02 60.2929 9.69037
      vertex 8.02 60.5097 6.38321
      vertex 8.02 60.5097 9.61679
    endloop
  endfacet
  facet normal 1 0 0
    outer loop
      vertex 8.02 60.2929 9.69037
      vertex 8.02 60.2929 6.30963
      vertex 8.02 60.5097 6.38321
    endloop
  endfacet
  facet normal 1 0 0
    outer loop
      vertex 8.02 60.0684 9.73503
      vertex 8.02 60.2929 6.30963
      vertex 8.02 60.2929 9.69037
    endloop
  endfacet
  facet normal 1 0 0
    outer loop
      vertex 8.02 60.0684 9.73503
      vertex 8.02 60.0684 6.26497
      vertex 8.02 60.2929 6.30963
    endloop
  endfacet
  facet normal 1 0 0
    outer loop
      vertex 8.02 59.84 9.75
      vertex 8.02 60.0684 6.26497
      vertex 8.02 60.0684 9.73503
    endloop
  endfacet
  facet normal 1 0 0
    outer loop
      vertex 8.02 59.84 9.75
      vertex 8.02 59.84 6.25
      vertex 8.02 60.0684 6.26497
    endloop
  endfacet
  facet normal 1 -0 0
    outer loop
      vertex 8.02 59.6116 9.73503
      vertex 8.02 59.84 6.25
      vertex 8.02 59.84 9.75
    endloop
  endfacet
  facet normal 1 0 0
    outer loop
      vertex 8.02 59.6116 9.73503
      vertex 8.02 59.6116 6.26497
      vertex 8.02 59.84 6.25
    endloop
  endfacet
  facet normal 1 -0 0
    outer loop
      vertex 8.02 59.3871 9.69037
      vertex 8.02 59.6116 6.26497
      vertex 8.02 59.6116 9.73503
    endloop
  endfacet
  facet normal 1 0 0
    outer loop
      vertex 8.02 59.3871 9.69037
      vertex 8.02 59.3871 6.30963
      vertex 8.02 59.6116 6.26497
    endloop
  endfacet
  facet normal 1 -0 0
    outer loop
      vertex 8.02 59.1703 9.61679
      vertex 8.02 59.3871 6.30963
      vertex 8.02 59.3871 9.69037
    endloop
  endfacet
  facet normal 1 0 0
    outer loop
      vertex 8.02 59.1703 9.61679
      vertex 8.02 59.1703 6.38321
      vertex 8.02 59.3871 6.30963
    endloop
  endfacet
  facet normal 1 -0 0
    outer loop
      vertex 8.02 58.965 9.51554
      vertex 8.02 59.1703 6.38321
      vertex 8.02 59.1703 9.61679
    endloop
  endfacet
  facet normal 1 0 0
    outer loop
      vertex 8.02 58.965 9.51554
      vertex 8.02 58.965 6.48446
      vertex 8.02 59.1703 6.38321
    endloop
  endfacet
  facet normal 1 -0 0
    outer loop
      vertex 8.02 58.7747 9.38837
      vertex 8.02 58.965 6.48446
      vertex 8.02 58.965 9.51554
    endloop
  endfacet
  facet normal 1 0 0
    outer loop
      vertex 8.02 58.7747 9.38837
      vertex 8.02 58.7747 6.61163
      vertex 8.02 58.965 6.48446
    endloop
  endfacet
  facet normal 1 -0 0
    outer loop
      vertex 8.02 58.6026 9.23744
      vertex 8.02 58.7747 6.61163
      vertex 8.02 58.7747 9.38837
    endloop
  endfacet
  facet normal 1 0 0
    outer loop
      vertex 8.02 58.6026 9.23744
      vertex 8.02 58.6026 6.76256
      vertex 8.02 58.7747 6.61163
    endloop
  endfacet
  facet normal 1 -0 0
    outer loop
      vertex 8.02 58.4516 9.06533
      vertex 8.02 58.6026 6.76256
      vertex 8.02 58.6026 9.23744
    endloop
  endfacet
  facet normal 1 0 0
    outer loop
      vertex 8.02 58.4516 9.06533
      vertex 8.02 58.4516 6.93467
      vertex 8.02 58.6026 6.76256
    endloop
  endfacet
  facet normal 1 -0 0
    outer loop
      vertex 8.02 58.3245 8.875
      vertex 8.02 58.4516 6.93467
      vertex 8.02 58.4516 9.06533
    endloop
  endfacet
  facet normal 1 0 0
    outer loop
      vertex 8.02 58.3245 8.875
      vertex 8.02 58.3245 7.125
      vertex 8.02 58.4516 6.93467
    endloop
  endfacet
  facet normal 1 -0 0
    outer loop
      vertex 8.02 58.2232 8.6697
      vertex 8.02 58.3245 7.125
      vertex 8.02 58.3245 8.875
    endloop
  endfacet
  facet normal 1 0 0
    outer loop
      vertex 8.02 58.2232 8.6697
      vertex 8.02 58.2232 7.3303
      vertex 8.02 58.3245 7.125
    endloop
  endfacet
  facet normal 1 -0 0
    outer loop
      vertex 8.02 58.1496 8.45293
      vertex 8.02 58.2232 7.3303
      vertex 8.02 58.2232 8.6697
    endloop
  endfacet
  facet normal 1 0 0
    outer loop
      vertex 8.02 58.1496 8.45293
      vertex 8.02 58.1496 7.54707
      vertex 8.02 58.2232 7.3303
    endloop
  endfacet
  facet normal 1 -0 0
    outer loop
      vertex 8.02 58.105 8.22842
      vertex 8.02 58.1496 7.54707
      vertex 8.02 58.1496 8.45293
    endloop
  endfacet
  facet normal 1 0 0
    outer loop
      vertex 8.02 58.105 8.22842
      vertex 8.02 58.105 7.77158
      vertex 8.02 58.1496 7.54707
    endloop
  endfacet
  facet normal 1 0 -0
    outer loop
      vertex 8.02 58.105 7.77158
      vertex 8.02 58.105 8.22842
      vertex 8.02 58.09 8
    endloop
  endfacet
  facet normal -0.595356 0.801732 -0.0526942
    outer loop
      vertex 8.02 58.09 8
      vertex 8.6771 58.5832 8.07981
      vertex 8.6777 58.5784 8
    endloop
  endfacet
  facet normal -0.595361 0.801731 -0.0526485
    outer loop
      vertex 8.6771 58.5832 8.07981
      vertex 8.02 58.09 8
      vertex 8.02 58.105 8.22842
    endloop
  endfacet
  facet normal -0.595305 0.603993 -0.52991
    outer loop
      vertex 8.63436 58.9251 8.91485
      vertex 8.02 58.4516 9.06533
      vertex 8.02 58.6026 9.23744
    endloop
  endfacet
  facet normal -0.595379 0.604184 -0.529609
    outer loop
      vertex 8.02 58.4516 9.06533
      vertex 8.63436 58.9251 8.91485
      vertex 8.64117 58.8706 8.84502
    endloop
  endfacet
  facet normal -0.595327 -0.788083 -0.156557
    outer loop
      vertex 8.02 61.575 8.22842
      vertex 8.33604 61.3117 8.35205
      vertex 8.02 61.5304 8.45293
    endloop
  endfacet
  facet normal -0.595239 -0.788099 -0.156814
    outer loop
      vertex 8.33604 61.3117 8.35205
      vertex 8.02 61.575 8.22842
      vertex 8.33182 61.3455 8.1982
    endloop
  endfacet
  facet normal -0.595354 0.0525486 0.801743
    outer loop
      vertex 8.02 59.6116 6.26497
      vertex 8.52821 59.7743 6.63169
      vertex 8.02 59.84 6.25
    endloop
  endfacet
  facet normal -0.595353 0.0525429 0.801744
    outer loop
      vertex 8.52821 59.7743 6.63169
      vertex 8.02 59.6116 6.26497
      vertex 8.54222 59.6622 6.64944
    endloop
  endfacet
  facet normal -0.595358 0.052515 0.801743
    outer loop
      vertex 8.52821 59.7743 6.63169
      vertex 8.52 59.84 6.62129
      vertex 8.02 59.84 6.25
    endloop
  endfacet
  facet normal -0.595408 -0.787887 -0.157237
    outer loop
      vertex 8.33604 61.3117 8.35205
      vertex 8.33714 61.3029 8.39198
      vertex 8.02 61.5304 8.45293
    endloop
  endfacet
  facet normal -0.595387 -0.604105 0.52969
    outer loop
      vertex 8.02 61.2284 6.93467
      vertex 8.38958 60.8834 6.95662
      vertex 8.37651 60.9879 7.06111
    endloop
  endfacet
  facet normal -0.595298 -0.603996 0.529914
    outer loop
      vertex 8.38958 60.8834 6.95662
      vertex 8.02 61.2284 6.93467
      vertex 8.02 61.0774 6.76256
    endloop
  endfacet
  facet normal -0.595343 -0.156835 -0.788017
    outer loop
      vertex 8.02 60.0684 9.73503
      vertex 8.48181 60.1455 9.37079
      vertex 8.49723 60.0222 9.38368
    endloop
  endfacet
  facet normal -0.595357 -0.156762 -0.78802
    outer loop
      vertex 8.48181 60.1455 9.37079
      vertex 8.02 60.0684 9.73503
      vertex 8.02 60.2929 9.69037
    endloop
  endfacet
  facet normal -0.595331 -0.529716 -0.604138
    outer loop
      vertex 8.02 60.9053 9.38837
      vertex 8.38958 60.8834 9.04338
      vertex 8.40385 60.7692 9.12945
    endloop
  endfacet
  facet normal -0.595301 -0.529791 -0.604101
    outer loop
      vertex 8.38958 60.8834 9.04338
      vertex 8.02 60.9053 9.38837
      vertex 8.02 61.0774 9.23744
    endloop
  endfacet
  facet normal -0.595345 -0.258224 0.760845
    outer loop
      vertex 8.02 60.2929 6.30963
      vertex 8.45859 60.3313 6.66585
      vertex 8.02 60.5097 6.38321
    endloop
  endfacet
  facet normal -0.595343 -0.258231 0.760844
    outer loop
      vertex 8.45859 60.3313 6.66585
      vertex 8.02 60.2929 6.30963
      vertex 8.4743 60.2056 6.63548
    endloop
  endfacet
  facet normal -0.595346 -0.156763 0.788028
    outer loop
      vertex 8.02 60.0684 6.26497
      vertex 8.48181 60.1455 6.6292
      vertex 8.02 60.2929 6.30963
    endloop
  endfacet
  facet normal -0.595345 -0.156772 0.788027
    outer loop
      vertex 8.48181 60.1455 6.6292
      vertex 8.02 60.0684 6.26497
      vertex 8.49723 60.0222 6.61632
    endloop
  endfacet
  facet normal -0.595339 -0.156608 -0.788064
    outer loop
      vertex 8.4743 60.2056 9.36452
      vertex 8.48181 60.1455 9.37079
      vertex 8.02 60.2929 9.69037
    endloop
  endfacet
  facet normal -0.595351 0.446419 -0.668032
    outer loop
      vertex 8.02 58.965 9.51554
      vertex 8.61176 59.1059 9.08232
      vertex 8.02 58.7747 9.38837
    endloop
  endfacet
  facet normal -0.595338 0.446507 -0.667985
    outer loop
      vertex 8.61176 59.1059 9.08232
      vertex 8.02 58.965 9.51554
      vertex 8.60235 59.1812 9.14104
    endloop
  endfacet
  facet normal -0.595362 0.668035 -0.4464
    outer loop
      vertex 8.64735 58.8212 8.78174
      vertex 8.65265 58.7788 8.71122
      vertex 8.02 58.4516 9.06533
    endloop
  endfacet
  facet normal -0.595345 0.355386 -0.7206
    outer loop
      vertex 8.02 59.1703 9.61679
      vertex 8.60235 59.1812 9.14104
      vertex 8.02 58.965 9.51554
    endloop
  endfacet
  facet normal -0.595409 0.355109 -0.720685
    outer loop
      vertex 8.60235 59.1812 9.14104
      vertex 8.02 59.1703 9.61679
      vertex 8.5917 59.2664 9.19182
    endloop
  endfacet
  facet normal -0.595341 0.156764 -0.788032
    outer loop
      vertex 8.02 59.6116 9.73503
      vertex 8.55526 59.5579 9.31997
      vertex 8.02 59.3871 9.69037
    endloop
  endfacet
  facet normal -0.595365 0.156614 -0.788043
    outer loop
      vertex 8.55526 59.5579 9.31997
      vertex 8.02 59.6116 9.73503
      vertex 8.54222 59.6622 9.35055
    endloop
  endfacet
  facet normal -0.595346 0.44638 -0.668063
    outer loop
      vertex 8.61176 59.1059 9.08232
      vertex 8.6193 59.0456 9.03531
      vertex 8.02 58.7747 9.38837
    endloop
  endfacet
  facet normal -0.595336 0.760819 -0.258321
    outer loop
      vertex 8.66664 58.6668 8.48594
      vertex 8.02 58.1496 8.45293
      vertex 8.02 58.2232 8.6697
    endloop
  endfacet
  facet normal -0.595476 0.760948 -0.257618
    outer loop
      vertex 8.02 58.1496 8.45293
      vertex 8.66664 58.6668 8.48594
      vertex 8.66967 58.6427 8.40775
    endloop
  endfacet
  facet normal -0.595476 0.760948 0.257618
    outer loop
      vertex 8.66664 58.6668 7.51406
      vertex 8.02 58.1496 7.54707
      vertex 8.66967 58.6427 7.59225
    endloop
  endfacet
  facet normal -0.595336 0.760819 0.258321
    outer loop
      vertex 8.02 58.1496 7.54707
      vertex 8.66664 58.6668 7.51406
      vertex 8.02 58.2232 7.3303
    endloop
  endfacet
  facet normal -0.595392 -0.446238 -0.668117
    outer loop
      vertex 8.02 60.715 9.51554
      vertex 8.4088 60.7296 9.15931
      vertex 8.42393 60.6085 9.22671
    endloop
  endfacet
  facet normal -0.595323 -0.446431 -0.66805
    outer loop
      vertex 8.4088 60.7296 9.15931
      vertex 8.02 60.715 9.51554
      vertex 8.02 60.9053 9.38837
    endloop
  endfacet
  facet normal -0.595283 0.720857 0.354969
    outer loop
      vertex 8.6624 58.7008 7.43813
      vertex 8.65814 58.7348 7.36194
      vertex 8.02 58.3245 7.125
    endloop
  endfacet
  facet normal -0.595472 -0.76045 0.259092
    outer loop
      vertex 8.34584 61.2332 7.4229
      vertex 8.344 61.248 7.46211
      vertex 8.02 61.4568 7.3303
    endloop
  endfacet
  facet normal -0.595292 0.667908 0.446683
    outer loop
      vertex 8.65814 58.7348 7.36194
      vertex 8.65288 58.777 7.29183
      vertex 8.02 58.3245 7.125
    endloop
  endfacet
  facet normal -0.595392 -0.354876 0.720813
    outer loop
      vertex 8.45162 60.387 6.67932
      vertex 8.44522 60.4383 6.69929
      vertex 8.02 60.5097 6.38321
    endloop
  endfacet
  facet normal -0.595334 0.668189 -0.446208
    outer loop
      vertex 8.65265 58.7788 8.71122
      vertex 8.02 58.3245 8.875
      vertex 8.02 58.4516 9.06533
    endloop
  endfacet
  facet normal -0.595295 0.668029 -0.446499
    outer loop
      vertex 8.02 58.3245 8.875
      vertex 8.65265 58.7788 8.71122
      vertex 8.65814 58.7348 8.63807
    endloop
  endfacet
  facet normal -0.595301 -0.529791 0.604101
    outer loop
      vertex 8.02 60.9053 6.61163
      vertex 8.38958 60.8834 6.95662
      vertex 8.02 61.0774 6.76256
    endloop
  endfacet
  facet normal -0.595331 -0.529716 0.604138
    outer loop
      vertex 8.38958 60.8834 6.95662
      vertex 8.02 60.9053 6.61163
      vertex 8.40385 60.7692 6.87055
    endloop
  endfacet
  facet normal -0.595316 -0.355496 -0.72057
    outer loop
      vertex 8.02 60.5097 9.61679
      vertex 8.42964 60.5629 9.25211
      vertex 8.44522 60.4383 9.30071
    endloop
  endfacet
  facet normal -0.595353 -0.355384 -0.720595
    outer loop
      vertex 8.42964 60.5629 9.25211
      vertex 8.02 60.5097 9.61679
      vertex 8.02 60.715 9.51554
    endloop
  endfacet
  facet normal -0.595319 0.788195 -0.156026
    outer loop
      vertex 8.67277 58.6178 8.32748
      vertex 8.67467 58.6027 8.24395
      vertex 8.02 58.1496 8.45293
    endloop
  endfacet
  facet normal -0.595355 0.35555 0.720512
    outer loop
      vertex 8.5917 59.2664 6.80818
      vertex 8.58369 59.3305 6.76993
      vertex 8.02 59.1703 6.38321
    endloop
  endfacet
  facet normal -0.595379 0.604184 0.529609
    outer loop
      vertex 8.63436 58.9251 7.08515
      vertex 8.02 58.4516 6.93467
      vertex 8.64117 58.8706 7.15498
    endloop
  endfacet
  facet normal -0.595305 0.603993 0.52991
    outer loop
      vertex 8.02 58.4516 6.93467
      vertex 8.63436 58.9251 7.08515
      vertex 8.02 58.6026 6.76256
    endloop
  endfacet
  facet normal -0.595376 -0.258472 -0.760736
    outer loop
      vertex 8.45162 60.387 9.32068
      vertex 8.45859 60.3313 9.33415
      vertex 8.02 60.5097 9.61679
    endloop
  endfacet
  facet normal -0.595236 -0.801838 -0.052437
    outer loop
      vertex 8.02 61.575 8.22842
      vertex 8.33039 61.3569 8.04011
      vertex 8.33182 61.3455 8.1982
    endloop
  endfacet
  facet normal -0.595315 -0.801766 -0.0526508
    outer loop
      vertex 8.33039 61.3569 8.04011
      vertex 8.02 61.575 8.22842
      vertex 8.02 61.59 8
    endloop
  endfacet
  facet normal -0.59535 0.529636 -0.604189
    outer loop
      vertex 8.6193 59.0456 9.03531
      vertex 8.62629 58.9897 8.97942
      vertex 8.02 58.7747 9.38837
    endloop
  endfacet
  facet normal -0.59534 0.446447 0.668023
    outer loop
      vertex 8.02 58.965 6.48446
      vertex 8.61176 59.1059 6.91767
      vertex 8.60235 59.1812 6.85896
    endloop
  endfacet
  facet normal -0.595344 0.446422 0.668036
    outer loop
      vertex 8.61176 59.1059 6.91767
      vertex 8.02 58.965 6.48446
      vertex 8.02 58.7747 6.61163
    endloop
  endfacet
  facet normal -0.595361 0.604093 0.529733
    outer loop
      vertex 8.64735 58.8212 7.21826
      vertex 8.64117 58.8706 7.15498
      vertex 8.02 58.4516 6.93467
    endloop
  endfacet
  facet normal -0.595345 -0.446593 -0.667921
    outer loop
      vertex 8.42393 60.6085 9.22671
      vertex 8.42964 60.5629 9.25211
      vertex 8.02 60.715 9.51554
    endloop
  endfacet
  facet normal -0.595318 -0.668198 -0.446215
    outer loop
      vertex 8.02 61.3555 8.875
      vertex 8.36902 61.0479 8.86998
      vertex 8.02 61.2284 9.06533
    endloop
  endfacet
  facet normal -0.595271 -0.668143 -0.446361
    outer loop
      vertex 8.36902 61.0479 8.86998
      vertex 8.02 61.3555 8.875
      vertex 8.3577 61.1384 8.74961
    endloop
  endfacet
  facet normal -0.595266 -0.720583 -0.355553
    outer loop
      vertex 8.02 61.4568 8.6697
      vertex 8.3577 61.1384 8.74961
      vertex 8.02 61.3555 8.875
    endloop
  endfacet
  facet normal -0.595311 -0.720602 -0.355439
    outer loop
      vertex 8.3577 61.1384 8.74961
      vertex 8.02 61.4568 8.6697
      vertex 8.34842 61.2127 8.61452
    endloop
  endfacet
  facet normal -0.595353 0.258222 -0.760839
    outer loop
      vertex 8.02 59.3871 9.69037
      vertex 8.57547 59.3963 9.25884
      vertex 8.02 59.1703 9.61679
    endloop
  endfacet
  facet normal -0.595329 0.258374 -0.760806
    outer loop
      vertex 8.57547 59.3963 9.25884
      vertex 8.02 59.3871 9.69037
      vertex 8.56356 59.4915 9.30049
    endloop
  endfacet
  facet normal -0.595342 0.156769 -0.78803
    outer loop
      vertex 8.55526 59.5579 9.31997
      vertex 8.56356 59.4915 9.30049
      vertex 8.02 59.3871 9.69037
    endloop
  endfacet
  facet normal -0.595318 -0.801765 -0.0526254
    outer loop
      vertex 8.33003 61.3598 8
      vertex 8.33039 61.3569 8.04011
      vertex 8.02 61.59 8
    endloop
  endfacet
  facet normal -0.595367 0.0526818 -0.801725
    outer loop
      vertex 8.53402 59.7278 9.36095
      vertex 8.54222 59.6622 9.35055
      vertex 8.02 59.6116 9.73503
    endloop
  endfacet
  facet normal -0.59535 0.529636 0.604189
    outer loop
      vertex 8.62629 58.9897 7.02058
      vertex 8.6193 59.0456 6.96469
      vertex 8.02 58.7747 6.61163
    endloop
  endfacet
  facet normal -0.595358 0.529578 0.604232
    outer loop
      vertex 8.02 58.7747 6.61163
      vertex 8.63436 58.9251 7.08515
      vertex 8.62629 58.9897 7.02058
    endloop
  endfacet
  facet normal -0.595307 0.529788 0.604098
    outer loop
      vertex 8.63436 58.9251 7.08515
      vertex 8.02 58.7747 6.61163
      vertex 8.02 58.6026 6.76256
    endloop
  endfacet
  facet normal -0.595357 0.668182 0.446187
    outer loop
      vertex 8.64735 58.8212 7.21826
      vertex 8.02 58.3245 7.125
      vertex 8.65288 58.777 7.29183
    endloop
  endfacet
  facet normal -0.595354 0.668176 0.4462
    outer loop
      vertex 8.02 58.3245 7.125
      vertex 8.64735 58.8212 7.21826
      vertex 8.02 58.4516 6.93467
    endloop
  endfacet
  facet normal -0.595318 -0.801765 0.0526254
    outer loop
      vertex 8.33039 61.3569 7.95989
      vertex 8.33003 61.3598 8
      vertex 8.02 61.59 8
    endloop
  endfacet
  facet normal -0.595314 -0.720611 0.355417
    outer loop
      vertex 8.02 61.4568 7.3303
      vertex 8.3577 61.1384 7.25038
      vertex 8.34842 61.2127 7.38548
    endloop
  endfacet
  facet normal -0.595259 -0.720588 0.355555
    outer loop
      vertex 8.3577 61.1384 7.25038
      vertex 8.02 61.4568 7.3303
      vertex 8.02 61.3555 7.125
    endloop
  endfacet
  facet normal -0.595252 -0.667973 0.446639
    outer loop
      vertex 8.36104 61.1117 7.2149
      vertex 8.3577 61.1384 7.25038
      vertex 8.02 61.3555 7.125
    endloop
  endfacet
  facet normal -0.595485 -0.721157 0.354019
    outer loop
      vertex 8.34842 61.2127 7.38548
      vertex 8.34584 61.2332 7.4229
      vertex 8.02 61.4568 7.3303
    endloop
  endfacet
  facet normal -0.59532 0.760622 0.258938
    outer loop
      vertex 8.67277 58.6178 7.67252
      vertex 8.66967 58.6427 7.59225
      vertex 8.02 58.1496 7.54707
    endloop
  endfacet
  facet normal -0.595278 0.72088 -0.354932
    outer loop
      vertex 8.65814 58.7348 8.63807
      vertex 8.6624 58.7008 8.56187
      vertex 8.02 58.3245 8.875
    endloop
  endfacet
  facet normal -0.595348 0.446452 0.668013
    outer loop
      vertex 8.6193 59.0456 6.96469
      vertex 8.61176 59.1059 6.91767
      vertex 8.02 58.7747 6.61163
    endloop
  endfacet
  facet normal -0.595344 0.788006 0.156884
    outer loop
      vertex 8.67467 58.6027 7.75605
      vertex 8.02 58.105 7.77158
      vertex 8.67647 58.5883 7.83521
    endloop
  endfacet
  facet normal -0.595381 0.788044 0.156549
    outer loop
      vertex 8.02 58.105 7.77158
      vertex 8.67467 58.6027 7.75605
      vertex 8.02 58.1496 7.54707
    endloop
  endfacet
  facet normal -0.595336 0.760819 -0.258321
    outer loop
      vertex 7.67664 66.5868 8.48594
      vertex 7.03 66.0696 8.45293
      vertex 7.03 66.1432 8.6697
    endloop
  endfacet
  facet normal -0.595476 0.760948 -0.257618
    outer loop
      vertex 7.03 66.0696 8.45293
      vertex 7.67664 66.5868 8.48594
      vertex 7.67967 66.5627 8.40775
    endloop
  endfacet
  facet normal -0.595292 0.667908 0.446683
    outer loop
      vertex 7.66814 66.6548 7.36194
      vertex 7.66288 66.697 7.29183
      vertex 7.03 66.2445 7.125
    endloop
  endfacet
  facet normal -0.595359 -0.0524854 0.801744
    outer loop
      vertex 7.53 67.76 6.62129
      vertex 7.52205 67.8236 6.61955
      vertex 7.03 67.76 6.25
    endloop
  endfacet
  facet normal -0.595353 -0.0525486 0.801744
    outer loop
      vertex 7.03 67.76 6.25
      vertex 7.50723 67.9422 6.61632
      vertex 7.03 67.9884 6.26497
    endloop
  endfacet
  facet normal -0.59535 -0.0525587 0.801745
    outer loop
      vertex 7.50723 67.9422 6.61632
      vertex 7.03 67.76 6.25
      vertex 7.52205 67.8236 6.61955
    endloop
  endfacet
  facet normal -0.595345 -0.446593 -0.667921
    outer loop
      vertex 7.43393 68.5285 9.22671
      vertex 7.43964 68.4829 9.25211
      vertex 7.03 68.635 9.51554
    endloop
  endfacet
  facet normal -0.595392 -0.354876 -0.720813
    outer loop
      vertex 7.45522 68.3583 9.30071
      vertex 7.46162 68.307 9.32068
      vertex 7.03 68.4297 9.61679
    endloop
  endfacet
  facet normal -0.595355 0.35555 0.720512
    outer loop
      vertex 7.6017 67.1864 6.80818
      vertex 7.59369 67.2505 6.76993
      vertex 7.03 67.0903 6.38321
    endloop
  endfacet
  facet normal -0.595292 -0.604121 -0.529778
    outer loop
      vertex 7.3954 68.8368 9.00999
      vertex 7.39958 68.8034 9.04338
      vertex 7.03 68.9974 9.23744
    endloop
  endfacet
  facet normal -0.595358 0.529578 0.604232
    outer loop
      vertex 7.03 66.6947 6.61163
      vertex 7.64436 66.8451 7.08515
      vertex 7.63629 66.9097 7.02058
    endloop
  endfacet
  facet normal -0.595307 0.529788 0.604098
    outer loop
      vertex 7.64436 66.8451 7.08515
      vertex 7.03 66.6947 6.61163
      vertex 7.03 66.5226 6.76256
    endloop
  endfacet
  facet normal -0.595356 0.801732 0.0526942
    outer loop
      vertex 7.6871 66.5032 7.92019
      vertex 7.03 66.01 8
      vertex 7.6877 66.4984 8
    endloop
  endfacet
  facet normal -0.595361 0.801731 0.0526485
    outer loop
      vertex 7.03 66.01 8
      vertex 7.6871 66.5032 7.92019
      vertex 7.03 66.025 7.77158
    endloop
  endfacet
  facet normal -0.595341 -0.604035 0.529821
    outer loop
      vertex 7.03 69.1484 6.93467
      vertex 7.3954 68.8368 6.99001
      vertex 7.3824 68.9408 7.09397
    endloop
  endfacet
  facet normal -0.595314 -0.603988 0.529906
    outer loop
      vertex 7.3954 68.8368 6.99001
      vertex 7.03 69.1484 6.93467
      vertex 7.03 68.9974 6.76256
    endloop
  endfacet
  facet normal -0.595355 0.35555 -0.720512
    outer loop
      vertex 7.59369 67.2505 9.23007
      vertex 7.6017 67.1864 9.19182
      vertex 7.03 67.0903 9.61679
    endloop
  endfacet
  facet normal -0.595349 -0.446485 0.66799
    outer loop
      vertex 7.43964 68.4829 6.74789
      vertex 7.43393 68.5285 6.77328
      vertex 7.03 68.635 6.48446
    endloop
  endfacet
  facet normal -0.595343 -0.156737 0.788035
    outer loop
      vertex 7.49181 68.0655 6.6292
      vertex 7.4843 68.1256 6.63548
      vertex 7.03 68.2129 6.30963
    endloop
  endfacet
  facet normal -0.595376 -0.258472 -0.760736
    outer loop
      vertex 7.46162 68.307 9.32068
      vertex 7.46859 68.2513 9.33415
      vertex 7.03 68.4297 9.61679
    endloop
  endfacet
  facet normal -0.59536 0.258279 0.760814
    outer loop
      vertex 7.59369 67.2505 6.76993
      vertex 7.58547 67.3163 6.74116
      vertex 7.03 67.0903 6.38321
    endloop
  endfacet
  facet normal -0.595352 -0.0525058 -0.801748
    outer loop
      vertex 7.50723 67.9422 9.38368
      vertex 7.51516 67.8787 9.38195
      vertex 7.03 67.9884 9.73503
    endloop
  endfacet
  facet normal -0.595266 -0.720583 -0.355553
    outer loop
      vertex 7.03 69.3768 8.6697
      vertex 7.3677 69.0584 8.74961
      vertex 7.03 69.2755 8.875
    endloop
  endfacet
  facet normal -0.595311 -0.720602 -0.355439
    outer loop
      vertex 7.3677 69.0584 8.74961
      vertex 7.03 69.3768 8.6697
      vertex 7.35842 69.1327 8.61452
    endloop
  endfacet
  facet normal -0.595318 -0.801765 0.0526254
    outer loop
      vertex 7.34039 69.2769 7.95989
      vertex 7.34003 69.2798 8
      vertex 7.03 69.51 8
    endloop
  endfacet
  facet normal -0.595307 -0.52994 0.603964
    outer loop
      vertex 7.40446 68.7644 6.92721
      vertex 7.39958 68.8034 6.95662
      vertex 7.03 68.9974 6.76256
    endloop
  endfacet
  facet normal -0.595357 -0.0525481 -0.801741
    outer loop
      vertex 7.03 67.76 9.75
      vertex 7.51516 67.8787 9.38195
      vertex 7.53 67.76 9.37871
    endloop
  endfacet
  facet normal -0.595357 -0.0525484 -0.801741
    outer loop
      vertex 7.51516 67.8787 9.38195
      vertex 7.03 67.76 9.75
      vertex 7.03 67.9884 9.73503
    endloop
  endfacet
  facet normal -0.595408 -0.787887 -0.157237
    outer loop
      vertex 7.34604 69.2317 8.35205
      vertex 7.34714 69.2229 8.39198
      vertex 7.03 69.4504 8.45293
    endloop
  endfacet
  facet normal -0.595353 0.258222 -0.760839
    outer loop
      vertex 7.03 67.3071 9.69037
      vertex 7.58547 67.3163 9.25884
      vertex 7.03 67.0903 9.61679
    endloop
  endfacet
  facet normal -0.595329 0.258374 -0.760806
    outer loop
      vertex 7.58547 67.3163 9.25884
      vertex 7.03 67.3071 9.69037
      vertex 7.57356 67.4115 9.30049
    endloop
  endfacet
  facet normal -0.595472 -0.76045 -0.259092
    outer loop
      vertex 7.354 69.168 8.53789
      vertex 7.35584 69.1532 8.5771
      vertex 7.03 69.3768 8.6697
    endloop
  endfacet
  facet normal -0.595357 0.720523 -0.355523
    outer loop
      vertex 7.6724 66.6208 8.56187
      vertex 7.03 66.1432 8.6697
      vertex 7.03 66.2445 8.875
    endloop
  endfacet
  facet normal -0.59532 0.720404 -0.355826
    outer loop
      vertex 7.03 66.1432 8.6697
      vertex 7.6724 66.6208 8.56187
      vertex 7.67664 66.5868 8.48594
    endloop
  endfacet
  facet normal -0.595397 -0.446196 -0.66814
    outer loop
      vertex 7.03 68.635 9.51554
      vertex 7.4188 68.6496 9.15932
      vertex 7.43393 68.5285 9.22671
    endloop
  endfacet
  facet normal -0.595311 -0.446436 -0.668056
    outer loop
      vertex 7.4188 68.6496 9.15932
      vertex 7.03 68.635 9.51554
      vertex 7.03 68.8253 9.38837
    endloop
  endfacet
  facet normal -0.595329 0.258374 0.760806
    outer loop
      vertex 7.03 67.3071 6.30963
      vertex 7.58547 67.3163 6.74116
      vertex 7.57356 67.4115 6.69951
    endloop
  endfacet
  facet normal -0.595353 0.258222 0.760839
    outer loop
      vertex 7.58547 67.3163 6.74116
      vertex 7.03 67.3071 6.30963
      vertex 7.03 67.0903 6.38321
    endloop
  endfacet
  facet normal -0.595353 -0.355384 0.720595
    outer loop
      vertex 7.03 68.4297 6.38321
      vertex 7.43964 68.4829 6.74789
      vertex 7.03 68.635 6.48446
    endloop
  endfacet
  facet normal -0.595316 -0.355496 0.72057
    outer loop
      vertex 7.43964 68.4829 6.74789
      vertex 7.03 68.4297 6.38321
      vertex 7.45522 68.3583 6.69929
    endloop
  endfacet
  facet normal -0.595342 0.156769 -0.78803
    outer loop
      vertex 7.56526 67.4779 9.31997
      vertex 7.57356 67.4115 9.30049
      vertex 7.03 67.3071 9.69037
    endloop
  endfacet
  facet normal -0.595319 0.788195 0.156026
    outer loop
      vertex 7.68467 66.5227 7.75605
      vertex 7.68277 66.5378 7.67252
      vertex 7.03 66.0696 7.54707
    endloop
  endfacet
  facet normal -0.595307 -0.52994 -0.603964
    outer loop
      vertex 7.39958 68.8034 9.04338
      vertex 7.40446 68.7644 9.07279
      vertex 7.03 68.9974 9.23744
    endloop
  endfacet
  facet normal -0.595356 0.801732 -0.0526942
    outer loop
      vertex 7.03 66.01 8
      vertex 7.6871 66.5032 8.07981
      vertex 7.6877 66.4984 8
    endloop
  endfacet
  facet normal -0.595361 0.801731 -0.0526485
    outer loop
      vertex 7.6871 66.5032 8.07981
      vertex 7.03 66.01 8
      vertex 7.03 66.025 8.22842
    endloop
  endfacet
  facet normal -0.595352 0.0525487 -0.801745
    outer loop
      vertex 7.03 67.76 9.75
      vertex 7.54402 67.6478 9.36095
      vertex 7.03 67.5316 9.73503
    endloop
  endfacet
  facet normal -0.595358 0.0525136 -0.801743
    outer loop
      vertex 7.54402 67.6478 9.36095
      vertex 7.03 67.76 9.75
      vertex 7.53 67.76 9.37871
    endloop
  endfacet
  facet normal -0.595327 -0.788083 -0.156557
    outer loop
      vertex 7.03 69.495 8.22842
      vertex 7.34604 69.2317 8.35205
      vertex 7.03 69.4504 8.45293
    endloop
  endfacet
  facet normal -0.595239 -0.788099 -0.156814
    outer loop
      vertex 7.34604 69.2317 8.35205
      vertex 7.03 69.495 8.22842
      vertex 7.34182 69.2655 8.1982
    endloop
  endfacet
  facet normal -0.595357 0.668182 0.446187
    outer loop
      vertex 7.65735 66.7412 7.21826
      vertex 7.03 66.2445 7.125
      vertex 7.66288 66.697 7.29183
    endloop
  endfacet
  facet normal -0.595354 0.668176 0.4462
    outer loop
      vertex 7.03 66.2445 7.125
      vertex 7.65735 66.7412 7.21826
      vertex 7.03 66.3716 6.93467
    endloop
  endfacet
  facet normal -0.595292 -0.604121 0.529778
    outer loop
      vertex 7.39958 68.8034 6.95662
      vertex 7.3954 68.8368 6.99001
      vertex 7.03 68.9974 6.76256
    endloop
  endfacet
  facet normal -0.595295 -0.668153 0.446313
    outer loop
      vertex 7.03 69.2755 7.125
      vertex 7.3824 68.9408 7.09397
      vertex 7.37104 69.0317 7.2149
    endloop
  endfacet
  facet normal -0.595336 -0.668187 0.446207
    outer loop
      vertex 7.3824 68.9408 7.09397
      vertex 7.03 69.2755 7.125
      vertex 7.03 69.1484 6.93467
    endloop
  endfacet
  facet normal -0.595409 0.355109 0.720685
    outer loop
      vertex 7.03 67.0903 6.38321
      vertex 7.61235 67.1012 6.85896
      vertex 7.6017 67.1864 6.80818
    endloop
  endfacet
  facet normal -0.595345 0.355386 0.7206
    outer loop
      vertex 7.61235 67.1012 6.85896
      vertex 7.03 67.0903 6.38321
      vertex 7.03 66.885 6.48446
    endloop
  endfacet
  facet normal -0.595375 -0.760792 -0.258312
    outer loop
      vertex 7.03 69.4504 8.45293
      vertex 7.354 69.168 8.53789
      vertex 7.03 69.3768 8.6697
    endloop
  endfacet
  facet normal -0.595391 -0.760796 -0.258264
    outer loop
      vertex 7.354 69.168 8.53789
      vertex 7.03 69.4504 8.45293
      vertex 7.34714 69.2229 8.39198
    endloop
  endfacet
  facet normal -0.59532 0.760622 -0.258938
    outer loop
      vertex 7.67967 66.5627 8.40775
      vertex 7.68277 66.5378 8.32748
      vertex 7.03 66.0696 8.45293
    endloop
  endfacet
  facet normal -0.595283 0.720857 0.354969
    outer loop
      vertex 7.6724 66.6208 7.43813
      vertex 7.66814 66.6548 7.36194
      vertex 7.03 66.2445 7.125
    endloop
  endfacet
  facet normal -0.595342 0.156769 0.78803
    outer loop
      vertex 7.57356 67.4115 6.69951
      vertex 7.56526 67.4779 6.68003
      vertex 7.03 67.3071 6.30963
    endloop
  endfacet
  facet normal -0.595305 0.603993 -0.52991
    outer loop
      vertex 7.64436 66.8451 8.91485
      vertex 7.03 66.3716 9.06533
      vertex 7.03 66.5226 9.23744
    endloop
  endfacet
  facet normal -0.595379 0.604184 -0.529609
    outer loop
      vertex 7.03 66.3716 9.06533
      vertex 7.64436 66.8451 8.91485
      vertex 7.65117 66.7906 8.84502
    endloop
  endfacet
  facet normal -0.595354 0.0525486 0.801743
    outer loop
      vertex 7.03 67.5316 6.26497
      vertex 7.53821 67.6943 6.63169
      vertex 7.03 67.76 6.25
    endloop
  endfacet
  facet normal -0.595344 0.0524925 0.801754
    outer loop
      vertex 7.53821 67.6943 6.63169
      vertex 7.03 67.5316 6.26497
      vertex 7.55223 67.5822 6.64944
    endloop
  endfacet
  facet normal -0.595358 0.052515 0.801743
    outer loop
      vertex 7.53821 67.6943 6.63169
      vertex 7.53 67.76 6.62129
      vertex 7.03 67.76 6.25
    endloop
  endfacet
  facet normal -0.595348 0.801749 -0.0525299
    outer loop
      vertex 7.68647 66.5083 8.16479
      vertex 7.6871 66.5032 8.07981
      vertex 7.03 66.025 8.22842
    endloop
  endfacet
  facet normal -0.595311 -0.446436 0.668056
    outer loop
      vertex 7.03 68.635 6.48446
      vertex 7.4188 68.6496 6.84068
      vertex 7.03 68.8253 6.61163
    endloop
  endfacet
  facet normal -0.595381 -0.44624 0.668125
    outer loop
      vertex 7.4188 68.6496 6.84068
      vertex 7.03 68.635 6.48446
      vertex 7.43393 68.5285 6.77328
    endloop
  endfacet
  facet normal -0.595391 -0.760796 0.258264
    outer loop
      vertex 7.03 69.4504 7.54707
      vertex 7.354 69.168 7.46211
      vertex 7.34714 69.2229 7.60802
    endloop
  endfacet
  facet normal -0.595375 -0.760792 0.258312
    outer loop
      vertex 7.354 69.168 7.46211
      vertex 7.03 69.4504 7.54707
      vertex 7.03 69.3768 7.3303
    endloop
  endfacet
  facet normal -0.595341 0.156764 -0.788032
    outer loop
      vertex 7.03 67.5316 9.73503
      vertex 7.56526 67.4779 9.31997
      vertex 7.03 67.3071 9.69037
    endloop
  endfacet
  facet normal -0.595356 0.156671 -0.788039
    outer loop
      vertex 7.56526 67.4779 9.31997
      vertex 7.03 67.5316 9.73503
      vertex 7.55223 67.5822 9.35055
    endloop
  endfacet
  facet normal -0.595345 -0.258224 0.760845
    outer loop
      vertex 7.03 68.2129 6.30963
      vertex 7.46859 68.2513 6.66585
      vertex 7.03 68.4297 6.38321
    endloop
  endfacet
  facet normal -0.595343 -0.258231 0.760844
    outer loop
      vertex 7.46859 68.2513 6.66585
      vertex 7.03 68.2129 6.30963
      vertex 7.4843 68.1256 6.63548
    endloop
  endfacet
  facet normal -0.595346 -0.156763 0.788028
    outer loop
      vertex 7.03 67.9884 6.26497
      vertex 7.49181 68.0655 6.6292
      vertex 7.03 68.2129 6.30963
    endloop
  endfacet
  facet normal -0.595345 -0.156772 0.788027
    outer loop
      vertex 7.49181 68.0655 6.6292
      vertex 7.03 67.9884 6.26497
      vertex 7.50723 67.9422 6.61632
    endloop
  endfacet
  facet normal -0.595346 0.44638 -0.668063
    outer loop
      vertex 7.62176 67.0259 9.08232
      vertex 7.6293 66.9656 9.03531
      vertex 7.03 66.6947 9.38837
    endloop
  endfacet
  facet normal -0.595376 -0.258472 0.760736
    outer loop
      vertex 7.46859 68.2513 6.66585
      vertex 7.46162 68.307 6.67932
      vertex 7.03 68.4297 6.38321
    endloop
  endfacet
  facet normal -0.59536 0.258279 -0.760814
    outer loop
      vertex 7.58547 67.3163 9.25884
      vertex 7.59369 67.2505 9.23007
      vertex 7.03 67.0903 9.61679
    endloop
  endfacet
  facet normal -0.59534 0.446447 0.668023
    outer loop
      vertex 7.03 66.885 6.48446
      vertex 7.62176 67.0259 6.91767
      vertex 7.61235 67.1012 6.85896
    endloop
  endfacet
  facet normal -0.595344 0.446422 0.668036
    outer loop
      vertex 7.62176 67.0259 6.91767
      vertex 7.03 66.885 6.48446
      vertex 7.03 66.6947 6.61163
    endloop
  endfacet
  facet normal -0.595304 -0.529735 -0.604147
    outer loop
      vertex 7.03 68.8253 9.38837
      vertex 7.40446 68.7644 9.07279
      vertex 7.4188 68.6496 9.15932
    endloop
  endfacet
  facet normal -0.595284 -0.529799 -0.604111
    outer loop
      vertex 7.40446 68.7644 9.07279
      vertex 7.03 68.8253 9.38837
      vertex 7.03 68.9974 9.23744
    endloop
  endfacet
  facet normal -0.595314 -0.603988 -0.529906
    outer loop
      vertex 7.03 69.1484 9.06533
      vertex 7.3954 68.8368 9.00999
      vertex 7.03 68.9974 9.23744
    endloop
  endfacet
  facet normal -0.595341 -0.604035 -0.529821
    outer loop
      vertex 7.3954 68.8368 9.00999
      vertex 7.03 69.1484 9.06533
      vertex 7.3824 68.9408 8.90603
    endloop
  endfacet
  facet normal -0.595307 0.529788 -0.604098
    outer loop
      vertex 7.03 66.6947 9.38837
      vertex 7.64436 66.8451 8.91485
      vertex 7.03 66.5226 9.23744
    endloop
  endfacet
  facet normal -0.595358 0.529578 -0.604232
    outer loop
      vertex 7.64436 66.8451 8.91485
      vertex 7.03 66.6947 9.38837
      vertex 7.63629 66.9097 8.97942
    endloop
  endfacet
  facet normal -0.595318 -0.801765 -0.0526254
    outer loop
      vertex 7.34003 69.2798 8
      vertex 7.34039 69.2769 8.04011
      vertex 7.03 69.51 8
    endloop
  endfacet
  facet normal -0.595252 -0.667973 0.446639
    outer loop
      vertex 7.37104 69.0317 7.2149
      vertex 7.3677 69.0584 7.25038
      vertex 7.03 69.2755 7.125
    endloop
  endfacet
  facet normal -0.595314 -0.720611 0.355417
    outer loop
      vertex 7.03 69.3768 7.3303
      vertex 7.3677 69.0584 7.25038
      vertex 7.35842 69.1327 7.38548
    endloop
  endfacet
  facet normal -0.595259 -0.720588 0.355555
    outer loop
      vertex 7.3677 69.0584 7.25038
      vertex 7.03 69.3768 7.3303
      vertex 7.03 69.2755 7.125
    endloop
  endfacet
  facet normal -0.595379 0.604184 0.529609
    outer loop
      vertex 7.64436 66.8451 7.08515
      vertex 7.03 66.3716 6.93467
      vertex 7.65117 66.7906 7.15498
    endloop
  endfacet
  facet normal -0.595305 0.603993 0.52991
    outer loop
      vertex 7.03 66.3716 6.93467
      vertex 7.64436 66.8451 7.08515
      vertex 7.03 66.5226 6.76256
    endloop
  endfacet
  facet normal -0.595345 0.355386 -0.7206
    outer loop
      vertex 7.03 67.0903 9.61679
      vertex 7.61235 67.1012 9.14104
      vertex 7.03 66.885 9.51554
    endloop
  endfacet
  facet normal -0.595409 0.355109 -0.720685
    outer loop
      vertex 7.61235 67.1012 9.14104
      vertex 7.03 67.0903 9.61679
      vertex 7.6017 67.1864 9.19182
    endloop
  endfacet
  facet normal -0.595351 0.446419 -0.668032
    outer loop
      vertex 7.03 66.885 9.51554
      vertex 7.62176 67.0259 9.08232
      vertex 7.03 66.6947 9.38837
    endloop
  endfacet
  facet normal -0.595338 0.446507 -0.667985
    outer loop
      vertex 7.62176 67.0259 9.08232
      vertex 7.03 66.885 9.51554
      vertex 7.61235 67.1012 9.14104
    endloop
  endfacet
  facet normal -0.595343 -0.156835 -0.788017
    outer loop
      vertex 7.03 67.9884 9.73503
      vertex 7.49181 68.0655 9.37079
      vertex 7.50723 67.9422 9.38368
    endloop
  endfacet
  facet normal -0.595357 -0.156762 -0.78802
    outer loop
      vertex 7.49181 68.0655 9.37079
      vertex 7.03 67.9884 9.73503
      vertex 7.03 68.2129 9.69037
    endloop
  endfacet
  facet normal -0.595344 0.156746 0.788033
    outer loop
      vertex 7.03 67.5316 6.26497
      vertex 7.56526 67.4779 6.68003
      vertex 7.55223 67.5822 6.64944
    endloop
  endfacet
  facet normal -0.595341 0.156764 0.788032
    outer loop
      vertex 7.56526 67.4779 6.68003
      vertex 7.03 67.5316 6.26497
      vertex 7.03 67.3071 6.30963
    endloop
  endfacet
  facet normal -0.595334 0.668189 -0.446208
    outer loop
      vertex 7.66265 66.6988 8.71122
      vertex 7.03 66.2445 8.875
      vertex 7.03 66.3716 9.06533
    endloop
  endfacet
  facet normal -0.595295 0.668029 -0.446499
    outer loop
      vertex 7.03 66.2445 8.875
      vertex 7.66265 66.6988 8.71122
      vertex 7.66814 66.6548 8.63807
    endloop
  endfacet
  facet normal -0.595362 0.668035 -0.4464
    outer loop
      vertex 7.65735 66.7412 8.78174
      vertex 7.66265 66.6988 8.71122
      vertex 7.03 66.3716 9.06533
    endloop
  endfacet
  facet normal -0.59532 0.720404 0.355826
    outer loop
      vertex 7.6724 66.6208 7.43813
      vertex 7.03 66.1432 7.3303
      vertex 7.67664 66.5868 7.51406
    endloop
  endfacet
  facet normal -0.595357 0.720523 0.355523
    outer loop
      vertex 7.03 66.1432 7.3303
      vertex 7.6724 66.6208 7.43813
      vertex 7.03 66.2445 7.125
    endloop
  endfacet
  facet normal -0.595381 0.788044 -0.156549
    outer loop
      vertex 7.68467 66.5227 8.24395
      vertex 7.03 66.025 8.22842
      vertex 7.03 66.0696 8.45293
    endloop
  endfacet
  facet normal -0.595344 0.788006 -0.156884
    outer loop
      vertex 7.03 66.025 8.22842
      vertex 7.68467 66.5227 8.24395
      vertex 7.68647 66.5083 8.16479
    endloop
  endfacet
  facet normal -0.595315 -0.801766 0.0526508
    outer loop
      vertex 7.03 69.495 7.77158
      vertex 7.34039 69.2769 7.95989
      vertex 7.03 69.51 8
    endloop
  endfacet
  facet normal -0.595236 -0.801838 0.052437
    outer loop
      vertex 7.34039 69.2769 7.95989
      vertex 7.03 69.495 7.77158
      vertex 7.34182 69.2655 7.8018
    endloop
  endfacet
  facet normal -0.595239 -0.788099 0.156814
    outer loop
      vertex 7.03 69.495 7.77158
      vertex 7.34604 69.2317 7.64795
      vertex 7.34182 69.2655 7.8018
    endloop
  endfacet
  facet normal -0.595327 -0.788083 0.156557
    outer loop
      vertex 7.34604 69.2317 7.64795
      vertex 7.03 69.495 7.77158
      vertex 7.03 69.4504 7.54707
    endloop
  endfacet
  facet normal -0.595392 -0.354876 0.720813
    outer loop
      vertex 7.46162 68.307 6.67932
      vertex 7.45522 68.3583 6.69929
      vertex 7.03 68.4297 6.38321
    endloop
  endfacet
  facet normal -0.595348 0.446452 0.668013
    outer loop
      vertex 7.6293 66.9656 6.96469
      vertex 7.62176 67.0259 6.91767
      vertex 7.03 66.6947 6.61163
    endloop
  endfacet
  facet normal -0.595284 -0.529799 0.604111
    outer loop
      vertex 7.03 68.8253 6.61163
      vertex 7.40446 68.7644 6.92721
      vertex 7.03 68.9974 6.76256
    endloop
  endfacet
  facet normal -0.595304 -0.529735 0.604147
    outer loop
      vertex 7.40446 68.7644 6.92721
      vertex 7.03 68.8253 6.61163
      vertex 7.4188 68.6496 6.84068
    endloop
  endfacet
  facet normal -0.595476 0.760948 0.257618
    outer loop
      vertex 7.67664 66.5868 7.51406
      vertex 7.03 66.0696 7.54707
      vertex 7.67967 66.5627 7.59225
    endloop
  endfacet
  facet normal -0.595336 0.760819 0.258321
    outer loop
      vertex 7.03 66.0696 7.54707
      vertex 7.67664 66.5868 7.51406
      vertex 7.03 66.1432 7.3303
    endloop
  endfacet
  facet normal -0.595236 -0.801838 -0.052437
    outer loop
      vertex 7.03 69.495 8.22842
      vertex 7.34039 69.2769 8.04011
      vertex 7.34182 69.2655 8.1982
    endloop
  endfacet
  facet normal -0.595315 -0.801766 -0.0526508
    outer loop
      vertex 7.34039 69.2769 8.04011
      vertex 7.03 69.495 8.22842
      vertex 7.03 69.51 8
    endloop
  endfacet
  facet normal -0.595408 -0.787887 0.157237
    outer loop
      vertex 7.34714 69.2229 7.60802
      vertex 7.34604 69.2317 7.64795
      vertex 7.03 69.4504 7.54707
    endloop
  endfacet
  facet normal -0.595316 -0.355496 -0.72057
    outer loop
      vertex 7.03 68.4297 9.61679
      vertex 7.43964 68.4829 9.25211
      vertex 7.45522 68.3583 9.30071
    endloop
  endfacet
  facet normal -0.595353 -0.355384 -0.720595
    outer loop
      vertex 7.43964 68.4829 9.25211
      vertex 7.03 68.4297 9.61679
      vertex 7.03 68.635 9.51554
    endloop
  endfacet
  facet normal -0.59532 0.760622 0.258938
    outer loop
      vertex 7.68277 66.5378 7.67252
      vertex 7.67967 66.5627 7.59225
      vertex 7.03 66.0696 7.54707
    endloop
  endfacet
  facet normal -0.595339 -0.156608 -0.788064
    outer loop
      vertex 7.4843 68.1256 9.36452
      vertex 7.49181 68.0655 9.37079
      vertex 7.03 68.2129 9.69037
    endloop
  endfacet
  facet normal -0.59535 0.529636 -0.604189
    outer loop
      vertex 7.6293 66.9656 9.03531
      vertex 7.63629 66.9097 8.97942
      vertex 7.03 66.6947 9.38837
    endloop
  endfacet
  facet normal -0.595343 -0.258231 -0.760844
    outer loop
      vertex 7.03 68.2129 9.69037
      vertex 7.46859 68.2513 9.33415
      vertex 7.4843 68.1256 9.36452
    endloop
  endfacet
  facet normal -0.595345 -0.258224 -0.760845
    outer loop
      vertex 7.46859 68.2513 9.33415
      vertex 7.03 68.2129 9.69037
      vertex 7.03 68.4297 9.61679
    endloop
  endfacet
  facet normal -0.595361 0.604093 0.529733
    outer loop
      vertex 7.65735 66.7412 7.21826
      vertex 7.65117 66.7906 7.15498
      vertex 7.03 66.3716 6.93467
    endloop
  endfacet
  facet normal -0.595357 0.0525944 -0.801738
    outer loop
      vertex 7.54402 67.6478 9.36095
      vertex 7.55223 67.5822 9.35055
      vertex 7.03 67.5316 9.73503
    endloop
  endfacet
  facet normal -0.595348 0.801749 0.0525299
    outer loop
      vertex 7.6871 66.5032 7.92019
      vertex 7.68647 66.5083 7.83521
      vertex 7.03 66.025 7.77158
    endloop
  endfacet
  facet normal -0.595278 0.72088 -0.354932
    outer loop
      vertex 7.66814 66.6548 8.63807
      vertex 7.6724 66.6208 8.56187
      vertex 7.03 66.2445 8.875
    endloop
  endfacet
  facet normal -0.595485 -0.721157 -0.354019
    outer loop
      vertex 7.35584 69.1532 8.5771
      vertex 7.35842 69.1327 8.61452
      vertex 7.03 69.3768 8.6697
    endloop
  endfacet
  facet normal -0.595485 -0.721157 0.354019
    outer loop
      vertex 7.35842 69.1327 7.38548
      vertex 7.35584 69.1532 7.4229
      vertex 7.03 69.3768 7.3303
    endloop
  endfacet
  facet normal -0.595472 -0.76045 0.259092
    outer loop
      vertex 7.35584 69.1532 7.4229
      vertex 7.354 69.168 7.46211
      vertex 7.03 69.3768 7.3303
    endloop
  endfacet
  facet normal -0.595343 -0.668062 -0.446386
    outer loop
      vertex 7.37902 68.9679 8.86998
      vertex 7.3824 68.9408 8.90603
      vertex 7.03 69.1484 9.06533
    endloop
  endfacet
  facet normal -0.595361 0.604093 -0.529733
    outer loop
      vertex 7.65117 66.7906 8.84502
      vertex 7.65735 66.7412 8.78174
      vertex 7.03 66.3716 9.06533
    endloop
  endfacet
  facet normal -0.595318 -0.668198 -0.446215
    outer loop
      vertex 7.03 69.2755 8.875
      vertex 7.37902 68.9679 8.86998
      vertex 7.03 69.1484 9.06533
    endloop
  endfacet
  facet normal -0.595271 -0.668143 -0.446361
    outer loop
      vertex 7.37902 68.9679 8.86998
      vertex 7.03 69.2755 8.875
      vertex 7.3677 69.0584 8.74961
    endloop
  endfacet
  facet normal -0.59535 0.529636 0.604189
    outer loop
      vertex 7.63629 66.9097 7.02058
      vertex 7.6293 66.9656 6.96469
      vertex 7.03 66.6947 6.61163
    endloop
  endfacet
  facet normal -0.595319 0.788195 -0.156026
    outer loop
      vertex 7.68277 66.5378 8.32748
      vertex 7.68467 66.5227 8.24395
      vertex 7.03 66.0696 8.45293
    endloop
  endfacet
  facet normal -0.595344 0.788006 0.156884
    outer loop
      vertex 7.68467 66.5227 7.75605
      vertex 7.03 66.025 7.77158
      vertex 7.68647 66.5083 7.83521
    endloop
  endfacet
  facet normal -0.595381 0.788044 0.156549
    outer loop
      vertex 7.03 66.025 7.77158
      vertex 7.68467 66.5227 7.75605
      vertex 7.03 66.0696 7.54707
    endloop
  endfacet
  facet normal 1 0 0
    outer loop
      vertex 7.03 69.495 8.22842
      vertex 7.03 69.495 7.77158
      vertex 7.03 69.51 8
    endloop
  endfacet
  facet normal 1 0 0
    outer loop
      vertex 7.03 69.4504 8.45293
      vertex 7.03 69.495 7.77158
      vertex 7.03 69.495 8.22842
    endloop
  endfacet
  facet normal 1 0 0
    outer loop
      vertex 7.03 69.4504 8.45293
      vertex 7.03 69.4504 7.54707
      vertex 7.03 69.495 7.77158
    endloop
  endfacet
  facet normal 1 0 0
    outer loop
      vertex 7.03 69.3768 8.6697
      vertex 7.03 69.4504 7.54707
      vertex 7.03 69.4504 8.45293
    endloop
  endfacet
  facet normal 1 0 0
    outer loop
      vertex 7.03 69.3768 8.6697
      vertex 7.03 69.3768 7.3303
      vertex 7.03 69.4504 7.54707
    endloop
  endfacet
  facet normal 1 0 0
    outer loop
      vertex 7.03 69.2755 8.875
      vertex 7.03 69.3768 7.3303
      vertex 7.03 69.3768 8.6697
    endloop
  endfacet
  facet normal 1 0 0
    outer loop
      vertex 7.03 69.2755 8.875
      vertex 7.03 69.2755 7.125
      vertex 7.03 69.3768 7.3303
    endloop
  endfacet
  facet normal 1 0 0
    outer loop
      vertex 7.03 69.1484 9.06533
      vertex 7.03 69.2755 7.125
      vertex 7.03 69.2755 8.875
    endloop
  endfacet
  facet normal 1 0 0
    outer loop
      vertex 7.03 69.1484 9.06533
      vertex 7.03 69.1484 6.93467
      vertex 7.03 69.2755 7.125
    endloop
  endfacet
  facet normal 1 0 0
    outer loop
      vertex 7.03 68.9974 9.23744
      vertex 7.03 69.1484 6.93467
      vertex 7.03 69.1484 9.06533
    endloop
  endfacet
  facet normal 1 0 0
    outer loop
      vertex 7.03 68.9974 9.23744
      vertex 7.03 68.9974 6.76256
      vertex 7.03 69.1484 6.93467
    endloop
  endfacet
  facet normal 1 0 0
    outer loop
      vertex 7.03 68.8253 9.38837
      vertex 7.03 68.9974 6.76256
      vertex 7.03 68.9974 9.23744
    endloop
  endfacet
  facet normal 1 0 0
    outer loop
      vertex 7.03 68.8253 9.38837
      vertex 7.03 68.8253 6.61163
      vertex 7.03 68.9974 6.76256
    endloop
  endfacet
  facet normal 1 0 0
    outer loop
      vertex 7.03 68.635 9.51554
      vertex 7.03 68.8253 6.61163
      vertex 7.03 68.8253 9.38837
    endloop
  endfacet
  facet normal 1 0 0
    outer loop
      vertex 7.03 68.635 9.51554
      vertex 7.03 68.635 6.48446
      vertex 7.03 68.8253 6.61163
    endloop
  endfacet
  facet normal 1 0 0
    outer loop
      vertex 7.03 68.4297 9.61679
      vertex 7.03 68.635 6.48446
      vertex 7.03 68.635 9.51554
    endloop
  endfacet
  facet normal 1 0 0
    outer loop
      vertex 7.03 68.4297 9.61679
      vertex 7.03 68.4297 6.38321
      vertex 7.03 68.635 6.48446
    endloop
  endfacet
  facet normal 1 0 0
    outer loop
      vertex 7.03 68.2129 9.69037
      vertex 7.03 68.4297 6.38321
      vertex 7.03 68.4297 9.61679
    endloop
  endfacet
  facet normal 1 0 0
    outer loop
      vertex 7.03 68.2129 9.69037
      vertex 7.03 68.2129 6.30963
      vertex 7.03 68.4297 6.38321
    endloop
  endfacet
  facet normal 1 0 0
    outer loop
      vertex 7.03 67.9884 9.73503
      vertex 7.03 68.2129 6.30963
      vertex 7.03 68.2129 9.69037
    endloop
  endfacet
  facet normal 1 0 0
    outer loop
      vertex 7.03 67.9884 9.73503
      vertex 7.03 67.9884 6.26497
      vertex 7.03 68.2129 6.30963
    endloop
  endfacet
  facet normal 1 0 0
    outer loop
      vertex 7.03 67.76 9.75
      vertex 7.03 67.9884 6.26497
      vertex 7.03 67.9884 9.73503
    endloop
  endfacet
  facet normal 1 0 0
    outer loop
      vertex 7.03 67.76 9.75
      vertex 7.03 67.76 6.25
      vertex 7.03 67.9884 6.26497
    endloop
  endfacet
  facet normal 1 -0 0
    outer loop
      vertex 7.03 67.5316 9.73503
      vertex 7.03 67.76 6.25
      vertex 7.03 67.76 9.75
    endloop
  endfacet
  facet normal 1 0 0
    outer loop
      vertex 7.03 67.5316 9.73503
      vertex 7.03 67.5316 6.26497
      vertex 7.03 67.76 6.25
    endloop
  endfacet
  facet normal 1 -0 0
    outer loop
      vertex 7.03 67.3071 9.69037
      vertex 7.03 67.5316 6.26497
      vertex 7.03 67.5316 9.73503
    endloop
  endfacet
  facet normal 1 0 0
    outer loop
      vertex 7.03 67.3071 9.69037
      vertex 7.03 67.3071 6.30963
      vertex 7.03 67.5316 6.26497
    endloop
  endfacet
  facet normal 1 -0 0
    outer loop
      vertex 7.03 67.0903 9.61679
      vertex 7.03 67.3071 6.30963
      vertex 7.03 67.3071 9.69037
    endloop
  endfacet
  facet normal 1 0 0
    outer loop
      vertex 7.03 67.0903 9.61679
      vertex 7.03 67.0903 6.38321
      vertex 7.03 67.3071 6.30963
    endloop
  endfacet
  facet normal 1 -0 0
    outer loop
      vertex 7.03 66.885 9.51554
      vertex 7.03 67.0903 6.38321
      vertex 7.03 67.0903 9.61679
    endloop
  endfacet
  facet normal 1 0 0
    outer loop
      vertex 7.03 66.885 9.51554
      vertex 7.03 66.885 6.48446
      vertex 7.03 67.0903 6.38321
    endloop
  endfacet
  facet normal 1 -0 0
    outer loop
      vertex 7.03 66.6947 9.38837
      vertex 7.03 66.885 6.48446
      vertex 7.03 66.885 9.51554
    endloop
  endfacet
  facet normal 1 0 0
    outer loop
      vertex 7.03 66.6947 9.38837
      vertex 7.03 66.6947 6.61163
      vertex 7.03 66.885 6.48446
    endloop
  endfacet
  facet normal 1 -0 0
    outer loop
      vertex 7.03 66.5226 9.23744
      vertex 7.03 66.6947 6.61163
      vertex 7.03 66.6947 9.38837
    endloop
  endfacet
  facet normal 1 0 0
    outer loop
      vertex 7.03 66.5226 9.23744
      vertex 7.03 66.5226 6.76256
      vertex 7.03 66.6947 6.61163
    endloop
  endfacet
  facet normal 1 -0 0
    outer loop
      vertex 7.03 66.3716 9.06533
      vertex 7.03 66.5226 6.76256
      vertex 7.03 66.5226 9.23744
    endloop
  endfacet
  facet normal 1 0 0
    outer loop
      vertex 7.03 66.3716 9.06533
      vertex 7.03 66.3716 6.93467
      vertex 7.03 66.5226 6.76256
    endloop
  endfacet
  facet normal 1 -0 0
    outer loop
      vertex 7.03 66.2445 8.875
      vertex 7.03 66.3716 6.93467
      vertex 7.03 66.3716 9.06533
    endloop
  endfacet
  facet normal 1 0 0
    outer loop
      vertex 7.03 66.2445 8.875
      vertex 7.03 66.2445 7.125
      vertex 7.03 66.3716 6.93467
    endloop
  endfacet
  facet normal 1 -0 0
    outer loop
      vertex 7.03 66.1432 8.6697
      vertex 7.03 66.2445 7.125
      vertex 7.03 66.2445 8.875
    endloop
  endfacet
  facet normal 1 0 0
    outer loop
      vertex 7.03 66.1432 8.6697
      vertex 7.03 66.1432 7.3303
      vertex 7.03 66.2445 7.125
    endloop
  endfacet
  facet normal 1 -0 0
    outer loop
      vertex 7.03 66.0696 8.45293
      vertex 7.03 66.1432 7.3303
      vertex 7.03 66.1432 8.6697
    endloop
  endfacet
  facet normal 1 0 0
    outer loop
      vertex 7.03 66.0696 8.45293
      vertex 7.03 66.0696 7.54707
      vertex 7.03 66.1432 7.3303
    endloop
  endfacet
  facet normal 1 -0 0
    outer loop
      vertex 7.03 66.025 8.22842
      vertex 7.03 66.0696 7.54707
      vertex 7.03 66.0696 8.45293
    endloop
  endfacet
  facet normal 1 0 0
    outer loop
      vertex 7.03 66.025 8.22842
      vertex 7.03 66.025 7.77158
      vertex 7.03 66.0696 7.54707
    endloop
  endfacet
  facet normal 1 0 -0
    outer loop
      vertex 7.03 66.025 7.77158
      vertex 7.03 66.025 8.22842
      vertex 7.03 66.01 8
    endloop
  endfacet
  facet normal -0.595485 -0.721157 0.354019
    outer loop
      vertex 6.36842 77.0527 7.38548
      vertex 6.36584 77.0732 7.4229
      vertex 6.04 77.2968 7.3303
    endloop
  endfacet
  facet normal -0.595352 0.0525487 -0.801745
    outer loop
      vertex 6.04 75.68 9.75
      vertex 6.55402 75.5678 9.36095
      vertex 6.04 75.4516 9.73503
    endloop
  endfacet
  facet normal -0.595358 0.0525136 -0.801743
    outer loop
      vertex 6.55402 75.5678 9.36095
      vertex 6.04 75.68 9.75
      vertex 6.54 75.68 9.37871
    endloop
  endfacet
  facet normal -0.595246 -0.788135 0.156608
    outer loop
      vertex 6.35291 77.1768 7.76216
      vertex 6.35182 77.1855 7.8018
      vertex 6.04 77.415 7.77158
    endloop
  endfacet
  facet normal -0.595359 -0.0524854 0.801744
    outer loop
      vertex 6.54 75.68 6.62129
      vertex 6.53205 75.7436 6.61955
      vertex 6.04 75.68 6.25
    endloop
  endfacet
  facet normal -0.595353 -0.0525486 0.801744
    outer loop
      vertex 6.04 75.68 6.25
      vertex 6.51723 75.8622 6.61632
      vertex 6.04 75.9084 6.26497
    endloop
  endfacet
  facet normal -0.59535 -0.0525587 0.801745
    outer loop
      vertex 6.51723 75.8622 6.61632
      vertex 6.04 75.68 6.25
      vertex 6.53205 75.7436 6.61955
    endloop
  endfacet
  facet normal -0.595356 0.801732 0.0526942
    outer loop
      vertex 6.6971 74.4232 7.92019
      vertex 6.04 73.93 8
      vertex 6.6977 74.4184 8
    endloop
  endfacet
  facet normal -0.595361 0.801731 0.0526485
    outer loop
      vertex 6.04 73.93 8
      vertex 6.6971 74.4232 7.92019
      vertex 6.04 73.945 7.77158
    endloop
  endfacet
  facet normal -0.595362 0.668035 -0.4464
    outer loop
      vertex 6.66735 74.6612 8.78174
      vertex 6.67265 74.6188 8.71122
      vertex 6.04 74.2916 9.06533
    endloop
  endfacet
  facet normal -0.59536 0.258279 0.760814
    outer loop
      vertex 6.60369 75.1705 6.76993
      vertex 6.59547 75.2363 6.74116
      vertex 6.04 75.0103 6.38321
    endloop
  endfacet
  facet normal -0.595343 -0.258231 -0.760844
    outer loop
      vertex 6.04 76.1329 9.69037
      vertex 6.47859 76.1713 9.33415
      vertex 6.4943 76.0456 9.36452
    endloop
  endfacet
  facet normal -0.595345 -0.258224 -0.760845
    outer loop
      vertex 6.47859 76.1713 9.33415
      vertex 6.04 76.1329 9.69037
      vertex 6.04 76.3497 9.61679
    endloop
  endfacet
  facet normal -0.595362 0.529761 -0.604067
    outer loop
      vertex 6.04 74.6147 9.38837
      vertex 6.65436 74.7652 8.91485
      vertex 6.04 74.4426 9.23744
    endloop
  endfacet
  facet normal -0.59529 0.530055 -0.60388
    outer loop
      vertex 6.65436 74.7652 8.91485
      vertex 6.04 74.6147 9.38837
      vertex 6.64629 74.8297 8.97942
    endloop
  endfacet
  facet normal -0.595261 -0.668131 0.44639
    outer loop
      vertex 6.04 77.1955 7.125
      vertex 6.38902 76.8879 7.13002
      vertex 6.3777 76.9784 7.25038
    endloop
  endfacet
  facet normal -0.595318 -0.668198 0.446215
    outer loop
      vertex 6.38902 76.8879 7.13002
      vertex 6.04 77.1955 7.125
      vertex 6.04 77.0684 6.93467
    endloop
  endfacet
  facet normal -0.595298 -0.603996 -0.529914
    outer loop
      vertex 6.04 77.0684 9.06533
      vertex 6.40958 76.7234 9.04338
      vertex 6.04 76.9174 9.23744
    endloop
  endfacet
  facet normal -0.595401 -0.604122 -0.529655
    outer loop
      vertex 6.40958 76.7234 9.04338
      vertex 6.04 77.0684 9.06533
      vertex 6.39651 76.8279 8.93888
    endloop
  endfacet
  facet normal -0.595348 0.446452 0.668013
    outer loop
      vertex 6.6393 74.8856 6.96469
      vertex 6.63176 74.9459 6.91767
      vertex 6.04 74.6147 6.61163
    endloop
  endfacet
  facet normal -0.595355 0.35555 -0.720512
    outer loop
      vertex 6.60369 75.1705 9.23007
      vertex 6.6117 75.1064 9.19182
      vertex 6.04 75.0103 9.61679
    endloop
  endfacet
  facet normal -0.595328 -0.668143 0.446284
    outer loop
      vertex 6.39241 76.8608 7.09397
      vertex 6.38902 76.8879 7.13002
      vertex 6.04 77.0684 6.93467
    endloop
  endfacet
  facet normal -0.595343 -0.156737 0.788035
    outer loop
      vertex 6.50181 75.9855 6.6292
      vertex 6.4943 76.0456 6.63548
      vertex 6.04 76.1329 6.30963
    endloop
  endfacet
  facet normal -0.595321 -0.80177 0.0525055
    outer loop
      vertex 6.04 77.43 8
      vertex 6.35145 77.1884 7.84202
      vertex 6.35003 77.1998 8
    endloop
  endfacet
  facet normal -0.595269 -0.801799 0.052653
    outer loop
      vertex 6.35145 77.1884 7.84202
      vertex 6.04 77.43 8
      vertex 6.04 77.415 7.77158
    endloop
  endfacet
  facet normal -0.595353 -0.355384 0.720595
    outer loop
      vertex 6.04 76.3497 6.38321
      vertex 6.44964 76.4029 6.74789
      vertex 6.04 76.555 6.48446
    endloop
  endfacet
  facet normal -0.595316 -0.355496 0.72057
    outer loop
      vertex 6.44964 76.4029 6.74789
      vertex 6.04 76.3497 6.38321
      vertex 6.46522 76.2783 6.69929
    endloop
  endfacet
  facet normal -0.595301 0.668054 0.446454
    outer loop
      vertex 6.67265 74.6188 7.28878
      vertex 6.04 74.1645 7.125
      vertex 6.67814 74.5748 7.36194
    endloop
  endfacet
  facet normal -0.595334 0.668189 0.446208
    outer loop
      vertex 6.04 74.1645 7.125
      vertex 6.67265 74.6188 7.28878
      vertex 6.04 74.2916 6.93467
    endloop
  endfacet
  facet normal -0.595345 -0.446593 -0.667921
    outer loop
      vertex 6.44393 76.4485 9.22671
      vertex 6.44964 76.4029 9.25211
      vertex 6.04 76.555 9.51554
    endloop
  endfacet
  facet normal -0.595269 -0.801799 -0.052653
    outer loop
      vertex 6.04 77.43 8
      vertex 6.35145 77.1884 8.15798
      vertex 6.04 77.415 8.22842
    endloop
  endfacet
  facet normal -0.595321 -0.80177 -0.0525055
    outer loop
      vertex 6.35145 77.1884 8.15798
      vertex 6.04 77.43 8
      vertex 6.35003 77.1998 8
    endloop
  endfacet
  facet normal -0.595351 0.446419 -0.668032
    outer loop
      vertex 6.04 74.805 9.51554
      vertex 6.63176 74.9459 9.08232
      vertex 6.04 74.6147 9.38837
    endloop
  endfacet
  facet normal -0.595338 0.446507 -0.667985
    outer loop
      vertex 6.63176 74.9459 9.08232
      vertex 6.04 74.805 9.51554
      vertex 6.62235 75.0212 9.14104
    endloop
  endfacet
  facet normal -0.595387 -0.604105 0.52969
    outer loop
      vertex 6.04 77.0684 6.93467
      vertex 6.40958 76.7234 6.95662
      vertex 6.39651 76.8279 7.06111
    endloop
  endfacet
  facet normal -0.595298 -0.603996 0.529914
    outer loop
      vertex 6.40958 76.7234 6.95662
      vertex 6.04 77.0684 6.93467
      vertex 6.04 76.9174 6.76256
    endloop
  endfacet
  facet normal -0.595315 -0.603735 0.530192
    outer loop
      vertex 6.39651 76.8279 7.06111
      vertex 6.39241 76.8608 7.09397
      vertex 6.04 77.0684 6.93467
    endloop
  endfacet
  facet normal -0.595328 -0.668143 -0.446284
    outer loop
      vertex 6.38902 76.8879 8.86998
      vertex 6.39241 76.8608 8.90603
      vertex 6.04 77.0684 9.06533
    endloop
  endfacet
  facet normal -0.595476 0.760948 0.257618
    outer loop
      vertex 6.68664 74.5068 7.51406
      vertex 6.04 73.9896 7.54707
      vertex 6.68967 74.4827 7.59225
    endloop
  endfacet
  facet normal -0.595336 0.760819 0.258321
    outer loop
      vertex 6.04 73.9896 7.54707
      vertex 6.68664 74.5068 7.51406
      vertex 6.04 74.0632 7.3303
    endloop
  endfacet
  facet normal -0.595391 -0.760796 0.258264
    outer loop
      vertex 6.04 77.3704 7.54707
      vertex 6.364 77.088 7.46211
      vertex 6.35714 77.1429 7.60802
    endloop
  endfacet
  facet normal -0.595375 -0.760792 0.258312
    outer loop
      vertex 6.364 77.088 7.46211
      vertex 6.04 77.3704 7.54707
      vertex 6.04 77.2968 7.3303
    endloop
  endfacet
  facet normal -0.595409 0.355109 0.720685
    outer loop
      vertex 6.04 75.0103 6.38321
      vertex 6.62235 75.0212 6.85896
      vertex 6.6117 75.1064 6.80818
    endloop
  endfacet
  facet normal -0.595345 0.355386 0.7206
    outer loop
      vertex 6.62235 75.0212 6.85896
      vertex 6.04 75.0103 6.38321
      vertex 6.04 74.805 6.48446
    endloop
  endfacet
  facet normal -0.595318 -0.668198 -0.446215
    outer loop
      vertex 6.04 77.1955 8.875
      vertex 6.38902 76.8879 8.86998
      vertex 6.04 77.0684 9.06533
    endloop
  endfacet
  facet normal -0.595271 -0.668143 -0.446361
    outer loop
      vertex 6.38902 76.8879 8.86998
      vertex 6.04 77.1955 8.875
      vertex 6.3777 76.9784 8.74961
    endloop
  endfacet
  facet normal 1 0 0
    outer loop
      vertex 6.04 77.415 8.22842
      vertex 6.04 77.415 7.77158
      vertex 6.04 77.43 8
    endloop
  endfacet
  facet normal 1 0 0
    outer loop
      vertex 6.04 77.3704 8.45293
      vertex 6.04 77.415 7.77158
      vertex 6.04 77.415 8.22842
    endloop
  endfacet
  facet normal 1 0 0
    outer loop
      vertex 6.04 77.3704 8.45293
      vertex 6.04 77.3704 7.54707
      vertex 6.04 77.415 7.77158
    endloop
  endfacet
  facet normal 1 0 0
    outer loop
      vertex 6.04 77.2968 8.6697
      vertex 6.04 77.3704 7.54707
      vertex 6.04 77.3704 8.45293
    endloop
  endfacet
  facet normal 1 0 0
    outer loop
      vertex 6.04 77.2968 8.6697
      vertex 6.04 77.2968 7.3303
      vertex 6.04 77.3704 7.54707
    endloop
  endfacet
  facet normal 1 0 0
    outer loop
      vertex 6.04 77.1955 8.875
      vertex 6.04 77.2968 7.3303
      vertex 6.04 77.2968 8.6697
    endloop
  endfacet
  facet normal 1 0 0
    outer loop
      vertex 6.04 77.1955 8.875
      vertex 6.04 77.1955 7.125
      vertex 6.04 77.2968 7.3303
    endloop
  endfacet
  facet normal 1 0 0
    outer loop
      vertex 6.04 77.0684 9.06533
      vertex 6.04 77.1955 7.125
      vertex 6.04 77.1955 8.875
    endloop
  endfacet
  facet normal 1 0 0
    outer loop
      vertex 6.04 77.0684 9.06533
      vertex 6.04 77.0684 6.93467
      vertex 6.04 77.1955 7.125
    endloop
  endfacet
  facet normal 1 0 0
    outer loop
      vertex 6.04 76.9174 9.23744
      vertex 6.04 77.0684 6.93467
      vertex 6.04 77.0684 9.06533
    endloop
  endfacet
  facet normal 1 0 0
    outer loop
      vertex 6.04 76.9174 9.23744
      vertex 6.04 76.9174 6.76256
      vertex 6.04 77.0684 6.93467
    endloop
  endfacet
  facet normal 1 0 0
    outer loop
      vertex 6.04 76.7453 9.38837
      vertex 6.04 76.9174 6.76256
      vertex 6.04 76.9174 9.23744
    endloop
  endfacet
  facet normal 1 0 0
    outer loop
      vertex 6.04 76.7453 9.38837
      vertex 6.04 76.7453 6.61163
      vertex 6.04 76.9174 6.76256
    endloop
  endfacet
  facet normal 1 0 0
    outer loop
      vertex 6.04 76.555 9.51554
      vertex 6.04 76.7453 6.61163
      vertex 6.04 76.7453 9.38837
    endloop
  endfacet
  facet normal 1 0 0
    outer loop
      vertex 6.04 76.555 9.51554
      vertex 6.04 76.555 6.48446
      vertex 6.04 76.7453 6.61163
    endloop
  endfacet
  facet normal 1 0 0
    outer loop
      vertex 6.04 76.3497 9.61679
      vertex 6.04 76.555 6.48446
      vertex 6.04 76.555 9.51554
    endloop
  endfacet
  facet normal 1 0 0
    outer loop
      vertex 6.04 76.3497 9.61679
      vertex 6.04 76.3497 6.38321
      vertex 6.04 76.555 6.48446
    endloop
  endfacet
  facet normal 1 0 0
    outer loop
      vertex 6.04 76.1329 9.69037
      vertex 6.04 76.3497 6.38321
      vertex 6.04 76.3497 9.61679
    endloop
  endfacet
  facet normal 1 0 0
    outer loop
      vertex 6.04 76.1329 9.69037
      vertex 6.04 76.1329 6.30963
      vertex 6.04 76.3497 6.38321
    endloop
  endfacet
  facet normal 1 0 0
    outer loop
      vertex 6.04 75.9084 9.73503
      vertex 6.04 76.1329 6.30963
      vertex 6.04 76.1329 9.69037
    endloop
  endfacet
  facet normal 1 0 0
    outer loop
      vertex 6.04 75.9084 9.73503
      vertex 6.04 75.9084 6.26497
      vertex 6.04 76.1329 6.30963
    endloop
  endfacet
  facet normal 1 0 0
    outer loop
      vertex 6.04 75.68 9.75
      vertex 6.04 75.9084 6.26497
      vertex 6.04 75.9084 9.73503
    endloop
  endfacet
  facet normal 1 0 0
    outer loop
      vertex 6.04 75.68 9.75
      vertex 6.04 75.68 6.25
      vertex 6.04 75.9084 6.26497
    endloop
  endfacet
  facet normal 1 -0 0
    outer loop
      vertex 6.04 75.4516 9.73503
      vertex 6.04 75.68 6.25
      vertex 6.04 75.68 9.75
    endloop
  endfacet
  facet normal 1 0 0
    outer loop
      vertex 6.04 75.4516 9.73503
      vertex 6.04 75.4516 6.26497
      vertex 6.04 75.68 6.25
    endloop
  endfacet
  facet normal 1 -0 0
    outer loop
      vertex 6.04 75.2271 9.69037
      vertex 6.04 75.4516 6.26497
      vertex 6.04 75.4516 9.73503
    endloop
  endfacet
  facet normal 1 0 0
    outer loop
      vertex 6.04 75.2271 9.69037
      vertex 6.04 75.2271 6.30963
      vertex 6.04 75.4516 6.26497
    endloop
  endfacet
  facet normal 1 -0 0
    outer loop
      vertex 6.04 75.0103 9.61679
      vertex 6.04 75.2271 6.30963
      vertex 6.04 75.2271 9.69037
    endloop
  endfacet
  facet normal 1 0 0
    outer loop
      vertex 6.04 75.0103 9.61679
      vertex 6.04 75.0103 6.38321
      vertex 6.04 75.2271 6.30963
    endloop
  endfacet
  facet normal 1 -0 0
    outer loop
      vertex 6.04 74.805 9.51554
      vertex 6.04 75.0103 6.38321
      vertex 6.04 75.0103 9.61679
    endloop
  endfacet
  facet normal 1 0 0
    outer loop
      vertex 6.04 74.805 9.51554
      vertex 6.04 74.805 6.48446
      vertex 6.04 75.0103 6.38321
    endloop
  endfacet
  facet normal 1 -0 0
    outer loop
      vertex 6.04 74.6147 9.38837
      vertex 6.04 74.805 6.48446
      vertex 6.04 74.805 9.51554
    endloop
  endfacet
  facet normal 1 0 0
    outer loop
      vertex 6.04 74.6147 9.38837
      vertex 6.04 74.6147 6.61163
      vertex 6.04 74.805 6.48446
    endloop
  endfacet
  facet normal 1 -0 0
    outer loop
      vertex 6.04 74.4426 9.23744
      vertex 6.04 74.6147 6.61163
      vertex 6.04 74.6147 9.38837
    endloop
  endfacet
  facet normal 1 0 0
    outer loop
      vertex 6.04 74.4426 9.23744
      vertex 6.04 74.4426 6.76256
      vertex 6.04 74.6147 6.61163
    endloop
  endfacet
  facet normal 1 -0 0
    outer loop
      vertex 6.04 74.2916 9.06533
      vertex 6.04 74.4426 6.76256
      vertex 6.04 74.4426 9.23744
    endloop
  endfacet
  facet normal 1 0 0
    outer loop
      vertex 6.04 74.2916 9.06533
      vertex 6.04 74.2916 6.93467
      vertex 6.04 74.4426 6.76256
    endloop
  endfacet
  facet normal 1 -0 0
    outer loop
      vertex 6.04 74.1645 8.875
      vertex 6.04 74.2916 6.93467
      vertex 6.04 74.2916 9.06533
    endloop
  endfacet
  facet normal 1 0 0
    outer loop
      vertex 6.04 74.1645 8.875
      vertex 6.04 74.1645 7.125
      vertex 6.04 74.2916 6.93467
    endloop
  endfacet
  facet normal 1 -0 0
    outer loop
      vertex 6.04 74.0632 8.6697
      vertex 6.04 74.1645 7.125
      vertex 6.04 74.1645 8.875
    endloop
  endfacet
  facet normal 1 0 0
    outer loop
      vertex 6.04 74.0632 8.6697
      vertex 6.04 74.0632 7.3303
      vertex 6.04 74.1645 7.125
    endloop
  endfacet
  facet normal 1 -0 0
    outer loop
      vertex 6.04 73.9896 8.45293
      vertex 6.04 74.0632 7.3303
      vertex 6.04 74.0632 8.6697
    endloop
  endfacet
  facet normal 1 0 0
    outer loop
      vertex 6.04 73.9896 8.45293
      vertex 6.04 73.9896 7.54707
      vertex 6.04 74.0632 7.3303
    endloop
  endfacet
  facet normal 1 -0 0
    outer loop
      vertex 6.04 73.945 8.22842
      vertex 6.04 73.9896 7.54707
      vertex 6.04 73.9896 8.45293
    endloop
  endfacet
  facet normal 1 0 0
    outer loop
      vertex 6.04 73.945 8.22842
      vertex 6.04 73.945 7.77158
      vertex 6.04 73.9896 7.54707
    endloop
  endfacet
  facet normal 1 0 -0
    outer loop
      vertex 6.04 73.945 7.77158
      vertex 6.04 73.945 8.22842
      vertex 6.04 73.93 8
    endloop
  endfacet
  facet normal -0.595312 -0.603662 -0.53028
    outer loop
      vertex 6.39241 76.8608 8.90603
      vertex 6.39651 76.8279 8.93888
      vertex 6.04 77.0684 9.06533
    endloop
  endfacet
  facet normal -0.595355 0.35555 0.720512
    outer loop
      vertex 6.6117 75.1064 6.80818
      vertex 6.60369 75.1705 6.76993
      vertex 6.04 75.0103 6.38321
    endloop
  endfacet
  facet normal -0.595341 0.156764 -0.788032
    outer loop
      vertex 6.04 75.4516 9.73503
      vertex 6.57526 75.3979 9.31997
      vertex 6.04 75.2271 9.69037
    endloop
  endfacet
  facet normal -0.595356 0.156671 -0.788039
    outer loop
      vertex 6.57526 75.3979 9.31997
      vertex 6.04 75.4516 9.73503
      vertex 6.56223 75.5022 9.35055
    endloop
  endfacet
  facet normal -0.59532 0.760622 0.258938
    outer loop
      vertex 6.69277 74.4578 7.67252
      vertex 6.68967 74.4827 7.59225
      vertex 6.04 73.9896 7.54707
    endloop
  endfacet
  facet normal -0.595334 0.668189 -0.446208
    outer loop
      vertex 6.67265 74.6188 8.71122
      vertex 6.04 74.1645 8.875
      vertex 6.04 74.2916 9.06533
    endloop
  endfacet
  facet normal -0.595301 0.668054 -0.446454
    outer loop
      vertex 6.04 74.1645 8.875
      vertex 6.67265 74.6188 8.71122
      vertex 6.67814 74.5748 8.63806
    endloop
  endfacet
  facet normal -0.595336 0.760819 -0.258321
    outer loop
      vertex 6.68664 74.5068 8.48594
      vertex 6.04 73.9896 8.45293
      vertex 6.04 74.0632 8.6697
    endloop
  endfacet
  facet normal -0.595476 0.760948 -0.257618
    outer loop
      vertex 6.04 73.9896 8.45293
      vertex 6.68664 74.5068 8.48594
      vertex 6.68967 74.4827 8.40775
    endloop
  endfacet
  facet normal -0.595357 -0.0525481 -0.801741
    outer loop
      vertex 6.04 75.68 9.75
      vertex 6.52516 75.7987 9.38195
      vertex 6.54 75.68 9.37871
    endloop
  endfacet
  facet normal -0.595357 -0.0525484 -0.801741
    outer loop
      vertex 6.52516 75.7987 9.38195
      vertex 6.04 75.68 9.75
      vertex 6.04 75.9084 9.73503
    endloop
  endfacet
  facet normal -0.595392 -0.446238 -0.668117
    outer loop
      vertex 6.04 76.555 9.51554
      vertex 6.4288 76.5696 9.15931
      vertex 6.44393 76.4485 9.22671
    endloop
  endfacet
  facet normal -0.595323 -0.446431 -0.66805
    outer loop
      vertex 6.4288 76.5696 9.15931
      vertex 6.04 76.555 9.51554
      vertex 6.04 76.7453 9.38837
    endloop
  endfacet
  facet normal -0.595354 0.0525486 0.801743
    outer loop
      vertex 6.04 75.4516 6.26497
      vertex 6.54821 75.6143 6.63169
      vertex 6.04 75.68 6.25
    endloop
  endfacet
  facet normal -0.595344 0.0524925 0.801754
    outer loop
      vertex 6.54821 75.6143 6.63169
      vertex 6.04 75.4516 6.26497
      vertex 6.56223 75.5022 6.64944
    endloop
  endfacet
  facet normal -0.595358 0.052515 0.801743
    outer loop
      vertex 6.54821 75.6143 6.63169
      vertex 6.54 75.68 6.62129
      vertex 6.04 75.68 6.25
    endloop
  endfacet
  facet normal -0.595386 -0.788041 -0.156548
    outer loop
      vertex 6.04 77.415 8.22842
      vertex 6.35714 77.1429 8.39198
      vertex 6.04 77.3704 8.45293
    endloop
  endfacet
  facet normal -0.595202 -0.788092 -0.156991
    outer loop
      vertex 6.35714 77.1429 8.39198
      vertex 6.04 77.415 8.22842
      vertex 6.35291 77.1768 8.23784
    endloop
  endfacet
  facet normal -0.59536 0.258279 -0.760814
    outer loop
      vertex 6.59547 75.2363 9.25884
      vertex 6.60369 75.1705 9.23007
      vertex 6.04 75.0103 9.61679
    endloop
  endfacet
  facet normal -0.595319 0.788195 0.156026
    outer loop
      vertex 6.69467 74.4427 7.75605
      vertex 6.69277 74.4578 7.67252
      vertex 6.04 73.9896 7.54707
    endloop
  endfacet
  facet normal -0.595345 -0.258224 0.760845
    outer loop
      vertex 6.04 76.1329 6.30963
      vertex 6.47859 76.1713 6.66585
      vertex 6.04 76.3497 6.38321
    endloop
  endfacet
  facet normal -0.595343 -0.258231 0.760844
    outer loop
      vertex 6.47859 76.1713 6.66585
      vertex 6.04 76.1329 6.30963
      vertex 6.4943 76.0456 6.63548
    endloop
  endfacet
  facet normal -0.595346 -0.156763 0.788028
    outer loop
      vertex 6.04 75.9084 6.26497
      vertex 6.50181 75.9855 6.6292
      vertex 6.04 76.1329 6.30963
    endloop
  endfacet
  facet normal -0.595345 -0.156772 0.788027
    outer loop
      vertex 6.50181 75.9855 6.6292
      vertex 6.04 75.9084 6.26497
      vertex 6.51723 75.8622 6.61632
    endloop
  endfacet
  facet normal -0.595375 -0.760792 -0.258312
    outer loop
      vertex 6.04 77.3704 8.45293
      vertex 6.364 77.088 8.53789
      vertex 6.04 77.2968 8.6697
    endloop
  endfacet
  facet normal -0.595391 -0.760796 -0.258264
    outer loop
      vertex 6.364 77.088 8.53789
      vertex 6.04 77.3704 8.45293
      vertex 6.35714 77.1429 8.39198
    endloop
  endfacet
  facet normal -0.595316 -0.529699 -0.604168
    outer loop
      vertex 6.04 76.7453 9.38837
      vertex 6.41446 76.6844 9.07279
      vertex 6.4288 76.5696 9.15931
    endloop
  endfacet
  facet normal -0.595284 -0.529799 -0.604111
    outer loop
      vertex 6.41446 76.6844 9.07279
      vertex 6.04 76.7453 9.38837
      vertex 6.04 76.9174 9.23744
    endloop
  endfacet
  facet normal -0.595472 -0.76045 0.259092
    outer loop
      vertex 6.36584 77.0732 7.4229
      vertex 6.364 77.088 7.46211
      vertex 6.04 77.2968 7.3303
    endloop
  endfacet
  facet normal -0.595392 -0.354876 0.720813
    outer loop
      vertex 6.47162 76.227 6.67932
      vertex 6.46522 76.2783 6.69929
      vertex 6.04 76.3497 6.38321
    endloop
  endfacet
  facet normal -0.595344 0.156746 0.788033
    outer loop
      vertex 6.04 75.4516 6.26497
      vertex 6.57526 75.3979 6.68003
      vertex 6.56223 75.5022 6.64944
    endloop
  endfacet
  facet normal -0.595341 0.156764 0.788032
    outer loop
      vertex 6.57526 75.3979 6.68003
      vertex 6.04 75.4516 6.26497
      vertex 6.04 75.2271 6.30963
    endloop
  endfacet
  facet normal -0.595345 0.355386 -0.7206
    outer loop
      vertex 6.04 75.0103 9.61679
      vertex 6.62235 75.0212 9.14104
      vertex 6.04 74.805 9.51554
    endloop
  endfacet
  facet normal -0.595409 0.355109 -0.720685
    outer loop
      vertex 6.62235 75.0212 9.14104
      vertex 6.04 75.0103 9.61679
      vertex 6.6117 75.1064 9.19182
    endloop
  endfacet
  facet normal -0.595376 -0.258472 0.760736
    outer loop
      vertex 6.47859 76.1713 6.66585
      vertex 6.47162 76.227 6.67932
      vertex 6.04 76.3497 6.38321
    endloop
  endfacet
  facet normal -0.595233 -0.801847 0.0523401
    outer loop
      vertex 6.35182 77.1855 7.8018
      vertex 6.35145 77.1884 7.84202
      vertex 6.04 77.415 7.77158
    endloop
  endfacet
  facet normal -0.595356 0.801732 -0.0526942
    outer loop
      vertex 6.04 73.93 8
      vertex 6.6971 74.4232 8.07981
      vertex 6.6977 74.4184 8
    endloop
  endfacet
  facet normal -0.595361 0.801731 -0.0526485
    outer loop
      vertex 6.6971 74.4232 8.07981
      vertex 6.04 73.93 8
      vertex 6.04 73.945 8.22842
    endloop
  endfacet
  facet normal -0.595307 -0.52994 0.603964
    outer loop
      vertex 6.41446 76.6844 6.92721
      vertex 6.40958 76.7234 6.95662
      vertex 6.04 76.9174 6.76256
    endloop
  endfacet
  facet normal -0.595348 0.801749 0.0525299
    outer loop
      vertex 6.6971 74.4232 7.92019
      vertex 6.69647 74.4283 7.83521
      vertex 6.04 73.945 7.77158
    endloop
  endfacet
  facet normal -0.595342 0.156769 0.78803
    outer loop
      vertex 6.58356 75.3315 6.69951
      vertex 6.57526 75.3979 6.68003
      vertex 6.04 75.2271 6.30963
    endloop
  endfacet
  facet normal -0.595283 0.720857 0.354969
    outer loop
      vertex 6.6824 74.5408 7.43813
      vertex 6.67814 74.5748 7.36194
      vertex 6.04 74.1645 7.125
    endloop
  endfacet
  facet normal -0.595329 0.258374 0.760806
    outer loop
      vertex 6.04 75.2271 6.30963
      vertex 6.59547 75.2363 6.74116
      vertex 6.58356 75.3315 6.69951
    endloop
  endfacet
  facet normal -0.595353 0.258222 0.760839
    outer loop
      vertex 6.59547 75.2363 6.74116
      vertex 6.04 75.2271 6.30963
      vertex 6.04 75.0103 6.38321
    endloop
  endfacet
  facet normal -0.59534 0.446447 0.668023
    outer loop
      vertex 6.04 74.805 6.48446
      vertex 6.63176 74.9459 6.91767
      vertex 6.62235 75.0212 6.85896
    endloop
  endfacet
  facet normal -0.595344 0.446422 0.668036
    outer loop
      vertex 6.63176 74.9459 6.91767
      vertex 6.04 74.805 6.48446
      vertex 6.04 74.6147 6.61163
    endloop
  endfacet
  facet normal -0.595361 0.604093 -0.529733
    outer loop
      vertex 6.66117 74.7106 8.84502
      vertex 6.66735 74.6612 8.78174
      vertex 6.04 74.2916 9.06533
    endloop
  endfacet
  facet normal -0.595314 -0.720611 0.355417
    outer loop
      vertex 6.04 77.2968 7.3303
      vertex 6.3777 76.9784 7.25038
      vertex 6.36842 77.0527 7.38548
    endloop
  endfacet
  facet normal -0.595259 -0.720588 0.355555
    outer loop
      vertex 6.3777 76.9784 7.25038
      vertex 6.04 77.2968 7.3303
      vertex 6.04 77.1955 7.125
    endloop
  endfacet
  facet normal -0.595301 0.603783 0.530153
    outer loop
      vertex 6.65436 74.7652 7.08515
      vertex 6.04 74.2916 6.93467
      vertex 6.66117 74.7106 7.15498
    endloop
  endfacet
  facet normal -0.595368 0.603957 0.529879
    outer loop
      vertex 6.04 74.2916 6.93467
      vertex 6.65436 74.7652 7.08515
      vertex 6.04 74.4426 6.76256
    endloop
  endfacet
  facet normal -0.595349 -0.446485 0.66799
    outer loop
      vertex 6.44964 76.4029 6.74789
      vertex 6.44393 76.4485 6.77328
      vertex 6.04 76.555 6.48446
    endloop
  endfacet
  facet normal -0.595266 -0.720583 -0.355553
    outer loop
      vertex 6.04 77.2968 8.6697
      vertex 6.3777 76.9784 8.74961
      vertex 6.04 77.1955 8.875
    endloop
  endfacet
  facet normal -0.595311 -0.720602 -0.355439
    outer loop
      vertex 6.3777 76.9784 8.74961
      vertex 6.04 77.2968 8.6697
      vertex 6.36842 77.0527 8.61452
    endloop
  endfacet
  facet normal -0.59532 0.720404 0.355826
    outer loop
      vertex 6.6824 74.5408 7.43813
      vertex 6.04 74.0632 7.3303
      vertex 6.68664 74.5068 7.51406
    endloop
  endfacet
  facet normal -0.595357 0.720523 0.355523
    outer loop
      vertex 6.04 74.0632 7.3303
      vertex 6.6824 74.5408 7.43813
      vertex 6.04 74.1645 7.125
    endloop
  endfacet
  facet normal -0.595202 -0.788092 0.156991
    outer loop
      vertex 6.04 77.415 7.77158
      vertex 6.35714 77.1429 7.60802
      vertex 6.35291 77.1768 7.76216
    endloop
  endfacet
  facet normal -0.595386 -0.788041 0.156548
    outer loop
      vertex 6.35714 77.1429 7.60802
      vertex 6.04 77.415 7.77158
      vertex 6.04 77.3704 7.54707
    endloop
  endfacet
  facet normal -0.595472 -0.76045 -0.259092
    outer loop
      vertex 6.364 77.088 8.53789
      vertex 6.36584 77.0732 8.5771
      vertex 6.04 77.2968 8.6697
    endloop
  endfacet
  facet normal -0.595316 -0.355496 -0.72057
    outer loop
      vertex 6.04 76.3497 9.61679
      vertex 6.44964 76.4029 9.25211
      vertex 6.46522 76.2783 9.30071
    endloop
  endfacet
  facet normal -0.595353 -0.355384 -0.720595
    outer loop
      vertex 6.44964 76.4029 9.25211
      vertex 6.04 76.3497 9.61679
      vertex 6.04 76.555 9.51554
    endloop
  endfacet
  facet normal -0.595307 -0.52994 -0.603964
    outer loop
      vertex 6.40958 76.7234 9.04338
      vertex 6.41446 76.6844 9.07279
      vertex 6.04 76.9174 9.23744
    endloop
  endfacet
  facet normal -0.59535 0.529636 -0.604189
    outer loop
      vertex 6.6393 74.8856 9.03531
      vertex 6.64629 74.8297 8.97942
      vertex 6.04 74.6147 9.38837
    endloop
  endfacet
  facet normal -0.59535 0.529636 0.604189
    outer loop
      vertex 6.64629 74.8297 7.02058
      vertex 6.6393 74.8856 6.96469
      vertex 6.04 74.6147 6.61163
    endloop
  endfacet
  facet normal -0.595342 0.156769 -0.78803
    outer loop
      vertex 6.57526 75.3979 9.31997
      vertex 6.58356 75.3315 9.30049
      vertex 6.04 75.2271 9.69037
    endloop
  endfacet
  facet normal -0.595353 0.258222 -0.760839
    outer loop
      vertex 6.04 75.2271 9.69037
      vertex 6.59547 75.2363 9.25884
      vertex 6.04 75.0103 9.61679
    endloop
  endfacet
  facet normal -0.595329 0.258374 -0.760806
    outer loop
      vertex 6.59547 75.2363 9.25884
      vertex 6.04 75.2271 9.69037
      vertex 6.58356 75.3315 9.30049
    endloop
  endfacet
  facet normal -0.595346 0.44638 -0.668063
    outer loop
      vertex 6.63176 74.9459 9.08232
      vertex 6.6393 74.8856 9.03531
      vertex 6.04 74.6147 9.38837
    endloop
  endfacet
  facet normal -0.595368 0.603957 -0.529879
    outer loop
      vertex 6.65436 74.7652 8.91485
      vertex 6.04 74.2916 9.06533
      vertex 6.04 74.4426 9.23744
    endloop
  endfacet
  facet normal -0.595301 0.603783 -0.530153
    outer loop
      vertex 6.04 74.2916 9.06533
      vertex 6.65436 74.7652 8.91485
      vertex 6.66117 74.7106 8.84502
    endloop
  endfacet
  facet normal -0.595357 0.0525944 -0.801738
    outer loop
      vertex 6.55402 75.5678 9.36095
      vertex 6.56223 75.5022 9.35055
      vertex 6.04 75.4516 9.73503
    endloop
  endfacet
  facet normal -0.595361 0.604093 0.529733
    outer loop
      vertex 6.66735 74.6612 7.21826
      vertex 6.66117 74.7106 7.15498
      vertex 6.04 74.2916 6.93467
    endloop
  endfacet
  facet normal -0.595311 -0.446436 0.668056
    outer loop
      vertex 6.04 76.555 6.48446
      vertex 6.4288 76.5696 6.84068
      vertex 6.04 76.7453 6.61163
    endloop
  endfacet
  facet normal -0.595381 -0.44624 0.668125
    outer loop
      vertex 6.4288 76.5696 6.84068
      vertex 6.04 76.555 6.48446
      vertex 6.44393 76.4485 6.77328
    endloop
  endfacet
  facet normal -0.595485 -0.721157 -0.354019
    outer loop
      vertex 6.36584 77.0732 8.5771
      vertex 6.36842 77.0527 8.61452
      vertex 6.04 77.2968 8.6697
    endloop
  endfacet
  facet normal -0.595357 0.720523 -0.355523
    outer loop
      vertex 6.6824 74.5408 8.56187
      vertex 6.04 74.0632 8.6697
      vertex 6.04 74.1645 8.875
    endloop
  endfacet
  facet normal -0.59532 0.720404 -0.355826
    outer loop
      vertex 6.04 74.0632 8.6697
      vertex 6.6824 74.5408 8.56187
      vertex 6.68664 74.5068 8.48594
    endloop
  endfacet
  facet normal -0.59529 0.530055 0.60388
    outer loop
      vertex 6.04 74.6147 6.61163
      vertex 6.65436 74.7652 7.08515
      vertex 6.64629 74.8297 7.02058
    endloop
  endfacet
  facet normal -0.595362 0.529761 0.604067
    outer loop
      vertex 6.65436 74.7652 7.08515
      vertex 6.04 74.6147 6.61163
      vertex 6.04 74.4426 6.76256
    endloop
  endfacet
  facet normal -0.595362 0.668035 0.4464
    outer loop
      vertex 6.67265 74.6188 7.28878
      vertex 6.66735 74.6612 7.21826
      vertex 6.04 74.2916 6.93467
    endloop
  endfacet
  facet normal -0.595246 -0.788135 -0.156608
    outer loop
      vertex 6.35182 77.1855 8.1982
      vertex 6.35291 77.1768 8.23784
      vertex 6.04 77.415 8.22842
    endloop
  endfacet
  facet normal -0.595284 -0.529799 0.604111
    outer loop
      vertex 6.04 76.7453 6.61163
      vertex 6.41446 76.6844 6.92721
      vertex 6.04 76.9174 6.76256
    endloop
  endfacet
  facet normal -0.595304 -0.529735 0.604147
    outer loop
      vertex 6.41446 76.6844 6.92721
      vertex 6.04 76.7453 6.61163
      vertex 6.4288 76.5696 6.84068
    endloop
  endfacet
  facet normal -0.59532 0.760622 -0.258938
    outer loop
      vertex 6.68967 74.4827 8.40775
      vertex 6.69277 74.4578 8.32748
      vertex 6.04 73.9896 8.45293
    endloop
  endfacet
  facet normal -0.595339 -0.156608 -0.788064
    outer loop
      vertex 6.4943 76.0456 9.36452
      vertex 6.50181 75.9855 9.37079
      vertex 6.04 76.1329 9.69037
    endloop
  endfacet
  facet normal -0.595392 -0.354876 -0.720813
    outer loop
      vertex 6.46522 76.2783 9.30071
      vertex 6.47162 76.227 9.32068
      vertex 6.04 76.3497 9.61679
    endloop
  endfacet
  facet normal -0.595343 -0.156835 -0.788017
    outer loop
      vertex 6.04 75.9084 9.73503
      vertex 6.50181 75.9855 9.37079
      vertex 6.51723 75.8622 9.38368
    endloop
  endfacet
  facet normal -0.595357 -0.156762 -0.78802
    outer loop
      vertex 6.50181 75.9855 9.37079
      vertex 6.04 75.9084 9.73503
      vertex 6.04 76.1329 9.69037
    endloop
  endfacet
  facet normal -0.595352 -0.0525058 -0.801748
    outer loop
      vertex 6.51723 75.8622 9.38368
      vertex 6.52516 75.7987 9.38195
      vertex 6.04 75.9084 9.73503
    endloop
  endfacet
  facet normal -0.595376 -0.258472 -0.760736
    outer loop
      vertex 6.47162 76.227 9.32068
      vertex 6.47859 76.1713 9.33415
      vertex 6.04 76.3497 9.61679
    endloop
  endfacet
  facet normal -0.595381 0.788044 -0.156549
    outer loop
      vertex 6.69467 74.4427 8.24395
      vertex 6.04 73.945 8.22842
      vertex 6.04 73.9896 8.45293
    endloop
  endfacet
  facet normal -0.595344 0.788006 -0.156884
    outer loop
      vertex 6.04 73.945 8.22842
      vertex 6.69467 74.4427 8.24395
      vertex 6.69647 74.4283 8.16479
    endloop
  endfacet
  facet normal -0.595319 0.788195 -0.156026
    outer loop
      vertex 6.69277 74.4578 8.32748
      vertex 6.69467 74.4427 8.24395
      vertex 6.04 73.9896 8.45293
    endloop
  endfacet
  facet normal -0.595348 0.801749 -0.0525299
    outer loop
      vertex 6.69647 74.4283 8.16479
      vertex 6.6971 74.4232 8.07981
      vertex 6.04 73.945 8.22842
    endloop
  endfacet
  facet normal -0.595283 0.720857 -0.354969
    outer loop
      vertex 6.67814 74.5748 8.63806
      vertex 6.6824 74.5408 8.56187
      vertex 6.04 74.1645 8.875
    endloop
  endfacet
  facet normal -0.595344 0.788006 0.156884
    outer loop
      vertex 6.69467 74.4427 7.75605
      vertex 6.04 73.945 7.77158
      vertex 6.69647 74.4283 7.83521
    endloop
  endfacet
  facet normal -0.595381 0.788044 0.156549
    outer loop
      vertex 6.04 73.945 7.77158
      vertex 6.69467 74.4427 7.75605
      vertex 6.04 73.9896 7.54707
    endloop
  endfacet
  facet normal -0.595233 -0.801847 -0.0523401
    outer loop
      vertex 6.35145 77.1884 8.15798
      vertex 6.35182 77.1855 8.1982
      vertex 6.04 77.415 8.22842
    endloop
  endfacet
  facet normal -0.980784 0 0.195095
    outer loop
      vertex -0.042592 -12 7.67648
      vertex -0.0106936 85 7.83684
      vertex -0.042592 85 7.67648
    endloop
  endfacet
  facet normal -0.980784 0 0.195095
    outer loop
      vertex -0.0106936 85 7.83684
      vertex -0.042592 -12 7.67648
      vertex -0.0106936 -12 7.83684
    endloop
  endfacet
  facet normal -0.997859 0 0.0654003
    outer loop
      vertex -0.0106936 -12 7.83684
      vertex 0 85 8
      vertex -0.0106936 85 7.83684
    endloop
  endfacet
  facet normal -0.997859 0 0.0654003
    outer loop
      vertex 0 85 8
      vertex -0.0106936 -12 7.83684
      vertex 0 -12 8
    endloop
  endfacet
  facet normal -0.980784 0 -0.195095
    outer loop
      vertex -0.0106936 -12 8.16316
      vertex -0.042592 85 8.32352
      vertex -0.0106936 85 8.16316
    endloop
  endfacet
  facet normal -0.980784 -0 -0.195095
    outer loop
      vertex -0.042592 85 8.32352
      vertex -0.0106936 -12 8.16316
      vertex -0.042592 -12 8.32352
    endloop
  endfacet
  facet normal -0.442454 0 0.896791
    outer loop
      vertex -0.652241 84.2346 6.90403
      vertex -0.625 -12 6.91747
      vertex -0.625 84.3149 6.91747
    endloop
  endfacet
  facet normal -0.442283 5.98958e-08 0.896875
    outer loop
      vertex -0.767949 84 6.84697
      vertex -0.625 -12 6.91747
      vertex -0.652241 84.2346 6.90403
    endloop
  endfacet
  facet normal -0.441673 1.18881e-06 0.897176
    outer loop
      vertex -0.771646 83.9945 6.84515
      vertex -0.625 -12 6.91747
      vertex -0.767949 84 6.84697
    endloop
  endfacet
  facet normal -0.442299 0 0.896867
    outer loop
      vertex -0.625 -12 6.91747
      vertex -0.771646 83.9945 6.84515
      vertex -0.771646 -12 6.84515
    endloop
  endfacet
  facet normal 0.997861 0 -0.0653783
    outer loop
      vertex -2.48931 -12 8.16316
      vertex -2.5 83 8
      vertex -2.48931 83.0007 8.16316
    endloop
  endfacet
  facet normal 0.997861 0 -0.0653783
    outer loop
      vertex -2.5 83 8
      vertex -2.48931 -12 8.16316
      vertex -2.5 -12 8
    endloop
  endfacet
  facet normal -0.659351 0 -0.751835
    outer loop
      vertex -0.489048 -12 8.99169
      vertex -0.366116 85 8.88388
      vertex -0.366116 -12 8.88388
    endloop
  endfacet
  facet normal -0.659351 0 -0.751835
    outer loop
      vertex -0.366116 85 8.88388
      vertex -0.489048 -12 8.99169
      vertex -0.489048 85 8.99169
    endloop
  endfacet
  facet normal -0.896877 0 0.44228
    outer loop
      vertex -0.167468 -12 7.375
      vertex -0.09515 85 7.52165
      vertex -0.167468 85 7.375
    endloop
  endfacet
  facet normal -0.896877 0 0.44228
    outer loop
      vertex -0.09515 85 7.52165
      vertex -0.167468 -12 7.375
      vertex -0.09515 -12 7.52165
    endloop
  endfacet
  facet normal 0.0654383 0 -0.997857
    outer loop
      vertex -1.25 -12 9.25
      vertex -1.28248 83.4133 9.24787
      vertex -1.25 83.4418 9.25
    endloop
  endfacet
  facet normal 0.0653783 0 -0.997861
    outer loop
      vertex -1.41316 83.326 9.23931
      vertex -1.25 -12 9.25
      vertex -1.41316 -12 9.23931
    endloop
  endfacet
  facet normal 0.0653635 -2.55717e-08 -0.997862
    outer loop
      vertex -1.25 -12 9.25
      vertex -1.41316 83.326 9.23931
      vertex -1.28248 83.4133 9.24787
    endloop
  endfacet
  facet normal 0.831466 0 0.555575
    outer loop
      vertex -2.24169 -12 7.23905
      vertex -2.33253 83.011 7.375
      vertex -2.33253 -12 7.375
    endloop
  endfacet
  facet normal 0.831466 0 0.555575
    outer loop
      vertex -2.33253 83.011 7.375
      vertex -2.24169 -12 7.23905
      vertex -2.24169 83.0169 7.23905
    endloop
  endfacet
  facet normal -0.321423 0 -0.946936
    outer loop
      vertex -0.771646 -12 9.15485
      vertex -0.913293 83.7825 9.20293
      vertex -0.771646 83.9945 9.15485
    endloop
  endfacet
  facet normal -0.321452 -0 -0.946926
    outer loop
      vertex -0.926476 83.7674 9.20741
      vertex -0.771646 -12 9.15485
      vertex -0.926476 -12 9.20741
    endloop
  endfacet
  facet normal -0.321759 -5.53882e-07 -0.946822
    outer loop
      vertex -0.771646 -12 9.15485
      vertex -0.926476 83.7674 9.20741
      vertex -0.913293 83.7825 9.20293
    endloop
  endfacet
  facet normal 0.321452 0 0.946926
    outer loop
      vertex -1.72835 83.1553 6.84515
      vertex -1.57352 -12 6.79259
      vertex -1.57352 83.2317 6.79259
    endloop
  endfacet
  facet normal 0.321452 0 0.946926
    outer loop
      vertex -1.57352 -12 6.79259
      vertex -1.72835 83.1553 6.84515
      vertex -1.72835 -12 6.84515
    endloop
  endfacet
  facet normal -0.442189 0 -0.896922
    outer loop
      vertex -0.625 -12 9.08253
      vertex -0.652241 84.2346 9.09596
      vertex -0.625 84.3149 9.08253
    endloop
  endfacet
  facet normal -0.442346 -5.51743e-08 -0.896845
    outer loop
      vertex -0.625 -12 9.08253
      vertex -0.767949 84 9.15303
      vertex -0.652241 84.2346 9.09596
    endloop
  endfacet
  facet normal -0.442299 -0 -0.896867
    outer loop
      vertex -0.771646 83.9945 9.15485
      vertex -0.625 -12 9.08253
      vertex -0.771646 -12 9.15485
    endloop
  endfacet
  facet normal -0.441673 1.18881e-06 -0.897176
    outer loop
      vertex -0.625 -12 9.08253
      vertex -0.771646 83.9945 9.15485
      vertex -0.767949 84 9.15303
    endloop
  endfacet
  facet normal -0.751833 0 -0.659354
    outer loop
      vertex -0.258307 -12 8.76095
      vertex -0.366116 85 8.88388
      vertex -0.258307 85 8.76095
    endloop
  endfacet
  facet normal -0.751833 -0 -0.659354
    outer loop
      vertex -0.366116 85 8.88388
      vertex -0.258307 -12 8.76095
      vertex -0.366116 -12 8.88388
    endloop
  endfacet
  facet normal 0.751814 0 -0.659375
    outer loop
      vertex -2.13388 -12 8.88388
      vertex -2.23895 83.0171 8.76408
      vertex -2.13388 83.038 8.88388
    endloop
  endfacet
  facet normal 0.752428 1.56113e-06 -0.658675
    outer loop
      vertex -2.13388 -12 8.88388
      vertex -2.24169 83.0169 8.76095
      vertex -2.23895 83.0171 8.76408
    endloop
  endfacet
  facet normal 0.75183 0 -0.659357
    outer loop
      vertex -2.24169 83.0169 8.76095
      vertex -2.13388 -12 8.88388
      vertex -2.24169 -12 8.76095
    endloop
  endfacet
  facet normal 0.555593 0 -0.831454
    outer loop
      vertex -1.875 -12 9.08253
      vertex -1.98236 83.0681 9.01079
      vertex -1.875 83.1046 9.08253
    endloop
  endfacet
  facet normal 0.555575 0 -0.831466
    outer loop
      vertex -2.01095 83.0625 8.99169
      vertex -1.875 -12 9.08253
      vertex -2.01095 -12 8.99169
    endloop
  endfacet
  facet normal 0.555505 -1.43938e-07 -0.831513
    outer loop
      vertex -1.875 -12 9.08253
      vertex -2.01095 83.0625 8.99169
      vertex -1.98236 83.0681 9.01079
    endloop
  endfacet
  facet normal 0.442639 0 0.8967
    outer loop
      vertex -1.73463 83.1522 6.84825
      vertex -1.72835 -12 6.84515
      vertex -1.72835 83.1553 6.84515
    endloop
  endfacet
  facet normal 0.442274 -2.99076e-08 0.89688
    outer loop
      vertex -1.875 83.1046 6.91747
      vertex -1.72835 -12 6.84515
      vertex -1.73463 83.1522 6.84825
    endloop
  endfacet
  facet normal 0.44229 0 0.896872
    outer loop
      vertex -1.72835 -12 6.84515
      vertex -1.875 83.1046 6.91747
      vertex -1.875 -12 6.91747
    endloop
  endfacet
  facet normal -0.0653783 -0 -0.997861
    outer loop
      vertex -1.25 83.4418 9.25
      vertex -1.08684 -12 9.23931
      vertex -1.25 -12 9.25
    endloop
  endfacet
  facet normal -0.0653783 0 -0.997861
    outer loop
      vertex -1.08684 -12 9.23931
      vertex -1.25 83.4418 9.25
      vertex -1.08684 83.5849 9.23931
    endloop
  endfacet
  facet normal 0.946926 0 -0.321452
    outer loop
      vertex -2.40485 -12 8.47835
      vertex -2.45741 83.0028 8.32352
      vertex -2.40485 83.0062 8.47835
    endloop
  endfacet
  facet normal 0.946926 0 -0.321452
    outer loop
      vertex -2.45741 83.0028 8.32352
      vertex -2.40485 -12 8.47835
      vertex -2.45741 -12 8.32352
    endloop
  endfacet
  facet normal 0.659357 0 0.75183
    outer loop
      vertex -2.13388 83.038 7.11612
      vertex -2.01095 -12 7.00831
      vertex -2.01095 83.0625 7.00831
    endloop
  endfacet
  facet normal 0.659357 0 0.75183
    outer loop
      vertex -2.01095 -12 7.00831
      vertex -2.13388 83.038 7.11612
      vertex -2.13388 -12 7.11612
    endloop
  endfacet
  facet normal -0.896877 0 -0.44228
    outer loop
      vertex -0.09515 -12 8.47835
      vertex -0.167468 85 8.625
      vertex -0.09515 85 8.47835
    endloop
  endfacet
  facet normal -0.896877 -0 -0.44228
    outer loop
      vertex -0.167468 85 8.625
      vertex -0.09515 -12 8.47835
      vertex -0.167468 -12 8.625
    endloop
  endfacet
  facet normal -0.997859 0 -0.0654003
    outer loop
      vertex 0 -12 8
      vertex -0.0106936 85 8.16316
      vertex 0 85 8
    endloop
  endfacet
  facet normal -0.997859 -0 -0.0654003
    outer loop
      vertex -0.0106936 85 8.16316
      vertex 0 -12 8
      vertex -0.0106936 -12 8.16316
    endloop
  endfacet
  facet normal -0.321423 0 0.946936
    outer loop
      vertex -0.913293 83.7825 6.79707
      vertex -0.771646 -12 6.84515
      vertex -0.771646 83.9945 6.84515
    endloop
  endfacet
  facet normal -0.321759 -5.53882e-07 0.946822
    outer loop
      vertex -0.926476 83.7674 6.79259
      vertex -0.771646 -12 6.84515
      vertex -0.913293 83.7825 6.79707
    endloop
  endfacet
  facet normal -0.321452 0 0.946926
    outer loop
      vertex -0.771646 -12 6.84515
      vertex -0.926476 83.7674 6.79259
      vertex -0.926476 -12 6.79259
    endloop
  endfacet
  facet normal -0.659351 0 0.751835
    outer loop
      vertex -0.489048 85 7.00831
      vertex -0.366116 -12 7.11612
      vertex -0.366116 85 7.11612
    endloop
  endfacet
  facet normal -0.659351 0 0.751835
    outer loop
      vertex -0.366116 -12 7.11612
      vertex -0.489048 85 7.00831
      vertex -0.489048 -12 7.00831
    endloop
  endfacet
  facet normal 0.19516 0 0.980771
    outer loop
      vertex -1.5 83.268 6.77797
      vertex -1.41316 -12 6.76069
      vertex -1.41316 83.326 6.76069
    endloop
  endfacet
  facet normal 0.195039 -1.15446e-07 0.980796
    outer loop
      vertex -1.57352 83.2317 6.79259
      vertex -1.41316 -12 6.76069
      vertex -1.5 83.268 6.77797
    endloop
  endfacet
  facet normal 0.195105 0 0.980782
    outer loop
      vertex -1.41316 -12 6.76069
      vertex -1.57352 83.2317 6.79259
      vertex -1.57352 -12 6.79259
    endloop
  endfacet
  facet normal -0.831469 0 0.555571
    outer loop
      vertex -0.258307 -12 7.23905
      vertex -0.167468 85 7.375
      vertex -0.258307 85 7.23905
    endloop
  endfacet
  facet normal -0.831469 0 0.555571
    outer loop
      vertex -0.167468 85 7.375
      vertex -0.258307 -12 7.23905
      vertex -0.167468 -12 7.375
    endloop
  endfacet
  facet normal 0.442639 0 -0.8967
    outer loop
      vertex -1.72835 -12 9.15485
      vertex -1.73463 83.1522 9.15175
      vertex -1.72835 83.1553 9.15485
    endloop
  endfacet
  facet normal 0.44229 0 -0.896872
    outer loop
      vertex -1.875 83.1046 9.08253
      vertex -1.72835 -12 9.15485
      vertex -1.875 -12 9.08253
    endloop
  endfacet
  facet normal 0.442274 -2.99076e-08 -0.89688
    outer loop
      vertex -1.72835 -12 9.15485
      vertex -1.875 83.1046 9.08253
      vertex -1.73463 83.1522 9.15175
    endloop
  endfacet
  facet normal -0.195093 0 -0.980785
    outer loop
      vertex -0.926476 -12 9.20741
      vertex -1.08579 83.5858 9.2391
      vertex -0.926476 83.7674 9.20741
    endloop
  endfacet
  facet normal -0.1951 -0 -0.980783
    outer loop
      vertex -1.08684 83.5849 9.23931
      vertex -0.926476 -12 9.20741
      vertex -1.08684 -12 9.23931
    endloop
  endfacet
  facet normal -0.196115 -1.77017e-06 -0.980581
    outer loop
      vertex -0.926476 -12 9.20741
      vertex -1.08684 83.5849 9.23931
      vertex -1.08579 83.5858 9.2391
    endloop
  endfacet
  facet normal 0.980782 0 0.195105
    outer loop
      vertex -2.45741 -12 7.67648
      vertex -2.48931 83.0007 7.83684
      vertex -2.48931 -12 7.83684
    endloop
  endfacet
  facet normal 0.980782 0 0.195105
    outer loop
      vertex -2.48931 83.0007 7.83684
      vertex -2.45741 -12 7.67648
      vertex -2.45741 83.0028 7.67648
    endloop
  endfacet
  facet normal 0.997861 -0 0.0653783
    outer loop
      vertex -2.5 -12 8
      vertex -2.48931 83.0007 7.83684
      vertex -2.5 83 8
    endloop
  endfacet
  facet normal 0.997861 0 0.0653783
    outer loop
      vertex -2.48931 83.0007 7.83684
      vertex -2.5 -12 8
      vertex -2.48931 -12 7.83684
    endloop
  endfacet
  facet normal -0.0653783 0 0.997861
    outer loop
      vertex -1.25 83.4418 6.75
      vertex -1.08684 -12 6.76069
      vertex -1.08684 83.5849 6.76069
    endloop
  endfacet
  facet normal -0.0653783 0 0.997861
    outer loop
      vertex -1.08684 -12 6.76069
      vertex -1.25 83.4418 6.75
      vertex -1.25 -12 6.75
    endloop
  endfacet
  facet normal -0.94693 0 -0.321441
    outer loop
      vertex -0.042592 -12 8.32352
      vertex -0.09515 85 8.47835
      vertex -0.042592 85 8.32352
    endloop
  endfacet
  facet normal -0.94693 -0 -0.321441
    outer loop
      vertex -0.09515 85 8.47835
      vertex -0.042592 -12 8.32352
      vertex -0.09515 -12 8.47835
    endloop
  endfacet
  facet normal 0.896872 0 -0.44229
    outer loop
      vertex -2.33253 -12 8.625
      vertex -2.40485 83.0062 8.47835
      vertex -2.33253 83.011 8.625
    endloop
  endfacet
  facet normal 0.896872 0 -0.44229
    outer loop
      vertex -2.40485 83.0062 8.47835
      vertex -2.33253 -12 8.625
      vertex -2.40485 -12 8.47835
    endloop
  endfacet
  facet normal -0.831469 0 -0.555571
    outer loop
      vertex -0.167468 -12 8.625
      vertex -0.258307 85 8.76095
      vertex -0.167468 85 8.625
    endloop
  endfacet
  facet normal -0.831469 -0 -0.555571
    outer loop
      vertex -0.258307 85 8.76095
      vertex -0.167468 -12 8.625
      vertex -0.258307 -12 8.76095
    endloop
  endfacet
  facet normal -0.555681 1.8561e-05 0.831396
    outer loop
      vertex -0.51711 84.7389 6.98956
      vertex -0.489048 85 7.00831
      vertex -0.5 85 7.00099
    endloop
  endfacet
  facet normal -0.555561 0 0.831475
    outer loop
      vertex -0.489048 85 7.00831
      vertex -0.51711 84.7389 6.98956
      vertex -0.489048 -12 7.00831
    endloop
  endfacet
  facet normal -0.555542 8.12224e-09 0.831488
    outer loop
      vertex -0.568148 84.4824 6.95546
      vertex -0.489048 -12 7.00831
      vertex -0.51711 84.7389 6.98956
    endloop
  endfacet
  facet normal -0.555597 -5.75827e-08 0.831451
    outer loop
      vertex -0.625 84.3149 6.91747
      vertex -0.489048 -12 7.00831
      vertex -0.568148 84.4824 6.95546
    endloop
  endfacet
  facet normal -0.555569 0 0.83147
    outer loop
      vertex -0.489048 -12 7.00831
      vertex -0.625 84.3149 6.91747
      vertex -0.625 -12 6.91747
    endloop
  endfacet
  facet normal 0.946926 0 0.321452
    outer loop
      vertex -2.40485 -12 7.52165
      vertex -2.45741 83.0028 7.67648
      vertex -2.45741 -12 7.67648
    endloop
  endfacet
  facet normal 0.946926 0 0.321452
    outer loop
      vertex -2.45741 83.0028 7.67648
      vertex -2.40485 -12 7.52165
      vertex -2.40485 83.0062 7.52165
    endloop
  endfacet
  facet normal 0.831466 0 -0.555575
    outer loop
      vertex -2.24169 -12 8.76095
      vertex -2.33253 83.011 8.625
      vertex -2.24169 83.0169 8.76095
    endloop
  endfacet
  facet normal 0.831466 0 -0.555575
    outer loop
      vertex -2.33253 83.011 8.625
      vertex -2.24169 -12 8.76095
      vertex -2.33253 -12 8.625
    endloop
  endfacet
  facet normal -0.555561 0 -0.831475
    outer loop
      vertex -0.51711 84.7389 9.01044
      vertex -0.489048 85 8.99169
      vertex -0.489048 -12 8.99169
    endloop
  endfacet
  facet normal -0.555681 1.8561e-05 -0.831396
    outer loop
      vertex -0.489048 85 8.99169
      vertex -0.51711 84.7389 9.01044
      vertex -0.5 85 8.99901
    endloop
  endfacet
  facet normal -0.555542 8.12224e-09 -0.831488
    outer loop
      vertex -0.489048 -12 8.99169
      vertex -0.568148 84.4824 9.04454
      vertex -0.51711 84.7389 9.01044
    endloop
  endfacet
  facet normal -0.555569 -0 -0.83147
    outer loop
      vertex -0.625 84.3149 9.08253
      vertex -0.489048 -12 8.99169
      vertex -0.625 -12 9.08253
    endloop
  endfacet
  facet normal -0.555597 -5.75827e-08 -0.831451
    outer loop
      vertex -0.489048 -12 8.99169
      vertex -0.625 84.3149 9.08253
      vertex -0.568148 84.4824 9.04454
    endloop
  endfacet
  facet normal 0.0654383 0 0.997857
    outer loop
      vertex -1.28248 83.4133 6.75213
      vertex -1.25 -12 6.75
      vertex -1.25 83.4418 6.75
    endloop
  endfacet
  facet normal 0.0653635 -2.55717e-08 0.997862
    outer loop
      vertex -1.41316 83.326 6.76069
      vertex -1.25 -12 6.75
      vertex -1.28248 83.4133 6.75213
    endloop
  endfacet
  facet normal 0.0653783 0 0.997861
    outer loop
      vertex -1.25 -12 6.75
      vertex -1.41316 83.326 6.76069
      vertex -1.41316 -12 6.76069
    endloop
  endfacet
  facet normal -0.195093 0 0.980785
    outer loop
      vertex -1.08579 83.5858 6.7609
      vertex -0.926476 -12 6.79259
      vertex -0.926476 83.7674 6.79259
    endloop
  endfacet
  facet normal -0.196115 -1.77017e-06 0.980581
    outer loop
      vertex -1.08684 83.5849 6.76069
      vertex -0.926476 -12 6.79259
      vertex -1.08579 83.5858 6.7609
    endloop
  endfacet
  facet normal -0.1951 0 0.980783
    outer loop
      vertex -0.926476 -12 6.79259
      vertex -1.08684 83.5849 6.76069
      vertex -1.08684 -12 6.76069
    endloop
  endfacet
  facet normal -0.751833 0 0.659354
    outer loop
      vertex -0.366116 -12 7.11612
      vertex -0.258307 85 7.23905
      vertex -0.366116 85 7.11612
    endloop
  endfacet
  facet normal -0.751833 0 0.659354
    outer loop
      vertex -0.258307 85 7.23905
      vertex -0.366116 -12 7.11612
      vertex -0.258307 -12 7.23905
    endloop
  endfacet
  facet normal 0.55554 0 0.83149
    outer loop
      vertex -1.98236 83.0681 6.9892
      vertex -1.875 -12 6.91747
      vertex -1.875 83.1046 6.91747
    endloop
  endfacet
  facet normal 0.555706 2.71836e-07 0.831379
    outer loop
      vertex -2.01095 83.0625 7.00831
      vertex -1.875 -12 6.91747
      vertex -1.98236 83.0681 6.9892
    endloop
  endfacet
  facet normal 0.555575 0 0.831466
    outer loop
      vertex -1.875 -12 6.91747
      vertex -2.01095 83.0625 7.00831
      vertex -2.01095 -12 7.00831
    endloop
  endfacet
  facet normal -0.94693 0 0.321441
    outer loop
      vertex -0.09515 -12 7.52165
      vertex -0.042592 85 7.67648
      vertex -0.09515 85 7.52165
    endloop
  endfacet
  facet normal -0.94693 0 0.321441
    outer loop
      vertex -0.042592 85 7.67648
      vertex -0.09515 -12 7.52165
      vertex -0.042592 -12 7.67648
    endloop
  endfacet
  facet normal 0.980782 0 -0.195105
    outer loop
      vertex -2.45741 -12 8.32352
      vertex -2.48931 83.0007 8.16316
      vertex -2.45741 83.0028 8.32352
    endloop
  endfacet
  facet normal 0.980782 0 -0.195105
    outer loop
      vertex -2.48931 83.0007 8.16316
      vertex -2.45741 -12 8.32352
      vertex -2.48931 -12 8.16316
    endloop
  endfacet
  facet normal 0.321452 0 -0.946926
    outer loop
      vertex -1.72835 83.1553 9.15485
      vertex -1.57352 -12 9.20741
      vertex -1.72835 -12 9.15485
    endloop
  endfacet
  facet normal 0.321452 0 -0.946926
    outer loop
      vertex -1.57352 -12 9.20741
      vertex -1.72835 83.1553 9.15485
      vertex -1.57352 83.2317 9.20741
    endloop
  endfacet
  facet normal 0.19516 0 -0.980771
    outer loop
      vertex -1.41316 -12 9.23931
      vertex -1.5 83.268 9.22203
      vertex -1.41316 83.326 9.23931
    endloop
  endfacet
  facet normal 0.195105 0 -0.980782
    outer loop
      vertex -1.57352 83.2317 9.20741
      vertex -1.41316 -12 9.23931
      vertex -1.57352 -12 9.20741
    endloop
  endfacet
  facet normal 0.195039 -1.15446e-07 -0.980796
    outer loop
      vertex -1.41316 -12 9.23931
      vertex -1.57352 83.2317 9.20741
      vertex -1.5 83.268 9.22203
    endloop
  endfacet
  facet normal 0.659357 0 -0.75183
    outer loop
      vertex -2.13388 83.038 8.88388
      vertex -2.01095 -12 8.99169
      vertex -2.13388 -12 8.88388
    endloop
  endfacet
  facet normal 0.659357 0 -0.75183
    outer loop
      vertex -2.01095 -12 8.99169
      vertex -2.13388 83.038 8.88388
      vertex -2.01095 83.0625 8.99169
    endloop
  endfacet
  facet normal 0.75183 0 0.659357
    outer loop
      vertex -2.13388 -12 7.11612
      vertex -2.24169 83.0169 7.23905
      vertex -2.24169 -12 7.23905
    endloop
  endfacet
  facet normal 0.752428 1.56113e-06 0.658675
    outer loop
      vertex -2.24169 83.0169 7.23905
      vertex -2.13388 -12 7.11612
      vertex -2.23895 83.0171 7.23592
    endloop
  endfacet
  facet normal 0.751814 0 0.659375
    outer loop
      vertex -2.23895 83.0171 7.23592
      vertex -2.13388 -12 7.11612
      vertex -2.13388 83.038 7.11612
    endloop
  endfacet
  facet normal 0.896872 0 0.44229
    outer loop
      vertex -2.33253 -12 7.375
      vertex -2.40485 83.0062 7.52165
      vertex -2.40485 -12 7.52165
    endloop
  endfacet
  facet normal 0.896872 0 0.44229
    outer loop
      vertex -2.40485 83.0062 7.52165
      vertex -2.33253 -12 7.375
      vertex -2.33253 83.011 7.375
    endloop
  endfacet
  facet normal -0.321884 0.946779 0
    outer loop
      vertex -1.875 83.1046 6.91747
      vertex -1.98236 83.0681 5.66683
      vertex -1.98236 83.0681 6.9892
    endloop
  endfacet
  facet normal -0.321172 0.947021 -6.81553e-05
    outer loop
      vertex -1.73463 83.1522 6.84825
      vertex -1.98236 83.0681 5.66683
      vertex -1.875 83.1046 6.91747
    endloop
  endfacet
  facet normal -0.321833 0.946796 8.64813e-05
    outer loop
      vertex -1.73463 83.1522 6.84825
      vertex -1.88411 83.1015 5.63348
      vertex -1.98236 83.0681 5.66683
    endloop
  endfacet
  facet normal -0.321203 0.94701 0
    outer loop
      vertex -1.88411 83.1015 5.63348
      vertex -1.73463 83.1522 6.84825
      vertex -1.73463 83.1522 5.60375
    endloop
  endfacet
  facet normal -0.321203 0.94701 0
    outer loop
      vertex -1.73463 83.1522 9.15175
      vertex -1.88411 83.1015 10.3665
      vertex -1.73463 83.1522 10.3962
    endloop
  endfacet
  facet normal -0.321833 0.946796 -8.64879e-05
    outer loop
      vertex -1.88411 83.1015 10.3665
      vertex -1.73463 83.1522 9.15175
      vertex -1.98236 83.0681 10.3332
    endloop
  endfacet
  facet normal -0.321172 0.947021 6.81537e-05
    outer loop
      vertex -1.875 83.1046 9.08253
      vertex -1.98236 83.0681 10.3332
      vertex -1.73463 83.1522 9.15175
    endloop
  endfacet
  facet normal -0.321884 0.946779 0
    outer loop
      vertex -1.98236 83.0681 10.3332
      vertex -1.875 83.1046 9.08253
      vertex -1.98236 83.0681 9.01079
    endloop
  endfacet
  facet normal -0.980773 0.195153 0
    outer loop
      vertex -0.568148 84.4824 6.95546
      vertex -0.51711 84.7389 5.66701
      vertex -0.568148 84.4824 5.64969
    endloop
  endfacet
  facet normal -0.980773 0.195153 0
    outer loop
      vertex -0.51711 84.7389 5.66701
      vertex -0.568148 84.4824 6.95546
      vertex -0.51711 84.7389 6.98956
    endloop
  endfacet
  facet normal -0.980773 0.195153 0
    outer loop
      vertex -0.568148 84.4824 9.04454
      vertex -0.51711 84.7389 10.333
      vertex -0.51711 84.7389 9.01044
    endloop
  endfacet
  facet normal -0.980773 0.195153 0
    outer loop
      vertex -0.51711 84.7389 10.333
      vertex -0.568148 84.4824 9.04454
      vertex -0.568148 84.4824 10.3503
    endloop
  endfacet
  facet normal -0.99786 0.0653902 0
    outer loop
      vertex -0.51711 84.7389 6.98956
      vertex -0.5 85 5.67282
      vertex -0.51711 84.7389 5.66701
    endloop
  endfacet
  facet normal -0.99786 0.0653902 0
    outer loop
      vertex -0.5 85 5.67282
      vertex -0.51711 84.7389 6.98956
      vertex -0.5 85 7.00099
    endloop
  endfacet
  facet normal -0.99786 0.0653902 0
    outer loop
      vertex -0.51711 84.7389 9.01044
      vertex -0.5 85 10.3272
      vertex -0.5 85 8.99901
    endloop
  endfacet
  facet normal -0.99786 0.0653902 0
    outer loop
      vertex -0.5 85 10.3272
      vertex -0.51711 84.7389 9.01044
      vertex -0.51711 84.7389 10.333
    endloop
  endfacet
  facet normal 0.322854 0.946448 -0.00124771
    outer loop
      vertex -3.01764 83.0681 9.69224
      vertex -3.26537 83.1522 9.38423
      vertex -3.19372 83.1279 9.49146
    endloop
  endfacet
  facet normal 0.321463 0.946922 0
    outer loop
      vertex -3.01764 83.0681 9.69224
      vertex -3.26537 83.1522 6.61577
      vertex -3.26537 83.1522 9.38423
    endloop
  endfacet
  facet normal 0.321463 0.946922 -0
    outer loop
      vertex -3.01764 83.0681 6.30776
      vertex -3.26537 83.1522 6.61577
      vertex -3.01764 83.0681 9.69224
    endloop
  endfacet
  facet normal 0.322853 0.946448 0.00124702
    outer loop
      vertex -3.26537 83.1522 6.61577
      vertex -3.01764 83.0681 6.30776
      vertex -3.19372 83.1279 6.50853
    endloop
  endfacet
  facet normal -0.555407 0.831579 0
    outer loop
      vertex -1.41316 83.326 6.76069
      vertex -1.5 83.268 5.56639
      vertex -1.5 83.268 6.77797
    endloop
  endfacet
  facet normal -0.555492 0.831522 8.97197e-06
    outer loop
      vertex -1.28248 83.4133 6.75213
      vertex -1.5 83.268 5.56639
      vertex -1.41316 83.326 6.76069
    endloop
  endfacet
  facet normal -0.555459 0.831544 0
    outer loop
      vertex -1.5 83.268 5.56639
      vertex -1.28248 83.4133 6.75213
      vertex -1.28248 83.4133 5.55213
    endloop
  endfacet
  facet normal -0.555459 0.831544 0
    outer loop
      vertex -1.28248 83.4133 9.24787
      vertex -1.5 83.268 10.4336
      vertex -1.28248 83.4133 10.4479
    endloop
  endfacet
  facet normal -0.555492 0.831522 -8.97204e-06
    outer loop
      vertex -1.41316 83.326 9.23931
      vertex -1.5 83.268 10.4336
      vertex -1.28248 83.4133 9.24787
    endloop
  endfacet
  facet normal -0.555407 0.831579 0
    outer loop
      vertex -1.5 83.268 10.4336
      vertex -1.41316 83.326 9.23931
      vertex -1.5 83.268 9.22203
    endloop
  endfacet
  facet normal -0.659378 0.751812 -1.30977e-05
    outer loop
      vertex -1.08684 83.5849 6.76069
      vertex -1.08579 83.5858 5.56076
      vertex -1.25 83.4418 6.75
    endloop
  endfacet
  facet normal -0.650791 0.759257 0
    outer loop
      vertex -1.08579 83.5858 5.56076
      vertex -1.08684 83.5849 6.76069
      vertex -1.08579 83.5858 6.7609
    endloop
  endfacet
  facet normal -0.659324 0.751859 0
    outer loop
      vertex -1.25 83.4418 5.55
      vertex -1.25 83.4418 6.75
      vertex -1.08579 83.5858 5.56076
    endloop
  endfacet
  facet normal -0.659553 0.751658 0
    outer loop
      vertex -1.28248 83.4133 5.55213
      vertex -1.25 83.4418 6.75
      vertex -1.25 83.4418 5.55
    endloop
  endfacet
  facet normal -0.659553 0.751658 0
    outer loop
      vertex -1.25 83.4418 6.75
      vertex -1.28248 83.4133 5.55213
      vertex -1.28248 83.4133 6.75213
    endloop
  endfacet
  facet normal -0.659378 0.751812 1.30982e-05
    outer loop
      vertex -1.08579 83.5858 10.4392
      vertex -1.08684 83.5849 9.23931
      vertex -1.25 83.4418 9.25
    endloop
  endfacet
  facet normal -0.650791 0.759257 0
    outer loop
      vertex -1.08684 83.5849 9.23931
      vertex -1.08579 83.5858 10.4392
      vertex -1.08579 83.5858 9.2391
    endloop
  endfacet
  facet normal -0.659324 0.751859 0
    outer loop
      vertex -1.25 83.4418 9.25
      vertex -1.25 83.4418 10.45
      vertex -1.08579 83.5858 10.4392
    endloop
  endfacet
  facet normal -0.659553 0.751658 0
    outer loop
      vertex -1.25 83.4418 10.45
      vertex -1.25 83.4418 9.25
      vertex -1.28248 83.4133 10.4479
    endloop
  endfacet
  facet normal -0.659553 0.751658 0
    outer loop
      vertex -1.28248 83.4133 10.4479
      vertex -1.25 83.4418 9.25
      vertex -1.28248 83.4133 9.24787
    endloop
  endfacet
  facet normal -0.946965 0.321336 -4.83654e-06
    outer loop
      vertex -0.652241 84.2346 6.90403
      vertex -0.568148 84.4824 5.64969
      vertex -0.615892 84.3417 5.63348
    endloop
  endfacet
  facet normal -0.946941 0.321406 0
    outer loop
      vertex -0.568148 84.4824 5.64969
      vertex -0.625 84.3149 6.91747
      vertex -0.568148 84.4824 6.95546
    endloop
  endfacet
  facet normal -0.946948 0.321388 0
    outer loop
      vertex -0.652241 84.2346 6.90403
      vertex -0.615892 84.3417 5.63348
      vertex -0.652241 84.2346 5.62625
    endloop
  endfacet
  facet normal -0.946991 0.321261 -2.137e-05
    outer loop
      vertex -0.568148 84.4824 5.64969
      vertex -0.652241 84.2346 6.90403
      vertex -0.625 84.3149 6.91747
    endloop
  endfacet
  facet normal -0.946941 0.321406 0
    outer loop
      vertex -0.625 84.3149 9.08253
      vertex -0.568148 84.4824 10.3503
      vertex -0.568148 84.4824 9.04454
    endloop
  endfacet
  facet normal -0.946991 0.321261 2.13705e-05
    outer loop
      vertex -0.652241 84.2346 9.09596
      vertex -0.568148 84.4824 10.3503
      vertex -0.625 84.3149 9.08253
    endloop
  endfacet
  facet normal -0.946965 0.321336 4.83661e-06
    outer loop
      vertex -0.568148 84.4824 10.3503
      vertex -0.652241 84.2346 9.09596
      vertex -0.615892 84.3417 10.3665
    endloop
  endfacet
  facet normal -0.946948 0.321388 0
    outer loop
      vertex -0.615892 84.3417 10.3665
      vertex -0.652241 84.2346 9.09596
      vertex -0.652241 84.2346 10.3737
    endloop
  endfacet
  facet normal -0.195093 0.980785 0
    outer loop
      vertex -2.13388 83.038 7.11612
      vertex -2.23895 83.0171 5.76183
      vertex -2.23895 83.0171 7.23592
    endloop
  endfacet
  facet normal -0.195433 0.980717 2.74563e-05
    outer loop
      vertex -2.01095 83.0625 7.00831
      vertex -2.23895 83.0171 5.76183
      vertex -2.13388 83.038 7.11612
    endloop
  endfacet
  facet normal -0.192555 0.981286 -0.000519817
    outer loop
      vertex -1.98236 83.0681 6.9892
      vertex -2.23895 83.0171 5.76183
      vertex -2.01095 83.0625 7.00831
    endloop
  endfacet
  facet normal -0.194742 0.980854 -4.45858e-05
    outer loop
      vertex -1.98236 83.0681 6.9892
      vertex -2.18757 83.0273 5.7365
      vertex -2.23895 83.0171 5.76183
    endloop
  endfacet
  facet normal -0.195004 0.980802 0
    outer loop
      vertex -2.18757 83.0273 5.7365
      vertex -1.98236 83.0681 6.9892
      vertex -1.98236 83.0681 5.66683
    endloop
  endfacet
  facet normal -0.195004 0.980802 0
    outer loop
      vertex -1.98236 83.0681 9.01079
      vertex -2.18757 83.0273 10.2635
      vertex -1.98236 83.0681 10.3332
    endloop
  endfacet
  facet normal -0.194742 0.980855 4.45894e-05
    outer loop
      vertex -2.18757 83.0273 10.2635
      vertex -1.98236 83.0681 9.01079
      vertex -2.23895 83.0171 10.2382
    endloop
  endfacet
  facet normal -0.192554 0.981286 0.000519835
    outer loop
      vertex -2.01095 83.0625 8.99169
      vertex -2.23895 83.0171 10.2382
      vertex -1.98236 83.0681 9.01079
    endloop
  endfacet
  facet normal -0.195433 0.980717 -2.74557e-05
    outer loop
      vertex -2.13388 83.038 8.88388
      vertex -2.23895 83.0171 10.2382
      vertex -2.01095 83.0625 8.99169
    endloop
  endfacet
  facet normal -0.195093 0.980785 0
    outer loop
      vertex -2.23895 83.0171 10.2382
      vertex -2.13388 83.038 8.88388
      vertex -2.23895 83.0171 8.76408
    endloop
  endfacet
  facet normal 0.195199 0.980764 -0.000286657
    outer loop
      vertex -2.76105 83.0171 9.92654
      vertex -3.01764 83.0681 9.69224
      vertex -2.98241 83.0611 9.73241
    endloop
  endfacet
  facet normal 0.194947 0.980814 0
    outer loop
      vertex -2.76105 83.0171 9.92654
      vertex -3.01764 83.0681 6.30776
      vertex -3.01764 83.0681 9.69224
    endloop
  endfacet
  facet normal 0.194947 0.980814 -0
    outer loop
      vertex -2.76105 83.0171 6.07346
      vertex -3.01764 83.0681 6.30776
      vertex -2.76105 83.0171 9.92654
    endloop
  endfacet
  facet normal 0.195199 0.980764 0.000286657
    outer loop
      vertex -3.01764 83.0681 6.30776
      vertex -2.76105 83.0171 6.07346
      vertex -2.98241 83.0611 6.26759
    endloop
  endfacet
  facet normal -0.896848 0.442338 0
    outer loop
      vertex -0.767949 84 6.84697
      vertex -0.652241 84.2346 5.62625
      vertex -0.767949 84 5.60324
    endloop
  endfacet
  facet normal -0.896848 0.442338 0
    outer loop
      vertex -0.652241 84.2346 5.62625
      vertex -0.767949 84 6.84697
      vertex -0.652241 84.2346 6.90403
    endloop
  endfacet
  facet normal -0.896848 0.442338 0
    outer loop
      vertex -0.767949 84 9.15303
      vertex -0.652241 84.2346 10.3737
      vertex -0.652241 84.2346 9.09596
    endloop
  endfacet
  facet normal -0.896848 0.442338 0
    outer loop
      vertex -0.652241 84.2346 10.3737
      vertex -0.767949 84 9.15303
      vertex -0.767949 84 10.3968
    endloop
  endfacet
  facet normal -0.0655229 0.997851 0
    outer loop
      vertex -2.23895 83.0171 8.76408
      vertex -2.475 83.0016 10.1218
      vertex -2.23895 83.0171 10.2382
    endloop
  endfacet
  facet normal -0.0640414 0.997947 0.000258673
    outer loop
      vertex -2.475 83.0016 10.1218
      vertex -2.23895 83.0171 8.76408
      vertex -2.5 83 10.1051
    endloop
  endfacet
  facet normal -0.0714474 0.997444 -0.00118943
    outer loop
      vertex -2.24169 83.0169 8.76095
      vertex -2.5 83 10.1051
      vertex -2.23895 83.0171 8.76408
    endloop
  endfacet
  facet normal -0.0649184 0.997891 7.08781e-05
    outer loop
      vertex -2.33253 83.011 8.625
      vertex -2.5 83 10.1051
      vertex -2.24169 83.0169 8.76095
    endloop
  endfacet
  facet normal -0.0660984 0.997813 -6.32048e-05
    outer loop
      vertex -2.40485 83.0062 8.47835
      vertex -2.5 83 10.1051
      vertex -2.33253 83.011 8.625
    endloop
  endfacet
  facet normal -0.064622 0.99791 2.35156e-05
    outer loop
      vertex -2.45741 83.0028 8.32352
      vertex -2.5 83 10.1051
      vertex -2.40485 83.0062 8.47835
    endloop
  endfacet
  facet normal -0.0656792 0.997841 -1.86521e-06
    outer loop
      vertex -2.48931 83.0007 8.16316
      vertex -2.5 83 10.1051
      vertex -2.45741 83.0028 8.32352
    endloop
  endfacet
  facet normal -0.0653418 0.997863 0
    outer loop
      vertex -2.5 83 10.1051
      vertex -2.48931 83.0007 8.16316
      vertex -2.5 83 8
    endloop
  endfacet
  facet normal -0.0653418 0.997863 0
    outer loop
      vertex -2.48931 83.0007 7.83684
      vertex -2.5 83 5.89494
      vertex -2.5 83 8
    endloop
  endfacet
  facet normal -0.0656792 0.997841 1.86524e-06
    outer loop
      vertex -2.45741 83.0028 7.67648
      vertex -2.5 83 5.89494
      vertex -2.48931 83.0007 7.83684
    endloop
  endfacet
  facet normal -0.064622 0.99791 -2.35161e-05
    outer loop
      vertex -2.40485 83.0062 7.52165
      vertex -2.5 83 5.89494
      vertex -2.45741 83.0028 7.67648
    endloop
  endfacet
  facet normal -0.0660984 0.997813 6.32062e-05
    outer loop
      vertex -2.33253 83.011 7.375
      vertex -2.5 83 5.89494
      vertex -2.40485 83.0062 7.52165
    endloop
  endfacet
  facet normal -0.0649184 0.997891 -7.08797e-05
    outer loop
      vertex -2.24169 83.0169 7.23905
      vertex -2.5 83 5.89494
      vertex -2.33253 83.011 7.375
    endloop
  endfacet
  facet normal -0.0714473 0.997444 0.00118946
    outer loop
      vertex -2.23895 83.0171 7.23592
      vertex -2.5 83 5.89494
      vertex -2.24169 83.0169 7.23905
    endloop
  endfacet
  facet normal -0.0640414 0.997947 -0.00025868
    outer loop
      vertex -2.23895 83.0171 7.23592
      vertex -2.475 83.0016 5.87824
      vertex -2.5 83 5.89494
    endloop
  endfacet
  facet normal -0.0655229 0.997851 0
    outer loop
      vertex -2.475 83.0016 5.87824
      vertex -2.23895 83.0171 7.23592
      vertex -2.23895 83.0171 5.76183
    endloop
  endfacet
  facet normal -0.442639 0.8967 0
    outer loop
      vertex -1.72835 83.1553 6.84515
      vertex -1.73463 83.1522 5.60375
      vertex -1.73463 83.1522 6.84825
    endloop
  endfacet
  facet normal -0.442505 0.896766 -8.43035e-07
    outer loop
      vertex -1.57352 83.2317 6.79259
      vertex -1.73463 83.1522 5.60375
      vertex -1.72835 83.1553 6.84515
    endloop
  endfacet
  facet normal -0.442714 0.896663 3.44943e-05
    outer loop
      vertex -1.5 83.268 6.77797
      vertex -1.73463 83.1522 5.60375
      vertex -1.57352 83.2317 6.79259
    endloop
  endfacet
  facet normal -0.442341 0.896847 -5.81686e-05
    outer loop
      vertex -1.5 83.268 6.77797
      vertex -1.56979 83.2335 5.57096
      vertex -1.73463 83.1522 5.60375
    endloop
  endfacet
  facet normal -0.44315 0.896447 0
    outer loop
      vertex -1.56979 83.2335 5.57096
      vertex -1.5 83.268 6.77797
      vertex -1.5 83.268 5.56639
    endloop
  endfacet
  facet normal -0.44315 0.896447 0
    outer loop
      vertex -1.5 83.268 9.22203
      vertex -1.56979 83.2335 10.429
      vertex -1.5 83.268 10.4336
    endloop
  endfacet
  facet normal -0.442341 0.896847 5.81703e-05
    outer loop
      vertex -1.56979 83.2335 10.429
      vertex -1.5 83.268 9.22203
      vertex -1.73463 83.1522 10.3962
    endloop
  endfacet
  facet normal -0.442714 0.896663 -3.44958e-05
    outer loop
      vertex -1.57352 83.2317 9.20741
      vertex -1.73463 83.1522 10.3962
      vertex -1.5 83.268 9.22203
    endloop
  endfacet
  facet normal -0.442505 0.896766 8.43069e-07
    outer loop
      vertex -1.72835 83.1553 9.15485
      vertex -1.73463 83.1522 10.3962
      vertex -1.57352 83.2317 9.20741
    endloop
  endfacet
  facet normal -0.442639 0.8967 0
    outer loop
      vertex -1.73463 83.1522 10.3962
      vertex -1.72835 83.1553 9.15485
      vertex -1.73463 83.1522 9.15175
    endloop
  endfacet
  facet normal -0.829932 0.557865 0
    outer loop
      vertex -0.767949 84 5.60324
      vertex -0.771646 83.9945 6.84515
      vertex -0.767949 84 6.84697
    endloop
  endfacet
  facet normal -0.831443 0.55561 0
    outer loop
      vertex -0.913293 83.7825 6.79707
      vertex -0.767949 84 5.60324
      vertex -0.913293 83.7825 5.57433
    endloop
  endfacet
  facet normal -0.831481 0.555554 -1.48455e-05
    outer loop
      vertex -0.767949 84 5.60324
      vertex -0.913293 83.7825 6.79707
      vertex -0.771646 83.9945 6.84515
    endloop
  endfacet
  facet normal -0.829932 0.557865 0
    outer loop
      vertex -0.771646 83.9945 9.15485
      vertex -0.767949 84 10.3968
      vertex -0.767949 84 9.15303
    endloop
  endfacet
  facet normal -0.831481 0.555554 1.48451e-05
    outer loop
      vertex -0.913293 83.7825 9.20293
      vertex -0.767949 84 10.3968
      vertex -0.771646 83.9945 9.15485
    endloop
  endfacet
  facet normal -0.831443 0.55561 0
    outer loop
      vertex -0.767949 84 10.3968
      vertex -0.913293 83.7825 9.20293
      vertex -0.913293 83.7825 10.4257
    endloop
  endfacet
  facet normal 0.0623494 0.998045 0.00442565
    outer loop
      vertex -2.5 83 10.1051
      vertex -2.76105 83.0171 9.92654
      vertex -2.74146 83.0158 9.94372
    endloop
  endfacet
  facet normal 0.0653646 0.997861 -0
    outer loop
      vertex -2.5 83 8
      vertex -2.76105 83.0171 9.92654
      vertex -2.5 83 10.1051
    endloop
  endfacet
  facet normal 0.0653646 0.997861 0
    outer loop
      vertex -2.5 83 8
      vertex -2.76105 83.0171 6.07346
      vertex -2.76105 83.0171 9.92654
    endloop
  endfacet
  facet normal 0.0661245 0.997811 -0.000103407
    outer loop
      vertex -2.5 83 8
      vertex -2.74146 83.0158 6.05628
      vertex -2.76105 83.0171 6.07346
    endloop
  endfacet
  facet normal 0.0652956 0.997866 0
    outer loop
      vertex -2.74146 83.0158 6.05628
      vertex -2.5 83 8
      vertex -2.5 83 5.89494
    endloop
  endfacet
  facet normal 0.44224 0.896897 0.000233569
    outer loop
      vertex -3.26537 83.1522 9.38423
      vertex -3.5 83.268 8.96496
      vertex -3.37176 83.2047 9.225
    endloop
  endfacet
  facet normal 0.442575 0.896731 0
    outer loop
      vertex -3.26537 83.1522 9.38423
      vertex -3.5 83.268 7.03504
      vertex -3.5 83.268 8.96496
    endloop
  endfacet
  facet normal 0.442575 0.896731 -0
    outer loop
      vertex -3.26537 83.1522 6.61577
      vertex -3.5 83.268 7.03504
      vertex -3.26537 83.1522 9.38423
    endloop
  endfacet
  facet normal 0.44224 0.896897 -0.000233569
    outer loop
      vertex -3.5 83.268 7.03504
      vertex -3.26537 83.1522 6.61577
      vertex -3.37176 83.2047 6.775
    endloop
  endfacet
  facet normal 0.553212 0.83304 0.00105846
    outer loop
      vertex -3.5 83.268 8.96496
      vertex -3.61652 83.3458 8.63411
      vertex -3.5135 83.277 8.93757
    endloop
  endfacet
  facet normal 0.554628 0.832098 0.000338272
    outer loop
      vertex -3.5 83.268 8.96496
      vertex -3.67904 83.3876 8.31979
      vertex -3.61652 83.3458 8.63411
    endloop
  endfacet
  facet normal 0.555484 0.831527 -4.86758e-06
    outer loop
      vertex -3.5 83.268 8.96496
      vertex -3.7 83.4016 8
      vertex -3.67904 83.3876 8.31979
    endloop
  endfacet
  facet normal 0.555459 0.831544 2.5287e-06
    outer loop
      vertex -3.5 83.268 8.96496
      vertex -3.67904 83.3876 7.68021
      vertex -3.7 83.4016 8
    endloop
  endfacet
  facet normal 0.555667 0.831405 -3.94404e-05
    outer loop
      vertex -3.5 83.268 8.96496
      vertex -3.61652 83.3458 7.36589
      vertex -3.67904 83.3876 7.68021
    endloop
  endfacet
  facet normal 0.555293 0.831655 -0
    outer loop
      vertex -3.5 83.268 7.03504
      vertex -3.61652 83.3458 7.36589
      vertex -3.5 83.268 8.96496
    endloop
  endfacet
  facet normal 0.553214 0.833038 -0.00105749
    outer loop
      vertex -3.61652 83.3458 7.36589
      vertex -3.5 83.268 7.03504
      vertex -3.5135 83.277 7.06242
    endloop
  endfacet
  facet normal -0.753306 0.657671 0
    outer loop
      vertex -0.913293 83.7825 5.57433
      vertex -0.926476 83.7674 6.79259
      vertex -0.913293 83.7825 6.79707
    endloop
  endfacet
  facet normal -0.752002 0.65916 -5.16426e-05
    outer loop
      vertex -1.08579 83.5858 6.7609
      vertex -0.913293 83.7825 5.57433
      vertex -0.93021 83.7632 5.57096
    endloop
  endfacet
  facet normal -0.751831 0.659356 0
    outer loop
      vertex -1.08579 83.5858 6.7609
      vertex -0.93021 83.7632 5.57096
      vertex -1.08579 83.5858 5.56076
    endloop
  endfacet
  facet normal -0.75173 0.659471 3.93593e-05
    outer loop
      vertex -0.913293 83.7825 5.57433
      vertex -1.08579 83.5858 6.7609
      vertex -0.926476 83.7674 6.79259
    endloop
  endfacet
  facet normal -0.753306 0.657671 0
    outer loop
      vertex -0.926476 83.7674 9.20741
      vertex -0.913293 83.7825 10.4257
      vertex -0.913293 83.7825 9.20293
    endloop
  endfacet
  facet normal -0.75173 0.659471 -3.93584e-05
    outer loop
      vertex -1.08579 83.5858 9.2391
      vertex -0.913293 83.7825 10.4257
      vertex -0.926476 83.7674 9.20741
    endloop
  endfacet
  facet normal -0.752002 0.65916 5.16715e-05
    outer loop
      vertex -0.913293 83.7825 10.4257
      vertex -1.08579 83.5858 9.2391
      vertex -0.93021 83.7632 10.429
    endloop
  endfacet
  facet normal -0.751831 0.659356 0
    outer loop
      vertex -0.93021 83.7632 10.429
      vertex -1.08579 83.5858 9.2391
      vertex -1.08579 83.5858 10.4392
    endloop
  endfacet
endsolid OpenSCAD_Model
