solid OpenSCAD_Model
  facet normal 0 0 -1
    outer loop
      vertex 1.79999 63.8309 0
      vertex 6.38365 64.2309 0
      vertex 1.79999 63.0027 0
    endloop
  endfacet
  facet normal -0 0 -1
    outer loop
      vertex 6.38365 64.2309 0
      vertex 1.79999 63.8309 0
      vertex 6.27641 65.0303 0
    endloop
  endfacet
  facet normal 0 0 -1
    outer loop
      vertex 1.79999 54.8309 0
      vertex 7.54909 55.5432 0
      vertex 1.79999 54.0027 0
    endloop
  endfacet
  facet normal -0 0 -1
    outer loop
      vertex 7.54909 55.5432 0
      vertex 1.79999 54.8309 0
      vertex 7.44183 56.3426 0
    endloop
  endfacet
  facet normal 0 0 -1
    outer loop
      vertex 1.79999 45.8309 0
      vertex 8.71451 46.8554 0
      vertex 1.79999 45.0027 0
    endloop
  endfacet
  facet normal -0 0 -1
    outer loop
      vertex 8.71451 46.8554 0
      vertex 1.79999 45.8309 0
      vertex 8.60727 47.6549 0
    endloop
  endfacet
  facet normal 0 0 -1
    outer loop
      vertex 9.64207 -8.56001 0
      vertex 16 -12 0
      vertex 9.68546 -8.7781 0
    endloop
  endfacet
  facet normal 0 0 -1
    outer loop
      vertex 16 -12 0
      vertex 9.68546 -3.82189 0
      vertex 9.7 -3.6 0
    endloop
  endfacet
  facet normal 0 0 -1
    outer loop
      vertex 9.57059 -8.34944 0
      vertex 16 -12 0
      vertex 9.64207 -8.56001 0
    endloop
  endfacet
  facet normal 0 0 -1
    outer loop
      vertex 16 -12 0
      vertex 9.64207 -4.03999 0
      vertex 9.68546 -3.82189 0
    endloop
  endfacet
  facet normal 0 0 -1
    outer loop
      vertex 9.57059 -4.25056 0
      vertex 16 -12 0
      vertex 9.57059 -8.34944 0
    endloop
  endfacet
  facet normal 0 0 -1
    outer loop
      vertex 16 -12 0
      vertex 9.57059 -4.25056 0
      vertex 9.64207 -4.03999 0
    endloop
  endfacet
  facet normal 0 0 -1
    outer loop
      vertex 9.47224 -8.15 0
      vertex 9.57059 -4.25056 0
      vertex 9.57059 -8.34944 0
    endloop
  endfacet
  facet normal 0 0 -1
    outer loop
      vertex 9.47224 -8.15 0
      vertex 9.47224 -4.45 0
      vertex 9.57059 -4.25056 0
    endloop
  endfacet
  facet normal 0 0 -1
    outer loop
      vertex 9.3487 -7.96511 0
      vertex 9.47224 -4.45 0
      vertex 9.47224 -8.15 0
    endloop
  endfacet
  facet normal 0 0 -1
    outer loop
      vertex 9.3487 -7.96511 0
      vertex 9.3487 -4.63489 0
      vertex 9.47224 -4.45 0
    endloop
  endfacet
  facet normal 0 0 -1
    outer loop
      vertex 9.20208 -7.79792 0
      vertex 9.3487 -4.63489 0
      vertex 9.3487 -7.96511 0
    endloop
  endfacet
  facet normal 0 0 -1
    outer loop
      vertex 9.20208 -7.79792 0
      vertex 9.20208 -4.80208 0
      vertex 9.3487 -4.63489 0
    endloop
  endfacet
  facet normal 0 0 -1
    outer loop
      vertex 9.03489 -7.6513 0
      vertex 9.20208 -4.80208 0
      vertex 9.20208 -7.79792 0
    endloop
  endfacet
  facet normal 0 0 -1
    outer loop
      vertex 9.03489 -7.6513 0
      vertex 9.03489 -4.9487 0
      vertex 9.20208 -4.80208 0
    endloop
  endfacet
  facet normal 0 0 -1
    outer loop
      vertex 8.85 -7.52776 0
      vertex 9.03489 -4.9487 0
      vertex 9.03489 -7.6513 0
    endloop
  endfacet
  facet normal 0 0 -1
    outer loop
      vertex 8.85 -7.52776 0
      vertex 8.85 -5.07224 0
      vertex 9.03489 -4.9487 0
    endloop
  endfacet
  facet normal 0 0 -1
    outer loop
      vertex 8.65056 -7.4294 0
      vertex 8.85 -5.07224 0
      vertex 8.85 -7.52776 0
    endloop
  endfacet
  facet normal 0 0 -1
    outer loop
      vertex 8.65056 -7.4294 0
      vertex 8.65056 -5.1706 0
      vertex 8.85 -5.07224 0
    endloop
  endfacet
  facet normal 0 0 -1
    outer loop
      vertex 8.43999 -7.35793 0
      vertex 8.65056 -5.1706 0
      vertex 8.65056 -7.4294 0
    endloop
  endfacet
  facet normal 0 0 -1
    outer loop
      vertex 8.43999 -7.35793 0
      vertex 8.43999 -5.24207 0
      vertex 8.65056 -5.1706 0
    endloop
  endfacet
  facet normal 0 0 -1
    outer loop
      vertex 8.22189 -7.31454 0
      vertex 8.43999 -5.24207 0
      vertex 8.43999 -7.35793 0
    endloop
  endfacet
  facet normal 0 0 -1
    outer loop
      vertex 8.22189 -7.31454 0
      vertex 8.22189 -5.28546 0
      vertex 8.43999 -5.24207 0
    endloop
  endfacet
  facet normal 0 0 -1
    outer loop
      vertex 8 -7.3 0
      vertex 8.22189 -5.28546 0
      vertex 8.22189 -7.31454 0
    endloop
  endfacet
  facet normal 0 0 -1
    outer loop
      vertex 8 -7.3 0
      vertex 8 -5.3 0
      vertex 8.22189 -5.28546 0
    endloop
  endfacet
  facet normal 0 0 -1
    outer loop
      vertex 7.7781 -7.31454 0
      vertex 8 -5.3 0
      vertex 8 -7.3 0
    endloop
  endfacet
  facet normal 0 0 -1
    outer loop
      vertex 7.7781 -7.31454 0
      vertex 7.7781 -5.28546 0
      vertex 8 -5.3 0
    endloop
  endfacet
  facet normal 0 0 -1
    outer loop
      vertex 7.56001 -7.35793 0
      vertex 7.7781 -5.28546 0
      vertex 7.7781 -7.31454 0
    endloop
  endfacet
  facet normal 0 0 -1
    outer loop
      vertex 7.56001 -7.35793 0
      vertex 7.56001 -5.24207 0
      vertex 7.7781 -5.28546 0
    endloop
  endfacet
  facet normal 0 0 -1
    outer loop
      vertex 7.34944 -7.4294 0
      vertex 7.56001 -5.24207 0
      vertex 7.56001 -7.35793 0
    endloop
  endfacet
  facet normal 0 0 -1
    outer loop
      vertex 7.34944 -7.4294 0
      vertex 7.34944 -5.1706 0
      vertex 7.56001 -5.24207 0
    endloop
  endfacet
  facet normal 0 0 -1
    outer loop
      vertex 7.15 -7.52776 0
      vertex 7.34944 -5.1706 0
      vertex 7.34944 -7.4294 0
    endloop
  endfacet
  facet normal 0 0 -1
    outer loop
      vertex 7.15 -7.52776 0
      vertex 7.15 -5.07224 0
      vertex 7.34944 -5.1706 0
    endloop
  endfacet
  facet normal 0 0 -1
    outer loop
      vertex 6.96511 -7.6513 0
      vertex 7.15 -5.07224 0
      vertex 7.15 -7.52776 0
    endloop
  endfacet
  facet normal 0 0 -1
    outer loop
      vertex 6.96511 -7.6513 0
      vertex 6.96511 -4.9487 0
      vertex 7.15 -5.07224 0
    endloop
  endfacet
  facet normal 0 0 -1
    outer loop
      vertex 6.79792 -7.79792 0
      vertex 6.96511 -4.9487 0
      vertex 6.96511 -7.6513 0
    endloop
  endfacet
  facet normal 0 0 -1
    outer loop
      vertex 6.79792 -7.79792 0
      vertex 6.79792 -4.80208 0
      vertex 6.96511 -4.9487 0
    endloop
  endfacet
  facet normal 0 0 -1
    outer loop
      vertex 6.6513 -7.96511 0
      vertex 6.79792 -4.80208 0
      vertex 6.79792 -7.79792 0
    endloop
  endfacet
  facet normal 0 0 -1
    outer loop
      vertex 6.6513 -7.96511 0
      vertex 6.6513 -4.63489 0
      vertex 6.79792 -4.80208 0
    endloop
  endfacet
  facet normal 0 0 -1
    outer loop
      vertex 6.52776 -8.15 0
      vertex 6.6513 -4.63489 0
      vertex 6.6513 -7.96511 0
    endloop
  endfacet
  facet normal 0 0 -1
    outer loop
      vertex 6.52776 -8.15 0
      vertex 6.52776 -4.45 0
      vertex 6.6513 -4.63489 0
    endloop
  endfacet
  facet normal 0 0 -1
    outer loop
      vertex 6.4294 -8.34944 0
      vertex 6.52776 -4.45 0
      vertex 6.52776 -8.15 0
    endloop
  endfacet
  facet normal 0 0 -1
    outer loop
      vertex 6.4294 -8.34944 0
      vertex 6.4294 -4.25056 0
      vertex 6.52776 -4.45 0
    endloop
  endfacet
  facet normal 0 0 -1
    outer loop
      vertex 0 -12 0
      vertex 6.4294 -8.34944 0
      vertex 6.35793 -8.56001 0
    endloop
  endfacet
  facet normal -0 0 -1
    outer loop
      vertex 6.4294 -8.34944 0
      vertex 0 -12 0
      vertex 6.4294 -4.25056 0
    endloop
  endfacet
  facet normal 0 0 -1
    outer loop
      vertex 0 -12 0
      vertex 6.35793 -8.56001 0
      vertex 6.31454 -8.7781 0
    endloop
  endfacet
  facet normal -0 0 -1
    outer loop
      vertex 6.4294 -4.25056 0
      vertex 0 -12 0
      vertex 6.35793 -4.03999 0
    endloop
  endfacet
  facet normal 0 0 -1
    outer loop
      vertex 0 -12 0
      vertex 6.31454 -8.7781 0
      vertex 6.3 -9 0
    endloop
  endfacet
  facet normal 0 -0 -1
    outer loop
      vertex 1.79999 0.00999451 0
      vertex 6.35793 -4.03999 0
      vertex 0 -12 0
    endloop
  endfacet
  facet normal 0 0 -1
    outer loop
      vertex 1.79999 36.8309 0
      vertex 9.87994 38.1677 0
      vertex 1.79999 36.0027 0
    endloop
  endfacet
  facet normal -0 0 -1
    outer loop
      vertex 9.87994 38.1677 0
      vertex 1.79999 36.8309 0
      vertex 9.77269 38.9672 0
    endloop
  endfacet
  facet normal 0 0 -1
    outer loop
      vertex 1.79999 27.8309 0
      vertex 11.0454 29.48 0
      vertex 1.79999 27.0027 0
    endloop
  endfacet
  facet normal -0 0 -1
    outer loop
      vertex 11.0454 29.48 0
      vertex 1.79999 27.8309 0
      vertex 10.9381 30.2794 0
    endloop
  endfacet
  facet normal 0 0 -1
    outer loop
      vertex 1.79999 18.8309 0
      vertex 12.2108 20.7923 0
      vertex 1.79999 18.0027 0
    endloop
  endfacet
  facet normal -0 0 -1
    outer loop
      vertex 12.2108 20.7923 0
      vertex 1.79999 18.8309 0
      vertex 12.1035 21.5917 0
    endloop
  endfacet
  facet normal 0 0 -1
    outer loop
      vertex 1.79999 9.8309 0
      vertex 13.3762 12.1045 0
      vertex 1.79999 9.00269 0
    endloop
  endfacet
  facet normal -0 0 -1
    outer loop
      vertex 13.3762 12.1045 0
      vertex 1.79999 9.8309 0
      vertex 13.269 12.904 0
    endloop
  endfacet
  facet normal 0 0 -1
    outer loop
      vertex 16 -12 0
      vertex 15.9987 0.00999451 0
      vertex 16 0.00999451 0
    endloop
  endfacet
  facet normal 0 0 -1
    outer loop
      vertex 16 -12 0
      vertex 14.9987 0.00999451 0
      vertex 15.9987 0.00999451 0
    endloop
  endfacet
  facet normal 0 0 -1
    outer loop
      vertex 9.68546 -8.7781 0
      vertex 16 -12 0
      vertex 9.7 -9 0
    endloop
  endfacet
  facet normal 0 0 -1
    outer loop
      vertex 16 -12 0
      vertex 9.68546 -9.22189 0
      vertex 9.7 -9 0
    endloop
  endfacet
  facet normal 0 0 -1
    outer loop
      vertex 16 -12 0
      vertex 9.64207 -9.43999 0
      vertex 9.68546 -9.22189 0
    endloop
  endfacet
  facet normal 0 0 -1
    outer loop
      vertex 16 -12 0
      vertex 9.57059 -9.65056 0
      vertex 9.64207 -9.43999 0
    endloop
  endfacet
  facet normal 0 0 -1
    outer loop
      vertex 16 -12 0
      vertex 9.47224 -9.85 0
      vertex 9.57059 -9.65056 0
    endloop
  endfacet
  facet normal 0 0 -1
    outer loop
      vertex 16 -12 0
      vertex 9.3487 -10.0349 0
      vertex 9.47224 -9.85 0
    endloop
  endfacet
  facet normal 0 0 -1
    outer loop
      vertex 16 -12 0
      vertex 9.20208 -10.2021 0
      vertex 9.3487 -10.0349 0
    endloop
  endfacet
  facet normal 0 0 -1
    outer loop
      vertex 16 -12 0
      vertex 9.03489 -10.3487 0
      vertex 9.20208 -10.2021 0
    endloop
  endfacet
  facet normal 0 0 -1
    outer loop
      vertex 16 -12 0
      vertex 8.85 -10.4722 0
      vertex 9.03489 -10.3487 0
    endloop
  endfacet
  facet normal 0 0 -1
    outer loop
      vertex 16 -12 0
      vertex 8.65056 -10.5706 0
      vertex 8.85 -10.4722 0
    endloop
  endfacet
  facet normal 0 0 -1
    outer loop
      vertex 16 -12 0
      vertex 8.43999 -10.6421 0
      vertex 8.65056 -10.5706 0
    endloop
  endfacet
  facet normal 0 0 -1
    outer loop
      vertex 16 -12 0
      vertex 8.22189 -10.6855 0
      vertex 8.43999 -10.6421 0
    endloop
  endfacet
  facet normal 0 0 -1
    outer loop
      vertex 16 -12 0
      vertex 8 -10.7 0
      vertex 8.22189 -10.6855 0
    endloop
  endfacet
  facet normal 0 0 -1
    outer loop
      vertex 0 -12 0
      vertex 8 -10.7 0
      vertex 16 -12 0
    endloop
  endfacet
  facet normal 0 0 -1
    outer loop
      vertex 6.35793 -4.03999 0
      vertex 1.79999 0.00999451 0
      vertex 6.31454 -3.82189 0
    endloop
  endfacet
  facet normal 0 0 -1
    outer loop
      vertex 0 -12 0
      vertex 6.3 -9 0
      vertex 6.31454 -9.22189 0
    endloop
  endfacet
  facet normal 0 0 -1
    outer loop
      vertex 0 -12 0
      vertex 6.31454 -9.22189 0
      vertex 6.35793 -9.43999 0
    endloop
  endfacet
  facet normal 0 0 -1
    outer loop
      vertex 0 -12 0
      vertex 6.35793 -9.43999 0
      vertex 6.4294 -9.65056 0
    endloop
  endfacet
  facet normal 0 0 -1
    outer loop
      vertex 0 -12 0
      vertex 1.79999 9.00269 0
      vertex 1.79999 0.00999451 0
    endloop
  endfacet
  facet normal -0 0 -1
    outer loop
      vertex 1.79999 9.00269 0
      vertex 0 -12 0
      vertex 1.79999 9.8309 0
    endloop
  endfacet
  facet normal -0 0 -1
    outer loop
      vertex 1.79999 9.8309 0
      vertex 0 -12 0
      vertex 1.79999 18.0027 0
    endloop
  endfacet
  facet normal -0 0 -1
    outer loop
      vertex 1.79999 18.0027 0
      vertex 0 -12 0
      vertex 1.79999 18.8309 0
    endloop
  endfacet
  facet normal -0 0 -1
    outer loop
      vertex 1.79999 18.8309 0
      vertex 0 -12 0
      vertex 1.79999 27.0027 0
    endloop
  endfacet
  facet normal -0 0 -1
    outer loop
      vertex 1.79999 27.0027 0
      vertex 0 -12 0
      vertex 1.79999 27.8309 0
    endloop
  endfacet
  facet normal -0 0 -1
    outer loop
      vertex 1.79999 27.8309 0
      vertex 0 -12 0
      vertex 1.79999 36.0027 0
    endloop
  endfacet
  facet normal -0 0 -1
    outer loop
      vertex 1.79999 36.0027 0
      vertex 0 -12 0
      vertex 1.79999 36.8309 0
    endloop
  endfacet
  facet normal 0 0 -1
    outer loop
      vertex 0 82 0
      vertex 1.79999 36.8309 0
      vertex 0 -12 0
    endloop
  endfacet
  facet normal 0 0 -1
    outer loop
      vertex 1.79999 36.8309 0
      vertex 0 82 0
      vertex 1.79999 45.0027 0
    endloop
  endfacet
  facet normal 0 0 -1
    outer loop
      vertex 1.79999 45.0027 0
      vertex 0 82 0
      vertex 1.79999 45.8309 0
    endloop
  endfacet
  facet normal 0 0 -1
    outer loop
      vertex 1.79999 45.8309 0
      vertex 0 82 0
      vertex 1.79999 54.0027 0
    endloop
  endfacet
  facet normal 0 0 -1
    outer loop
      vertex 1.79999 54.0027 0
      vertex 0 82 0
      vertex 1.79999 54.8309 0
    endloop
  endfacet
  facet normal 0 0 -1
    outer loop
      vertex 1.79999 54.8309 0
      vertex 0 82 0
      vertex 1.79999 63.0027 0
    endloop
  endfacet
  facet normal 0 0 -1
    outer loop
      vertex 1.79999 63.0027 0
      vertex 0 82 0
      vertex 1.79999 63.8309 0
    endloop
  endfacet
  facet normal 0 0 -1
    outer loop
      vertex 6.31454 -3.82189 0
      vertex 1.79999 0.00999451 0
      vertex 6.3 -3.6 0
    endloop
  endfacet
  facet normal -0 0 -1
    outer loop
      vertex 6.52776 -9.85 0
      vertex 0 -12 0
      vertex 6.4294 -9.65056 0
    endloop
  endfacet
  facet normal -0 0 -1
    outer loop
      vertex 6.6513 -10.0349 0
      vertex 0 -12 0
      vertex 6.52776 -9.85 0
    endloop
  endfacet
  facet normal -0 0 -1
    outer loop
      vertex 6.79792 -10.2021 0
      vertex 0 -12 0
      vertex 6.6513 -10.0349 0
    endloop
  endfacet
  facet normal -0 0 -1
    outer loop
      vertex 6.96511 -10.3487 0
      vertex 0 -12 0
      vertex 6.79792 -10.2021 0
    endloop
  endfacet
  facet normal -0 0 -1
    outer loop
      vertex 7.15 -10.4722 0
      vertex 0 -12 0
      vertex 6.96511 -10.3487 0
    endloop
  endfacet
  facet normal -0 0 -1
    outer loop
      vertex 7.34944 -10.5706 0
      vertex 0 -12 0
      vertex 7.15 -10.4722 0
    endloop
  endfacet
  facet normal -0 0 -1
    outer loop
      vertex 7.56001 -10.6421 0
      vertex 0 -12 0
      vertex 7.34944 -10.5706 0
    endloop
  endfacet
  facet normal -0 0 -1
    outer loop
      vertex 7.7781 -10.6855 0
      vertex 0 -12 0
      vertex 7.56001 -10.6421 0
    endloop
  endfacet
  facet normal -0 0 -1
    outer loop
      vertex 8 -10.7 0
      vertex 0 -12 0
      vertex 7.7781 -10.6855 0
    endloop
  endfacet
  facet normal 0 0 -1
    outer loop
      vertex 13.3762 12.1045 0
      vertex 15.9987 0.00999451 0
      vertex 14.9987 0.00999451 0
    endloop
  endfacet
  facet normal 0 0 -1
    outer loop
      vertex 13.269 12.904 0
      vertex 15.9987 0.00999451 0
      vertex 13.3762 12.1045 0
    endloop
  endfacet
  facet normal 0 0 -1
    outer loop
      vertex 12.2108 20.7923 0
      vertex 15.9987 0.00999451 0
      vertex 13.269 12.904 0
    endloop
  endfacet
  facet normal 0 0 -1
    outer loop
      vertex 12.1035 21.5917 0
      vertex 15.9987 0.00999451 0
      vertex 12.2108 20.7923 0
    endloop
  endfacet
  facet normal 0 0 -1
    outer loop
      vertex 11.0454 29.48 0
      vertex 15.9987 0.00999451 0
      vertex 12.1035 21.5917 0
    endloop
  endfacet
  facet normal 0 0 -1
    outer loop
      vertex 10.9381 30.2794 0
      vertex 15.9987 0.00999451 0
      vertex 11.0454 29.48 0
    endloop
  endfacet
  facet normal 0 0 -1
    outer loop
      vertex 9.87994 38.1677 0
      vertex 15.9987 0.00999451 0
      vertex 10.9381 30.2794 0
    endloop
  endfacet
  facet normal 0 0 -1
    outer loop
      vertex 9.77269 38.9672 0
      vertex 15.9987 0.00999451 0
      vertex 9.87994 38.1677 0
    endloop
  endfacet
  facet normal 0 0 -1
    outer loop
      vertex 8.71451 46.8554 0
      vertex 15.9987 0.00999451 0
      vertex 9.77269 38.9672 0
    endloop
  endfacet
  facet normal 0 0 -1
    outer loop
      vertex 8.60727 47.6549 0
      vertex 15.9987 0.00999451 0
      vertex 8.71451 46.8554 0
    endloop
  endfacet
  facet normal 0 0 -1
    outer loop
      vertex 5 82 0
      vertex 8.60727 47.6549 0
      vertex 7.54909 55.5432 0
    endloop
  endfacet
  facet normal 0 0 -1
    outer loop
      vertex 5 82 0
      vertex 7.54909 55.5432 0
      vertex 7.44183 56.3426 0
    endloop
  endfacet
  facet normal 0 0 -1
    outer loop
      vertex 5 82 0
      vertex 7.44183 56.3426 0
      vertex 6.38365 64.2309 0
    endloop
  endfacet
  facet normal 0 0 -1
    outer loop
      vertex 5 82 0
      vertex 6.38365 64.2309 0
      vertex 6.27641 65.0303 0
    endloop
  endfacet
  facet normal 0 0 -1
    outer loop
      vertex 8.60727 47.6549 0
      vertex 5 82 0
      vertex 15.9987 0.00999451 0
    endloop
  endfacet
  facet normal 0 0 -1
    outer loop
      vertex 4.80487 76 0
      vertex 5 82 0
      vertex 6.27641 65.0303 0
    endloop
  endfacet
  facet normal 0 0 -1
    outer loop
      vertex 1.79999 76 0
      vertex 5 82 0
      vertex 4.80487 76 0
    endloop
  endfacet
  facet normal 0 0 -1
    outer loop
      vertex 1.79999 76 0
      vertex 0 82 0
      vertex 5 82 0
    endloop
  endfacet
  facet normal 0 0 -1
    outer loop
      vertex 1.79999 63.8309 0
      vertex 0 82 0
      vertex 1.79999 76 0
    endloop
  endfacet
  facet normal 0 0 -1
    outer loop
      vertex 16 -12 0
      vertex 9.7 -3.6 0
      vertex 14.9987 0.00999451 0
    endloop
  endfacet
  facet normal 0 0 -1
    outer loop
      vertex 9.68546 -3.37811 0
      vertex 14.9987 0.00999451 0
      vertex 9.7 -3.6 0
    endloop
  endfacet
  facet normal 0 0 -1
    outer loop
      vertex 9.64207 -3.16001 0
      vertex 14.9987 0.00999451 0
      vertex 9.68546 -3.37811 0
    endloop
  endfacet
  facet normal 0 0 -1
    outer loop
      vertex 9.57059 -2.94944 0
      vertex 14.9987 0.00999451 0
      vertex 9.64207 -3.16001 0
    endloop
  endfacet
  facet normal 0 0 -1
    outer loop
      vertex 9.47224 -2.75 0
      vertex 14.9987 0.00999451 0
      vertex 9.57059 -2.94944 0
    endloop
  endfacet
  facet normal 0 0 -1
    outer loop
      vertex 9.3487 -2.56511 0
      vertex 14.9987 0.00999451 0
      vertex 9.47224 -2.75 0
    endloop
  endfacet
  facet normal 0 0 -1
    outer loop
      vertex 9.20208 -2.39792 0
      vertex 14.9987 0.00999451 0
      vertex 9.3487 -2.56511 0
    endloop
  endfacet
  facet normal 0 0 -1
    outer loop
      vertex 9.03489 -2.2513 0
      vertex 14.9987 0.00999451 0
      vertex 9.20208 -2.39792 0
    endloop
  endfacet
  facet normal 0 0 -1
    outer loop
      vertex 8.85 -2.12776 0
      vertex 14.9987 0.00999451 0
      vertex 9.03489 -2.2513 0
    endloop
  endfacet
  facet normal 0 0 -1
    outer loop
      vertex 8.65056 -2.0294 0
      vertex 14.9987 0.00999451 0
      vertex 8.85 -2.12776 0
    endloop
  endfacet
  facet normal 0 0 -1
    outer loop
      vertex 8.43999 -1.95793 0
      vertex 14.9987 0.00999451 0
      vertex 8.65056 -2.0294 0
    endloop
  endfacet
  facet normal 0 0 -1
    outer loop
      vertex 8.22189 -1.91454 0
      vertex 14.9987 0.00999451 0
      vertex 8.43999 -1.95793 0
    endloop
  endfacet
  facet normal 0 0 -1
    outer loop
      vertex 8 -1.9 0
      vertex 14.9987 0.00999451 0
      vertex 8.22189 -1.91454 0
    endloop
  endfacet
  facet normal 0 0 -1
    outer loop
      vertex 1.79999 0.00999451 0
      vertex 8 -1.9 0
      vertex 7.7781 -1.91454 0
    endloop
  endfacet
  facet normal 0 0 -1
    outer loop
      vertex 1.79999 0.00999451 0
      vertex 7.7781 -1.91454 0
      vertex 7.56001 -1.95793 0
    endloop
  endfacet
  facet normal 0 0 -1
    outer loop
      vertex 8 -1.9 0
      vertex 1.79999 0.00999451 0
      vertex 14.9987 0.00999451 0
    endloop
  endfacet
  facet normal 0 0 -1
    outer loop
      vertex 7.34944 -2.0294 0
      vertex 1.79999 0.00999451 0
      vertex 7.56001 -1.95793 0
    endloop
  endfacet
  facet normal 0 0 -1
    outer loop
      vertex 7.15 -2.12776 0
      vertex 1.79999 0.00999451 0
      vertex 7.34944 -2.0294 0
    endloop
  endfacet
  facet normal 0 0 -1
    outer loop
      vertex 6.96511 -2.2513 0
      vertex 1.79999 0.00999451 0
      vertex 7.15 -2.12776 0
    endloop
  endfacet
  facet normal 0 0 -1
    outer loop
      vertex 6.79792 -2.39792 0
      vertex 1.79999 0.00999451 0
      vertex 6.96511 -2.2513 0
    endloop
  endfacet
  facet normal 0 0 -1
    outer loop
      vertex 6.6513 -2.56511 0
      vertex 1.79999 0.00999451 0
      vertex 6.79792 -2.39792 0
    endloop
  endfacet
  facet normal 0 0 -1
    outer loop
      vertex 6.52776 -2.75 0
      vertex 1.79999 0.00999451 0
      vertex 6.6513 -2.56511 0
    endloop
  endfacet
  facet normal 0 0 -1
    outer loop
      vertex 6.4294 -2.94944 0
      vertex 1.79999 0.00999451 0
      vertex 6.52776 -2.75 0
    endloop
  endfacet
  facet normal 0 0 -1
    outer loop
      vertex 6.35793 -3.16001 0
      vertex 1.79999 0.00999451 0
      vertex 6.4294 -2.94944 0
    endloop
  endfacet
  facet normal 0 0 -1
    outer loop
      vertex 6.31454 -3.37811 0
      vertex 1.79999 0.00999451 0
      vertex 6.35793 -3.16001 0
    endloop
  endfacet
  facet normal 0 0 -1
    outer loop
      vertex 1.79999 0.00999451 0
      vertex 6.31454 -3.37811 0
      vertex 6.3 -3.6 0
    endloop
  endfacet
  facet normal 0 0 1
    outer loop
      vertex 1.79999 63.8309 16
      vertex 6.38365 64.2309 16
      vertex 6.27641 65.0303 16
    endloop
  endfacet
  facet normal 0 0 1
    outer loop
      vertex 6.38365 64.2309 16
      vertex 1.79999 63.8309 16
      vertex 1.79999 63.0027 16
    endloop
  endfacet
  facet normal 0 0 1
    outer loop
      vertex 14.9987 0.00999451 16
      vertex 9.64207 -4.03999 16
      vertex 16 -12 16
    endloop
  endfacet
  facet normal 0 0 1
    outer loop
      vertex 16 -12 16
      vertex 9.68546 -8.7781 16
      vertex 9.7 -9 16
    endloop
  endfacet
  facet normal -0 0 1
    outer loop
      vertex 9.57059 -4.25056 16
      vertex 16 -12 16
      vertex 9.64207 -4.03999 16
    endloop
  endfacet
  facet normal 0 0 1
    outer loop
      vertex 16 -12 16
      vertex 9.64207 -8.56001 16
      vertex 9.68546 -8.7781 16
    endloop
  endfacet
  facet normal -0 0 1
    outer loop
      vertex 9.57059 -8.34944 16
      vertex 16 -12 16
      vertex 9.57059 -4.25056 16
    endloop
  endfacet
  facet normal 0 0 1
    outer loop
      vertex 16 -12 16
      vertex 9.57059 -8.34944 16
      vertex 9.64207 -8.56001 16
    endloop
  endfacet
  facet normal -0 0 1
    outer loop
      vertex 9.47224 -4.45 16
      vertex 9.57059 -8.34944 16
      vertex 9.57059 -4.25056 16
    endloop
  endfacet
  facet normal 0 0 1
    outer loop
      vertex 9.47224 -4.45 16
      vertex 9.47224 -8.15 16
      vertex 9.57059 -8.34944 16
    endloop
  endfacet
  facet normal -0 0 1
    outer loop
      vertex 9.3487 -4.63489 16
      vertex 9.47224 -8.15 16
      vertex 9.47224 -4.45 16
    endloop
  endfacet
  facet normal 0 0 1
    outer loop
      vertex 9.3487 -4.63489 16
      vertex 9.3487 -7.96511 16
      vertex 9.47224 -8.15 16
    endloop
  endfacet
  facet normal -0 0 1
    outer loop
      vertex 9.20208 -4.80208 16
      vertex 9.3487 -7.96511 16
      vertex 9.3487 -4.63489 16
    endloop
  endfacet
  facet normal 0 0 1
    outer loop
      vertex 9.20208 -4.80208 16
      vertex 9.20208 -7.79792 16
      vertex 9.3487 -7.96511 16
    endloop
  endfacet
  facet normal -0 0 1
    outer loop
      vertex 9.03489 -4.9487 16
      vertex 9.20208 -7.79792 16
      vertex 9.20208 -4.80208 16
    endloop
  endfacet
  facet normal 0 0 1
    outer loop
      vertex 9.03489 -4.9487 16
      vertex 9.03489 -7.6513 16
      vertex 9.20208 -7.79792 16
    endloop
  endfacet
  facet normal -0 0 1
    outer loop
      vertex 8.85 -5.07224 16
      vertex 9.03489 -7.6513 16
      vertex 9.03489 -4.9487 16
    endloop
  endfacet
  facet normal 0 0 1
    outer loop
      vertex 8.85 -5.07224 16
      vertex 8.85 -7.52776 16
      vertex 9.03489 -7.6513 16
    endloop
  endfacet
  facet normal -0 0 1
    outer loop
      vertex 8.65056 -5.1706 16
      vertex 8.85 -7.52776 16
      vertex 8.85 -5.07224 16
    endloop
  endfacet
  facet normal 0 0 1
    outer loop
      vertex 8.65056 -5.1706 16
      vertex 8.65056 -7.4294 16
      vertex 8.85 -7.52776 16
    endloop
  endfacet
  facet normal -0 0 1
    outer loop
      vertex 8.43999 -5.24207 16
      vertex 8.65056 -7.4294 16
      vertex 8.65056 -5.1706 16
    endloop
  endfacet
  facet normal 0 0 1
    outer loop
      vertex 8.43999 -5.24207 16
      vertex 8.43999 -7.35793 16
      vertex 8.65056 -7.4294 16
    endloop
  endfacet
  facet normal -0 0 1
    outer loop
      vertex 8.22189 -5.28546 16
      vertex 8.43999 -7.35793 16
      vertex 8.43999 -5.24207 16
    endloop
  endfacet
  facet normal 0 0 1
    outer loop
      vertex 8.22189 -5.28546 16
      vertex 8.22189 -7.31454 16
      vertex 8.43999 -7.35793 16
    endloop
  endfacet
  facet normal -0 0 1
    outer loop
      vertex 8 -5.3 16
      vertex 8.22189 -7.31454 16
      vertex 8.22189 -5.28546 16
    endloop
  endfacet
  facet normal 0 0 1
    outer loop
      vertex 8 -5.3 16
      vertex 8 -7.3 16
      vertex 8.22189 -7.31454 16
    endloop
  endfacet
  facet normal 0 0 1
    outer loop
      vertex 7.7781 -5.28546 16
      vertex 8 -7.3 16
      vertex 8 -5.3 16
    endloop
  endfacet
  facet normal 0 0 1
    outer loop
      vertex 7.7781 -5.28546 16
      vertex 7.7781 -7.31454 16
      vertex 8 -7.3 16
    endloop
  endfacet
  facet normal 0 0 1
    outer loop
      vertex 7.56001 -5.24207 16
      vertex 7.7781 -7.31454 16
      vertex 7.7781 -5.28546 16
    endloop
  endfacet
  facet normal 0 0 1
    outer loop
      vertex 7.56001 -5.24207 16
      vertex 7.56001 -7.35793 16
      vertex 7.7781 -7.31454 16
    endloop
  endfacet
  facet normal 0 0 1
    outer loop
      vertex 7.34944 -5.1706 16
      vertex 7.56001 -7.35793 16
      vertex 7.56001 -5.24207 16
    endloop
  endfacet
  facet normal 0 0 1
    outer loop
      vertex 7.34944 -5.1706 16
      vertex 7.34944 -7.4294 16
      vertex 7.56001 -7.35793 16
    endloop
  endfacet
  facet normal 0 0 1
    outer loop
      vertex 7.15 -5.07224 16
      vertex 7.34944 -7.4294 16
      vertex 7.34944 -5.1706 16
    endloop
  endfacet
  facet normal 0 0 1
    outer loop
      vertex 7.15 -5.07224 16
      vertex 7.15 -7.52776 16
      vertex 7.34944 -7.4294 16
    endloop
  endfacet
  facet normal 0 0 1
    outer loop
      vertex 6.96511 -4.9487 16
      vertex 7.15 -7.52776 16
      vertex 7.15 -5.07224 16
    endloop
  endfacet
  facet normal 0 0 1
    outer loop
      vertex 6.96511 -4.9487 16
      vertex 6.96511 -7.6513 16
      vertex 7.15 -7.52776 16
    endloop
  endfacet
  facet normal 0 0 1
    outer loop
      vertex 6.79792 -4.80208 16
      vertex 6.96511 -7.6513 16
      vertex 6.96511 -4.9487 16
    endloop
  endfacet
  facet normal 0 0 1
    outer loop
      vertex 6.79792 -4.80208 16
      vertex 6.79792 -7.79792 16
      vertex 6.96511 -7.6513 16
    endloop
  endfacet
  facet normal 0 0 1
    outer loop
      vertex 6.6513 -4.63489 16
      vertex 6.79792 -7.79792 16
      vertex 6.79792 -4.80208 16
    endloop
  endfacet
  facet normal 0 0 1
    outer loop
      vertex 6.6513 -4.63489 16
      vertex 6.6513 -7.96511 16
      vertex 6.79792 -7.79792 16
    endloop
  endfacet
  facet normal 0 0 1
    outer loop
      vertex 6.52776 -4.45 16
      vertex 6.6513 -7.96511 16
      vertex 6.6513 -4.63489 16
    endloop
  endfacet
  facet normal 0 0 1
    outer loop
      vertex 6.52776 -4.45 16
      vertex 6.52776 -8.15 16
      vertex 6.6513 -7.96511 16
    endloop
  endfacet
  facet normal 0 0 1
    outer loop
      vertex 6.4294 -4.25056 16
      vertex 6.52776 -8.15 16
      vertex 6.52776 -4.45 16
    endloop
  endfacet
  facet normal 0 0 1
    outer loop
      vertex 6.4294 -4.25056 16
      vertex 6.4294 -8.34944 16
      vertex 6.52776 -8.15 16
    endloop
  endfacet
  facet normal 0 0 1
    outer loop
      vertex 0 -12 16
      vertex 6.4294 -4.25056 16
      vertex 6.35793 -4.03999 16
    endloop
  endfacet
  facet normal 0 0 1
    outer loop
      vertex 6.4294 -4.25056 16
      vertex 0 -12 16
      vertex 6.4294 -8.34944 16
    endloop
  endfacet
  facet normal 0 0 1
    outer loop
      vertex 1.79999 0.00999451 16
      vertex 6.35793 -4.03999 16
      vertex 6.31454 -3.82189 16
    endloop
  endfacet
  facet normal 0 0 1
    outer loop
      vertex 6.4294 -8.34944 16
      vertex 0 -12 16
      vertex 6.35793 -8.56001 16
    endloop
  endfacet
  facet normal 0 0 1
    outer loop
      vertex 1.79999 0.00999451 16
      vertex 6.31454 -3.82189 16
      vertex 6.3 -3.6 16
    endloop
  endfacet
  facet normal 0 0 1
    outer loop
      vertex 6.35793 -8.56001 16
      vertex 0 -12 16
      vertex 6.31454 -8.7781 16
    endloop
  endfacet
  facet normal 0 0 1
    outer loop
      vertex 14.9987 0.00999451 16
      vertex 9.68546 -3.37811 16
      vertex 9.7 -3.6 16
    endloop
  endfacet
  facet normal 0 0 1
    outer loop
      vertex 14.9987 0.00999451 16
      vertex 9.64207 -3.16001 16
      vertex 9.68546 -3.37811 16
    endloop
  endfacet
  facet normal 0 0 1
    outer loop
      vertex 14.9987 0.00999451 16
      vertex 9.57059 -2.94944 16
      vertex 9.64207 -3.16001 16
    endloop
  endfacet
  facet normal 0 0 1
    outer loop
      vertex 14.9987 0.00999451 16
      vertex 9.47224 -2.75 16
      vertex 9.57059 -2.94944 16
    endloop
  endfacet
  facet normal 0 0 1
    outer loop
      vertex 14.9987 0.00999451 16
      vertex 9.3487 -2.56511 16
      vertex 9.47224 -2.75 16
    endloop
  endfacet
  facet normal 0 0 1
    outer loop
      vertex 14.9987 0.00999451 16
      vertex 9.20208 -2.39792 16
      vertex 9.3487 -2.56511 16
    endloop
  endfacet
  facet normal 0 0 1
    outer loop
      vertex 14.9987 0.00999451 16
      vertex 9.03489 -2.2513 16
      vertex 9.20208 -2.39792 16
    endloop
  endfacet
  facet normal 0 0 1
    outer loop
      vertex 14.9987 0.00999451 16
      vertex 8.85 -2.12776 16
      vertex 9.03489 -2.2513 16
    endloop
  endfacet
  facet normal 0 0 1
    outer loop
      vertex 14.9987 0.00999451 16
      vertex 8.65056 -2.0294 16
      vertex 8.85 -2.12776 16
    endloop
  endfacet
  facet normal 0 0 1
    outer loop
      vertex 14.9987 0.00999451 16
      vertex 8.43999 -1.95793 16
      vertex 8.65056 -2.0294 16
    endloop
  endfacet
  facet normal 0 0 1
    outer loop
      vertex 14.9987 0.00999451 16
      vertex 8.22189 -1.91454 16
      vertex 8.43999 -1.95793 16
    endloop
  endfacet
  facet normal 0 0 1
    outer loop
      vertex 14.9987 0.00999451 16
      vertex 8 -1.9 16
      vertex 8.22189 -1.91454 16
    endloop
  endfacet
  facet normal -0 0 1
    outer loop
      vertex 1.79999 0.00999451 16
      vertex 8 -1.9 16
      vertex 14.9987 0.00999451 16
    endloop
  endfacet
  facet normal 0 0 1
    outer loop
      vertex 8 -1.9 16
      vertex 1.79999 0.00999451 16
      vertex 7.7781 -1.91454 16
    endloop
  endfacet
  facet normal 0 0 1
    outer loop
      vertex 6.35793 -4.03999 16
      vertex 1.79999 0.00999451 16
      vertex 0 -12 16
    endloop
  endfacet
  facet normal 0 0 1
    outer loop
      vertex 6.31454 -3.37811 16
      vertex 1.79999 0.00999451 16
      vertex 6.3 -3.6 16
    endloop
  endfacet
  facet normal 0 0 1
    outer loop
      vertex 6.35793 -3.16001 16
      vertex 1.79999 0.00999451 16
      vertex 6.31454 -3.37811 16
    endloop
  endfacet
  facet normal 0 0 1
    outer loop
      vertex 6.4294 -2.94944 16
      vertex 1.79999 0.00999451 16
      vertex 6.35793 -3.16001 16
    endloop
  endfacet
  facet normal 0 0 1
    outer loop
      vertex 6.52776 -2.75 16
      vertex 1.79999 0.00999451 16
      vertex 6.4294 -2.94944 16
    endloop
  endfacet
  facet normal 0 0 1
    outer loop
      vertex 6.6513 -2.56511 16
      vertex 1.79999 0.00999451 16
      vertex 6.52776 -2.75 16
    endloop
  endfacet
  facet normal 0 0 1
    outer loop
      vertex 6.79792 -2.39792 16
      vertex 1.79999 0.00999451 16
      vertex 6.6513 -2.56511 16
    endloop
  endfacet
  facet normal 0 0 1
    outer loop
      vertex 6.96511 -2.2513 16
      vertex 1.79999 0.00999451 16
      vertex 6.79792 -2.39792 16
    endloop
  endfacet
  facet normal 0 0 1
    outer loop
      vertex 7.15 -2.12776 16
      vertex 1.79999 0.00999451 16
      vertex 6.96511 -2.2513 16
    endloop
  endfacet
  facet normal 0 0 1
    outer loop
      vertex 7.34944 -2.0294 16
      vertex 1.79999 0.00999451 16
      vertex 7.15 -2.12776 16
    endloop
  endfacet
  facet normal 0 0 1
    outer loop
      vertex 7.56001 -1.95793 16
      vertex 1.79999 0.00999451 16
      vertex 7.34944 -2.0294 16
    endloop
  endfacet
  facet normal 0 0 1
    outer loop
      vertex 7.7781 -1.91454 16
      vertex 1.79999 0.00999451 16
      vertex 7.56001 -1.95793 16
    endloop
  endfacet
  facet normal 0 0 1
    outer loop
      vertex 15.9987 0.00999451 16
      vertex 13.3762 12.1045 16
      vertex 14.9987 0.00999451 16
    endloop
  endfacet
  facet normal 0 0 1
    outer loop
      vertex 15.9987 0.00999451 16
      vertex 13.269 12.904 16
      vertex 13.3762 12.1045 16
    endloop
  endfacet
  facet normal 0 0 1
    outer loop
      vertex 15.9987 0.00999451 16
      vertex 12.2108 20.7923 16
      vertex 13.269 12.904 16
    endloop
  endfacet
  facet normal 0 0 1
    outer loop
      vertex 15.9987 0.00999451 16
      vertex 12.1035 21.5917 16
      vertex 12.2108 20.7923 16
    endloop
  endfacet
  facet normal 0 0 1
    outer loop
      vertex 15.9987 0.00999451 16
      vertex 11.0454 29.48 16
      vertex 12.1035 21.5917 16
    endloop
  endfacet
  facet normal 0 0 1
    outer loop
      vertex 15.9987 0.00999451 16
      vertex 10.9381 30.2794 16
      vertex 11.0454 29.48 16
    endloop
  endfacet
  facet normal 0 0 1
    outer loop
      vertex 15.9987 0.00999451 16
      vertex 9.87994 38.1677 16
      vertex 10.9381 30.2794 16
    endloop
  endfacet
  facet normal 0 0 1
    outer loop
      vertex 15.9987 0.00999451 16
      vertex 9.77269 38.9672 16
      vertex 9.87994 38.1677 16
    endloop
  endfacet
  facet normal 0 0 1
    outer loop
      vertex 15.9987 0.00999451 16
      vertex 8.71451 46.8554 16
      vertex 9.77269 38.9672 16
    endloop
  endfacet
  facet normal 0 0 1
    outer loop
      vertex 15.9987 0.00999451 16
      vertex 8.60727 47.6549 16
      vertex 8.71451 46.8554 16
    endloop
  endfacet
  facet normal 0 0 1
    outer loop
      vertex 5 82 16
      vertex 8.60727 47.6549 16
      vertex 15.9987 0.00999451 16
    endloop
  endfacet
  facet normal 0 0 1
    outer loop
      vertex 8.60727 47.6549 16
      vertex 5 82 16
      vertex 7.54909 55.5432 16
    endloop
  endfacet
  facet normal 0 0 1
    outer loop
      vertex 7.54909 55.5432 16
      vertex 5 82 16
      vertex 7.44183 56.3426 16
    endloop
  endfacet
  facet normal 0 0 1
    outer loop
      vertex 7.44183 56.3426 16
      vertex 5 82 16
      vertex 6.38365 64.2309 16
    endloop
  endfacet
  facet normal 0 0 1
    outer loop
      vertex 6.38365 64.2309 16
      vertex 5 82 16
      vertex 6.27641 65.0303 16
    endloop
  endfacet
  facet normal 0 0 1
    outer loop
      vertex 5 82 16
      vertex 4.80487 76 16
      vertex 6.27641 65.0303 16
    endloop
  endfacet
  facet normal 0 0 1
    outer loop
      vertex 5 82 16
      vertex 1.79999 76 16
      vertex 4.80487 76 16
    endloop
  endfacet
  facet normal 0 0 1
    outer loop
      vertex 0 82 16
      vertex 1.79999 63.8309 16
      vertex 1.79999 76 16
    endloop
  endfacet
  facet normal 0 0 1
    outer loop
      vertex 1.79999 63.8309 16
      vertex 0 82 16
      vertex 1.79999 63.0027 16
    endloop
  endfacet
  facet normal 0 0 1
    outer loop
      vertex 1.79999 63.0027 16
      vertex 0 82 16
      vertex 1.79999 54.8309 16
    endloop
  endfacet
  facet normal 0 0 1
    outer loop
      vertex 1.79999 54.8309 16
      vertex 0 82 16
      vertex 1.79999 54.0027 16
    endloop
  endfacet
  facet normal 0 0 1
    outer loop
      vertex 1.79999 54.0027 16
      vertex 0 82 16
      vertex 1.79999 45.8309 16
    endloop
  endfacet
  facet normal 0 0 1
    outer loop
      vertex 1.79999 45.8309 16
      vertex 0 82 16
      vertex 1.79999 45.0027 16
    endloop
  endfacet
  facet normal 0 0 1
    outer loop
      vertex 1.79999 45.0027 16
      vertex 0 82 16
      vertex 1.79999 36.8309 16
    endloop
  endfacet
  facet normal 0 0 1
    outer loop
      vertex 1.79999 36.8309 16
      vertex 0 82 16
      vertex 1.79999 36.0027 16
    endloop
  endfacet
  facet normal 0 0 1
    outer loop
      vertex 1.79999 36.0027 16
      vertex 0 82 16
      vertex 1.79999 27.8309 16
    endloop
  endfacet
  facet normal 0 0 1
    outer loop
      vertex 0 -12 16
      vertex 1.79999 27.8309 16
      vertex 0 82 16
    endloop
  endfacet
  facet normal 0 0 1
    outer loop
      vertex 1.79999 27.8309 16
      vertex 0 -12 16
      vertex 1.79999 27.0027 16
    endloop
  endfacet
  facet normal 0 0 1
    outer loop
      vertex 1.79999 27.0027 16
      vertex 0 -12 16
      vertex 1.79999 18.8309 16
    endloop
  endfacet
  facet normal 0 0 1
    outer loop
      vertex 1.79999 18.8309 16
      vertex 0 -12 16
      vertex 1.79999 18.0027 16
    endloop
  endfacet
  facet normal 0 0 1
    outer loop
      vertex 1.79999 18.0027 16
      vertex 0 -12 16
      vertex 1.79999 9.8309 16
    endloop
  endfacet
  facet normal 0 0 1
    outer loop
      vertex 1.79999 9.8309 16
      vertex 0 -12 16
      vertex 1.79999 9.00269 16
    endloop
  endfacet
  facet normal -0 0 1
    outer loop
      vertex 0 82 16
      vertex 1.79999 76 16
      vertex 5 82 16
    endloop
  endfacet
  facet normal -0 0 1
    outer loop
      vertex 15.9987 0.00999451 16
      vertex 16 -12 16
      vertex 16 0.00999451 16
    endloop
  endfacet
  facet normal -0 0 1
    outer loop
      vertex 14.9987 0.00999451 16
      vertex 16 -12 16
      vertex 15.9987 0.00999451 16
    endloop
  endfacet
  facet normal 0 0 1
    outer loop
      vertex 9.68546 -3.82189 16
      vertex 14.9987 0.00999451 16
      vertex 9.7 -3.6 16
    endloop
  endfacet
  facet normal 0 0 1
    outer loop
      vertex 9.64207 -4.03999 16
      vertex 14.9987 0.00999451 16
      vertex 9.68546 -3.82189 16
    endloop
  endfacet
  facet normal -0 0 1
    outer loop
      vertex 9.68546 -9.22189 16
      vertex 16 -12 16
      vertex 9.7 -9 16
    endloop
  endfacet
  facet normal -0 0 1
    outer loop
      vertex 9.64207 -9.43999 16
      vertex 16 -12 16
      vertex 9.68546 -9.22189 16
    endloop
  endfacet
  facet normal -0 0 1
    outer loop
      vertex 9.57059 -9.65056 16
      vertex 16 -12 16
      vertex 9.64207 -9.43999 16
    endloop
  endfacet
  facet normal -0 0 1
    outer loop
      vertex 9.47224 -9.85 16
      vertex 16 -12 16
      vertex 9.57059 -9.65056 16
    endloop
  endfacet
  facet normal -0 0 1
    outer loop
      vertex 9.3487 -10.0349 16
      vertex 16 -12 16
      vertex 9.47224 -9.85 16
    endloop
  endfacet
  facet normal -0 0 1
    outer loop
      vertex 9.20208 -10.2021 16
      vertex 16 -12 16
      vertex 9.3487 -10.0349 16
    endloop
  endfacet
  facet normal -0 0 1
    outer loop
      vertex 9.03489 -10.3487 16
      vertex 16 -12 16
      vertex 9.20208 -10.2021 16
    endloop
  endfacet
  facet normal -0 0 1
    outer loop
      vertex 8.85 -10.4722 16
      vertex 16 -12 16
      vertex 9.03489 -10.3487 16
    endloop
  endfacet
  facet normal -0 0 1
    outer loop
      vertex 8.65056 -10.5706 16
      vertex 16 -12 16
      vertex 8.85 -10.4722 16
    endloop
  endfacet
  facet normal -0 0 1
    outer loop
      vertex 8.43999 -10.6421 16
      vertex 16 -12 16
      vertex 8.65056 -10.5706 16
    endloop
  endfacet
  facet normal -0 0 1
    outer loop
      vertex 8.22189 -10.6855 16
      vertex 16 -12 16
      vertex 8.43999 -10.6421 16
    endloop
  endfacet
  facet normal -0 0 1
    outer loop
      vertex 8 -10.7 16
      vertex 16 -12 16
      vertex 8.22189 -10.6855 16
    endloop
  endfacet
  facet normal 0 0 1
    outer loop
      vertex 0 -12 16
      vertex 8 -10.7 16
      vertex 7.7781 -10.6855 16
    endloop
  endfacet
  facet normal 0 0 1
    outer loop
      vertex 6.31454 -8.7781 16
      vertex 0 -12 16
      vertex 6.3 -9 16
    endloop
  endfacet
  facet normal 0 0 1
    outer loop
      vertex 6.3 -9 16
      vertex 0 -12 16
      vertex 6.31454 -9.22189 16
    endloop
  endfacet
  facet normal 0 0 1
    outer loop
      vertex 6.31454 -9.22189 16
      vertex 0 -12 16
      vertex 6.35793 -9.43999 16
    endloop
  endfacet
  facet normal 0 0 1
    outer loop
      vertex 8 -10.7 16
      vertex 0 -12 16
      vertex 16 -12 16
    endloop
  endfacet
  facet normal 0 0 1
    outer loop
      vertex 7.56001 -10.6421 16
      vertex 0 -12 16
      vertex 7.7781 -10.6855 16
    endloop
  endfacet
  facet normal 0 0 1
    outer loop
      vertex 7.34944 -10.5706 16
      vertex 0 -12 16
      vertex 7.56001 -10.6421 16
    endloop
  endfacet
  facet normal 0 0 1
    outer loop
      vertex 7.15 -10.4722 16
      vertex 0 -12 16
      vertex 7.34944 -10.5706 16
    endloop
  endfacet
  facet normal 0 0 1
    outer loop
      vertex 6.96511 -10.3487 16
      vertex 0 -12 16
      vertex 7.15 -10.4722 16
    endloop
  endfacet
  facet normal 0 0 1
    outer loop
      vertex 6.79792 -10.2021 16
      vertex 0 -12 16
      vertex 6.96511 -10.3487 16
    endloop
  endfacet
  facet normal 0 0 1
    outer loop
      vertex 6.6513 -10.0349 16
      vertex 0 -12 16
      vertex 6.79792 -10.2021 16
    endloop
  endfacet
  facet normal 0 0 1
    outer loop
      vertex 6.52776 -9.85 16
      vertex 0 -12 16
      vertex 6.6513 -10.0349 16
    endloop
  endfacet
  facet normal 0 0 1
    outer loop
      vertex 6.4294 -9.65056 16
      vertex 0 -12 16
      vertex 6.52776 -9.85 16
    endloop
  endfacet
  facet normal 0 0 1
    outer loop
      vertex 6.35793 -9.43999 16
      vertex 0 -12 16
      vertex 6.4294 -9.65056 16
    endloop
  endfacet
  facet normal 0 0 1
    outer loop
      vertex 1.79999 9.00269 16
      vertex 0 -12 16
      vertex 1.79999 0.00999451 16
    endloop
  endfacet
  facet normal 0 0 1
    outer loop
      vertex 1.79999 9.8309 16
      vertex 13.3762 12.1045 16
      vertex 13.269 12.904 16
    endloop
  endfacet
  facet normal 0 0 1
    outer loop
      vertex 13.3762 12.1045 16
      vertex 1.79999 9.8309 16
      vertex 1.79999 9.00269 16
    endloop
  endfacet
  facet normal 0 0 1
    outer loop
      vertex 1.79999 18.8309 16
      vertex 12.2108 20.7923 16
      vertex 12.1035 21.5917 16
    endloop
  endfacet
  facet normal 0 0 1
    outer loop
      vertex 12.2108 20.7923 16
      vertex 1.79999 18.8309 16
      vertex 1.79999 18.0027 16
    endloop
  endfacet
  facet normal 0 0 1
    outer loop
      vertex 1.79999 27.8309 16
      vertex 11.0454 29.48 16
      vertex 10.9381 30.2794 16
    endloop
  endfacet
  facet normal 0 0 1
    outer loop
      vertex 11.0454 29.48 16
      vertex 1.79999 27.8309 16
      vertex 1.79999 27.0027 16
    endloop
  endfacet
  facet normal 0 0 1
    outer loop
      vertex 1.79999 36.8309 16
      vertex 9.87994 38.1677 16
      vertex 9.77269 38.9672 16
    endloop
  endfacet
  facet normal 0 0 1
    outer loop
      vertex 9.87994 38.1677 16
      vertex 1.79999 36.8309 16
      vertex 1.79999 36.0027 16
    endloop
  endfacet
  facet normal 0 0 1
    outer loop
      vertex 1.79999 45.8309 16
      vertex 8.71451 46.8554 16
      vertex 8.60727 47.6549 16
    endloop
  endfacet
  facet normal 0 0 1
    outer loop
      vertex 8.71451 46.8554 16
      vertex 1.79999 45.8309 16
      vertex 1.79999 45.0027 16
    endloop
  endfacet
  facet normal 0 0 1
    outer loop
      vertex 1.79999 54.8309 16
      vertex 7.54909 55.5432 16
      vertex 7.44183 56.3426 16
    endloop
  endfacet
  facet normal 0 0 1
    outer loop
      vertex 7.54909 55.5432 16
      vertex 1.79999 54.8309 16
      vertex 1.79999 54.0027 16
    endloop
  endfacet
  facet normal 1 -0 0
    outer loop
      vertex 16 -12 16
      vertex 16 0.00999451 0
      vertex 16 0.00999451 16
    endloop
  endfacet
  facet normal 1 0 0
    outer loop
      vertex 16 0.00999451 0
      vertex 16 -12 16
      vertex 16 -12 0
    endloop
  endfacet
  facet normal 0 1 -0
    outer loop
      vertex 16 0.00999451 0
      vertex 15.9987 0.00999451 16
      vertex 16 0.00999451 16
    endloop
  endfacet
  facet normal 0 1 0
    outer loop
      vertex 15.9987 0.00999451 16
      vertex 16 0.00999451 0
      vertex 15.9987 0.00999451 0
    endloop
  endfacet
  facet normal 0.991122 0.132955 0
    outer loop
      vertex 5 82 16
      vertex 6.33459 72.0512 8
      vertex 5 82 0
    endloop
  endfacet
  facet normal 0.991116 0.133003 -6.08763e-05
    outer loop
      vertex 5 82 16
      vertex 6.33617 72.0395 8.16144
      vertex 6.33459 72.0512 8
    endloop
  endfacet
  facet normal 0.991136 0.13285 0.000137514
    outer loop
      vertex 5 82 16
      vertex 6.33654 72.0367 8.19968
      vertex 6.33617 72.0395 8.16144
    endloop
  endfacet
  facet normal 0.991107 0.133069 -0.000147676
    outer loop
      vertex 5 82 16
      vertex 6.33766 72.0284 8.23738
      vertex 6.33654 72.0367 8.19968
    endloop
  endfacet
  facet normal 0.991128 0.132908 6.29701e-05
    outer loop
      vertex 5 82 16
      vertex 6.34233 71.9935 8.39483
      vertex 6.33766 72.0284 8.23738
    endloop
  endfacet
  facet normal 0.991118 0.132985 -4.08011e-05
    outer loop
      vertex 5 82 16
      vertex 6.34421 71.9795 8.43177
      vertex 6.34233 71.9935 8.39483
    endloop
  endfacet
  facet normal 0.991118 0.132983 -3.78573e-05
    outer loop
      vertex 5 82 16
      vertex 6.35181 71.9229 8.58109
      vertex 6.34421 71.9795 8.43177
    endloop
  endfacet
  facet normal 0.991125 0.132937 2.64676e-05
    outer loop
      vertex 5 82 16
      vertex 6.362 71.8469 8.71804
      vertex 6.35181 71.9229 8.58109
    endloop
  endfacet
  facet normal 0.991122 0.132959 -4.79765e-06
    outer loop
      vertex 5 82 16
      vertex 6.36471 71.8267 8.75444
      vertex 6.362 71.8469 8.71804
    endloop
  endfacet
  facet normal 0.99112 0.132972 -2.44514e-05
    outer loop
      vertex 5 82 16
      vertex 6.37715 71.734 8.87662
      vertex 6.36471 71.8267 8.75444
    endloop
  endfacet
  facet normal 0.991119 0.132981 -3.63413e-05
    outer loop
      vertex 5 82 16
      vertex 6.38068 71.7077 8.91133
      vertex 6.37715 71.734 8.87662
    endloop
  endfacet
  facet normal 0.991126 0.132922 4.98497e-05
    outer loop
      vertex 5 82 16
      vertex 6.38497 71.6757 8.94298
      vertex 6.38068 71.7077 8.91133
    endloop
  endfacet
  facet normal 0.991122 0.132955 1.51947e-06
    outer loop
      vertex 5 82 16
      vertex 6.39931 71.5688 9.04877
      vertex 6.38497 71.6757 8.94298
    endloop
  endfacet
  facet normal 0.991129 0.132903 8.09307e-05
    outer loop
      vertex 5 82 16
      vertex 6.40443 71.5306 9.0772
      vertex 6.39931 71.5688 9.04877
    endloop
  endfacet
  facet normal 0.991121 0.132961 -8.924e-06
    outer loop
      vertex 5 82 16
      vertex 6.42014 71.4135 9.16442
      vertex 6.40443 71.5306 9.0772
    endloop
  endfacet
  facet normal 0.991124 0.132941 2.30044e-05
    outer loop
      vertex 5 82 16
      vertex 6.43665 71.2904 9.23193
      vertex 6.42014 71.4135 9.16442
    endloop
  endfacet
  facet normal 0.991111 0.133034 -0.000127911
    outer loop
      vertex 5 82 16
      vertex 6.44268 71.2455 9.25659
      vertex 6.43665 71.2904 9.23193
    endloop
  endfacet
  facet normal 0.991124 0.132943 2.11495e-05
    outer loop
      vertex 5 82 16
      vertex 6.45962 71.1192 9.30487
      vertex 6.44268 71.2455 9.25659
    endloop
  endfacet
  facet normal 0.991124 0.132941 2.39475e-05
    outer loop
      vertex 5 82 16
      vertex 6.46642 71.0685 9.32424
      vertex 6.45962 71.1192 9.30487
    endloop
  endfacet
  facet normal 0.991119 0.132977 -3.62734e-05
    outer loop
      vertex 5 82 16
      vertex 6.47384 71.0132 9.33722
      vertex 6.46642 71.0685 9.32424
    endloop
  endfacet
  facet normal 0.991124 0.132938 2.95526e-05
    outer loop
      vertex 5 82 16
      vertex 6.49086 70.8863 9.36698
      vertex 6.47384 71.0132 9.33722
    endloop
  endfacet
  facet normal 0.991132 0.13288 0.000127622
    outer loop
      vertex 5 82 16
      vertex 6.49889 70.8264 9.37281
      vertex 6.49086 70.8863 9.36698
    endloop
  endfacet
  facet normal 0.99112 0.132972 -2.91733e-05
    outer loop
      vertex 5 82 16
      vertex 6.51554 70.7023 9.38492
      vertex 6.49889 70.8264 9.37281
    endloop
  endfacet
  facet normal 0.991133 0.132876 0.000137471
    outer loop
      vertex 5 82 16
      vertex 6.52404 70.6389 9.38276
      vertex 6.51554 70.7023 9.38492
    endloop
  endfacet
  facet normal 0.99111 0.133042 -0.000153595
    outer loop
      vertex 5 82 16
      vertex 6.54 70.52 9.37871
      vertex 6.52404 70.6389 9.38276
    endloop
  endfacet
  facet normal 0.991107 0.133065 -0.000194226
    outer loop
      vertex 5 82 16
      vertex 6.55502 70.4081 9.36022
      vertex 6.54 70.52 9.37871
    endloop
  endfacet
  facet normal 0.991132 0.132884 0.000128257
    outer loop
      vertex 5 82 16
      vertex 6.56383 70.3424 9.34937
      vertex 6.55502 70.4081 9.36022
    endloop
  endfacet
  facet normal 0.991122 0.132954 2.80683e-06
    outer loop
      vertex 7.48086 63.5063 9.36698
      vertex 6.56383 70.3424 9.34937
      vertex 5 82 16
    endloop
  endfacet
  facet normal 0.991122 0.132955 0.000101892
    outer loop
      vertex 7.46384 63.6332 9.33722
      vertex 6.56383 70.3424 9.34937
      vertex 7.48086 63.5063 9.36698
    endloop
  endfacet
  facet normal 0.991122 0.132955 -0.000132364
    outer loop
      vertex 7.45642 63.6885 9.32425
      vertex 6.56383 70.3424 9.34937
      vertex 7.46384 63.6332 9.33722
    endloop
  endfacet
  facet normal 0.991122 0.132956 -0.000350935
    outer loop
      vertex 6.56383 70.3424 9.34937
      vertex 7.45642 63.6885 9.32425
      vertex 6.57773 70.2387 9.31826
    endloop
  endfacet
  facet normal 0.991122 0.132955 7.52925e-05
    outer loop
      vertex 7.38931 64.1888 9.04877
      vertex 6.63629 69.8022 9.08917
      vertex 6.62809 69.8633 9.13735
    endloop
  endfacet
  facet normal 0.991122 0.132955 2.62931e-05
    outer loop
      vertex 7.37497 64.2957 8.94298
      vertex 6.65467 69.6652 8.96717
      vertex 6.64615 69.7287 9.03127
    endloop
  endfacet
  facet normal 0.991122 0.132956 -9.57055e-05
    outer loop
      vertex 7.36715 64.354 8.87662
      vertex 6.6693 69.5561 8.84213
      vertex 6.66217 69.6093 8.91075
    endloop
  endfacet
  facet normal 0.991122 0.132956 -2.06597e-05
    outer loop
      vertex 7.35471 64.4467 8.75444
      vertex 6.68172 69.4635 8.70614
      vertex 6.67598 69.5063 8.77783
    endloop
  endfacet
  facet normal 0.991122 0.132954 1.32369e-05
    outer loop
      vertex 7.33233 64.6135 8.39483
      vertex 6.69961 69.3302 8.40705
      vertex 6.69647 69.3536 8.48315
    endloop
  endfacet
  facet normal 0.991121 0.13296 -0.000232833
    outer loop
      vertex 7.32654 64.6567 8.19968
      vertex 6.70483 69.2912 8.24843
      vertex 6.70297 69.3052 8.32552
    endloop
  endfacet
  facet normal 0.991122 0.132955 -9.04953e-05
    outer loop
      vertex 6.70758 69.2708 8.07744
      vertex 7.32459 64.6712 8
      vertex 6.70819 69.2662 8
    endloop
  endfacet
  facet normal 0.991123 0.13295 0.000182291
    outer loop
      vertex 6.70688 69.2759 8.16378
      vertex 7.32459 64.6712 8
      vertex 6.70758 69.2708 8.07744
    endloop
  endfacet
  facet normal 0.991122 0.132958 -2.89517e-05
    outer loop
      vertex 6.70483 69.2912 8.24843
      vertex 7.32654 64.6567 8.19968
      vertex 6.70688 69.2759 8.16378
    endloop
  endfacet
  facet normal 0.991122 0.132954 7.76705e-05
    outer loop
      vertex 6.69961 69.3302 8.40705
      vertex 7.33233 64.6135 8.39483
      vertex 6.70297 69.3052 8.32552
    endloop
  endfacet
  facet normal 0.991122 0.132958 0.000132521
    outer loop
      vertex 7.34181 64.5429 8.58109
      vertex 6.69647 69.3536 8.48315
      vertex 6.69206 69.3864 8.55716
    endloop
  endfacet
  facet normal 0.991122 0.132958 -6.02789e-05
    outer loop
      vertex 7.34181 64.5429 8.58109
      vertex 6.69206 69.3864 8.55716
      vertex 6.68745 69.4208 8.63461
    endloop
  endfacet
  facet normal 0.991122 0.132957 2.63383e-05
    outer loop
      vertex 6.68172 69.4635 8.70614
      vertex 7.35471 64.4467 8.75444
      vertex 6.68745 69.4208 8.63461
    endloop
  endfacet
  facet normal 0.991122 0.132957 -8.55481e-06
    outer loop
      vertex 6.6693 69.5561 8.84213
      vertex 7.36715 64.354 8.87662
      vertex 6.67598 69.5063 8.77783
    endloop
  endfacet
  facet normal 0.991122 0.132956 2.09219e-05
    outer loop
      vertex 6.65467 69.6652 8.96717
      vertex 7.37068 64.3277 8.91133
      vertex 6.66217 69.6093 8.91075
    endloop
  endfacet
  facet normal 0.991122 0.132956 3.55152e-06
    outer loop
      vertex 6.63629 69.8022 9.08917
      vertex 7.38931 64.1888 9.04877
      vertex 6.64615 69.7287 9.03127
    endloop
  endfacet
  facet normal 0.991122 0.132956 -9.5729e-05
    outer loop
      vertex 7.41014 64.0335 9.16442
      vertex 6.62809 69.8633 9.13735
      vertex 6.61684 69.9472 9.18801
    endloop
  endfacet
  facet normal 0.991122 0.132956 -0.000149487
    outer loop
      vertex 7.41014 64.0335 9.16442
      vertex 6.61684 69.9472 9.18801
      vertex 6.60818 70.0118 9.22699
    endloop
  endfacet
  facet normal 0.991122 0.132956 0.000286876
    outer loop
      vertex 6.57773 70.2387 9.31826
      vertex 7.45642 63.6885 9.32425
      vertex 6.58667 70.1721 9.29826
    endloop
  endfacet
  facet normal 0.991122 0.132959 -6.41231e-05
    outer loop
      vertex 6.70688 69.2759 8.16378
      vertex 7.32617 64.6595 8.16144
      vertex 7.32459 64.6712 8
    endloop
  endfacet
  facet normal 0.991122 0.132959 0.000145655
    outer loop
      vertex 6.70688 69.2759 8.16378
      vertex 7.32654 64.6567 8.19968
      vertex 7.32617 64.6595 8.16144
    endloop
  endfacet
  facet normal 0.991122 0.132958 -0.000172534
    outer loop
      vertex 6.70297 69.3052 8.32552
      vertex 7.32766 64.6484 8.23738
      vertex 7.32654 64.6567 8.19968
    endloop
  endfacet
  facet normal 0.991122 0.132953 7.32617e-05
    outer loop
      vertex 6.70297 69.3052 8.32552
      vertex 7.33233 64.6135 8.39483
      vertex 7.32766 64.6484 8.23738
    endloop
  endfacet
  facet normal 0.991122 0.132955 -5.25419e-05
    outer loop
      vertex 6.69647 69.3536 8.48315
      vertex 7.33421 64.5995 8.43177
      vertex 7.33233 64.6135 8.39483
    endloop
  endfacet
  facet normal 0.991122 0.132955 -4.87725e-05
    outer loop
      vertex 6.69647 69.3536 8.48315
      vertex 7.34181 64.5429 8.58109
      vertex 7.33421 64.5995 8.43177
    endloop
  endfacet
  facet normal 0.991122 0.132954 0.000262816
    outer loop
      vertex 6.68745 69.4208 8.63461
      vertex 7.34447 64.523 8.61686
      vertex 7.34181 64.5429 8.58109
    endloop
  endfacet
  facet normal 0.991122 0.132955 -3.35358e-05
    outer loop
      vertex 6.68745 69.4208 8.63461
      vertex 7.35471 64.4467 8.75444
      vertex 7.34447 64.523 8.61686
    endloop
  endfacet
  facet normal 0.991122 0.132956 -3.69911e-05
    outer loop
      vertex 6.67598 69.5063 8.77783
      vertex 7.36715 64.354 8.87662
      vertex 7.35471 64.4467 8.75444
    endloop
  endfacet
  facet normal 0.991122 0.132956 -5.5339e-05
    outer loop
      vertex 6.66217 69.6093 8.91075
      vertex 7.37068 64.3277 8.91133
      vertex 7.36715 64.354 8.87662
    endloop
  endfacet
  facet normal 0.991122 0.132955 8.38617e-05
    outer loop
      vertex 6.65467 69.6652 8.96717
      vertex 7.37497 64.2957 8.94298
      vertex 7.37068 64.3277 8.91133
    endloop
  endfacet
  facet normal 0.991122 0.132956 2.77896e-06
    outer loop
      vertex 6.64615 69.7287 9.03127
      vertex 7.38931 64.1888 9.04877
      vertex 7.37497 64.2957 8.94298
    endloop
  endfacet
  facet normal 0.991122 0.132954 0.000151421
    outer loop
      vertex 6.62809 69.8633 9.13735
      vertex 7.39443 64.1506 9.0772
      vertex 7.38931 64.1888 9.04877
    endloop
  endfacet
  facet normal 0.991122 0.132956 -1.58935e-05
    outer loop
      vertex 6.62809 69.8633 9.13735
      vertex 7.41014 64.0335 9.16442
      vertex 7.39443 64.1506 9.0772
    endloop
  endfacet
  facet normal 0.991122 0.132954 4.70937e-05
    outer loop
      vertex 6.60818 70.0118 9.22699
      vertex 7.42665 63.9104 9.23193
      vertex 7.41014 64.0335 9.16442
    endloop
  endfacet
  facet normal 0.991122 0.132953 -0.00027799
    outer loop
      vertex 6.60818 70.0118 9.22699
      vertex 7.43268 63.8655 9.25659
      vertex 7.42665 63.9104 9.23193
    endloop
  endfacet
  facet normal 0.991122 0.132957 0.000546867
    outer loop
      vertex 6.59931 70.0778 9.25636
      vertex 7.43268 63.8655 9.25659
      vertex 6.60818 70.0118 9.22699
    endloop
  endfacet
  facet normal 0.991122 0.132957 -0.000241078
    outer loop
      vertex 6.58667 70.1721 9.29826
      vertex 7.43268 63.8655 9.25659
      vertex 6.59931 70.0778 9.25636
    endloop
  endfacet
  facet normal 0.991122 0.132955 5.52252e-05
    outer loop
      vertex 7.43268 63.8655 9.25659
      vertex 6.58667 70.1721 9.29826
      vertex 7.44962 63.7392 9.30487
    endloop
  endfacet
  facet normal 0.991122 0.132955 6.25358e-05
    outer loop
      vertex 7.44962 63.7392 9.30487
      vertex 6.58667 70.1721 9.29826
      vertex 7.45642 63.6885 9.32425
    endloop
  endfacet
  facet normal 0.991131 0.132887 0.00019438
    outer loop
      vertex 5 82 16
      vertex 7.48889 63.4464 9.37282
      vertex 7.48086 63.5063 9.36698
    endloop
  endfacet
  facet normal 0.99112 0.13297 -4.37286e-05
    outer loop
      vertex 5 82 16
      vertex 7.50554 63.3223 9.38492
      vertex 7.48889 63.4464 9.37282
    endloop
  endfacet
  facet normal 0.991133 0.132873 0.000237267
    outer loop
      vertex 5 82 16
      vertex 7.51404 63.2589 9.38277
      vertex 7.50554 63.3223 9.38492
    endloop
  endfacet
  facet normal 0.99111 0.133046 -0.000263013
    outer loop
      vertex 5 82 16
      vertex 7.53 63.14 9.37871
      vertex 7.51404 63.2589 9.38277
    endloop
  endfacet
  facet normal 0.991122 0.132954 3.02479e-06
    outer loop
      vertex 8.47889 56.0664 9.37282
      vertex 7.53 63.14 9.37871
      vertex 5 82 16
    endloop
  endfacet
  facet normal 0.991122 0.132954 0.000490578
    outer loop
      vertex 7.53 63.14 9.37871
      vertex 8.47086 56.1263 9.36698
      vertex 7.54502 63.0281 9.36022
    endloop
  endfacet
  facet normal 0.991122 0.132954 -0.000300381
    outer loop
      vertex 7.54502 63.0281 9.36022
      vertex 8.47086 56.1263 9.36698
      vertex 7.55383 62.9624 9.34937
    endloop
  endfacet
  facet normal 0.991122 0.132955 0.000101892
    outer loop
      vertex 8.45384 56.2532 9.33722
      vertex 7.55383 62.9624 9.34937
      vertex 8.47086 56.1263 9.36698
    endloop
  endfacet
  facet normal 0.991122 0.132957 -4.55361e-06
    outer loop
      vertex 8.42268 56.4855 9.25659
      vertex 7.58931 62.6978 9.25636
      vertex 7.57666 62.7921 9.29826
    endloop
  endfacet
  facet normal 0.991122 0.132956 -0.000149487
    outer loop
      vertex 8.40014 56.6535 9.16442
      vertex 7.60684 62.5672 9.18801
      vertex 7.59818 62.6318 9.22699
    endloop
  endfacet
  facet normal 0.991122 0.132955 0.000112805
    outer loop
      vertex 8.37931 56.8088 9.04877
      vertex 7.62801 62.4094 9.07909
      vertex 7.61809 62.4833 9.13735
    endloop
  endfacet
  facet normal 0.991122 0.132958 -6.02789e-05
    outer loop
      vertex 8.33181 57.1629 8.58109
      vertex 7.68206 62.0064 8.55716
      vertex 7.67745 62.0408 8.63461
    endloop
  endfacet
  facet normal 0.991122 0.132954 1.32369e-05
    outer loop
      vertex 8.32233 57.2335 8.39483
      vertex 7.68961 61.9502 8.40705
      vertex 7.68647 61.9736 8.48315
    endloop
  endfacet
  facet normal 0.991122 0.132954 0.000182102
    outer loop
      vertex 8.31496 57.2885 8.03812
      vertex 7.69758 61.8908 8.07744
      vertex 7.69688 61.8959 8.16378
    endloop
  endfacet
  facet normal 0.991122 0.132956 -9.05506e-05
    outer loop
      vertex 7.69758 61.8908 8.07744
      vertex 8.31496 57.2885 8.03812
      vertex 7.69819 61.8862 8
    endloop
  endfacet
  facet normal 0.991122 0.132957 -6.01011e-05
    outer loop
      vertex 8.31654 57.2767 8.19968
      vertex 7.69688 61.8959 8.16378
      vertex 7.69502 61.9098 8.24065
    endloop
  endfacet
  facet normal 0.991122 0.132958 -0.000185694
    outer loop
      vertex 8.31654 57.2767 8.19968
      vertex 7.69502 61.9098 8.24065
      vertex 7.69297 61.9252 8.32552
    endloop
  endfacet
  facet normal 0.991122 0.132954 7.76705e-05
    outer loop
      vertex 7.68961 61.9502 8.40705
      vertex 8.32233 57.2335 8.39483
      vertex 7.69297 61.9252 8.32552
    endloop
  endfacet
  facet normal 0.991122 0.132958 0.000132521
    outer loop
      vertex 7.68206 62.0064 8.55716
      vertex 8.33181 57.1629 8.58109
      vertex 7.68647 61.9736 8.48315
    endloop
  endfacet
  facet normal 0.991122 0.132957 2.63383e-05
    outer loop
      vertex 8.34471 57.0667 8.75444
      vertex 7.67745 62.0408 8.63461
      vertex 7.67172 62.0835 8.70614
    endloop
  endfacet
  facet normal 0.991122 0.132956 -2.06568e-05
    outer loop
      vertex 8.34471 57.0667 8.75444
      vertex 7.67172 62.0835 8.70614
      vertex 7.66598 62.1263 8.77784
    endloop
  endfacet
  facet normal 0.991122 0.132956 -8.0301e-06
    outer loop
      vertex 8.34471 57.0667 8.75444
      vertex 7.66598 62.1263 8.77784
      vertex 7.6593 62.1761 8.84213
    endloop
  endfacet
  facet normal 0.991122 0.132956 -9.57055e-05
    outer loop
      vertex 8.35715 56.974 8.87662
      vertex 7.6593 62.1761 8.84213
      vertex 7.65217 62.2293 8.91075
    endloop
  endfacet
  facet normal 0.991122 0.132956 0.00013619
    outer loop
      vertex 8.36068 56.9477 8.91133
      vertex 7.65217 62.2293 8.91075
      vertex 7.64371 62.2923 8.97441
    endloop
  endfacet
  facet normal 0.991122 0.132959 -0.000105377
    outer loop
      vertex 8.36068 56.9477 8.91133
      vertex 7.64371 62.2923 8.97441
      vertex 7.63615 62.3487 9.03127
    endloop
  endfacet
  facet normal 0.991122 0.132956 -5.59914e-05
    outer loop
      vertex 7.62801 62.4094 9.07909
      vertex 8.37931 56.8088 9.04877
      vertex 7.63615 62.3487 9.03127
    endloop
  endfacet
  facet normal 0.991122 0.132956 -9.5729e-05
    outer loop
      vertex 7.60684 62.5672 9.18801
      vertex 8.40014 56.6535 9.16442
      vertex 7.61809 62.4833 9.13735
    endloop
  endfacet
  facet normal 0.991122 0.132957 0.000546867
    outer loop
      vertex 7.58931 62.6978 9.25636
      vertex 8.42268 56.4855 9.25659
      vertex 7.59818 62.6318 9.22699
    endloop
  endfacet
  facet normal 0.991122 0.132955 -0.000132364
    outer loop
      vertex 8.44642 56.3085 9.32425
      vertex 7.55383 62.9624 9.34937
      vertex 8.45384 56.2532 9.33722
    endloop
  endfacet
  facet normal 0.991122 0.132955 -0.000202965
    outer loop
      vertex 7.69819 61.8862 8
      vertex 8.31496 57.2885 8.03812
      vertex 8.31459 57.2912 8
    endloop
  endfacet
  facet normal 0.991122 0.132958 1.81413e-05
    outer loop
      vertex 7.69688 61.8959 8.16378
      vertex 8.31654 57.2767 8.19968
      vertex 8.31496 57.2885 8.03812
    endloop
  endfacet
  facet normal 0.991122 0.132952 5.15704e-05
    outer loop
      vertex 7.69297 61.9252 8.32552
      vertex 8.3212 57.2419 8.35678
      vertex 8.31654 57.2767 8.19968
    endloop
  endfacet
  facet normal 0.991123 0.132951 -8.35344e-05
    outer loop
      vertex 7.69297 61.9252 8.32552
      vertex 8.32233 57.2335 8.39483
      vertex 8.3212 57.2419 8.35678
    endloop
  endfacet
  facet normal 0.991122 0.132954 -2.79826e-05
    outer loop
      vertex 7.68647 61.9736 8.48315
      vertex 8.3299 57.1771 8.54362
      vertex 8.32233 57.2335 8.39483
    endloop
  endfacet
  facet normal 0.991122 0.132953 -0.000136362
    outer loop
      vertex 7.68647 61.9736 8.48315
      vertex 8.33181 57.1629 8.58109
      vertex 8.3299 57.1771 8.54362
    endloop
  endfacet
  facet normal 0.991122 0.132954 0.000262816
    outer loop
      vertex 7.67745 62.0408 8.63461
      vertex 8.33447 57.143 8.61686
      vertex 8.33181 57.1629 8.58109
    endloop
  endfacet
  facet normal 0.991122 0.132955 -3.35358e-05
    outer loop
      vertex 7.67745 62.0408 8.63461
      vertex 8.34471 57.0667 8.75444
      vertex 8.33447 57.143 8.61686
    endloop
  endfacet
  facet normal 0.991122 0.132957 -3.67191e-05
    outer loop
      vertex 7.6593 62.1761 8.84213
      vertex 8.35715 56.974 8.87662
      vertex 8.34471 57.0667 8.75444
    endloop
  endfacet
  facet normal 0.991122 0.132956 -5.5339e-05
    outer loop
      vertex 7.65217 62.2293 8.91075
      vertex 8.36068 56.9477 8.91133
      vertex 8.35715 56.974 8.87662
    endloop
  endfacet
  facet normal 0.991122 0.132956 -1.23031e-06
    outer loop
      vertex 7.63615 62.3487 9.03127
      vertex 8.37494 56.8414 9.01651
      vertex 8.36068 56.9477 8.91133
    endloop
  endfacet
  facet normal 0.991122 0.132956 9.82128e-05
    outer loop
      vertex 7.63615 62.3487 9.03127
      vertex 8.37931 56.8088 9.04877
      vertex 8.37494 56.8414 9.01651
    endloop
  endfacet
  facet normal 0.991122 0.132954 0.000151421
    outer loop
      vertex 7.61809 62.4833 9.13735
      vertex 8.38443 56.7706 9.0772
      vertex 8.37931 56.8088 9.04877
    endloop
  endfacet
  facet normal 0.991122 0.132956 -1.58935e-05
    outer loop
      vertex 7.61809 62.4833 9.13735
      vertex 8.40014 56.6535 9.16442
      vertex 8.38443 56.7706 9.0772
    endloop
  endfacet
  facet normal 0.991122 0.132954 4.70937e-05
    outer loop
      vertex 7.59818 62.6318 9.22699
      vertex 8.41665 56.5304 9.23193
      vertex 8.40014 56.6535 9.16442
    endloop
  endfacet
  facet normal 0.991122 0.132953 -0.00027799
    outer loop
      vertex 7.59818 62.6318 9.22699
      vertex 8.42268 56.4855 9.25659
      vertex 8.41665 56.5304 9.23193
    endloop
  endfacet
  facet normal 0.991122 0.132957 5.92666e-05
    outer loop
      vertex 7.57666 62.7921 9.29826
      vertex 8.43962 56.3592 9.30487
      vertex 8.42268 56.4855 9.25659
    endloop
  endfacet
  facet normal 0.991122 0.132957 6.65773e-05
    outer loop
      vertex 7.57666 62.7921 9.29826
      vertex 8.44642 56.3085 9.32425
      vertex 8.43962 56.3592 9.30487
    endloop
  endfacet
  facet normal 0.991122 0.132956 -0.000207181
    outer loop
      vertex 7.56773 62.8587 9.31826
      vertex 8.44642 56.3085 9.32425
      vertex 7.57666 62.7921 9.29826
    endloop
  endfacet
  facet normal 0.991122 0.132956 -0.000350935
    outer loop
      vertex 7.55383 62.9624 9.34937
      vertex 8.44642 56.3085 9.32425
      vertex 7.56773 62.8587 9.31826
    endloop
  endfacet
  facet normal 0.991122 0.132954 0.000892167
    outer loop
      vertex 7.53 63.14 9.37871
      vertex 8.47889 56.0664 9.37282
      vertex 8.47086 56.1263 9.36698
    endloop
  endfacet
  facet normal 0.99112 0.132969 -5.59931e-05
    outer loop
      vertex 5 82 16
      vertex 8.49554 55.9423 9.38492
      vertex 8.47889 56.0664 9.37282
    endloop
  endfacet
  facet normal 0.991134 0.132869 0.000345822
    outer loop
      vertex 5 82 16
      vertex 8.50404 55.8789 9.38277
      vertex 8.49554 55.9423 9.38492
    endloop
  endfacet
  facet normal 0.991109 0.13305 -0.000382038
    outer loop
      vertex 5 82 16
      vertex 8.52 55.76 9.37871
      vertex 8.50404 55.8789 9.38277
    endloop
  endfacet
  facet normal 0.991122 0.132956 -1.95105e-06
    outer loop
      vertex 15.9987 0.00999451 16
      vertex 8.52 55.76 9.37871
      vertex 5 82 16
    endloop
  endfacet
  facet normal 0.991118 0.132989 0.000278892
    outer loop
      vertex 8.52 55.76 9.37871
      vertex 15.9987 0.00999451 16
      vertex 8.53502 55.6481 9.36022
    endloop
  endfacet
  facet normal -0.993205 -0.0855035 -0.0789539
    outer loop
      vertex 8.58818 55.2518 9.22699
      vertex 8.60809 55.1033 9.13735
      vertex 8.59684 55.1872 9.18801
    endloop
  endfacet
  facet normal 0.970809 -0.0539338 0.233713
    outer loop
      vertex 8.60809 55.1033 9.13735
      vertex 8.62615 54.9687 9.03127
      vertex 8.61801 55.0294 9.07909
    endloop
  endfacet
  facet normal -0.994157 -0.0282184 -0.104191
    outer loop
      vertex 8.62615 54.9687 9.03127
      vertex 8.64217 54.8493 8.91075
      vertex 8.63371 54.9123 8.97441
    endloop
  endfacet
  facet normal 0.335993 0.82033 -0.462783
    outer loop
      vertex 8.65598 54.7463 8.77784
      vertex 8.66745 54.6608 8.63461
      vertex 8.66172 54.7035 8.70614
    endloop
  endfacet
  facet normal 0.820887 -0.569666 0.0403048
    outer loop
      vertex 8.68688 54.5159 8.16378
      vertex 8.68819 54.5062 8
      vertex 8.68758 54.5108 8.07744
    endloop
  endfacet
  facet normal 0.991121 0.132964 5.26311e-05
    outer loop
      vertex 8.68688 54.5159 8.16378
      vertex 15.9987 0.00999451 16
      vertex 8.68819 54.5062 8
    endloop
  endfacet
  facet normal 0.991123 0.132948 -5.84036e-05
    outer loop
      vertex 8.68502 54.5298 8.24065
      vertex 15.9987 0.00999451 16
      vertex 8.68688 54.5159 8.16378
    endloop
  endfacet
  facet normal 0.991125 0.132931 -0.000180634
    outer loop
      vertex 8.68297 54.5452 8.32552
      vertex 15.9987 0.00999451 16
      vertex 8.68502 54.5298 8.24065
    endloop
  endfacet
  facet normal 0.991121 0.132966 7.37318e-05
    outer loop
      vertex 8.67961 54.5702 8.40705
      vertex 15.9987 0.00999451 16
      vertex 8.68297 54.5452 8.32552
    endloop
  endfacet
  facet normal 0.991122 0.132958 1.19811e-05
    outer loop
      vertex 8.67647 54.5936 8.48315
      vertex 15.9987 0.00999451 16
      vertex 8.67961 54.5702 8.40705
    endloop
  endfacet
  facet normal 0.99112 0.132973 0.000125918
    outer loop
      vertex 8.67206 54.6264 8.55716
      vertex 15.9987 0.00999451 16
      vertex 8.67647 54.5936 8.48315
    endloop
  endfacet
  facet normal 0.991123 0.132949 -5.62908e-05
    outer loop
      vertex 8.66745 54.6608 8.63461
      vertex 15.9987 0.00999451 16
      vertex 8.67206 54.6264 8.55716
    endloop
  endfacet
  facet normal 0.991122 0.132957 2.67943e-06
    outer loop
      vertex 8.65598 54.7463 8.77784
      vertex 15.9987 0.00999451 16
      vertex 8.66745 54.6608 8.63461
    endloop
  endfacet
  facet normal 0.991122 0.132955 -7.3939e-06
    outer loop
      vertex 8.6493 54.7961 8.84213
      vertex 15.9987 0.00999451 16
      vertex 8.65598 54.7463 8.77784
    endloop
  endfacet
  facet normal 0.991123 0.132945 -8.69336e-05
    outer loop
      vertex 8.64217 54.8493 8.91075
      vertex 15.9987 0.00999451 16
      vertex 8.6493 54.7961 8.84213
    endloop
  endfacet
  facet normal 0.991122 0.132959 2.07368e-05
    outer loop
      vertex 8.62615 54.9687 9.03127
      vertex 15.9987 0.00999451 16
      vertex 8.64217 54.8493 8.91075
    endloop
  endfacet
  facet normal 0.991121 0.13296 3.06051e-05
    outer loop
      vertex 8.60809 55.1033 9.13735
      vertex 15.9987 0.00999451 16
      vertex 8.62615 54.9687 9.03127
    endloop
  endfacet
  facet normal 0.991124 0.132944 -9.94627e-05
    outer loop
      vertex 8.58818 55.2518 9.22699
      vertex 15.9987 0.00999451 16
      vertex 8.60809 55.1033 9.13735
    endloop
  endfacet
  facet normal 0.991115 0.133008 0.000431267
    outer loop
      vertex 8.57931 55.3178 9.25636
      vertex 15.9987 0.00999451 16
      vertex 8.58818 55.2518 9.22699
    endloop
  endfacet
  facet normal 0.991122 0.132956 -1.5899e-06
    outer loop
      vertex 8.56666 55.4121 9.29826
      vertex 15.9987 0.00999451 16
      vertex 8.57931 55.3178 9.25636
    endloop
  endfacet
  facet normal 0.991124 0.132939 -0.000148608
    outer loop
      vertex 8.55773 55.4787 9.31826
      vertex 15.9987 0.00999451 16
      vertex 8.56666 55.4121 9.29826
    endloop
  endfacet
  facet normal 0.991126 0.132926 -0.00025145
    outer loop
      vertex 8.54383 55.5824 9.34937
      vertex 15.9987 0.00999451 16
      vertex 8.55773 55.4787 9.31826
    endloop
  endfacet
  facet normal 0.991125 0.132934 -0.000183057
    outer loop
      vertex 8.53502 55.6481 9.36022
      vertex 15.9987 0.00999451 16
      vertex 8.54383 55.5824 9.34937
    endloop
  endfacet
  facet normal 0.991116 0.133003 6.08763e-05
    outer loop
      vertex 6.33617 72.0395 7.83856
      vertex 5 82 0
      vertex 6.33459 72.0512 8
    endloop
  endfacet
  facet normal 0.991136 0.13285 -0.000137514
    outer loop
      vertex 6.33654 72.0367 7.80032
      vertex 5 82 0
      vertex 6.33617 72.0395 7.83856
    endloop
  endfacet
  facet normal 0.991107 0.133069 0.000147676
    outer loop
      vertex 6.33766 72.0284 7.76262
      vertex 5 82 0
      vertex 6.33654 72.0367 7.80032
    endloop
  endfacet
  facet normal 0.991128 0.132908 -6.29701e-05
    outer loop
      vertex 6.34233 71.9935 7.60517
      vertex 5 82 0
      vertex 6.33766 72.0284 7.76262
    endloop
  endfacet
  facet normal 0.991118 0.132985 4.08011e-05
    outer loop
      vertex 6.34421 71.9795 7.56823
      vertex 5 82 0
      vertex 6.34233 71.9935 7.60517
    endloop
  endfacet
  facet normal 0.991118 0.132983 3.78573e-05
    outer loop
      vertex 6.35181 71.9229 7.41891
      vertex 5 82 0
      vertex 6.34421 71.9795 7.56823
    endloop
  endfacet
  facet normal 0.991125 0.132937 -2.64676e-05
    outer loop
      vertex 6.362 71.8469 7.28196
      vertex 5 82 0
      vertex 6.35181 71.9229 7.41891
    endloop
  endfacet
  facet normal 0.991122 0.132959 4.79765e-06
    outer loop
      vertex 6.36471 71.8267 7.24556
      vertex 5 82 0
      vertex 6.362 71.8469 7.28196
    endloop
  endfacet
  facet normal 0.991124 0.132942 -1.83976e-05
    outer loop
      vertex 6.36817 71.8009 7.21151
      vertex 5 82 0
      vertex 6.36471 71.8267 7.24556
    endloop
  endfacet
  facet normal 0.991118 0.132983 3.97983e-05
    outer loop
      vertex 6.38068 71.7077 7.08867
      vertex 5 82 0
      vertex 6.36817 71.8009 7.21151
    endloop
  endfacet
  facet normal 0.991126 0.132922 -4.98497e-05
    outer loop
      vertex 6.38497 71.6757 7.05702
      vertex 5 82 0
      vertex 6.38068 71.7077 7.08867
    endloop
  endfacet
  facet normal 0.991122 0.132955 -1.51947e-06
    outer loop
      vertex 6.39931 71.5688 6.95123
      vertex 5 82 0
      vertex 6.38497 71.6757 7.05702
    endloop
  endfacet
  facet normal 0.991129 0.132903 -8.09307e-05
    outer loop
      vertex 6.40443 71.5306 6.9228
      vertex 5 82 0
      vertex 6.39931 71.5688 6.95123
    endloop
  endfacet
  facet normal 0.991121 0.132961 8.924e-06
    outer loop
      vertex 6.42014 71.4135 6.83558
      vertex 5 82 0
      vertex 6.40443 71.5306 6.9228
    endloop
  endfacet
  facet normal 0.991124 0.132941 -2.30044e-05
    outer loop
      vertex 6.43665 71.2904 6.76807
      vertex 5 82 0
      vertex 6.42014 71.4135 6.83558
    endloop
  endfacet
  facet normal 0.991111 0.133034 0.000127911
    outer loop
      vertex 6.44268 71.2455 6.74341
      vertex 5 82 0
      vertex 6.43665 71.2904 6.76807
    endloop
  endfacet
  facet normal 0.991124 0.132943 -2.11495e-05
    outer loop
      vertex 6.45962 71.1192 6.69513
      vertex 5 82 0
      vertex 6.44268 71.2455 6.74341
    endloop
  endfacet
  facet normal 0.991124 0.132941 -2.39427e-05
    outer loop
      vertex 6.46642 71.0685 6.67575
      vertex 5 82 0
      vertex 6.45962 71.1192 6.69513
    endloop
  endfacet
  facet normal 0.991119 0.132977 3.62812e-05
    outer loop
      vertex 6.47384 71.0132 6.66278
      vertex 5 82 0
      vertex 6.46642 71.0685 6.67575
    endloop
  endfacet
  facet normal 0.991124 0.132938 -2.95526e-05
    outer loop
      vertex 6.49086 70.8863 6.63302
      vertex 5 82 0
      vertex 6.47384 71.0132 6.66278
    endloop
  endfacet
  facet normal 0.991132 0.13288 -0.000127591
    outer loop
      vertex 6.49889 70.8264 6.62718
      vertex 5 82 0
      vertex 6.49086 70.8863 6.63302
    endloop
  endfacet
  facet normal 0.99112 0.132972 2.91734e-05
    outer loop
      vertex 6.51554 70.7023 6.61507
      vertex 5 82 0
      vertex 6.49889 70.8264 6.62718
    endloop
  endfacet
  facet normal 0.991118 0.132985 5.24756e-05
    outer loop
      vertex 6.53148 70.5835 6.61912
      vertex 5 82 0
      vertex 6.51554 70.7023 6.61507
    endloop
  endfacet
  facet normal 0.991118 0.132983 4.91124e-05
    outer loop
      vertex 6.54 70.52 6.62129
      vertex 5 82 0
      vertex 6.53148 70.5835 6.61912
    endloop
  endfacet
  facet normal 0.991141 0.132814 -0.00024985
    outer loop
      vertex 6.54882 70.4542 6.63215
      vertex 5 82 0
      vertex 6.54 70.52 6.62129
    endloop
  endfacet
  facet normal 0.991102 0.133108 0.000270962
    outer loop
      vertex 6.56383 70.3424 6.65063
      vertex 5 82 0
      vertex 6.54882 70.4542 6.63215
    endloop
  endfacet
  facet normal 0.991122 0.132956 0.000350935
    outer loop
      vertex 7.45642 63.6885 6.67575
      vertex 6.56383 70.3424 6.65063
      vertex 6.57773 70.2387 6.68174
    endloop
  endfacet
  facet normal 0.991122 0.132956 -0.000286876
    outer loop
      vertex 7.45642 63.6885 6.67575
      vertex 6.57773 70.2387 6.68174
      vertex 6.58667 70.1721 6.70174
    endloop
  endfacet
  facet normal 0.991122 0.132957 0.000241078
    outer loop
      vertex 7.43268 63.8655 6.74341
      vertex 6.58667 70.1721 6.70174
      vertex 6.59931 70.0778 6.74364
    endloop
  endfacet
  facet normal 0.991122 0.132957 -0.000546867
    outer loop
      vertex 7.43268 63.8655 6.74341
      vertex 6.59931 70.0778 6.74364
      vertex 6.60818 70.0118 6.77301
    endloop
  endfacet
  facet normal 0.991122 0.132956 -3.55152e-06
    outer loop
      vertex 7.38931 64.1888 6.95123
      vertex 6.63629 69.8022 6.91083
      vertex 6.64615 69.7287 6.96873
    endloop
  endfacet
  facet normal 0.991122 0.132956 -2.09219e-05
    outer loop
      vertex 7.37068 64.3277 7.08867
      vertex 6.65467 69.6652 7.03283
      vertex 6.66217 69.6093 7.08925
    endloop
  endfacet
  facet normal 0.991122 0.132957 8.55614e-06
    outer loop
      vertex 7.36715 64.354 7.12338
      vertex 6.6693 69.5561 7.15787
      vertex 6.67598 69.5063 7.22216
    endloop
  endfacet
  facet normal 0.991122 0.132956 1.70451e-05
    outer loop
      vertex 7.35471 64.4467 7.24556
      vertex 6.68175 69.4633 7.29417
      vertex 6.68745 69.4208 7.36539
    endloop
  endfacet
  facet normal 0.991122 0.132954 -7.76611e-05
    outer loop
      vertex 7.33233 64.6135 7.60517
      vertex 6.69961 69.3302 7.59294
      vertex 6.70297 69.3052 7.67448
    endloop
  endfacet
  facet normal 0.991122 0.132958 2.89517e-05
    outer loop
      vertex 7.32654 64.6567 7.80032
      vertex 6.70483 69.2912 7.75157
      vertex 6.70688 69.2759 7.83622
    endloop
  endfacet
  facet normal 0.991122 0.132955 9.04953e-05
    outer loop
      vertex 7.32459 64.6712 8
      vertex 6.70758 69.2708 7.92256
      vertex 6.70819 69.2662 8
    endloop
  endfacet
  facet normal 0.991123 0.13295 -0.000182291
    outer loop
      vertex 7.32459 64.6712 8
      vertex 6.70688 69.2759 7.83622
      vertex 6.70758 69.2708 7.92256
    endloop
  endfacet
  facet normal 0.991122 0.132959 6.41231e-05
    outer loop
      vertex 7.32617 64.6595 7.83856
      vertex 6.70688 69.2759 7.83622
      vertex 7.32459 64.6712 8
    endloop
  endfacet
  facet normal 0.991122 0.132959 -0.000145655
    outer loop
      vertex 7.32654 64.6567 7.80032
      vertex 6.70688 69.2759 7.83622
      vertex 7.32617 64.6595 7.83856
    endloop
  endfacet
  facet normal 0.991121 0.13296 0.000232833
    outer loop
      vertex 6.70483 69.2912 7.75157
      vertex 7.32654 64.6567 7.80032
      vertex 6.70297 69.3052 7.67448
    endloop
  endfacet
  facet normal 0.991122 0.132958 0.000172534
    outer loop
      vertex 7.32766 64.6484 7.76262
      vertex 6.70297 69.3052 7.67448
      vertex 7.32654 64.6567 7.80032
    endloop
  endfacet
  facet normal 0.991122 0.132953 -7.32617e-05
    outer loop
      vertex 7.33233 64.6135 7.60517
      vertex 6.70297 69.3052 7.67448
      vertex 7.32766 64.6484 7.76262
    endloop
  endfacet
  facet normal 0.991122 0.132954 -1.32386e-05
    outer loop
      vertex 6.69961 69.3302 7.59294
      vertex 7.33233 64.6135 7.60517
      vertex 6.69647 69.3536 7.51685
    endloop
  endfacet
  facet normal 0.991122 0.132955 5.25419e-05
    outer loop
      vertex 7.33421 64.5995 7.56823
      vertex 6.69647 69.3536 7.51685
      vertex 7.33233 64.6135 7.60517
    endloop
  endfacet
  facet normal 0.991122 0.132955 4.87725e-05
    outer loop
      vertex 7.34181 64.5429 7.41891
      vertex 6.69647 69.3536 7.51685
      vertex 7.33421 64.5995 7.56823
    endloop
  endfacet
  facet normal 0.991122 0.132958 -0.000132521
    outer loop
      vertex 6.69647 69.3536 7.51685
      vertex 7.34181 64.5429 7.41891
      vertex 6.69206 69.3864 7.44284
    endloop
  endfacet
  facet normal 0.991122 0.132958 6.02789e-05
    outer loop
      vertex 6.69206 69.3864 7.44284
      vertex 7.34181 64.5429 7.41891
      vertex 6.68745 69.4208 7.36539
    endloop
  endfacet
  facet normal 0.991122 0.132954 -0.000262816
    outer loop
      vertex 7.34447 64.523 7.38314
      vertex 6.68745 69.4208 7.36539
      vertex 7.34181 64.5429 7.41891
    endloop
  endfacet
  facet normal 0.991122 0.132955 3.35358e-05
    outer loop
      vertex 7.35471 64.4467 7.24556
      vertex 6.68745 69.4208 7.36539
      vertex 7.34447 64.523 7.38314
    endloop
  endfacet
  facet normal 0.991122 0.132956 -2.31921e-05
    outer loop
      vertex 6.68175 69.4633 7.29417
      vertex 7.35471 64.4467 7.24556
      vertex 6.67598 69.5063 7.22216
    endloop
  endfacet
  facet normal 0.991122 0.132956 3.69911e-05
    outer loop
      vertex 7.36715 64.354 7.12338
      vertex 6.67598 69.5063 7.22216
      vertex 7.35471 64.4467 7.24556
    endloop
  endfacet
  facet normal 0.991122 0.132956 9.57055e-05
    outer loop
      vertex 6.6693 69.5561 7.15787
      vertex 7.36715 64.354 7.12338
      vertex 6.66217 69.6093 7.08925
    endloop
  endfacet
  facet normal 0.991122 0.132956 5.5339e-05
    outer loop
      vertex 7.37068 64.3277 7.08867
      vertex 6.66217 69.6093 7.08925
      vertex 7.36715 64.354 7.12338
    endloop
  endfacet
  facet normal 0.991122 0.132955 -8.38617e-05
    outer loop
      vertex 7.37497 64.2957 7.05702
      vertex 6.65467 69.6652 7.03283
      vertex 7.37068 64.3277 7.08867
    endloop
  endfacet
  facet normal 0.991122 0.132955 -2.62931e-05
    outer loop
      vertex 6.65467 69.6652 7.03283
      vertex 7.37497 64.2957 7.05702
      vertex 6.64615 69.7287 6.96873
    endloop
  endfacet
  facet normal 0.991122 0.132956 -2.77896e-06
    outer loop
      vertex 7.38931 64.1888 6.95123
      vertex 6.64615 69.7287 6.96873
      vertex 7.37497 64.2957 7.05702
    endloop
  endfacet
  facet normal 0.991122 0.132955 -7.52925e-05
    outer loop
      vertex 6.63629 69.8022 6.91083
      vertex 7.38931 64.1888 6.95123
      vertex 6.62809 69.8633 6.86265
    endloop
  endfacet
  facet normal 0.991122 0.132954 -0.000151421
    outer loop
      vertex 7.39443 64.1506 6.9228
      vertex 6.62809 69.8633 6.86265
      vertex 7.38931 64.1888 6.95123
    endloop
  endfacet
  facet normal 0.991122 0.132956 1.58935e-05
    outer loop
      vertex 7.41014 64.0335 6.83558
      vertex 6.62809 69.8633 6.86265
      vertex 7.39443 64.1506 6.9228
    endloop
  endfacet
  facet normal 0.991122 0.132956 9.5729e-05
    outer loop
      vertex 6.62809 69.8633 6.86265
      vertex 7.41014 64.0335 6.83558
      vertex 6.61684 69.9472 6.81199
    endloop
  endfacet
  facet normal 0.991122 0.132956 0.000149487
    outer loop
      vertex 6.61684 69.9472 6.81199
      vertex 7.41014 64.0335 6.83558
      vertex 6.60818 70.0118 6.77301
    endloop
  endfacet
  facet normal 0.991122 0.132954 -4.70937e-05
    outer loop
      vertex 7.42665 63.9104 6.76807
      vertex 6.60818 70.0118 6.77301
      vertex 7.41014 64.0335 6.83558
    endloop
  endfacet
  facet normal 0.991122 0.132953 0.00027799
    outer loop
      vertex 7.43268 63.8655 6.74341
      vertex 6.60818 70.0118 6.77301
      vertex 7.42665 63.9104 6.76807
    endloop
  endfacet
  facet normal 0.991122 0.132955 -5.52252e-05
    outer loop
      vertex 6.58667 70.1721 6.70174
      vertex 7.43268 63.8655 6.74341
      vertex 7.44962 63.7392 6.69513
    endloop
  endfacet
  facet normal 0.991122 0.132955 -6.25358e-05
    outer loop
      vertex 6.58667 70.1721 6.70174
      vertex 7.44962 63.7392 6.69513
      vertex 7.45642 63.6885 6.67575
    endloop
  endfacet
  facet normal 0.991122 0.132955 0.000132364
    outer loop
      vertex 6.56383 70.3424 6.65063
      vertex 7.45642 63.6885 6.67575
      vertex 7.46384 63.6332 6.66278
    endloop
  endfacet
  facet normal 0.991122 0.132955 -0.000101892
    outer loop
      vertex 6.56383 70.3424 6.65063
      vertex 7.46384 63.6332 6.66278
      vertex 7.48086 63.5063 6.63302
    endloop
  endfacet
  facet normal 0.991122 0.132954 -2.80683e-06
    outer loop
      vertex 6.56383 70.3424 6.65063
      vertex 7.48086 63.5063 6.63302
      vertex 5 82 0
    endloop
  endfacet
  facet normal 0.991131 0.132887 -0.00019438
    outer loop
      vertex 7.48889 63.4464 6.62718
      vertex 5 82 0
      vertex 7.48086 63.5063 6.63302
    endloop
  endfacet
  facet normal 0.99112 0.13297 4.37208e-05
    outer loop
      vertex 7.50554 63.3223 6.61507
      vertex 5 82 0
      vertex 7.48889 63.4464 6.62718
    endloop
  endfacet
  facet normal 0.991118 0.132986 8.98505e-05
    outer loop
      vertex 7.52148 63.2035 6.61912
      vertex 5 82 0
      vertex 7.50554 63.3223 6.61507
    endloop
  endfacet
  facet normal 0.991118 0.132984 8.40892e-05
    outer loop
      vertex 7.53 63.14 6.62129
      vertex 5 82 0
      vertex 7.52148 63.2035 6.61912
    endloop
  endfacet
  facet normal 0.991122 0.132956 0.000627745
    outer loop
      vertex 8.47086 56.1263 6.63302
      vertex 7.53 63.14 6.62129
      vertex 7.53882 63.0742 6.63215
    endloop
  endfacet
  facet normal 0.991122 0.132956 -0.000663635
    outer loop
      vertex 8.47086 56.1263 6.63302
      vertex 7.53882 63.0742 6.63215
      vertex 7.55383 62.9624 6.65063
    endloop
  endfacet
  facet normal 0.991122 0.132956 0.000350935
    outer loop
      vertex 8.44642 56.3085 6.67575
      vertex 7.55383 62.9624 6.65063
      vertex 7.56773 62.8587 6.68174
    endloop
  endfacet
  facet normal 0.991122 0.132956 0.000207181
    outer loop
      vertex 8.44642 56.3085 6.67575
      vertex 7.56773 62.8587 6.68174
      vertex 7.57666 62.7921 6.70174
    endloop
  endfacet
  facet normal 0.991122 0.132957 -0.000546867
    outer loop
      vertex 8.42268 56.4855 6.74341
      vertex 7.58931 62.6978 6.74364
      vertex 7.59818 62.6318 6.77301
    endloop
  endfacet
  facet normal 0.991122 0.132956 9.5729e-05
    outer loop
      vertex 8.40014 56.6535 6.83558
      vertex 7.60684 62.5672 6.81199
      vertex 7.61809 62.4833 6.86265
    endloop
  endfacet
  facet normal 0.991122 0.132956 5.59797e-05
    outer loop
      vertex 8.37931 56.8088 6.95123
      vertex 7.62801 62.4094 6.9209
      vertex 7.63615 62.3487 6.96873
    endloop
  endfacet
  facet normal 0.991122 0.132958 -0.000132521
    outer loop
      vertex 8.33181 57.1629 7.41891
      vertex 7.68206 62.0064 7.44284
      vertex 7.68647 61.9736 7.51685
    endloop
  endfacet
  facet normal 0.991122 0.132954 -7.76611e-05
    outer loop
      vertex 8.32233 57.2335 7.60517
      vertex 7.68961 61.9502 7.59294
      vertex 7.69297 61.9252 7.67448
    endloop
  endfacet
  facet normal 0.991122 0.132956 9.05506e-05
    outer loop
      vertex 8.31496 57.2885 7.96188
      vertex 7.69758 61.8908 7.92256
      vertex 7.69819 61.8862 8
    endloop
  endfacet
  facet normal 0.991122 0.132955 0.000202965
    outer loop
      vertex 8.31496 57.2885 7.96188
      vertex 7.69819 61.8862 8
      vertex 8.31459 57.2912 8
    endloop
  endfacet
  facet normal 0.991122 0.132954 -0.000182102
    outer loop
      vertex 7.69758 61.8908 7.92256
      vertex 8.31496 57.2885 7.96188
      vertex 7.69688 61.8959 7.83622
    endloop
  endfacet
  facet normal 0.991122 0.132958 -1.81413e-05
    outer loop
      vertex 8.31654 57.2767 7.80032
      vertex 7.69688 61.8959 7.83622
      vertex 8.31496 57.2885 7.96188
    endloop
  endfacet
  facet normal 0.991122 0.132957 6.01011e-05
    outer loop
      vertex 7.69688 61.8959 7.83622
      vertex 8.31654 57.2767 7.80032
      vertex 7.69502 61.9098 7.75935
    endloop
  endfacet
  facet normal 0.991122 0.132958 0.000185694
    outer loop
      vertex 7.69502 61.9098 7.75935
      vertex 8.31654 57.2767 7.80032
      vertex 7.69297 61.9252 7.67448
    endloop
  endfacet
  facet normal 0.991122 0.132952 -5.15672e-05
    outer loop
      vertex 8.3212 57.2419 7.64321
      vertex 7.69297 61.9252 7.67448
      vertex 8.31654 57.2767 7.80032
    endloop
  endfacet
  facet normal 0.991123 0.132951 8.35565e-05
    outer loop
      vertex 8.32233 57.2335 7.60517
      vertex 7.69297 61.9252 7.67448
      vertex 8.3212 57.2419 7.64321
    endloop
  endfacet
  facet normal 0.991122 0.132954 -1.32386e-05
    outer loop
      vertex 7.68961 61.9502 7.59294
      vertex 8.32233 57.2335 7.60517
      vertex 7.68647 61.9736 7.51685
    endloop
  endfacet
  facet normal 0.991122 0.132954 2.79808e-05
    outer loop
      vertex 8.3299 57.1771 7.45637
      vertex 7.68647 61.9736 7.51685
      vertex 8.32233 57.2335 7.60517
    endloop
  endfacet
  facet normal 0.991122 0.132953 0.000136399
    outer loop
      vertex 8.33181 57.1629 7.41891
      vertex 7.68647 61.9736 7.51685
      vertex 8.3299 57.1771 7.45637
    endloop
  endfacet
  facet normal 0.991122 0.132958 6.02789e-05
    outer loop
      vertex 7.68206 62.0064 7.44284
      vertex 8.33181 57.1629 7.41891
      vertex 7.67745 62.0408 7.36539
    endloop
  endfacet
  facet normal 0.991122 0.132954 -0.000262816
    outer loop
      vertex 8.33447 57.143 7.38314
      vertex 7.67745 62.0408 7.36539
      vertex 8.33181 57.1629 7.41891
    endloop
  endfacet
  facet normal 0.991122 0.132955 3.35358e-05
    outer loop
      vertex 8.34471 57.0667 7.24556
      vertex 7.67745 62.0408 7.36539
      vertex 8.33447 57.143 7.38314
    endloop
  endfacet
  facet normal 0.991122 0.132957 -2.63383e-05
    outer loop
      vertex 7.67745 62.0408 7.36539
      vertex 8.34471 57.0667 7.24556
      vertex 7.67172 62.0835 7.29386
    endloop
  endfacet
  facet normal 0.991122 0.132956 2.06568e-05
    outer loop
      vertex 7.67172 62.0835 7.29386
      vertex 8.34471 57.0667 7.24556
      vertex 7.66598 62.1263 7.22216
    endloop
  endfacet
  facet normal 0.991122 0.132956 -2.87677e-05
    outer loop
      vertex 8.34817 57.0409 7.21151
      vertex 7.66598 62.1263 7.22216
      vertex 8.34471 57.0667 7.24556
    endloop
  endfacet
  facet normal 0.991122 0.132956 7.83889e-06
    outer loop
      vertex 7.66598 62.1263 7.22216
      vertex 8.34817 57.0409 7.21151
      vertex 7.6593 62.1761 7.15787
    endloop
  endfacet
  facet normal 0.991122 0.132956 6.02772e-05
    outer loop
      vertex 8.36068 56.9477 7.08867
      vertex 7.6593 62.1761 7.15787
      vertex 8.34817 57.0409 7.21151
    endloop
  endfacet
  facet normal 0.991122 0.132956 9.54988e-05
    outer loop
      vertex 7.6593 62.1761 7.15787
      vertex 8.36068 56.9477 7.08867
      vertex 7.65217 62.2293 7.08925
    endloop
  endfacet
  facet normal 0.991122 0.132956 -0.00013619
    outer loop
      vertex 7.65217 62.2293 7.08925
      vertex 8.36068 56.9477 7.08867
      vertex 7.64371 62.2923 7.02559
    endloop
  endfacet
  facet normal 0.991122 0.132959 0.000105377
    outer loop
      vertex 7.64371 62.2923 7.02559
      vertex 8.36068 56.9477 7.08867
      vertex 7.63615 62.3487 6.96873
    endloop
  endfacet
  facet normal 0.991122 0.132956 1.23031e-06
    outer loop
      vertex 8.37494 56.8414 6.98349
      vertex 7.63615 62.3487 6.96873
      vertex 8.36068 56.9477 7.08867
    endloop
  endfacet
  facet normal 0.991122 0.132956 -9.82128e-05
    outer loop
      vertex 8.37931 56.8088 6.95123
      vertex 7.63615 62.3487 6.96873
      vertex 8.37494 56.8414 6.98349
    endloop
  endfacet
  facet normal 0.991122 0.132955 -0.000112825
    outer loop
      vertex 7.62801 62.4094 6.9209
      vertex 8.37931 56.8088 6.95123
      vertex 7.61809 62.4833 6.86265
    endloop
  endfacet
  facet normal 0.991122 0.132954 -0.000151421
    outer loop
      vertex 8.38443 56.7706 6.9228
      vertex 7.61809 62.4833 6.86265
      vertex 8.37931 56.8088 6.95123
    endloop
  endfacet
  facet normal 0.991122 0.132956 1.58935e-05
    outer loop
      vertex 8.40014 56.6535 6.83558
      vertex 7.61809 62.4833 6.86265
      vertex 8.38443 56.7706 6.9228
    endloop
  endfacet
  facet normal 0.991122 0.132956 0.000149487
    outer loop
      vertex 7.60684 62.5672 6.81199
      vertex 8.40014 56.6535 6.83558
      vertex 7.59818 62.6318 6.77301
    endloop
  endfacet
  facet normal 0.991122 0.132954 -4.70937e-05
    outer loop
      vertex 8.41665 56.5304 6.76807
      vertex 7.59818 62.6318 6.77301
      vertex 8.40014 56.6535 6.83558
    endloop
  endfacet
  facet normal 0.991122 0.132953 0.00027799
    outer loop
      vertex 8.42268 56.4855 6.74341
      vertex 7.59818 62.6318 6.77301
      vertex 8.41665 56.5304 6.76807
    endloop
  endfacet
  facet normal 0.991122 0.132957 4.55361e-06
    outer loop
      vertex 7.58931 62.6978 6.74364
      vertex 8.42268 56.4855 6.74341
      vertex 7.57666 62.7921 6.70174
    endloop
  endfacet
  facet normal 0.991122 0.132957 -5.92666e-05
    outer loop
      vertex 8.43962 56.3592 6.69513
      vertex 7.57666 62.7921 6.70174
      vertex 8.42268 56.4855 6.74341
    endloop
  endfacet
  facet normal 0.991122 0.132957 -6.65773e-05
    outer loop
      vertex 8.44642 56.3085 6.67575
      vertex 7.57666 62.7921 6.70174
      vertex 8.43962 56.3592 6.69513
    endloop
  endfacet
  facet normal 0.991122 0.132955 0.000132364
    outer loop
      vertex 7.55383 62.9624 6.65063
      vertex 8.44642 56.3085 6.67575
      vertex 8.45384 56.2532 6.66278
    endloop
  endfacet
  facet normal 0.991122 0.132955 -0.000101892
    outer loop
      vertex 7.55383 62.9624 6.65063
      vertex 8.45384 56.2532 6.66278
      vertex 8.47086 56.1263 6.63302
    endloop
  endfacet
  facet normal 0.991122 0.132954 -0.000892167
    outer loop
      vertex 7.53 63.14 6.62129
      vertex 8.47086 56.1263 6.63302
      vertex 8.47889 56.0664 6.62718
    endloop
  endfacet
  facet normal 0.991122 0.132954 -3.02479e-06
    outer loop
      vertex 7.53 63.14 6.62129
      vertex 8.47889 56.0664 6.62718
      vertex 5 82 0
    endloop
  endfacet
  facet normal 0.99112 0.132969 5.59803e-05
    outer loop
      vertex 8.49554 55.9423 6.61507
      vertex 5 82 0
      vertex 8.47889 56.0664 6.62718
    endloop
  endfacet
  facet normal 0.991118 0.132988 0.000130509
    outer loop
      vertex 8.51148 55.8235 6.61912
      vertex 5 82 0
      vertex 8.49554 55.9423 6.61507
    endloop
  endfacet
  facet normal 0.991118 0.132986 0.000122148
    outer loop
      vertex 8.52 55.76 6.62129
      vertex 5 82 0
      vertex 8.51148 55.8235 6.61912
    endloop
  endfacet
  facet normal 0.991128 0.132914 0.000364999
    outer loop
      vertex 15.9987 0.00999451 0
      vertex 8.52 55.76 6.62129
      vertex 8.52882 55.6942 6.63215
    endloop
  endfacet
  facet normal 0.991116 0.133001 -0.000384765
    outer loop
      vertex 15.9987 0.00999451 0
      vertex 8.52882 55.6942 6.63215
      vertex 8.54383 55.5824 6.65063
    endloop
  endfacet
  facet normal -0.993205 -0.0855035 0.0789539
    outer loop
      vertex 8.60809 55.1033 6.86265
      vertex 8.58818 55.2518 6.77301
      vertex 8.59684 55.1872 6.81199
    endloop
  endfacet
  facet normal 0.859228 -0.240554 -0.45151
    outer loop
      vertex 8.62615 54.9687 6.96873
      vertex 8.60809 55.1033 6.86265
      vertex 8.61801 55.0294 6.9209
    endloop
  endfacet
  facet normal -0.994157 -0.0282184 0.104191
    outer loop
      vertex 8.64217 54.8493 7.08925
      vertex 8.62615 54.9687 6.96873
      vertex 8.63371 54.9123 7.02559
    endloop
  endfacet
  facet normal 0.820887 -0.569666 -0.0403048
    outer loop
      vertex 8.68819 54.5062 8
      vertex 8.68688 54.5159 7.83622
      vertex 8.68758 54.5108 7.92256
    endloop
  endfacet
  facet normal 0.991122 0.132956 -0
    outer loop
      vertex 15.9987 0.00999451 0
      vertex 8.68819 54.5062 8
      vertex 15.9987 0.00999451 16
    endloop
  endfacet
  facet normal 0.991121 0.132964 -5.26311e-05
    outer loop
      vertex 8.68819 54.5062 8
      vertex 15.9987 0.00999451 0
      vertex 8.68688 54.5159 7.83622
    endloop
  endfacet
  facet normal 0.991123 0.132948 5.84036e-05
    outer loop
      vertex 8.68688 54.5159 7.83622
      vertex 15.9987 0.00999451 0
      vertex 8.68502 54.5298 7.75935
    endloop
  endfacet
  facet normal 0.991125 0.132931 0.000180634
    outer loop
      vertex 8.68502 54.5298 7.75935
      vertex 15.9987 0.00999451 0
      vertex 8.68297 54.5452 7.67448
    endloop
  endfacet
  facet normal 0.991121 0.132966 -7.37231e-05
    outer loop
      vertex 8.68297 54.5452 7.67448
      vertex 15.9987 0.00999451 0
      vertex 8.67961 54.5702 7.59294
    endloop
  endfacet
  facet normal 0.991122 0.132958 -1.19826e-05
    outer loop
      vertex 8.67961 54.5702 7.59294
      vertex 15.9987 0.00999451 0
      vertex 8.67647 54.5936 7.51685
    endloop
  endfacet
  facet normal 0.99112 0.132973 -0.000125918
    outer loop
      vertex 8.67647 54.5936 7.51685
      vertex 15.9987 0.00999451 0
      vertex 8.67206 54.6264 7.44284
    endloop
  endfacet
  facet normal 0.991123 0.132949 5.62908e-05
    outer loop
      vertex 8.67206 54.6264 7.44284
      vertex 15.9987 0.00999451 0
      vertex 8.66745 54.6608 7.36539
    endloop
  endfacet
  facet normal 0.991122 0.132954 1.61525e-05
    outer loop
      vertex 8.66745 54.6608 7.36539
      vertex 15.9987 0.00999451 0
      vertex 8.66175 54.7033 7.29417
    endloop
  endfacet
  facet normal 0.991122 0.132959 -2.13329e-05
    outer loop
      vertex 8.66175 54.7033 7.29417
      vertex 15.9987 0.00999451 0
      vertex 8.65598 54.7463 7.22216
    endloop
  endfacet
  facet normal 0.991122 0.132955 7.3939e-06
    outer loop
      vertex 8.65598 54.7463 7.22216
      vertex 15.9987 0.00999451 0
      vertex 8.6493 54.7961 7.15787
    endloop
  endfacet
  facet normal 0.991123 0.132945 8.69336e-05
    outer loop
      vertex 8.6493 54.7961 7.15787
      vertex 15.9987 0.00999451 0
      vertex 8.64217 54.8493 7.08925
    endloop
  endfacet
  facet normal 0.991122 0.132959 -2.07368e-05
    outer loop
      vertex 8.64217 54.8493 7.08925
      vertex 15.9987 0.00999451 0
      vertex 8.62615 54.9687 6.96873
    endloop
  endfacet
  facet normal 0.991121 0.13296 -3.06051e-05
    outer loop
      vertex 8.62615 54.9687 6.96873
      vertex 15.9987 0.00999451 0
      vertex 8.60809 55.1033 6.86265
    endloop
  endfacet
  facet normal 0.991124 0.132944 9.94627e-05
    outer loop
      vertex 8.60809 55.1033 6.86265
      vertex 15.9987 0.00999451 0
      vertex 8.58818 55.2518 6.77301
    endloop
  endfacet
  facet normal 0.991115 0.133008 -0.000431267
    outer loop
      vertex 8.58818 55.2518 6.77301
      vertex 15.9987 0.00999451 0
      vertex 8.57931 55.3178 6.74364
    endloop
  endfacet
  facet normal 0.991122 0.132956 1.5899e-06
    outer loop
      vertex 8.57931 55.3178 6.74364
      vertex 15.9987 0.00999451 0
      vertex 8.56666 55.4121 6.70174
    endloop
  endfacet
  facet normal 0.991124 0.132939 0.000148608
    outer loop
      vertex 8.56666 55.4121 6.70174
      vertex 15.9987 0.00999451 0
      vertex 8.55773 55.4787 6.68174
    endloop
  endfacet
  facet normal 0.991126 0.132926 0.00025145
    outer loop
      vertex 8.55773 55.4787 6.68174
      vertex 15.9987 0.00999451 0
      vertex 8.54383 55.5824 6.65063
    endloop
  endfacet
  facet normal 0.991122 0.132956 1.95105e-06
    outer loop
      vertex 8.52 55.76 6.62129
      vertex 15.9987 0.00999451 0
      vertex 5 82 0
    endloop
  endfacet
  facet normal 0 1 0
    outer loop
      vertex 5 82 16
      vertex 0 82 8
      vertex 0 82 16
    endloop
  endfacet
  facet normal 0 1 -0
    outer loop
      vertex 5 82 0
      vertex 0 82 8
      vertex 5 82 16
    endloop
  endfacet
  facet normal 0 1 0
    outer loop
      vertex 0 82 8
      vertex 5 82 0
      vertex 0 82 0
    endloop
  endfacet
  facet normal -1 0 0
    outer loop
      vertex 0 82 0
      vertex 0 79 5.89494
      vertex 0 82 8
    endloop
  endfacet
  facet normal -1 0 0
    outer loop
      vertex 0 -12 0
      vertex 0 79 5.89494
      vertex 0 82 0
    endloop
  endfacet
  facet normal -1 -0 0
    outer loop
      vertex 0 79 5.89494
      vertex 0 -12 0
      vertex 0 -12 5.89494
    endloop
  endfacet
  facet normal -1 -0 0
    outer loop
      vertex 0 82 8
      vertex 0 79 5.89494
      vertex 0 79 8
    endloop
  endfacet
  facet normal -1 0 0
    outer loop
      vertex 0 79 10.1051
      vertex 0 82 8
      vertex 0 79 8
    endloop
  endfacet
  facet normal -1 0 0
    outer loop
      vertex 0 82 8
      vertex 0 79 10.1051
      vertex 0 82 16
    endloop
  endfacet
  facet normal -1 0 0
    outer loop
      vertex 0 -12 16
      vertex 0 79 10.1051
      vertex 0 -12 10.1051
    endloop
  endfacet
  facet normal -1 0 0
    outer loop
      vertex 0 79 10.1051
      vertex 0 -12 16
      vertex 0 82 16
    endloop
  endfacet
  facet normal 0 -1 0
    outer loop
      vertex -1.25 -12 9.25
      vertex -1.25 -12 10.45
      vertex -1.56979 -12 10.429
    endloop
  endfacet
  facet normal 0 -1 0
    outer loop
      vertex -1.41316 -12 9.23931
      vertex -1.56979 -12 10.429
      vertex -1.88411 -12 10.3665
    endloop
  endfacet
  facet normal 0 -1 0
    outer loop
      vertex -1.25 -12 10.45
      vertex -1.25 -12 9.25
      vertex -0.93021 -12 10.429
    endloop
  endfacet
  facet normal 0 -1 0
    outer loop
      vertex -1.57352 -12 9.20741
      vertex -1.88411 -12 10.3665
      vertex -2.18757 -12 10.2635
    endloop
  endfacet
  facet normal 0 -1 0
    outer loop
      vertex -1.08684 -12 9.23931
      vertex -0.93021 -12 10.429
      vertex -1.25 -12 9.25
    endloop
  endfacet
  facet normal 0 -1 0
    outer loop
      vertex -1.72835 -12 9.15485
      vertex -2.18757 -12 10.2635
      vertex -2.475 -12 10.1218
    endloop
  endfacet
  facet normal 0 -1 -0
    outer loop
      vertex -0.93021 -12 10.429
      vertex -1.08684 -12 9.23931
      vertex -0.615892 -12 10.3665
    endloop
  endfacet
  facet normal 0 -1 0
    outer loop
      vertex -0.926476 -12 9.20741
      vertex -0.615892 -12 10.3665
      vertex -1.08684 -12 9.23931
    endloop
  endfacet
  facet normal 0 -1 0
    outer loop
      vertex -1.875 -12 9.08253
      vertex -2.475 -12 10.1218
      vertex -2.74146 -12 9.94372
    endloop
  endfacet
  facet normal 0 -1 0
    outer loop
      vertex 0 -12 10.1051
      vertex 16 -12 16
      vertex 0 -12 16
    endloop
  endfacet
  facet normal 0 -1 0
    outer loop
      vertex -2.01095 -12 8.99169
      vertex -2.74146 -12 9.94372
      vertex -2.98241 -12 9.73241
    endloop
  endfacet
  facet normal 0 -1 0
    outer loop
      vertex -2.13388 -12 8.88388
      vertex -2.98241 -12 9.73241
      vertex -3.19372 -12 9.49146
    endloop
  endfacet
  facet normal 0 -1 0
    outer loop
      vertex -1.56979 -12 10.429
      vertex -1.41316 -12 9.23931
      vertex -1.25 -12 9.25
    endloop
  endfacet
  facet normal 0 -1 0
    outer loop
      vertex -0.771646 -12 9.15485
      vertex -0.312425 -12 10.2635
      vertex -0.926476 -12 9.20741
    endloop
  endfacet
  facet normal 0 -1 -0
    outer loop
      vertex -0.312425 -12 10.2635
      vertex -0.771646 -12 9.15485
      vertex -0.0249996 -12 10.1218
    endloop
  endfacet
  facet normal 0 -1 0
    outer loop
      vertex -0.625 -12 9.08253
      vertex -0.0249996 -12 10.1218
      vertex -0.771646 -12 9.15485
    endloop
  endfacet
  facet normal 0 -1 -0
    outer loop
      vertex -0.0249996 -12 10.1218
      vertex -0.625 -12 9.08253
      vertex 0 -12 10.1051
    endloop
  endfacet
  facet normal 0 -1 0
    outer loop
      vertex -0.489048 -12 8.99169
      vertex 0 -12 10.1051
      vertex -0.625 -12 9.08253
    endloop
  endfacet
  facet normal 0 -1 0
    outer loop
      vertex -0.366116 -12 8.88388
      vertex 0 -12 10.1051
      vertex -0.489048 -12 8.99169
    endloop
  endfacet
  facet normal 0 -1 0
    outer loop
      vertex -0.258307 -12 8.76095
      vertex 0 -12 10.1051
      vertex -0.366116 -12 8.88388
    endloop
  endfacet
  facet normal 0 -1 0
    outer loop
      vertex -0.167468 -12 8.625
      vertex 0 -12 10.1051
      vertex -0.258307 -12 8.76095
    endloop
  endfacet
  facet normal 0 -1 0
    outer loop
      vertex -0.09515 -12 8.47835
      vertex 0 -12 10.1051
      vertex -0.167468 -12 8.625
    endloop
  endfacet
  facet normal 0 -1 0
    outer loop
      vertex -0.042592 -12 8.32352
      vertex 0 -12 10.1051
      vertex -0.09515 -12 8.47835
    endloop
  endfacet
  facet normal 0 -1 0
    outer loop
      vertex -0.0106936 -12 8.16316
      vertex 0 -12 10.1051
      vertex -0.042592 -12 8.32352
    endloop
  endfacet
  facet normal 0 -1 -0
    outer loop
      vertex 0 -12 10.1051
      vertex -0.0106936 -12 8.16316
      vertex 16 -12 16
    endloop
  endfacet
  facet normal 0 -1 0
    outer loop
      vertex 0 -12 8
      vertex 16 -12 16
      vertex -0.0106936 -12 8.16316
    endloop
  endfacet
  facet normal 0 -1 0
    outer loop
      vertex 16 -12 0
      vertex 0 -12 8
      vertex -0.0106936 -12 7.83684
    endloop
  endfacet
  facet normal 0 -1 0
    outer loop
      vertex 0 -12 5.89494
      vertex -0.0106936 -12 7.83684
      vertex -0.042592 -12 7.67648
    endloop
  endfacet
  facet normal 0 -1 0
    outer loop
      vertex 0 -12 5.89494
      vertex -0.042592 -12 7.67648
      vertex -0.09515 -12 7.52165
    endloop
  endfacet
  facet normal 0 -1 0
    outer loop
      vertex 0 -12 5.89494
      vertex -0.09515 -12 7.52165
      vertex -0.167468 -12 7.375
    endloop
  endfacet
  facet normal 0 -1 0
    outer loop
      vertex 0 -12 5.89494
      vertex -0.167468 -12 7.375
      vertex -0.258307 -12 7.23905
    endloop
  endfacet
  facet normal 0 -1 0
    outer loop
      vertex 0 -12 5.89494
      vertex -0.258307 -12 7.23905
      vertex -0.366116 -12 7.11612
    endloop
  endfacet
  facet normal 0 -1 0
    outer loop
      vertex 0 -12 5.89494
      vertex -0.366116 -12 7.11612
      vertex -0.489048 -12 7.00831
    endloop
  endfacet
  facet normal 0 -1 0
    outer loop
      vertex 0 -12 5.89494
      vertex -0.489048 -12 7.00831
      vertex -0.625 -12 6.91747
    endloop
  endfacet
  facet normal 0 -1 0
    outer loop
      vertex -2.18757 -12 5.7365
      vertex -1.72835 -12 6.84515
      vertex -2.475 -12 5.87824
    endloop
  endfacet
  facet normal 0 -1 -0
    outer loop
      vertex -1.72835 -12 6.84515
      vertex -2.18757 -12 5.7365
      vertex -1.57352 -12 6.79259
    endloop
  endfacet
  facet normal 0 -1 0
    outer loop
      vertex -1.88411 -12 5.63348
      vertex -1.57352 -12 6.79259
      vertex -2.18757 -12 5.7365
    endloop
  endfacet
  facet normal 0 -1 -0
    outer loop
      vertex -1.57352 -12 6.79259
      vertex -1.88411 -12 5.63348
      vertex -1.41316 -12 6.76069
    endloop
  endfacet
  facet normal 0 -1 0
    outer loop
      vertex -1.56979 -12 5.57096
      vertex -1.41316 -12 6.76069
      vertex -1.88411 -12 5.63348
    endloop
  endfacet
  facet normal 0 -1 -0
    outer loop
      vertex -1.41316 -12 6.76069
      vertex -1.56979 -12 5.57096
      vertex -1.25 -12 6.75
    endloop
  endfacet
  facet normal 0 -1 0
    outer loop
      vertex -0.0249996 -12 5.87824
      vertex -0.625 -12 6.91747
      vertex -0.771646 -12 6.84515
    endloop
  endfacet
  facet normal 0 -1 0
    outer loop
      vertex -0.0106936 -12 7.83684
      vertex 0 -12 5.89494
      vertex 16 -12 0
    endloop
  endfacet
  facet normal 0 -1 0
    outer loop
      vertex 16 -12 0
      vertex 0 -12 5.89494
      vertex 0 -12 0
    endloop
  endfacet
  facet normal 0 -1 0
    outer loop
      vertex 0 -12 8
      vertex 16 -12 0
      vertex 16 -12 16
    endloop
  endfacet
  facet normal 0 -1 0
    outer loop
      vertex -1.25 -12 5.55
      vertex -1.25 -12 6.75
      vertex -1.56979 -12 5.57096
    endloop
  endfacet
  facet normal 0 -1 0
    outer loop
      vertex -1.25 -12 6.75
      vertex -1.25 -12 5.55
      vertex -1.08684 -12 6.76069
    endloop
  endfacet
  facet normal -0 -1 0
    outer loop
      vertex -0.0249996 -12 5.87824
      vertex -0.771646 -12 6.84515
      vertex -0.312425 -12 5.7365
    endloop
  endfacet
  facet normal 0 -1 0
    outer loop
      vertex -0.625 -12 6.91747
      vertex -0.0249996 -12 5.87824
      vertex 0 -12 5.89494
    endloop
  endfacet
  facet normal -0 -1 0
    outer loop
      vertex -0.93021 -12 5.57096
      vertex -1.08684 -12 6.76069
      vertex -1.25 -12 5.55
    endloop
  endfacet
  facet normal 0 -1 0
    outer loop
      vertex -0.771646 -12 6.84515
      vertex -0.615892 -12 5.63348
      vertex -0.312425 -12 5.7365
    endloop
  endfacet
  facet normal 0 -1 0
    outer loop
      vertex -1.08684 -12 6.76069
      vertex -0.93021 -12 5.57096
      vertex -0.926476 -12 6.79259
    endloop
  endfacet
  facet normal 0 -1 0
    outer loop
      vertex -0.926476 -12 6.79259
      vertex -0.615892 -12 5.63348
      vertex -0.771646 -12 6.84515
    endloop
  endfacet
  facet normal -0 -1 0
    outer loop
      vertex -0.615892 -12 5.63348
      vertex -0.926476 -12 6.79259
      vertex -0.93021 -12 5.57096
    endloop
  endfacet
  facet normal 0 -1 -0
    outer loop
      vertex -0.615892 -12 10.3665
      vertex -0.926476 -12 9.20741
      vertex -0.312425 -12 10.2635
    endloop
  endfacet
  facet normal 0 -1 0
    outer loop
      vertex -2.24169 -12 8.76095
      vertex -3.19372 -12 9.49146
      vertex -3.37176 -12 9.225
    endloop
  endfacet
  facet normal 0 -1 0
    outer loop
      vertex -1.88411 -12 10.3665
      vertex -1.57352 -12 9.20741
      vertex -1.41316 -12 9.23931
    endloop
  endfacet
  facet normal 0 -1 0
    outer loop
      vertex -2.18757 -12 10.2635
      vertex -1.72835 -12 9.15485
      vertex -1.57352 -12 9.20741
    endloop
  endfacet
  facet normal 0 -1 0
    outer loop
      vertex -2.475 -12 10.1218
      vertex -1.875 -12 9.08253
      vertex -1.72835 -12 9.15485
    endloop
  endfacet
  facet normal 0 -1 0
    outer loop
      vertex -2.74146 -12 9.94372
      vertex -2.01095 -12 8.99169
      vertex -1.875 -12 9.08253
    endloop
  endfacet
  facet normal 0 -1 0
    outer loop
      vertex -2.33253 -12 8.625
      vertex -3.37176 -12 9.225
      vertex -3.5135 -12 8.93757
    endloop
  endfacet
  facet normal 0 -1 0
    outer loop
      vertex -2.98241 -12 9.73241
      vertex -2.13388 -12 8.88388
      vertex -2.01095 -12 8.99169
    endloop
  endfacet
  facet normal 0 -1 0
    outer loop
      vertex -3.19372 -12 9.49146
      vertex -2.24169 -12 8.76095
      vertex -2.13388 -12 8.88388
    endloop
  endfacet
  facet normal 0 -1 0
    outer loop
      vertex -2.40485 -12 8.47835
      vertex -3.5135 -12 8.93757
      vertex -3.61652 -12 8.63411
    endloop
  endfacet
  facet normal 0 -1 0
    outer loop
      vertex -3.37176 -12 9.225
      vertex -2.33253 -12 8.625
      vertex -2.24169 -12 8.76095
    endloop
  endfacet
  facet normal 0 -1 0
    outer loop
      vertex -3.5135 -12 8.93757
      vertex -2.40485 -12 8.47835
      vertex -2.33253 -12 8.625
    endloop
  endfacet
  facet normal 0 -1 0
    outer loop
      vertex -3.61652 -12 8.63411
      vertex -2.45741 -12 8.32352
      vertex -2.40485 -12 8.47835
    endloop
  endfacet
  facet normal 0 -1 0
    outer loop
      vertex -3.67904 -12 8.31979
      vertex -2.45741 -12 8.32352
      vertex -3.61652 -12 8.63411
    endloop
  endfacet
  facet normal 0 -1 0
    outer loop
      vertex -3.67904 -12 8.31979
      vertex -2.48931 -12 8.16316
      vertex -2.45741 -12 8.32352
    endloop
  endfacet
  facet normal 0 -1 0
    outer loop
      vertex -3.7 -12 8
      vertex -2.48931 -12 8.16316
      vertex -3.67904 -12 8.31979
    endloop
  endfacet
  facet normal 0 -1 0
    outer loop
      vertex -3.7 -12 8
      vertex -2.5 -12 8
      vertex -2.48931 -12 8.16316
    endloop
  endfacet
  facet normal 0 -1 0
    outer loop
      vertex -3.7 -12 8
      vertex -2.48931 -12 7.83684
      vertex -2.5 -12 8
    endloop
  endfacet
  facet normal 0 -1 0
    outer loop
      vertex -3.67904 -12 7.68021
      vertex -2.48931 -12 7.83684
      vertex -3.7 -12 8
    endloop
  endfacet
  facet normal 0 -1 0
    outer loop
      vertex -3.67904 -12 7.68021
      vertex -2.45741 -12 7.67648
      vertex -2.48931 -12 7.83684
    endloop
  endfacet
  facet normal 0 -1 0
    outer loop
      vertex -3.61652 -12 7.36589
      vertex -2.45741 -12 7.67648
      vertex -3.67904 -12 7.68021
    endloop
  endfacet
  facet normal 0 -1 -0
    outer loop
      vertex -2.45741 -12 7.67648
      vertex -3.61652 -12 7.36589
      vertex -2.40485 -12 7.52165
    endloop
  endfacet
  facet normal 0 -1 0
    outer loop
      vertex -3.5135 -12 7.06242
      vertex -2.40485 -12 7.52165
      vertex -3.61652 -12 7.36589
    endloop
  endfacet
  facet normal 0 -1 -0
    outer loop
      vertex -2.40485 -12 7.52165
      vertex -3.5135 -12 7.06242
      vertex -2.33253 -12 7.375
    endloop
  endfacet
  facet normal 0 -1 0
    outer loop
      vertex -3.37176 -12 6.775
      vertex -2.33253 -12 7.375
      vertex -3.5135 -12 7.06242
    endloop
  endfacet
  facet normal 0 -1 -0
    outer loop
      vertex -2.33253 -12 7.375
      vertex -3.37176 -12 6.775
      vertex -2.24169 -12 7.23905
    endloop
  endfacet
  facet normal 0 -1 0
    outer loop
      vertex -3.19372 -12 6.50853
      vertex -2.24169 -12 7.23905
      vertex -3.37176 -12 6.775
    endloop
  endfacet
  facet normal 0 -1 -0
    outer loop
      vertex -2.24169 -12 7.23905
      vertex -3.19372 -12 6.50853
      vertex -2.13388 -12 7.11612
    endloop
  endfacet
  facet normal 0 -1 0
    outer loop
      vertex -2.98241 -12 6.26759
      vertex -2.13388 -12 7.11612
      vertex -3.19372 -12 6.50853
    endloop
  endfacet
  facet normal 0 -1 -0
    outer loop
      vertex -2.13388 -12 7.11612
      vertex -2.98241 -12 6.26759
      vertex -2.01095 -12 7.00831
    endloop
  endfacet
  facet normal 0 -1 0
    outer loop
      vertex -2.74146 -12 6.05628
      vertex -2.01095 -12 7.00831
      vertex -2.98241 -12 6.26759
    endloop
  endfacet
  facet normal 0 -1 -0
    outer loop
      vertex -2.01095 -12 7.00831
      vertex -2.74146 -12 6.05628
      vertex -1.875 -12 6.91747
    endloop
  endfacet
  facet normal 0 -1 0
    outer loop
      vertex -2.475 -12 5.87824
      vertex -1.875 -12 6.91747
      vertex -2.74146 -12 6.05628
    endloop
  endfacet
  facet normal 0 -1 -0
    outer loop
      vertex -1.875 -12 6.91747
      vertex -2.475 -12 5.87824
      vertex -1.72835 -12 6.84515
    endloop
  endfacet
  facet normal 0 -1 0
    outer loop
      vertex 1.79999 76 0
      vertex 4.80487 76 16
      vertex 1.79999 76 16
    endloop
  endfacet
  facet normal 0 -1 -0
    outer loop
      vertex 4.80487 76 16
      vertex 1.79999 76 0
      vertex 4.80487 76 0
    endloop
  endfacet
  facet normal -0.991122 -0.132955 0
    outer loop
      vertex 6.27641 65.0303 0
      vertex 4.80487 76 16
      vertex 4.80487 76 0
    endloop
  endfacet
  facet normal -0.991122 -0.132955 0
    outer loop
      vertex 4.80487 76 16
      vertex 6.27641 65.0303 0
      vertex 6.27641 65.0303 16
    endloop
  endfacet
  facet normal -0.258808 0.965929 0
    outer loop
      vertex 6.27641 65.0303 0
      vertex 1.79999 63.8309 16
      vertex 6.27641 65.0303 16
    endloop
  endfacet
  facet normal -0.258808 0.965929 0
    outer loop
      vertex 1.79999 63.8309 16
      vertex 6.27641 65.0303 0
      vertex 1.79999 63.8309 0
    endloop
  endfacet
  facet normal 1 -0 0
    outer loop
      vertex 1.79999 63.8309 16
      vertex 1.79999 76 0
      vertex 1.79999 76 16
    endloop
  endfacet
  facet normal 1 0 0
    outer loop
      vertex 1.79999 76 0
      vertex 1.79999 63.8309 16
      vertex 1.79999 63.8309 0
    endloop
  endfacet
  facet normal -0.991122 -0.132955 0
    outer loop
      vertex 7.44183 56.3426 0
      vertex 6.38365 64.2309 16
      vertex 6.38365 64.2309 0
    endloop
  endfacet
  facet normal -0.991122 -0.132955 0
    outer loop
      vertex 6.38365 64.2309 16
      vertex 7.44183 56.3426 0
      vertex 7.44183 56.3426 16
    endloop
  endfacet
  facet normal -0.258815 0.965927 0
    outer loop
      vertex 7.44183 56.3426 0
      vertex 1.79999 54.8309 16
      vertex 7.44183 56.3426 16
    endloop
  endfacet
  facet normal -0.258815 0.965927 0
    outer loop
      vertex 1.79999 54.8309 16
      vertex 7.44183 56.3426 0
      vertex 1.79999 54.8309 0
    endloop
  endfacet
  facet normal 1 -0 0
    outer loop
      vertex 1.79999 54.8309 16
      vertex 1.79999 63.0027 0
      vertex 1.79999 63.0027 16
    endloop
  endfacet
  facet normal 1 0 0
    outer loop
      vertex 1.79999 63.0027 0
      vertex 1.79999 54.8309 16
      vertex 1.79999 54.8309 0
    endloop
  endfacet
  facet normal 0.258821 -0.965925 0
    outer loop
      vertex 1.79999 63.0027 0
      vertex 6.38365 64.2309 16
      vertex 1.79999 63.0027 16
    endloop
  endfacet
  facet normal 0.258821 -0.965925 0
    outer loop
      vertex 6.38365 64.2309 16
      vertex 1.79999 63.0027 0
      vertex 6.38365 64.2309 0
    endloop
  endfacet
  facet normal -0.991122 -0.132955 0
    outer loop
      vertex 8.60727 47.6549 0
      vertex 7.54909 55.5432 16
      vertex 7.54909 55.5432 0
    endloop
  endfacet
  facet normal -0.991122 -0.132955 0
    outer loop
      vertex 7.54909 55.5432 16
      vertex 8.60727 47.6549 0
      vertex 8.60727 47.6549 16
    endloop
  endfacet
  facet normal -0.258818 0.965926 0
    outer loop
      vertex 8.60727 47.6549 0
      vertex 1.79999 45.8309 16
      vertex 8.60727 47.6549 16
    endloop
  endfacet
  facet normal -0.258818 0.965926 0
    outer loop
      vertex 1.79999 45.8309 16
      vertex 8.60727 47.6549 0
      vertex 1.79999 45.8309 0
    endloop
  endfacet
  facet normal 1 -0 0
    outer loop
      vertex 1.79999 45.8309 16
      vertex 1.79999 54.0027 0
      vertex 1.79999 54.0027 16
    endloop
  endfacet
  facet normal 1 0 0
    outer loop
      vertex 1.79999 54.0027 0
      vertex 1.79999 45.8309 16
      vertex 1.79999 45.8309 0
    endloop
  endfacet
  facet normal 0.258824 -0.965924 0
    outer loop
      vertex 1.79999 54.0027 0
      vertex 7.54909 55.5432 16
      vertex 1.79999 54.0027 16
    endloop
  endfacet
  facet normal 0.258824 -0.965924 0
    outer loop
      vertex 7.54909 55.5432 16
      vertex 1.79999 54.0027 0
      vertex 7.54909 55.5432 0
    endloop
  endfacet
  facet normal -0.991122 -0.132956 0
    outer loop
      vertex 9.77269 38.9672 0
      vertex 8.71451 46.8554 16
      vertex 8.71451 46.8554 0
    endloop
  endfacet
  facet normal -0.991122 -0.132956 0
    outer loop
      vertex 8.71451 46.8554 16
      vertex 9.77269 38.9672 0
      vertex 9.77269 38.9672 16
    endloop
  endfacet
  facet normal -0.258821 0.965925 0
    outer loop
      vertex 9.77269 38.9672 0
      vertex 1.79999 36.8309 16
      vertex 9.77269 38.9672 16
    endloop
  endfacet
  facet normal -0.258821 0.965925 0
    outer loop
      vertex 1.79999 36.8309 16
      vertex 9.77269 38.9672 0
      vertex 1.79999 36.8309 0
    endloop
  endfacet
  facet normal 1 -0 0
    outer loop
      vertex 1.79999 36.8309 16
      vertex 1.79999 45.0027 0
      vertex 1.79999 45.0027 16
    endloop
  endfacet
  facet normal 1 0 0
    outer loop
      vertex 1.79999 45.0027 0
      vertex 1.79999 36.8309 16
      vertex 1.79999 36.8309 0
    endloop
  endfacet
  facet normal 0.258814 -0.965927 0
    outer loop
      vertex 1.79999 45.0027 0
      vertex 8.71451 46.8554 16
      vertex 1.79999 45.0027 16
    endloop
  endfacet
  facet normal 0.258814 -0.965927 0
    outer loop
      vertex 8.71451 46.8554 16
      vertex 1.79999 45.0027 0
      vertex 8.71451 46.8554 0
    endloop
  endfacet
  facet normal -0.991122 -0.132952 0
    outer loop
      vertex 10.9381 30.2794 0
      vertex 9.87994 38.1677 16
      vertex 9.87994 38.1677 0
    endloop
  endfacet
  facet normal -0.991122 -0.132952 0
    outer loop
      vertex 9.87994 38.1677 16
      vertex 10.9381 30.2794 0
      vertex 10.9381 30.2794 16
    endloop
  endfacet
  facet normal -0.258814 0.965927 0
    outer loop
      vertex 10.9381 30.2794 0
      vertex 1.79999 27.8309 16
      vertex 10.9381 30.2794 16
    endloop
  endfacet
  facet normal -0.258814 0.965927 0
    outer loop
      vertex 1.79999 27.8309 16
      vertex 10.9381 30.2794 0
      vertex 1.79999 27.8309 0
    endloop
  endfacet
  facet normal 1 -0 0
    outer loop
      vertex 1.79999 27.8309 16
      vertex 1.79999 36.0027 0
      vertex 1.79999 36.0027 16
    endloop
  endfacet
  facet normal 1 0 0
    outer loop
      vertex 1.79999 36.0027 0
      vertex 1.79999 27.8309 16
      vertex 1.79999 27.8309 0
    endloop
  endfacet
  facet normal 0.258817 -0.965926 0
    outer loop
      vertex 1.79999 36.0027 0
      vertex 9.87994 38.1677 16
      vertex 1.79999 36.0027 16
    endloop
  endfacet
  facet normal 0.258817 -0.965926 0
    outer loop
      vertex 9.87994 38.1677 16
      vertex 1.79999 36.0027 0
      vertex 9.87994 38.1677 0
    endloop
  endfacet
  facet normal -0.991123 -0.132945 0
    outer loop
      vertex 12.1035 21.5917 0
      vertex 11.0454 29.48 16
      vertex 11.0454 29.48 0
    endloop
  endfacet
  facet normal -0.991123 -0.132945 0
    outer loop
      vertex 11.0454 29.48 16
      vertex 12.1035 21.5917 0
      vertex 12.1035 21.5917 16
    endloop
  endfacet
  facet normal -0.258818 0.965926 0
    outer loop
      vertex 12.1035 21.5917 0
      vertex 1.79999 18.8309 16
      vertex 12.1035 21.5917 16
    endloop
  endfacet
  facet normal -0.258818 0.965926 0
    outer loop
      vertex 1.79999 18.8309 16
      vertex 12.1035 21.5917 0
      vertex 1.79999 18.8309 0
    endloop
  endfacet
  facet normal 1 -0 0
    outer loop
      vertex 1.79999 18.8309 16
      vertex 1.79999 27.0027 0
      vertex 1.79999 27.0027 16
    endloop
  endfacet
  facet normal 1 0 0
    outer loop
      vertex 1.79999 27.0027 0
      vertex 1.79999 18.8309 16
      vertex 1.79999 18.8309 0
    endloop
  endfacet
  facet normal 0.258819 -0.965926 0
    outer loop
      vertex 1.79999 27.0027 0
      vertex 11.0454 29.48 16
      vertex 1.79999 27.0027 16
    endloop
  endfacet
  facet normal 0.258819 -0.965926 0
    outer loop
      vertex 11.0454 29.48 16
      vertex 1.79999 27.0027 0
      vertex 11.0454 29.48 0
    endloop
  endfacet
  facet normal -0.991122 -0.132957 0
    outer loop
      vertex 13.269 12.904 0
      vertex 12.2108 20.7923 16
      vertex 12.2108 20.7923 0
    endloop
  endfacet
  facet normal -0.991122 -0.132957 0
    outer loop
      vertex 12.2108 20.7923 16
      vertex 13.269 12.904 0
      vertex 13.269 12.904 16
    endloop
  endfacet
  facet normal -0.258818 0.965926 0
    outer loop
      vertex 13.269 12.904 0
      vertex 1.79999 9.8309 16
      vertex 13.269 12.904 16
    endloop
  endfacet
  facet normal -0.258818 0.965926 0
    outer loop
      vertex 1.79999 9.8309 16
      vertex 13.269 12.904 0
      vertex 1.79999 9.8309 0
    endloop
  endfacet
  facet normal 1 -0 0
    outer loop
      vertex 1.79999 9.8309 16
      vertex 1.79999 18.0027 0
      vertex 1.79999 18.0027 16
    endloop
  endfacet
  facet normal 1 0 0
    outer loop
      vertex 1.79999 18.0027 0
      vertex 1.79999 9.8309 16
      vertex 1.79999 9.8309 0
    endloop
  endfacet
  facet normal 0.258822 -0.965925 0
    outer loop
      vertex 1.79999 18.0027 0
      vertex 12.2108 20.7923 16
      vertex 1.79999 18.0027 16
    endloop
  endfacet
  facet normal 0.258822 -0.965925 0
    outer loop
      vertex 12.2108 20.7923 16
      vertex 1.79999 18.0027 0
      vertex 12.2108 20.7923 0
    endloop
  endfacet
  facet normal -0.991121 -0.132961 0
    outer loop
      vertex 14.9987 0.00999451 0
      vertex 13.3762 12.1045 16
      vertex 13.3762 12.1045 0
    endloop
  endfacet
  facet normal -0.991121 -0.132961 0
    outer loop
      vertex 13.3762 12.1045 16
      vertex 14.9987 0.00999451 0
      vertex 14.9987 0.00999451 16
    endloop
  endfacet
  facet normal 0 1 -0
    outer loop
      vertex 14.9987 0.00999451 0
      vertex 1.79999 0.00999451 16
      vertex 14.9987 0.00999451 16
    endloop
  endfacet
  facet normal 0 1 0
    outer loop
      vertex 1.79999 0.00999451 16
      vertex 14.9987 0.00999451 0
      vertex 1.79999 0.00999451 0
    endloop
  endfacet
  facet normal 1 -0 0
    outer loop
      vertex 1.79999 0.00999451 16
      vertex 1.79999 9.00269 0
      vertex 1.79999 9.00269 16
    endloop
  endfacet
  facet normal 1 0 0
    outer loop
      vertex 1.79999 9.00269 0
      vertex 1.79999 0.00999451 16
      vertex 1.79999 0.00999451 0
    endloop
  endfacet
  facet normal 0.258817 -0.965926 0
    outer loop
      vertex 1.79999 9.00269 0
      vertex 13.3762 12.1045 16
      vertex 1.79999 9.00269 16
    endloop
  endfacet
  facet normal 0.258817 -0.965926 0
    outer loop
      vertex 13.3762 12.1045 16
      vertex 1.79999 9.00269 0
      vertex 13.3762 12.1045 0
    endloop
  endfacet
  facet normal 0.442182 0 0.896925
    outer loop
      vertex -0.312425 79 10.2635
      vertex -0.0249996 -12 10.1218
      vertex -0.0249996 79 10.1218
    endloop
  endfacet
  facet normal 0.442182 0 0.896925
    outer loop
      vertex -0.0249996 -12 10.1218
      vertex -0.312425 79 10.2635
      vertex -0.312425 -12 10.2635
    endloop
  endfacet
  facet normal 0.195083 0 -0.980787
    outer loop
      vertex -0.615892 -12 5.63348
      vertex -0.652241 78.2346 5.62625
      vertex -0.615892 78.3417 5.63348
    endloop
  endfacet
  facet normal 0.195043 -1.67402e-08 -0.980795
    outer loop
      vertex -0.615892 -12 5.63348
      vertex -0.767949 78 5.60324
      vertex -0.652241 78.2346 5.62625
    endloop
  endfacet
  facet normal 0.195086 5.72368e-08 -0.980786
    outer loop
      vertex -0.615892 -12 5.63348
      vertex -0.913293 77.7825 5.57433
      vertex -0.767949 78 5.60324
    endloop
  endfacet
  facet normal 0.195085 0 -0.980786
    outer loop
      vertex -0.93021 77.7632 5.57096
      vertex -0.615892 -12 5.63348
      vertex -0.93021 -12 5.57096
    endloop
  endfacet
  facet normal 0.195368 1.02977e-06 -0.98073
    outer loop
      vertex -0.615892 -12 5.63348
      vertex -0.93021 77.7632 5.57096
      vertex -0.913293 77.7825 5.57433
    endloop
  endfacet
  facet normal 0.194305 0 0.980941
    outer loop
      vertex -0.652241 78.2346 10.3737
      vertex -0.615892 -12 10.3665
      vertex -0.615892 78.3417 10.3665
    endloop
  endfacet
  facet normal 0.195776 6.16043e-07 0.980649
    outer loop
      vertex -0.767949 78 10.3968
      vertex -0.615892 -12 10.3665
      vertex -0.652241 78.2346 10.3737
    endloop
  endfacet
  facet normal 0.195022 -7.08703e-07 0.980799
    outer loop
      vertex -0.913293 77.7825 10.4257
      vertex -0.615892 -12 10.3665
      vertex -0.767949 78 10.3968
    endloop
  endfacet
  facet normal 0.191475 -1.29162e-05 0.981497
    outer loop
      vertex -0.93021 77.7632 10.429
      vertex -0.615892 -12 10.3665
      vertex -0.913293 77.7825 10.4257
    endloop
  endfacet
  facet normal 0.195025 0 0.980798
    outer loop
      vertex -0.615892 -12 10.3665
      vertex -0.93021 77.7632 10.429
      vertex -0.93021 -12 10.429
    endloop
  endfacet
  facet normal 0.0654207 0 0.997858
    outer loop
      vertex -1.08579 77.5858 10.4392
      vertex -0.93021 -12 10.429
      vertex -0.93021 77.7632 10.429
    endloop
  endfacet
  facet normal 0.0656273 3.60444e-07 0.997844
    outer loop
      vertex -1.25 77.4418 10.45
      vertex -0.93021 -12 10.429
      vertex -1.08579 77.5858 10.4392
    endloop
  endfacet
  facet normal 0.065527 0 0.997851
    outer loop
      vertex -0.93021 -12 10.429
      vertex -1.25 77.4418 10.45
      vertex -1.25 -12 10.45
    endloop
  endfacet
  facet normal -0.65935 0 -0.751836
    outer loop
      vertex -2.98241 -12 6.26759
      vertex -2.74146 77.0158 6.05628
      vertex -2.74146 -12 6.05628
    endloop
  endfacet
  facet normal -0.659346 -1.80617e-08 -0.751839
    outer loop
      vertex -2.74146 77.0158 6.05628
      vertex -2.98241 -12 6.26759
      vertex -2.76105 77.0171 6.07346
    endloop
  endfacet
  facet normal -0.659351 0 -0.751836
    outer loop
      vertex -2.76105 77.0171 6.07346
      vertex -2.98241 -12 6.26759
      vertex -2.98241 77.0611 6.26759
    endloop
  endfacet
  facet normal -0.441758 0 0.897134
    outer loop
      vertex -2.23895 77.0171 10.2382
      vertex -2.18757 -12 10.2635
      vertex -2.18757 77.0273 10.2635
    endloop
  endfacet
  facet normal -0.442267 -3.65654e-07 0.896883
    outer loop
      vertex -2.475 77.0016 10.1218
      vertex -2.18757 -12 10.2635
      vertex -2.23895 77.0171 10.2382
    endloop
  endfacet
  facet normal -0.442176 0 0.896928
    outer loop
      vertex -2.18757 -12 10.2635
      vertex -2.475 77.0016 10.1218
      vertex -2.475 -12 10.1218
    endloop
  endfacet
  facet normal 0.321459 0 -0.946924
    outer loop
      vertex -0.615892 78.3417 5.63348
      vertex -0.312425 79 5.7365
      vertex -0.312425 -12 5.7365
    endloop
  endfacet
  facet normal 0.321471 4.7553e-06 -0.94692
    outer loop
      vertex -0.312425 79 5.7365
      vertex -0.51711 78.7389 5.66701
      vertex -0.5 79 5.67282
    endloop
  endfacet
  facet normal 0.321517 -3.59278e-05 -0.946904
    outer loop
      vertex -0.312425 79 5.7365
      vertex -0.568148 78.4824 5.64969
      vertex -0.51711 78.7389 5.66701
    endloop
  endfacet
  facet normal 0.321459 0 -0.946924
    outer loop
      vertex -0.615892 78.3417 5.63348
      vertex -0.312425 -12 5.7365
      vertex -0.615892 -12 5.63348
    endloop
  endfacet
  facet normal 0.321358 5.15325e-05 -0.946958
    outer loop
      vertex -0.312425 79 5.7365
      vertex -0.615892 78.3417 5.63348
      vertex -0.568148 78.4824 5.64969
    endloop
  endfacet
  facet normal -0.442179 0 -0.896927
    outer loop
      vertex -2.18757 -12 5.7365
      vertex -2.23895 77.0171 5.76183
      vertex -2.18757 77.0273 5.7365
    endloop
  endfacet
  facet normal -0.442277 -0 -0.896879
    outer loop
      vertex -2.475 77.0016 5.87824
      vertex -2.18757 -12 5.7365
      vertex -2.475 -12 5.87824
    endloop
  endfacet
  facet normal -0.442298 -8.53321e-08 -0.896868
    outer loop
      vertex -2.18757 -12 5.7365
      vertex -2.475 77.0016 5.87824
      vertex -2.23895 77.0171 5.76183
    endloop
  endfacet
  facet normal -0.946921 0 0.321465
    outer loop
      vertex -3.61652 -12 8.63411
      vertex -3.5135 77.277 8.93757
      vertex -3.61652 77.3458 8.63411
    endloop
  endfacet
  facet normal -0.946921 0 0.321465
    outer loop
      vertex -3.5135 77.277 8.93757
      vertex -3.61652 -12 8.63411
      vertex -3.5135 -12 8.93757
    endloop
  endfacet
  facet normal 0.321561 -3.81262e-05 0.946889
    outer loop
      vertex -0.51711 78.7389 10.333
      vertex -0.312425 79 10.2635
      vertex -0.5 79 10.3272
    endloop
  endfacet
  facet normal 0.321686 -0.000147203 0.946846
    outer loop
      vertex -0.568148 78.4824 10.3503
      vertex -0.312425 79 10.2635
      vertex -0.51711 78.7389 10.333
    endloop
  endfacet
  facet normal 0.321642 -0.000123241 0.946861
    outer loop
      vertex -0.615892 78.3417 10.3665
      vertex -0.312425 79 10.2635
      vertex -0.568148 78.4824 10.3503
    endloop
  endfacet
  facet normal 0.321403 0 0.946943
    outer loop
      vertex -0.312425 79 10.2635
      vertex -0.615892 78.3417 10.3665
      vertex -0.312425 -12 10.2635
    endloop
  endfacet
  facet normal 0.321403 0 0.946943
    outer loop
      vertex -0.312425 -12 10.2635
      vertex -0.615892 78.3417 10.3665
      vertex -0.615892 -12 10.3665
    endloop
  endfacet
  facet normal -0.195155 0 0.980772
    outer loop
      vertex -1.73463 77.1522 10.3962
      vertex -1.56979 -12 10.429
      vertex -1.56979 77.2335 10.429
    endloop
  endfacet
  facet normal -0.19488 5.29293e-07 0.980827
    outer loop
      vertex -1.88411 77.1015 10.3665
      vertex -1.56979 -12 10.429
      vertex -1.73463 77.1522 10.3962
    endloop
  endfacet
  facet normal -0.195024 0 0.980798
    outer loop
      vertex -1.56979 -12 10.429
      vertex -1.88411 77.1015 10.3665
      vertex -1.88411 -12 10.3665
    endloop
  endfacet
  facet normal -0.321428 0 -0.946934
    outer loop
      vertex -1.88411 -12 5.63348
      vertex -1.98236 77.0681 5.66683
      vertex -1.88411 77.1015 5.63348
    endloop
  endfacet
  facet normal -0.321465 -0 -0.946921
    outer loop
      vertex -2.18757 77.0273 5.7365
      vertex -1.88411 -12 5.63348
      vertex -2.18757 -12 5.7365
    endloop
  endfacet
  facet normal -0.321483 -6.85777e-08 -0.946915
    outer loop
      vertex -1.88411 -12 5.63348
      vertex -2.18757 77.0273 5.7365
      vertex -1.98236 77.0681 5.66683
    endloop
  endfacet
  facet normal -0.555468 0 -0.831538
    outer loop
      vertex -2.475 -12 5.87824
      vertex -2.5 77 5.89494
      vertex -2.475 77.0016 5.87824
    endloop
  endfacet
  facet normal -0.555564 -3.91984e-08 -0.831474
    outer loop
      vertex -2.74146 -12 6.05628
      vertex -2.5 77 5.89494
      vertex -2.475 -12 5.87824
    endloop
  endfacet
  facet normal -0.555574 0 -0.831467
    outer loop
      vertex -2.5 77 5.89494
      vertex -2.74146 -12 6.05628
      vertex -2.74146 77.0158 6.05628
    endloop
  endfacet
  facet normal -0.946925 0 -0.321456
    outer loop
      vertex -3.61652 -12 7.36589
      vertex -3.5135 77.277 7.06242
      vertex -3.5135 -12 7.06242
    endloop
  endfacet
  facet normal -0.946925 0 -0.321456
    outer loop
      vertex -3.5135 77.277 7.06242
      vertex -3.61652 -12 7.36589
      vertex -3.61652 77.3458 7.36589
    endloop
  endfacet
  facet normal -0.195098 0 -0.980784
    outer loop
      vertex -1.56979 -12 5.57096
      vertex -1.73463 77.1522 5.60375
      vertex -1.56979 77.2335 5.57096
    endloop
  endfacet
  facet normal -0.195084 -0 -0.980787
    outer loop
      vertex -1.88411 77.1015 5.63348
      vertex -1.56979 -12 5.57096
      vertex -1.88411 -12 5.63348
    endloop
  endfacet
  facet normal -0.195069 5.56045e-08 -0.98079
    outer loop
      vertex -1.56979 -12 5.57096
      vertex -1.88411 77.1015 5.63348
      vertex -1.73463 77.1522 5.60375
    endloop
  endfacet
  facet normal 0.442282 0 -0.896876
    outer loop
      vertex -0.312425 -12 5.7365
      vertex -0.0249996 79 5.87824
      vertex -0.0249996 -12 5.87824
    endloop
  endfacet
  facet normal 0.442282 0 -0.896876
    outer loop
      vertex -0.0249996 79 5.87824
      vertex -0.312425 -12 5.7365
      vertex -0.312425 79 5.7365
    endloop
  endfacet
  facet normal -0.320995 0 0.947081
    outer loop
      vertex -1.98236 77.0681 10.3332
      vertex -1.88411 -12 10.3665
      vertex -1.88411 77.1015 10.3665
    endloop
  endfacet
  facet normal -0.321607 -7.52664e-07 0.946873
    outer loop
      vertex -2.18757 77.0273 10.2635
      vertex -1.88411 -12 10.3665
      vertex -1.98236 77.0681 10.3332
    endloop
  endfacet
  facet normal -0.321409 0 0.94694
    outer loop
      vertex -1.88411 -12 10.3665
      vertex -2.18757 77.0273 10.2635
      vertex -2.18757 -12 10.2635
    endloop
  endfacet
  facet normal -0.980787 0 -0.195084
    outer loop
      vertex -3.67904 -12 7.68021
      vertex -3.61652 77.3458 7.36589
      vertex -3.61652 -12 7.36589
    endloop
  endfacet
  facet normal -0.980787 0 -0.195084
    outer loop
      vertex -3.61652 77.3458 7.36589
      vertex -3.67904 -12 7.68021
      vertex -3.67904 77.3876 7.68021
    endloop
  endfacet
  facet normal 0.555474 0 0.831534
    outer loop
      vertex -0.0249996 79 10.1218
      vertex 0 -12 10.1051
      vertex 0 79 10.1051
    endloop
  endfacet
  facet normal 0.555474 0 0.831534
    outer loop
      vertex 0 -12 10.1051
      vertex -0.0249996 79 10.1218
      vertex -0.0249996 -12 10.1218
    endloop
  endfacet
  facet normal -0.0654383 0 -0.997857
    outer loop
      vertex -1.25 -12 5.55
      vertex -1.28248 77.4133 5.55213
      vertex -1.25 77.4418 5.55
    endloop
  endfacet
  facet normal -0.0654168 7.83764e-09 -0.997858
    outer loop
      vertex -1.25 -12 5.55
      vertex -1.5 77.268 5.56639
      vertex -1.28248 77.4133 5.55213
    endloop
  endfacet
  facet normal -0.0654027 -0 -0.997859
    outer loop
      vertex -1.56979 77.2335 5.57096
      vertex -1.25 -12 5.55
      vertex -1.56979 -12 5.57096
    endloop
  endfacet
  facet normal -0.0653423 2.17226e-07 -0.997863
    outer loop
      vertex -1.25 -12 5.55
      vertex -1.56979 77.2335 5.57096
      vertex -1.5 77.268 5.56639
    endloop
  endfacet
  facet normal -0.896967 0 0.442098
    outer loop
      vertex -3.5135 -12 8.93757
      vertex -3.5 77.268 8.96496
      vertex -3.5135 77.277 8.93757
    endloop
  endfacet
  facet normal -0.896869 -7.54738e-08 0.442296
    outer loop
      vertex -3.5135 -12 8.93757
      vertex -3.37176 77.2047 9.225
      vertex -3.5 77.268 8.96496
    endloop
  endfacet
  facet normal -0.896879 0 0.442277
    outer loop
      vertex -3.37176 77.2047 9.225
      vertex -3.5135 -12 8.93757
      vertex -3.37176 -12 9.225
    endloop
  endfacet
  facet normal -0.751839 0 0.659347
    outer loop
      vertex -3.19372 -12 9.49146
      vertex -3.01764 77.0681 9.69224
      vertex -3.19372 77.1279 9.49146
    endloop
  endfacet
  facet normal -0.751823 -7.2635e-08 0.659365
    outer loop
      vertex -3.19372 -12 9.49146
      vertex -2.98241 77.0611 9.73241
      vertex -3.01764 77.0681 9.69224
    endloop
  endfacet
  facet normal -0.751836 0 0.65935
    outer loop
      vertex -2.98241 77.0611 9.73241
      vertex -3.19372 -12 9.49146
      vertex -2.98241 -12 9.73241
    endloop
  endfacet
  facet normal -0.659346 -1.80617e-08 0.751839
    outer loop
      vertex -2.98241 -12 9.73241
      vertex -2.74146 77.0158 9.94372
      vertex -2.76105 77.0171 9.92654
    endloop
  endfacet
  facet normal -0.659351 0 0.751836
    outer loop
      vertex -2.98241 -12 9.73241
      vertex -2.76105 77.0171 9.92654
      vertex -2.98241 77.0611 9.73241
    endloop
  endfacet
  facet normal -0.65935 0 0.751836
    outer loop
      vertex -2.74146 77.0158 9.94372
      vertex -2.98241 -12 9.73241
      vertex -2.74146 -12 9.94372
    endloop
  endfacet
  facet normal 0.0654207 0 -0.997858
    outer loop
      vertex -0.93021 -12 5.57096
      vertex -1.08579 77.5858 5.56076
      vertex -0.93021 77.7632 5.57096
    endloop
  endfacet
  facet normal 0.0654027 0 -0.997859
    outer loop
      vertex -1.25 77.4418 5.55
      vertex -0.93021 -12 5.57096
      vertex -1.25 -12 5.55
    endloop
  endfacet
  facet normal 0.0653857 -6.10367e-08 -0.99786
    outer loop
      vertex -0.93021 -12 5.57096
      vertex -1.25 77.4418 5.55
      vertex -1.08579 77.5858 5.56076
    endloop
  endfacet
  facet normal 0.555474 0 -0.831534
    outer loop
      vertex -0.0249996 -12 5.87824
      vertex 0 79 5.89494
      vertex 0 -12 5.89494
    endloop
  endfacet
  facet normal 0.555474 0 -0.831534
    outer loop
      vertex 0 79 5.89494
      vertex -0.0249996 -12 5.87824
      vertex -0.0249996 79 5.87824
    endloop
  endfacet
  facet normal 0 1 -0
    outer loop
      vertex 0 79 5.89494
      vertex -0.0106936 79 7.83684
      vertex 0 79 8
    endloop
  endfacet
  facet normal 0 1 0
    outer loop
      vertex 0 79 5.89494
      vertex -0.042592 79 7.67648
      vertex -0.0106936 79 7.83684
    endloop
  endfacet
  facet normal 0 1 0
    outer loop
      vertex 0 79 5.89494
      vertex -0.09515 79 7.52165
      vertex -0.042592 79 7.67648
    endloop
  endfacet
  facet normal 0 1 0
    outer loop
      vertex 0 79 5.89494
      vertex -0.167468 79 7.375
      vertex -0.09515 79 7.52165
    endloop
  endfacet
  facet normal 0 1 0
    outer loop
      vertex 0 79 5.89494
      vertex -0.258307 79 7.23905
      vertex -0.167468 79 7.375
    endloop
  endfacet
  facet normal 0 1 0
    outer loop
      vertex 0 79 5.89494
      vertex -0.366116 79 7.11612
      vertex -0.258307 79 7.23905
    endloop
  endfacet
  facet normal 0 1 0
    outer loop
      vertex 0 79 5.89494
      vertex -0.489048 79 7.00831
      vertex -0.366116 79 7.11612
    endloop
  endfacet
  facet normal 0 1 0
    outer loop
      vertex 0 79 5.89494
      vertex -0.5 79 7.00099
      vertex -0.489048 79 7.00831
    endloop
  endfacet
  facet normal 0 1 -0
    outer loop
      vertex -0.0249996 79 5.87824
      vertex -0.5 79 7.00099
      vertex 0 79 5.89494
    endloop
  endfacet
  facet normal 0 1 -0
    outer loop
      vertex -0.312425 79 5.7365
      vertex -0.5 79 7.00099
      vertex -0.0249996 79 5.87824
    endloop
  endfacet
  facet normal 0 1 0
    outer loop
      vertex -0.5 79 7.00099
      vertex -0.312425 79 5.7365
      vertex -0.5 79 5.67282
    endloop
  endfacet
  facet normal 0 1 0
    outer loop
      vertex -0.5 79 8.99901
      vertex -0.312425 79 10.2635
      vertex -0.0249996 79 10.1218
    endloop
  endfacet
  facet normal 0 1 0
    outer loop
      vertex -0.5 79 8.99901
      vertex -0.0249996 79 10.1218
      vertex 0 79 10.1051
    endloop
  endfacet
  facet normal 0 1 0
    outer loop
      vertex -0.312425 79 10.2635
      vertex -0.5 79 8.99901
      vertex -0.5 79 10.3272
    endloop
  endfacet
  facet normal 0 1 0
    outer loop
      vertex 0 79 10.1051
      vertex -0.489048 79 8.99169
      vertex -0.5 79 8.99901
    endloop
  endfacet
  facet normal 0 1 0
    outer loop
      vertex 0 79 10.1051
      vertex -0.366116 79 8.88388
      vertex -0.489048 79 8.99169
    endloop
  endfacet
  facet normal 0 1 0
    outer loop
      vertex 0 79 10.1051
      vertex -0.258307 79 8.76095
      vertex -0.366116 79 8.88388
    endloop
  endfacet
  facet normal 0 1 0
    outer loop
      vertex 0 79 10.1051
      vertex -0.167468 79 8.625
      vertex -0.258307 79 8.76095
    endloop
  endfacet
  facet normal 0 1 0
    outer loop
      vertex 0 79 10.1051
      vertex -0.09515 79 8.47835
      vertex -0.167468 79 8.625
    endloop
  endfacet
  facet normal 0 1 0
    outer loop
      vertex 0 79 10.1051
      vertex -0.042592 79 8.32352
      vertex -0.09515 79 8.47835
    endloop
  endfacet
  facet normal 0 1 0
    outer loop
      vertex 0 79 10.1051
      vertex -0.0106936 79 8.16316
      vertex -0.042592 79 8.32352
    endloop
  endfacet
  facet normal -0 1 0
    outer loop
      vertex -0.0106936 79 8.16316
      vertex 0 79 10.1051
      vertex 0 79 8
    endloop
  endfacet
  facet normal -0.751822 0 -0.659366
    outer loop
      vertex -3.19372 -12 6.50853
      vertex -2.98241 77.0611 6.26759
      vertex -2.98241 -12 6.26759
    endloop
  endfacet
  facet normal -0.751823 1.36532e-09 -0.659365
    outer loop
      vertex -2.98241 77.0611 6.26759
      vertex -3.19372 -12 6.50853
      vertex -3.01764 77.0681 6.30776
    endloop
  endfacet
  facet normal -0.751822 0 -0.659366
    outer loop
      vertex -3.01764 77.0681 6.30776
      vertex -3.19372 -12 6.50853
      vertex -3.19372 77.1279 6.50853
    endloop
  endfacet
  facet normal -0.831479 0 0.555555
    outer loop
      vertex -3.37176 -12 9.225
      vertex -3.26537 77.1522 9.38423
      vertex -3.37176 77.2047 9.225
    endloop
  endfacet
  facet normal -0.831465 -5.47549e-08 0.555577
    outer loop
      vertex -3.37176 -12 9.225
      vertex -3.19372 77.1279 9.49146
      vertex -3.26537 77.1522 9.38423
    endloop
  endfacet
  facet normal -0.831474 0 0.555564
    outer loop
      vertex -3.19372 77.1279 9.49146
      vertex -3.37176 -12 9.225
      vertex -3.19372 -12 9.49146
    endloop
  endfacet
  facet normal -0.980787 0 0.195084
    outer loop
      vertex -3.67904 -12 8.31979
      vertex -3.61652 77.3458 8.63411
      vertex -3.67904 77.3876 8.31979
    endloop
  endfacet
  facet normal -0.980787 0 0.195084
    outer loop
      vertex -3.61652 77.3458 8.63411
      vertex -3.67904 -12 8.31979
      vertex -3.61652 -12 8.63411
    endloop
  endfacet
  facet normal -0.896873 0 -0.442289
    outer loop
      vertex -3.5135 -12 7.06242
      vertex -3.37176 77.2047 6.775
      vertex -3.37176 -12 6.775
    endloop
  endfacet
  facet normal -0.896869 -2.59306e-08 -0.442296
    outer loop
      vertex -3.37176 77.2047 6.775
      vertex -3.5135 -12 7.06242
      vertex -3.5 77.268 7.03504
    endloop
  endfacet
  facet normal -0.896903 0 -0.442228
    outer loop
      vertex -3.5 77.268 7.03504
      vertex -3.5135 -12 7.06242
      vertex -3.5135 77.277 7.06242
    endloop
  endfacet
  facet normal -0.0645205 0 0.997916
    outer loop
      vertex -1.28248 77.4133 10.4479
      vertex -1.25 -12 10.45
      vertex -1.25 77.4418 10.45
    endloop
  endfacet
  facet normal -0.0655992 -3.93519e-07 0.997846
    outer loop
      vertex -1.5 77.268 10.4336
      vertex -1.25 -12 10.45
      vertex -1.28248 77.4133 10.4479
    endloop
  endfacet
  facet normal -0.0657689 -8.70737e-07 0.997835
    outer loop
      vertex -1.56979 77.2335 10.429
      vertex -1.25 -12 10.45
      vertex -1.5 77.268 10.4336
    endloop
  endfacet
  facet normal -0.065527 0 0.997851
    outer loop
      vertex -1.25 -12 10.45
      vertex -1.56979 77.2335 10.429
      vertex -1.56979 -12 10.429
    endloop
  endfacet
  facet normal -0.997859 0 0.0654027
    outer loop
      vertex -3.7 -12 8
      vertex -3.67904 77.3876 8.31979
      vertex -3.7 77.4016 8
    endloop
  endfacet
  facet normal -0.997859 0 0.0654027
    outer loop
      vertex -3.67904 77.3876 8.31979
      vertex -3.7 -12 8
      vertex -3.67904 -12 8.31979
    endloop
  endfacet
  facet normal -0.997859 0 -0.0654027
    outer loop
      vertex -3.7 -12 8
      vertex -3.67904 77.3876 7.68021
      vertex -3.67904 -12 7.68021
    endloop
  endfacet
  facet normal -0.997859 0 -0.0654027
    outer loop
      vertex -3.67904 77.3876 7.68021
      vertex -3.7 -12 8
      vertex -3.7 77.4016 8
    endloop
  endfacet
  facet normal -0.831483 0 -0.55555
    outer loop
      vertex -3.37176 -12 6.775
      vertex -3.19372 77.1279 6.50853
      vertex -3.19372 -12 6.50853
    endloop
  endfacet
  facet normal -0.831489 3.77383e-08 -0.555541
    outer loop
      vertex -3.19372 77.1279 6.50853
      vertex -3.37176 -12 6.775
      vertex -3.26537 77.1522 6.61577
    endloop
  endfacet
  facet normal -0.831479 0 -0.555555
    outer loop
      vertex -3.26537 77.1522 6.61577
      vertex -3.37176 -12 6.775
      vertex -3.37176 77.2047 6.775
    endloop
  endfacet
  facet normal -0.555468 0 0.831538
    outer loop
      vertex -2.5 77 10.1051
      vertex -2.475 -12 10.1218
      vertex -2.475 77.0016 10.1218
    endloop
  endfacet
  facet normal -0.555669 0 0.831403
    outer loop
      vertex -2.74146 -12 9.94372
      vertex -2.5 77 10.1051
      vertex -2.74146 77.0158 9.94372
    endloop
  endfacet
  facet normal -0.55565 -7.42544e-08 0.831416
    outer loop
      vertex -2.5 77 10.1051
      vertex -2.74146 -12 9.94372
      vertex -2.475 -12 10.1218
    endloop
  endfacet
  facet normal -0.980779 -0.195122 0
    outer loop
      vertex 9.68546 -3.37811 0
      vertex 9.64207 -3.16001 16
      vertex 9.64207 -3.16001 0
    endloop
  endfacet
  facet normal -0.980779 -0.195122 0
    outer loop
      vertex 9.64207 -3.16001 16
      vertex 9.68546 -3.37811 0
      vertex 9.68546 -3.37811 16
    endloop
  endfacet
  facet normal -0.99786 -0.0653877 0
    outer loop
      vertex 9.7 -3.6 0
      vertex 9.68546 -3.37811 16
      vertex 9.68546 -3.37811 0
    endloop
  endfacet
  facet normal -0.99786 -0.0653877 0
    outer loop
      vertex 9.68546 -3.37811 16
      vertex 9.7 -3.6 0
      vertex 9.7 -3.6 16
    endloop
  endfacet
  facet normal 0.555572 0.831469 -0
    outer loop
      vertex 7.15 -5.07224 0
      vertex 6.96511 -4.9487 16
      vertex 7.15 -5.07224 16
    endloop
  endfacet
  facet normal 0.555572 0.831469 0
    outer loop
      vertex 6.96511 -4.9487 16
      vertex 7.15 -5.07224 0
      vertex 6.96511 -4.9487 0
    endloop
  endfacet
  facet normal 0.99786 0.0653877 0
    outer loop
      vertex 6.31454 -3.82189 16
      vertex 6.3 -3.6 0
      vertex 6.3 -3.6 16
    endloop
  endfacet
  facet normal 0.99786 0.0653877 0
    outer loop
      vertex 6.3 -3.6 0
      vertex 6.31454 -3.82189 16
      vertex 6.31454 -3.82189 0
    endloop
  endfacet
  facet normal 0.89686 -0.442314 0
    outer loop
      vertex 6.4294 -2.94944 16
      vertex 6.52776 -2.75 0
      vertex 6.52776 -2.75 16
    endloop
  endfacet
  facet normal 0.89686 -0.442314 0
    outer loop
      vertex 6.52776 -2.75 0
      vertex 6.4294 -2.94944 16
      vertex 6.4294 -2.94944 0
    endloop
  endfacet
  facet normal 0.442314 -0.89686 0
    outer loop
      vertex 7.15 -2.12776 0
      vertex 7.34944 -2.0294 16
      vertex 7.15 -2.12776 16
    endloop
  endfacet
  facet normal 0.442314 -0.89686 0
    outer loop
      vertex 7.34944 -2.0294 16
      vertex 7.15 -2.12776 0
      vertex 7.34944 -2.0294 0
    endloop
  endfacet
  facet normal -0.831469 -0.555572 0
    outer loop
      vertex 9.47224 -2.75 0
      vertex 9.3487 -2.56511 16
      vertex 9.3487 -2.56511 0
    endloop
  endfacet
  facet normal -0.831469 -0.555572 0
    outer loop
      vertex 9.3487 -2.56511 16
      vertex 9.47224 -2.75 0
      vertex 9.47224 -2.75 16
    endloop
  endfacet
  facet normal -0.321404 0.946942 0
    outer loop
      vertex 8.65056 -5.1706 0
      vertex 8.43999 -5.24207 16
      vertex 8.65056 -5.1706 16
    endloop
  endfacet
  facet normal -0.321404 0.946942 0
    outer loop
      vertex 8.43999 -5.24207 16
      vertex 8.65056 -5.1706 0
      vertex 8.43999 -5.24207 0
    endloop
  endfacet
  facet normal -0.896878 -0.442278 0
    outer loop
      vertex 9.57059 -2.94944 0
      vertex 9.47224 -2.75 16
      vertex 9.47224 -2.75 0
    endloop
  endfacet
  facet normal -0.896878 -0.442278 0
    outer loop
      vertex 9.47224 -2.75 16
      vertex 9.57059 -2.94944 0
      vertex 9.57059 -2.94944 16
    endloop
  endfacet
  facet normal -0.442314 0.89686 0
    outer loop
      vertex 8.85 -5.07224 0
      vertex 8.65056 -5.1706 16
      vertex 8.85 -5.07224 16
    endloop
  endfacet
  facet normal -0.442314 0.89686 0
    outer loop
      vertex 8.65056 -5.1706 16
      vertex 8.85 -5.07224 0
      vertex 8.65056 -5.1706 0
    endloop
  endfacet
  facet normal -0.946929 0.321444 0
    outer loop
      vertex 9.57059 -4.25056 0
      vertex 9.64207 -4.03999 16
      vertex 9.64207 -4.03999 0
    endloop
  endfacet
  facet normal -0.946929 0.321444 0
    outer loop
      vertex 9.64207 -4.03999 16
      vertex 9.57059 -4.25056 0
      vertex 9.57059 -4.25056 16
    endloop
  endfacet
  facet normal 0.19513 0.980777 -0
    outer loop
      vertex 7.7781 -5.28546 0
      vertex 7.56001 -5.24207 16
      vertex 7.7781 -5.28546 16
    endloop
  endfacet
  facet normal 0.19513 0.980777 0
    outer loop
      vertex 7.56001 -5.24207 16
      vertex 7.7781 -5.28546 0
      vertex 7.56001 -5.24207 0
    endloop
  endfacet
  facet normal -0.99786 0.0653877 0
    outer loop
      vertex 9.68546 -3.82189 0
      vertex 9.7 -3.6 16
      vertex 9.7 -3.6 0
    endloop
  endfacet
  facet normal -0.99786 0.0653877 0
    outer loop
      vertex 9.7 -3.6 16
      vertex 9.68546 -3.82189 0
      vertex 9.68546 -3.82189 16
    endloop
  endfacet
  facet normal -0.896878 0.442278 0
    outer loop
      vertex 9.47224 -4.45 0
      vertex 9.57059 -4.25056 16
      vertex 9.57059 -4.25056 0
    endloop
  endfacet
  facet normal -0.896878 0.442278 0
    outer loop
      vertex 9.57059 -4.25056 16
      vertex 9.47224 -4.45 0
      vertex 9.47224 -4.45 16
    endloop
  endfacet
  facet normal -0.0653877 -0.99786 0
    outer loop
      vertex 8 -1.9 0
      vertex 8.22189 -1.91454 16
      vertex 8 -1.9 16
    endloop
  endfacet
  facet normal -0.0653877 -0.99786 -0
    outer loop
      vertex 8.22189 -1.91454 16
      vertex 8 -1.9 0
      vertex 8.22189 -1.91454 0
    endloop
  endfacet
  facet normal -0.751844 -0.659342 0
    outer loop
      vertex 9.3487 -2.56511 0
      vertex 9.20208 -2.39792 16
      vertex 9.20208 -2.39792 0
    endloop
  endfacet
  facet normal -0.751844 -0.659342 0
    outer loop
      vertex 9.20208 -2.39792 16
      vertex 9.3487 -2.56511 0
      vertex 9.3487 -2.56511 16
    endloop
  endfacet
  facet normal 0.751844 0.659342 0
    outer loop
      vertex 6.79792 -4.80208 16
      vertex 6.6513 -4.63489 0
      vertex 6.6513 -4.63489 16
    endloop
  endfacet
  facet normal 0.751844 0.659342 0
    outer loop
      vertex 6.6513 -4.63489 0
      vertex 6.79792 -4.80208 16
      vertex 6.79792 -4.80208 0
    endloop
  endfacet
  facet normal 0.980779 0.195122 0
    outer loop
      vertex 6.35793 -4.03999 16
      vertex 6.31454 -3.82189 0
      vertex 6.31454 -3.82189 16
    endloop
  endfacet
  facet normal 0.980779 0.195122 0
    outer loop
      vertex 6.31454 -3.82189 0
      vertex 6.35793 -4.03999 16
      vertex 6.35793 -4.03999 0
    endloop
  endfacet
  facet normal 0.751844 -0.659342 0
    outer loop
      vertex 6.6513 -2.56511 16
      vertex 6.79792 -2.39792 0
      vertex 6.79792 -2.39792 16
    endloop
  endfacet
  facet normal 0.751844 -0.659342 0
    outer loop
      vertex 6.79792 -2.39792 0
      vertex 6.6513 -2.56511 16
      vertex 6.6513 -2.56511 0
    endloop
  endfacet
  facet normal 0.89686 0.442314 0
    outer loop
      vertex 6.52776 -4.45 16
      vertex 6.4294 -4.25056 0
      vertex 6.4294 -4.25056 16
    endloop
  endfacet
  facet normal 0.89686 0.442314 0
    outer loop
      vertex 6.4294 -4.25056 0
      vertex 6.52776 -4.45 16
      vertex 6.52776 -4.45 0
    endloop
  endfacet
  facet normal -0.195122 0.980779 0
    outer loop
      vertex 8.43999 -5.24207 0
      vertex 8.22189 -5.28546 16
      vertex 8.43999 -5.24207 16
    endloop
  endfacet
  facet normal -0.195122 0.980779 0
    outer loop
      vertex 8.22189 -5.28546 16
      vertex 8.43999 -5.24207 0
      vertex 8.22189 -5.28546 0
    endloop
  endfacet
  facet normal 0.321404 0.946942 -0
    outer loop
      vertex 7.56001 -5.24207 0
      vertex 7.34944 -5.1706 16
      vertex 7.56001 -5.24207 16
    endloop
  endfacet
  facet normal 0.321404 0.946942 0
    outer loop
      vertex 7.34944 -5.1706 16
      vertex 7.56001 -5.24207 0
      vertex 7.34944 -5.1706 0
    endloop
  endfacet
  facet normal 0.555572 -0.831469 0
    outer loop
      vertex 6.96511 -2.2513 0
      vertex 7.15 -2.12776 16
      vertex 6.96511 -2.2513 16
    endloop
  endfacet
  facet normal 0.555572 -0.831469 0
    outer loop
      vertex 7.15 -2.12776 16
      vertex 6.96511 -2.2513 0
      vertex 7.15 -2.12776 0
    endloop
  endfacet
  facet normal -0.555572 -0.831469 0
    outer loop
      vertex 8.85 -2.12776 0
      vertex 9.03489 -2.2513 16
      vertex 8.85 -2.12776 16
    endloop
  endfacet
  facet normal -0.555572 -0.831469 -0
    outer loop
      vertex 9.03489 -2.2513 16
      vertex 8.85 -2.12776 0
      vertex 9.03489 -2.2513 0
    endloop
  endfacet
  facet normal 0.442314 0.89686 -0
    outer loop
      vertex 7.34944 -5.1706 0
      vertex 7.15 -5.07224 16
      vertex 7.34944 -5.1706 16
    endloop
  endfacet
  facet normal 0.442314 0.89686 0
    outer loop
      vertex 7.15 -5.07224 16
      vertex 7.34944 -5.1706 0
      vertex 7.15 -5.07224 0
    endloop
  endfacet
  facet normal -0.555572 0.831469 0
    outer loop
      vertex 9.03489 -4.9487 0
      vertex 8.85 -5.07224 16
      vertex 9.03489 -4.9487 16
    endloop
  endfacet
  facet normal -0.555572 0.831469 0
    outer loop
      vertex 8.85 -5.07224 16
      vertex 9.03489 -4.9487 0
      vertex 8.85 -5.07224 0
    endloop
  endfacet
  facet normal -0.321404 -0.946942 0
    outer loop
      vertex 8.43999 -1.95793 0
      vertex 8.65056 -2.0294 16
      vertex 8.43999 -1.95793 16
    endloop
  endfacet
  facet normal -0.321404 -0.946942 -0
    outer loop
      vertex 8.65056 -2.0294 16
      vertex 8.43999 -1.95793 0
      vertex 8.65056 -2.0294 0
    endloop
  endfacet
  facet normal 0.99786 -0.0653877 0
    outer loop
      vertex 6.3 -3.6 16
      vertex 6.31454 -3.37811 0
      vertex 6.31454 -3.37811 16
    endloop
  endfacet
  facet normal 0.99786 -0.0653877 0
    outer loop
      vertex 6.31454 -3.37811 0
      vertex 6.3 -3.6 16
      vertex 6.3 -3.6 0
    endloop
  endfacet
  facet normal -0.195122 -0.980779 0
    outer loop
      vertex 8.22189 -1.91454 0
      vertex 8.43999 -1.95793 16
      vertex 8.22189 -1.91454 16
    endloop
  endfacet
  facet normal -0.195122 -0.980779 -0
    outer loop
      vertex 8.43999 -1.95793 16
      vertex 8.22189 -1.91454 0
      vertex 8.43999 -1.95793 0
    endloop
  endfacet
  facet normal 0.19513 -0.980777 0
    outer loop
      vertex 7.56001 -1.95793 0
      vertex 7.7781 -1.91454 16
      vertex 7.56001 -1.95793 16
    endloop
  endfacet
  facet normal 0.19513 -0.980777 0
    outer loop
      vertex 7.7781 -1.91454 16
      vertex 7.56001 -1.95793 0
      vertex 7.7781 -1.91454 0
    endloop
  endfacet
  facet normal -0.980779 0.195122 0
    outer loop
      vertex 9.64207 -4.03999 0
      vertex 9.68546 -3.82189 16
      vertex 9.68546 -3.82189 0
    endloop
  endfacet
  facet normal -0.980779 0.195122 0
    outer loop
      vertex 9.68546 -3.82189 16
      vertex 9.64207 -4.03999 0
      vertex 9.64207 -4.03999 16
    endloop
  endfacet
  facet normal -0.442314 -0.89686 0
    outer loop
      vertex 8.65056 -2.0294 0
      vertex 8.85 -2.12776 16
      vertex 8.65056 -2.0294 16
    endloop
  endfacet
  facet normal -0.442314 -0.89686 -0
    outer loop
      vertex 8.85 -2.12776 16
      vertex 8.65056 -2.0294 0
      vertex 8.85 -2.12776 0
    endloop
  endfacet
  facet normal 0.321404 -0.946942 0
    outer loop
      vertex 7.34944 -2.0294 0
      vertex 7.56001 -1.95793 16
      vertex 7.34944 -2.0294 16
    endloop
  endfacet
  facet normal 0.321404 -0.946942 0
    outer loop
      vertex 7.56001 -1.95793 16
      vertex 7.34944 -2.0294 0
      vertex 7.56001 -1.95793 0
    endloop
  endfacet
  facet normal 0.980779 -0.195122 0
    outer loop
      vertex 6.31454 -3.37811 16
      vertex 6.35793 -3.16001 0
      vertex 6.35793 -3.16001 16
    endloop
  endfacet
  facet normal 0.980779 -0.195122 0
    outer loop
      vertex 6.35793 -3.16001 0
      vertex 6.31454 -3.37811 16
      vertex 6.31454 -3.37811 0
    endloop
  endfacet
  facet normal -0.659342 -0.751844 0
    outer loop
      vertex 9.03489 -2.2513 0
      vertex 9.20208 -2.39792 16
      vertex 9.03489 -2.2513 16
    endloop
  endfacet
  facet normal -0.659342 -0.751844 -0
    outer loop
      vertex 9.20208 -2.39792 16
      vertex 9.03489 -2.2513 0
      vertex 9.20208 -2.39792 0
    endloop
  endfacet
  facet normal -0.751844 0.659342 0
    outer loop
      vertex 9.20208 -4.80208 0
      vertex 9.3487 -4.63489 16
      vertex 9.3487 -4.63489 0
    endloop
  endfacet
  facet normal -0.751844 0.659342 0
    outer loop
      vertex 9.3487 -4.63489 16
      vertex 9.20208 -4.80208 0
      vertex 9.20208 -4.80208 16
    endloop
  endfacet
  facet normal -0.946929 -0.321444 0
    outer loop
      vertex 9.64207 -3.16001 0
      vertex 9.57059 -2.94944 16
      vertex 9.57059 -2.94944 0
    endloop
  endfacet
  facet normal -0.946929 -0.321444 0
    outer loop
      vertex 9.57059 -2.94944 16
      vertex 9.64207 -3.16001 0
      vertex 9.64207 -3.16001 16
    endloop
  endfacet
  facet normal -0.0653877 0.99786 0
    outer loop
      vertex 8.22189 -5.28546 0
      vertex 8 -5.3 16
      vertex 8.22189 -5.28546 16
    endloop
  endfacet
  facet normal -0.0653877 0.99786 0
    outer loop
      vertex 8 -5.3 16
      vertex 8.22189 -5.28546 0
      vertex 8 -5.3 0
    endloop
  endfacet
  facet normal 0.0653848 0.99786 -0
    outer loop
      vertex 8 -5.3 0
      vertex 7.7781 -5.28546 16
      vertex 8 -5.3 16
    endloop
  endfacet
  facet normal 0.0653848 0.99786 0
    outer loop
      vertex 7.7781 -5.28546 16
      vertex 8 -5.3 0
      vertex 7.7781 -5.28546 0
    endloop
  endfacet
  facet normal -0.831469 0.555572 0
    outer loop
      vertex 9.3487 -4.63489 0
      vertex 9.47224 -4.45 16
      vertex 9.47224 -4.45 0
    endloop
  endfacet
  facet normal -0.831469 0.555572 0
    outer loop
      vertex 9.47224 -4.45 16
      vertex 9.3487 -4.63489 0
      vertex 9.3487 -4.63489 16
    endloop
  endfacet
  facet normal 0.659342 0.751844 -0
    outer loop
      vertex 6.96511 -4.9487 0
      vertex 6.79792 -4.80208 16
      vertex 6.96511 -4.9487 16
    endloop
  endfacet
  facet normal 0.659342 0.751844 0
    outer loop
      vertex 6.79792 -4.80208 16
      vertex 6.96511 -4.9487 0
      vertex 6.79792 -4.80208 0
    endloop
  endfacet
  facet normal 0.0653848 -0.99786 0
    outer loop
      vertex 7.7781 -1.91454 0
      vertex 8 -1.9 16
      vertex 7.7781 -1.91454 16
    endloop
  endfacet
  facet normal 0.0653848 -0.99786 0
    outer loop
      vertex 8 -1.9 16
      vertex 7.7781 -1.91454 0
      vertex 8 -1.9 0
    endloop
  endfacet
  facet normal 0.946942 0.321404 0
    outer loop
      vertex 6.4294 -4.25056 16
      vertex 6.35793 -4.03999 0
      vertex 6.35793 -4.03999 16
    endloop
  endfacet
  facet normal 0.946942 0.321404 0
    outer loop
      vertex 6.35793 -4.03999 0
      vertex 6.4294 -4.25056 16
      vertex 6.4294 -4.25056 0
    endloop
  endfacet
  facet normal 0.659342 -0.751844 0
    outer loop
      vertex 6.79792 -2.39792 0
      vertex 6.96511 -2.2513 16
      vertex 6.79792 -2.39792 16
    endloop
  endfacet
  facet normal 0.659342 -0.751844 0
    outer loop
      vertex 6.96511 -2.2513 16
      vertex 6.79792 -2.39792 0
      vertex 6.96511 -2.2513 0
    endloop
  endfacet
  facet normal -0.659342 0.751844 0
    outer loop
      vertex 9.20208 -4.80208 0
      vertex 9.03489 -4.9487 16
      vertex 9.20208 -4.80208 16
    endloop
  endfacet
  facet normal -0.659342 0.751844 0
    outer loop
      vertex 9.03489 -4.9487 16
      vertex 9.20208 -4.80208 0
      vertex 9.03489 -4.9487 0
    endloop
  endfacet
  facet normal 0.946942 -0.321404 0
    outer loop
      vertex 6.35793 -3.16001 16
      vertex 6.4294 -2.94944 0
      vertex 6.4294 -2.94944 16
    endloop
  endfacet
  facet normal 0.946942 -0.321404 0
    outer loop
      vertex 6.4294 -2.94944 0
      vertex 6.35793 -3.16001 16
      vertex 6.35793 -3.16001 0
    endloop
  endfacet
  facet normal 0.831469 0.555572 0
    outer loop
      vertex 6.6513 -4.63489 16
      vertex 6.52776 -4.45 0
      vertex 6.52776 -4.45 16
    endloop
  endfacet
  facet normal 0.831469 0.555572 0
    outer loop
      vertex 6.52776 -4.45 0
      vertex 6.6513 -4.63489 16
      vertex 6.6513 -4.63489 0
    endloop
  endfacet
  facet normal 0.831469 -0.555572 0
    outer loop
      vertex 6.52776 -2.75 16
      vertex 6.6513 -2.56511 0
      vertex 6.6513 -2.56511 16
    endloop
  endfacet
  facet normal 0.831469 -0.555572 0
    outer loop
      vertex 6.6513 -2.56511 0
      vertex 6.52776 -2.75 16
      vertex 6.52776 -2.75 0
    endloop
  endfacet
  facet normal -0.980777 -0.19513 0
    outer loop
      vertex 9.68546 -8.7781 0
      vertex 9.64207 -8.56001 16
      vertex 9.64207 -8.56001 0
    endloop
  endfacet
  facet normal -0.980777 -0.19513 0
    outer loop
      vertex 9.64207 -8.56001 16
      vertex 9.68546 -8.7781 0
      vertex 9.68546 -8.7781 16
    endloop
  endfacet
  facet normal -0.99786 -0.0653848 0
    outer loop
      vertex 9.7 -9 0
      vertex 9.68546 -8.7781 16
      vertex 9.68546 -8.7781 0
    endloop
  endfacet
  facet normal -0.99786 -0.0653848 0
    outer loop
      vertex 9.68546 -8.7781 16
      vertex 9.7 -9 0
      vertex 9.7 -9 16
    endloop
  endfacet
  facet normal 0.659342 -0.751844 0
    outer loop
      vertex 6.79792 -7.79792 0
      vertex 6.96511 -7.6513 16
      vertex 6.79792 -7.79792 16
    endloop
  endfacet
  facet normal 0.659342 -0.751844 0
    outer loop
      vertex 6.96511 -7.6513 16
      vertex 6.79792 -7.79792 0
      vertex 6.96511 -7.6513 0
    endloop
  endfacet
  facet normal 0.831483 0.555551 0
    outer loop
      vertex 6.6513 -10.0349 16
      vertex 6.52776 -9.85 0
      vertex 6.52776 -9.85 16
    endloop
  endfacet
  facet normal 0.831483 0.555551 0
    outer loop
      vertex 6.52776 -9.85 0
      vertex 6.6513 -10.0349 16
      vertex 6.6513 -10.0349 0
    endloop
  endfacet
  facet normal -0.659342 -0.751844 0
    outer loop
      vertex 9.03489 -7.6513 0
      vertex 9.20208 -7.79792 16
      vertex 9.03489 -7.6513 16
    endloop
  endfacet
  facet normal -0.659342 -0.751844 -0
    outer loop
      vertex 9.20208 -7.79792 16
      vertex 9.03489 -7.6513 0
      vertex 9.20208 -7.79792 0
    endloop
  endfacet
  facet normal -0.946929 0.321444 0
    outer loop
      vertex 9.57059 -9.65056 0
      vertex 9.64207 -9.43999 16
      vertex 9.64207 -9.43999 0
    endloop
  endfacet
  facet normal -0.946929 0.321444 0
    outer loop
      vertex 9.64207 -9.43999 16
      vertex 9.57059 -9.65056 0
      vertex 9.57059 -9.65056 16
    endloop
  endfacet
  facet normal -0.0653877 -0.99786 0
    outer loop
      vertex 8 -7.3 0
      vertex 8.22189 -7.31454 16
      vertex 8 -7.3 16
    endloop
  endfacet
  facet normal -0.0653877 -0.99786 -0
    outer loop
      vertex 8.22189 -7.31454 16
      vertex 8 -7.3 0
      vertex 8.22189 -7.31454 0
    endloop
  endfacet
  facet normal 0.555447 0.831552 -0
    outer loop
      vertex 7.15 -10.4722 0
      vertex 6.96511 -10.3487 16
      vertex 7.15 -10.4722 16
    endloop
  endfacet
  facet normal 0.555447 0.831552 0
    outer loop
      vertex 6.96511 -10.3487 16
      vertex 7.15 -10.4722 0
      vertex 6.96511 -10.3487 0
    endloop
  endfacet
  facet normal -0.751844 -0.659342 0
    outer loop
      vertex 9.3487 -7.96511 0
      vertex 9.20208 -7.79792 16
      vertex 9.20208 -7.79792 0
    endloop
  endfacet
  facet normal -0.751844 -0.659342 0
    outer loop
      vertex 9.20208 -7.79792 16
      vertex 9.3487 -7.96511 0
      vertex 9.3487 -7.96511 16
    endloop
  endfacet
  facet normal 0.946942 0.321404 0
    outer loop
      vertex 6.4294 -9.65056 16
      vertex 6.35793 -9.43999 0
      vertex 6.35793 -9.43999 16
    endloop
  endfacet
  facet normal 0.946942 0.321404 0
    outer loop
      vertex 6.35793 -9.43999 0
      vertex 6.4294 -9.65056 16
      vertex 6.4294 -9.65056 0
    endloop
  endfacet
  facet normal -0.321525 0.946901 0
    outer loop
      vertex 8.65056 -10.5706 0
      vertex 8.43999 -10.6421 16
      vertex 8.65056 -10.5706 16
    endloop
  endfacet
  facet normal -0.321525 0.946901 0
    outer loop
      vertex 8.43999 -10.6421 16
      vertex 8.65056 -10.5706 0
      vertex 8.43999 -10.6421 0
    endloop
  endfacet
  facet normal 0.0652057 0.997872 -0
    outer loop
      vertex 8 -10.7 0
      vertex 7.7781 -10.6855 16
      vertex 8 -10.7 16
    endloop
  endfacet
  facet normal 0.0652057 0.997872 0
    outer loop
      vertex 7.7781 -10.6855 16
      vertex 8 -10.7 0
      vertex 7.7781 -10.6855 0
    endloop
  endfacet
  facet normal 0.321404 -0.946942 0
    outer loop
      vertex 7.34944 -7.4294 0
      vertex 7.56001 -7.35793 16
      vertex 7.34944 -7.4294 16
    endloop
  endfacet
  facet normal 0.321404 -0.946942 0
    outer loop
      vertex 7.56001 -7.35793 16
      vertex 7.34944 -7.4294 0
      vertex 7.56001 -7.35793 0
    endloop
  endfacet
  facet normal 0.751844 -0.659342 0
    outer loop
      vertex 6.6513 -7.96511 16
      vertex 6.79792 -7.79792 0
      vertex 6.79792 -7.79792 16
    endloop
  endfacet
  facet normal 0.751844 -0.659342 0
    outer loop
      vertex 6.79792 -7.79792 0
      vertex 6.6513 -7.96511 16
      vertex 6.6513 -7.96511 0
    endloop
  endfacet
  facet normal 0.442459 0.896789 -0
    outer loop
      vertex 7.34944 -10.5706 0
      vertex 7.15 -10.4722 16
      vertex 7.34944 -10.5706 16
    endloop
  endfacet
  facet normal 0.442459 0.896789 0
    outer loop
      vertex 7.15 -10.4722 16
      vertex 7.34944 -10.5706 0
      vertex 7.15 -10.4722 0
    endloop
  endfacet
  facet normal 0.0653848 -0.99786 0
    outer loop
      vertex 7.7781 -7.31454 0
      vertex 8 -7.3 16
      vertex 7.7781 -7.31454 16
    endloop
  endfacet
  facet normal 0.0653848 -0.99786 0
    outer loop
      vertex 8 -7.3 16
      vertex 7.7781 -7.31454 0
      vertex 8 -7.3 0
    endloop
  endfacet
  facet normal -0.896878 0.442278 0
    outer loop
      vertex 9.47224 -9.85 0
      vertex 9.57059 -9.65056 16
      vertex 9.57059 -9.65056 0
    endloop
  endfacet
  facet normal -0.896878 0.442278 0
    outer loop
      vertex 9.57059 -9.65056 16
      vertex 9.47224 -9.85 0
      vertex 9.47224 -9.85 16
    endloop
  endfacet
  facet normal -0.555447 0.831552 0
    outer loop
      vertex 9.03489 -10.3487 0
      vertex 8.85 -10.4722 16
      vertex 9.03489 -10.3487 16
    endloop
  endfacet
  facet normal -0.555447 0.831552 0
    outer loop
      vertex 8.85 -10.4722 16
      vertex 9.03489 -10.3487 0
      vertex 8.85 -10.4722 0
    endloop
  endfacet
  facet normal 0.89686 -0.442314 0
    outer loop
      vertex 6.4294 -8.34944 16
      vertex 6.52776 -8.15 0
      vertex 6.52776 -8.15 16
    endloop
  endfacet
  facet normal 0.89686 -0.442314 0
    outer loop
      vertex 6.52776 -8.15 0
      vertex 6.4294 -8.34944 16
      vertex 6.4294 -8.34944 0
    endloop
  endfacet
  facet normal 0.980779 0.195122 0
    outer loop
      vertex 6.35793 -9.43999 16
      vertex 6.31454 -9.22189 0
      vertex 6.31454 -9.22189 16
    endloop
  endfacet
  facet normal 0.980779 0.195122 0
    outer loop
      vertex 6.31454 -9.22189 0
      vertex 6.35793 -9.43999 16
      vertex 6.35793 -9.43999 0
    endloop
  endfacet
  facet normal 0.751863 0.659319 0
    outer loop
      vertex 6.79792 -10.2021 16
      vertex 6.6513 -10.0349 0
      vertex 6.6513 -10.0349 16
    endloop
  endfacet
  facet normal 0.751863 0.659319 0
    outer loop
      vertex 6.6513 -10.0349 0
      vertex 6.79792 -10.2021 16
      vertex 6.79792 -10.2021 0
    endloop
  endfacet
  facet normal -0.195122 -0.980779 0
    outer loop
      vertex 8.22189 -7.31454 0
      vertex 8.43999 -7.35793 16
      vertex 8.22189 -7.31454 16
    endloop
  endfacet
  facet normal -0.195122 -0.980779 -0
    outer loop
      vertex 8.43999 -7.35793 16
      vertex 8.22189 -7.31454 0
      vertex 8.43999 -7.35793 0
    endloop
  endfacet
  facet normal -0.831469 -0.555572 0
    outer loop
      vertex 9.47224 -8.15 0
      vertex 9.3487 -7.96511 16
      vertex 9.3487 -7.96511 0
    endloop
  endfacet
  facet normal -0.831469 -0.555572 0
    outer loop
      vertex 9.3487 -7.96511 16
      vertex 9.47224 -8.15 0
      vertex 9.47224 -8.15 16
    endloop
  endfacet
  facet normal -0.99786 0.0653877 0
    outer loop
      vertex 9.68546 -9.22189 0
      vertex 9.7 -9 16
      vertex 9.7 -9 0
    endloop
  endfacet
  facet normal -0.99786 0.0653877 0
    outer loop
      vertex 9.7 -9 16
      vertex 9.68546 -9.22189 0
      vertex 9.68546 -9.22189 16
    endloop
  endfacet
  facet normal -0.321404 -0.946942 0
    outer loop
      vertex 8.43999 -7.35793 0
      vertex 8.65056 -7.4294 16
      vertex 8.43999 -7.35793 16
    endloop
  endfacet
  facet normal -0.321404 -0.946942 -0
    outer loop
      vertex 8.65056 -7.4294 16
      vertex 8.43999 -7.35793 0
      vertex 8.65056 -7.4294 0
    endloop
  endfacet
  facet normal -0.555572 -0.831469 0
    outer loop
      vertex 8.85 -7.52776 0
      vertex 9.03489 -7.6513 16
      vertex 8.85 -7.52776 16
    endloop
  endfacet
  facet normal -0.555572 -0.831469 -0
    outer loop
      vertex 9.03489 -7.6513 16
      vertex 8.85 -7.52776 0
      vertex 9.03489 -7.6513 0
    endloop
  endfacet
  facet normal 0.19513 -0.980777 0
    outer loop
      vertex 7.56001 -7.35793 0
      vertex 7.7781 -7.31454 16
      vertex 7.56001 -7.35793 16
    endloop
  endfacet
  facet normal 0.19513 -0.980777 0
    outer loop
      vertex 7.7781 -7.31454 16
      vertex 7.56001 -7.35793 0
      vertex 7.7781 -7.31454 0
    endloop
  endfacet
  facet normal -0.980779 0.195122 0
    outer loop
      vertex 9.64207 -9.43999 0
      vertex 9.68546 -9.22189 16
      vertex 9.68546 -9.22189 0
    endloop
  endfacet
  facet normal -0.980779 0.195122 0
    outer loop
      vertex 9.68546 -9.22189 16
      vertex 9.64207 -9.43999 0
      vertex 9.64207 -9.43999 16
    endloop
  endfacet
  facet normal 0.831469 -0.555572 0
    outer loop
      vertex 6.52776 -8.15 16
      vertex 6.6513 -7.96511 0
      vertex 6.6513 -7.96511 16
    endloop
  endfacet
  facet normal 0.831469 -0.555572 0
    outer loop
      vertex 6.6513 -7.96511 0
      vertex 6.52776 -8.15 16
      vertex 6.52776 -8.15 0
    endloop
  endfacet
  facet normal -0.0652086 0.997872 0
    outer loop
      vertex 8.22189 -10.6855 0
      vertex 8 -10.7 16
      vertex 8.22189 -10.6855 16
    endloop
  endfacet
  facet normal -0.0652086 0.997872 0
    outer loop
      vertex 8 -10.7 16
      vertex 8.22189 -10.6855 0
      vertex 8 -10.7 0
    endloop
  endfacet
  facet normal -0.195165 0.98077 0
    outer loop
      vertex 8.43999 -10.6421 0
      vertex 8.22189 -10.6855 16
      vertex 8.43999 -10.6421 16
    endloop
  endfacet
  facet normal -0.195165 0.98077 0
    outer loop
      vertex 8.22189 -10.6855 16
      vertex 8.43999 -10.6421 0
      vertex 8.22189 -10.6855 0
    endloop
  endfacet
  facet normal 0.659291 0.751888 -0
    outer loop
      vertex 6.96511 -10.3487 0
      vertex 6.79792 -10.2021 16
      vertex 6.96511 -10.3487 16
    endloop
  endfacet
  facet normal 0.659291 0.751888 0
    outer loop
      vertex 6.79792 -10.2021 16
      vertex 6.96511 -10.3487 0
      vertex 6.79792 -10.2021 0
    endloop
  endfacet
  facet normal -0.442314 -0.89686 0
    outer loop
      vertex 8.65056 -7.4294 0
      vertex 8.85 -7.52776 16
      vertex 8.65056 -7.4294 16
    endloop
  endfacet
  facet normal -0.442314 -0.89686 -0
    outer loop
      vertex 8.85 -7.52776 16
      vertex 8.65056 -7.4294 0
      vertex 8.85 -7.52776 0
    endloop
  endfacet
  facet normal -0.831483 0.555551 0
    outer loop
      vertex 9.3487 -10.0349 0
      vertex 9.47224 -9.85 16
      vertex 9.47224 -9.85 0
    endloop
  endfacet
  facet normal -0.831483 0.555551 0
    outer loop
      vertex 9.47224 -9.85 16
      vertex 9.3487 -10.0349 0
      vertex 9.3487 -10.0349 16
    endloop
  endfacet
  facet normal 0.195173 0.980769 -0
    outer loop
      vertex 7.7781 -10.6855 0
      vertex 7.56001 -10.6421 16
      vertex 7.7781 -10.6855 16
    endloop
  endfacet
  facet normal 0.195173 0.980769 0
    outer loop
      vertex 7.56001 -10.6421 16
      vertex 7.7781 -10.6855 0
      vertex 7.56001 -10.6421 0
    endloop
  endfacet
  facet normal 0.99786 0.0653877 0
    outer loop
      vertex 6.31454 -9.22189 16
      vertex 6.3 -9 0
      vertex 6.3 -9 16
    endloop
  endfacet
  facet normal 0.99786 0.0653877 0
    outer loop
      vertex 6.3 -9 0
      vertex 6.31454 -9.22189 16
      vertex 6.31454 -9.22189 0
    endloop
  endfacet
  facet normal -0.442459 0.896789 0
    outer loop
      vertex 8.85 -10.4722 0
      vertex 8.65056 -10.5706 16
      vertex 8.85 -10.4722 16
    endloop
  endfacet
  facet normal -0.442459 0.896789 0
    outer loop
      vertex 8.65056 -10.5706 16
      vertex 8.85 -10.4722 0
      vertex 8.65056 -10.5706 0
    endloop
  endfacet
  facet normal 0.980777 -0.19513 0
    outer loop
      vertex 6.31454 -8.7781 16
      vertex 6.35793 -8.56001 0
      vertex 6.35793 -8.56001 16
    endloop
  endfacet
  facet normal 0.980777 -0.19513 0
    outer loop
      vertex 6.35793 -8.56001 0
      vertex 6.31454 -8.7781 16
      vertex 6.31454 -8.7781 0
    endloop
  endfacet
  facet normal 0.89686 0.442314 0
    outer loop
      vertex 6.52776 -9.85 16
      vertex 6.4294 -9.65056 0
      vertex 6.4294 -9.65056 16
    endloop
  endfacet
  facet normal 0.89686 0.442314 0
    outer loop
      vertex 6.4294 -9.65056 0
      vertex 6.52776 -9.85 16
      vertex 6.52776 -9.85 0
    endloop
  endfacet
  facet normal 0.946942 -0.321404 0
    outer loop
      vertex 6.35793 -8.56001 16
      vertex 6.4294 -8.34944 0
      vertex 6.4294 -8.34944 16
    endloop
  endfacet
  facet normal 0.946942 -0.321404 0
    outer loop
      vertex 6.4294 -8.34944 0
      vertex 6.35793 -8.56001 16
      vertex 6.35793 -8.56001 0
    endloop
  endfacet
  facet normal -0.896878 -0.442278 0
    outer loop
      vertex 9.57059 -8.34944 0
      vertex 9.47224 -8.15 16
      vertex 9.47224 -8.15 0
    endloop
  endfacet
  facet normal -0.896878 -0.442278 0
    outer loop
      vertex 9.47224 -8.15 16
      vertex 9.57059 -8.34944 0
      vertex 9.57059 -8.34944 16
    endloop
  endfacet
  facet normal -0.946929 -0.321444 0
    outer loop
      vertex 9.64207 -8.56001 0
      vertex 9.57059 -8.34944 16
      vertex 9.57059 -8.34944 0
    endloop
  endfacet
  facet normal -0.946929 -0.321444 0
    outer loop
      vertex 9.57059 -8.34944 16
      vertex 9.64207 -8.56001 0
      vertex 9.64207 -8.56001 16
    endloop
  endfacet
  facet normal 0.99786 -0.0653848 0
    outer loop
      vertex 6.3 -9 16
      vertex 6.31454 -8.7781 0
      vertex 6.31454 -8.7781 16
    endloop
  endfacet
  facet normal 0.99786 -0.0653848 0
    outer loop
      vertex 6.31454 -8.7781 0
      vertex 6.3 -9 16
      vertex 6.3 -9 0
    endloop
  endfacet
  facet normal 0.321525 0.946901 -0
    outer loop
      vertex 7.56001 -10.6421 0
      vertex 7.34944 -10.5706 16
      vertex 7.56001 -10.6421 16
    endloop
  endfacet
  facet normal 0.321525 0.946901 0
    outer loop
      vertex 7.34944 -10.5706 16
      vertex 7.56001 -10.6421 0
      vertex 7.34944 -10.5706 0
    endloop
  endfacet
  facet normal 0.442314 -0.89686 0
    outer loop
      vertex 7.15 -7.52776 0
      vertex 7.34944 -7.4294 16
      vertex 7.15 -7.52776 16
    endloop
  endfacet
  facet normal 0.442314 -0.89686 0
    outer loop
      vertex 7.34944 -7.4294 16
      vertex 7.15 -7.52776 0
      vertex 7.34944 -7.4294 0
    endloop
  endfacet
  facet normal 0.555572 -0.831469 0
    outer loop
      vertex 6.96511 -7.6513 0
      vertex 7.15 -7.52776 16
      vertex 6.96511 -7.6513 16
    endloop
  endfacet
  facet normal 0.555572 -0.831469 0
    outer loop
      vertex 7.15 -7.52776 16
      vertex 6.96511 -7.6513 0
      vertex 7.15 -7.52776 0
    endloop
  endfacet
  facet normal -0.659291 0.751888 0
    outer loop
      vertex 9.20208 -10.2021 0
      vertex 9.03489 -10.3487 16
      vertex 9.20208 -10.2021 16
    endloop
  endfacet
  facet normal -0.659291 0.751888 0
    outer loop
      vertex 9.03489 -10.3487 16
      vertex 9.20208 -10.2021 0
      vertex 9.03489 -10.3487 0
    endloop
  endfacet
  facet normal -0.751863 0.659319 0
    outer loop
      vertex 9.20208 -10.2021 0
      vertex 9.3487 -10.0349 16
      vertex 9.3487 -10.0349 0
    endloop
  endfacet
  facet normal -0.751863 0.659319 0
    outer loop
      vertex 9.3487 -10.0349 16
      vertex 9.20208 -10.2021 0
      vertex 9.20208 -10.2021 16
    endloop
  endfacet
  facet normal -0.59539 0.720793 0.354921
    outer loop
      vertex 8.67206 54.6264 7.44284
      vertex 8.02 54.1432 7.3303
      vertex 8.67647 54.5936 7.51685
    endloop
  endfacet
  facet normal -0.595316 0.72055 0.355537
    outer loop
      vertex 8.02 54.1432 7.3303
      vertex 8.67206 54.6264 7.44284
      vertex 8.02 54.2445 7.125
    endloop
  endfacet
  facet normal -0.595417 0.760912 -0.257861
    outer loop
      vertex 8.67961 54.5702 8.40705
      vertex 8.68297 54.5452 8.32552
      vertex 8.02 54.0696 8.45293
    endloop
  endfacet
  facet normal -0.595359 -0.0524831 0.801744
    outer loop
      vertex 8.52 55.76 6.62129
      vertex 8.51148 55.8235 6.61912
      vertex 8.02 55.76 6.25
    endloop
  endfacet
  facet normal -0.595352 -0.0525487 0.801745
    outer loop
      vertex 8.02 55.76 6.25
      vertex 8.49554 55.9423 6.61507
      vertex 8.02 55.9884 6.26497
    endloop
  endfacet
  facet normal -0.595351 -0.0525491 0.801745
    outer loop
      vertex 8.49554 55.9423 6.61507
      vertex 8.02 55.76 6.25
      vertex 8.51148 55.8235 6.61912
    endloop
  endfacet
  facet normal -0.595363 -0.355309 -0.720624
    outer loop
      vertex 8.43962 56.3592 9.30487
      vertex 8.44642 56.3085 9.32425
      vertex 8.02 56.4297 9.61679
    endloop
  endfacet
  facet normal -0.595287 -0.604091 -0.529819
    outer loop
      vertex 8.37494 56.8414 9.01651
      vertex 8.37931 56.8088 9.04877
      vertex 8.02 56.9974 9.23744
    endloop
  endfacet
  facet normal -0.595365 -0.156712 -0.788024
    outer loop
      vertex 8.02 55.9884 9.73503
      vertex 8.47889 56.0664 9.37282
      vertex 8.49554 55.9423 9.38492
    endloop
  endfacet
  facet normal -0.595354 -0.156762 -0.788022
    outer loop
      vertex 8.47889 56.0664 9.37282
      vertex 8.02 55.9884 9.73503
      vertex 8.02 56.2129 9.69037
    endloop
  endfacet
  facet normal -0.595342 0.258205 0.760854
    outer loop
      vertex 8.02 55.3071 6.30963
      vertex 8.57931 55.3178 6.74364
      vertex 8.56666 55.4121 6.70174
    endloop
  endfacet
  facet normal -0.595339 0.258225 0.760849
    outer loop
      vertex 8.57931 55.3178 6.74364
      vertex 8.02 55.3071 6.30963
      vertex 8.02 55.0903 6.38321
    endloop
  endfacet
  facet normal -0.595319 0.446584 0.66795
    outer loop
      vertex 8.02 54.885 6.48446
      vertex 8.61801 55.0294 6.9209
      vertex 8.60809 55.1033 6.86265
    endloop
  endfacet
  facet normal -0.595343 0.446423 0.668037
    outer loop
      vertex 8.61801 55.0294 6.9209
      vertex 8.02 54.885 6.48446
      vertex 8.02 54.6947 6.61163
    endloop
  endfacet
  facet normal -0.595376 0.801742 0.052314
    outer loop
      vertex 8.68758 54.5108 7.92256
      vertex 8.02 54.01 8
      vertex 8.68819 54.5062 8
    endloop
  endfacet
  facet normal -0.595341 0.801747 0.0526495
    outer loop
      vertex 8.02 54.01 8
      vertex 8.68758 54.5108 7.92256
      vertex 8.02 54.025 7.77158
    endloop
  endfacet
  facet normal -0.595346 -0.604065 0.529782
    outer loop
      vertex 8.02 57.1484 6.93467
      vertex 8.37494 56.8414 6.98349
      vertex 8.36068 56.9477 7.08867
    endloop
  endfacet
  facet normal -0.595302 -0.603994 0.529912
    outer loop
      vertex 8.37494 56.8414 6.98349
      vertex 8.02 57.1484 6.93467
      vertex 8.02 56.9974 6.76256
    endloop
  endfacet
  facet normal -0.595356 0.446505 0.667971
    outer loop
      vertex 8.62615 54.9687 6.96873
      vertex 8.61801 55.0294 6.9209
      vertex 8.02 54.6947 6.61163
    endloop
  endfacet
  facet normal -0.595324 -0.446743 0.66784
    outer loop
      vertex 8.42268 56.4855 6.74341
      vertex 8.41665 56.5304 6.76807
      vertex 8.02 56.635 6.48446
    endloop
  endfacet
  facet normal -0.59534 -0.156642 0.788057
    outer loop
      vertex 8.47889 56.0664 6.62718
      vertex 8.47086 56.1263 6.63302
      vertex 8.02 56.2129 6.30963
    endloop
  endfacet
  facet normal -0.595323 -0.52978 0.604089
    outer loop
      vertex 8.02 56.8253 6.61163
      vertex 8.38443 56.7706 6.9228
      vertex 8.02 56.9974 6.76256
    endloop
  endfacet
  facet normal -0.595315 -0.529803 0.604076
    outer loop
      vertex 8.38443 56.7706 6.9228
      vertex 8.02 56.8253 6.61163
      vertex 8.40014 56.6535 6.83558
    endloop
  endfacet
  facet normal -0.595369 0.156609 0.788042
    outer loop
      vertex 8.02 55.5316 6.26497
      vertex 8.55773 55.4787 6.68174
      vertex 8.54383 55.5824 6.65063
    endloop
  endfacet
  facet normal -0.595344 0.156763 0.78803
    outer loop
      vertex 8.55773 55.4787 6.68174
      vertex 8.02 55.5316 6.26497
      vertex 8.02 55.3071 6.30963
    endloop
  endfacet
  facet normal -0.595361 0.0525678 -0.801737
    outer loop
      vertex 8.53502 55.6481 9.36022
      vertex 8.54383 55.5824 9.34937
      vertex 8.02 55.5316 9.73503
    endloop
  endfacet
  facet normal -0.59532 -0.760932 -0.258024
    outer loop
      vertex 8.3299 57.1771 8.54362
      vertex 8.33181 57.1629 8.58109
      vertex 8.02 57.3768 8.6697
    endloop
  endfacet
  facet normal -0.595351 0.44642 -0.668032
    outer loop
      vertex 8.02 54.885 9.51554
      vertex 8.61801 55.0294 9.07909
      vertex 8.02 54.6947 9.38837
    endloop
  endfacet
  facet normal -0.595317 0.446644 -0.667912
    outer loop
      vertex 8.61801 55.0294 9.07909
      vertex 8.02 54.885 9.51554
      vertex 8.60809 55.1033 9.13735
    endloop
  endfacet
  facet normal -0.595426 0.787853 0.157341
    outer loop
      vertex 8.68502 54.5298 7.75935
      vertex 8.68297 54.5452 7.67448
      vertex 8.02 54.0696 7.54707
    endloop
  endfacet
  facet normal -0.595315 -0.529803 -0.604076
    outer loop
      vertex 8.02 56.8253 9.38837
      vertex 8.38443 56.7706 9.0772
      vertex 8.40014 56.6535 9.16442
    endloop
  endfacet
  facet normal -0.595323 -0.52978 -0.604089
    outer loop
      vertex 8.38443 56.7706 9.0772
      vertex 8.02 56.8253 9.38837
      vertex 8.02 56.9974 9.23744
    endloop
  endfacet
  facet normal -0.595433 -0.760823 0.258085
    outer loop
      vertex 8.02 57.4504 7.54707
      vertex 8.3299 57.1771 7.45637
      vertex 8.32233 57.2335 7.60517
    endloop
  endfacet
  facet normal -0.595351 -0.760808 0.258317
    outer loop
      vertex 8.3299 57.1771 7.45637
      vertex 8.02 57.4504 7.54707
      vertex 8.02 57.3768 7.3303
    endloop
  endfacet
  facet normal -0.595287 0.801816 -0.0521886
    outer loop
      vertex 8.68688 54.5159 8.16378
      vertex 8.68758 54.5108 8.07744
      vertex 8.02 54.025 8.22842
    endloop
  endfacet
  facet normal -0.595481 -0.801749 0.0510072
    outer loop
      vertex 8.31496 57.2885 7.96188
      vertex 8.31459 57.2912 8
      vertex 8.02 57.51 8
    endloop
  endfacet
  facet normal -0.595388 -0.446254 -0.668109
    outer loop
      vertex 8.02 56.635 9.51554
      vertex 8.40014 56.6535 9.16442
      vertex 8.41665 56.5304 9.23193
    endloop
  endfacet
  facet normal -0.595324 -0.446431 -0.668049
    outer loop
      vertex 8.40014 56.6535 9.16442
      vertex 8.02 56.635 9.51554
      vertex 8.02 56.8253 9.38837
    endloop
  endfacet
  facet normal -0.595365 -0.0526322 -0.80173
    outer loop
      vertex 8.49554 55.9423 9.38492
      vertex 8.50404 55.8789 9.38277
      vertex 8.02 55.9884 9.73503
    endloop
  endfacet
  facet normal -0.59538 0.355075 -0.720725
    outer loop
      vertex 8.58818 55.2518 9.22699
      vertex 8.59684 55.1872 9.18801
      vertex 8.02 55.0903 9.61679
    endloop
  endfacet
  facet normal -0.595285 -0.529552 0.604327
    outer loop
      vertex 8.38443 56.7706 6.9228
      vertex 8.37931 56.8088 6.95123
      vertex 8.02 56.9974 6.76256
    endloop
  endfacet
  facet normal -0.595357 -0.0525385 -0.801742
    outer loop
      vertex 8.02 55.76 9.75
      vertex 8.50404 55.8789 9.38277
      vertex 8.52 55.76 9.37871
    endloop
  endfacet
  facet normal -0.595355 -0.0525485 -0.801742
    outer loop
      vertex 8.50404 55.8789 9.38277
      vertex 8.02 55.76 9.75
      vertex 8.02 55.9884 9.73503
    endloop
  endfacet
  facet normal -0.595417 -0.788068 -0.156293
    outer loop
      vertex 8.3212 57.2419 8.35678
      vertex 8.32233 57.2335 8.39483
      vertex 8.02 57.4504 8.45293
    endloop
  endfacet
  facet normal -0.595359 -0.258321 0.760801
    outer loop
      vertex 8.45384 56.2532 6.66278
      vertex 8.44642 56.3085 6.67575
      vertex 8.02 56.4297 6.38321
    endloop
  endfacet
  facet normal -0.595285 -0.529552 -0.604327
    outer loop
      vertex 8.37931 56.8088 9.04877
      vertex 8.38443 56.7706 9.0772
      vertex 8.02 56.9974 9.23744
    endloop
  endfacet
  facet normal -0.595339 -0.355388 0.720604
    outer loop
      vertex 8.02 56.4297 6.38321
      vertex 8.42268 56.4855 6.74341
      vertex 8.02 56.635 6.48446
    endloop
  endfacet
  facet normal -0.595362 -0.35532 0.720619
    outer loop
      vertex 8.42268 56.4855 6.74341
      vertex 8.02 56.4297 6.38321
      vertex 8.43962 56.3592 6.69513
    endloop
  endfacet
  facet normal -0.595309 0.720581 0.355486
    outer loop
      vertex 8.67206 54.6264 7.44284
      vertex 8.66745 54.6608 7.36539
      vertex 8.02 54.2445 7.125
    endloop
  endfacet
  facet normal -0.595362 -0.35532 -0.720619
    outer loop
      vertex 8.02 56.4297 9.61679
      vertex 8.42268 56.4855 9.25659
      vertex 8.43962 56.3592 9.30487
    endloop
  endfacet
  facet normal -0.595339 -0.355388 -0.720604
    outer loop
      vertex 8.42268 56.4855 9.25659
      vertex 8.02 56.4297 9.61679
      vertex 8.02 56.635 9.51554
    endloop
  endfacet
  facet normal -0.595362 0.529458 0.604333
    outer loop
      vertex 8.63371 54.9123 7.02559
      vertex 8.62615 54.9687 6.96873
      vertex 8.02 54.6947 6.61163
    endloop
  endfacet
  facet normal -0.595337 0.76075 0.258522
    outer loop
      vertex 8.67647 54.5936 7.51685
      vertex 8.02 54.0696 7.54707
      vertex 8.67961 54.5702 7.59294
    endloop
  endfacet
  facet normal -0.595378 0.76079 0.258311
    outer loop
      vertex 8.02 54.0696 7.54707
      vertex 8.67647 54.5936 7.51685
      vertex 8.02 54.1432 7.3303
    endloop
  endfacet
  facet normal -0.595359 0.0525483 -0.801739
    outer loop
      vertex 8.02 55.76 9.75
      vertex 8.53502 55.6481 9.36022
      vertex 8.02 55.5316 9.73503
    endloop
  endfacet
  facet normal -0.595356 0.0525641 -0.80174
    outer loop
      vertex 8.53502 55.6481 9.36022
      vertex 8.02 55.76 9.75
      vertex 8.52 55.76 9.37871
    endloop
  endfacet
  facet normal -0.595447 -0.787997 -0.156539
    outer loop
      vertex 8.02 57.495 8.22842
      vertex 8.3212 57.2419 8.35678
      vertex 8.02 57.4504 8.45293
    endloop
  endfacet
  facet normal -0.595316 -0.788024 -0.1569
    outer loop
      vertex 8.3212 57.2419 8.35678
      vertex 8.02 57.495 8.22842
      vertex 8.31654 57.2767 8.19968
    endloop
  endfacet
  facet normal -0.595332 0.78808 -0.156556
    outer loop
      vertex 8.68502 54.5298 8.24065
      vertex 8.02 54.025 8.22842
      vertex 8.02 54.0696 8.45293
    endloop
  endfacet
  facet normal -0.595295 0.788039 -0.156901
    outer loop
      vertex 8.02 54.025 8.22842
      vertex 8.68502 54.5298 8.24065
      vertex 8.68688 54.5159 8.16378
    endloop
  endfacet
  facet normal -0.595368 0.604053 0.52977
    outer loop
      vertex 8.65598 54.7463 7.22216
      vertex 8.6493 54.7961 7.15787
      vertex 8.02 54.3716 6.93467
    endloop
  endfacet
  facet normal -0.595352 0.355301 0.720636
    outer loop
      vertex 8.02 55.0903 6.38321
      vertex 8.60809 55.1033 6.86265
      vertex 8.59684 55.1872 6.81199
    endloop
  endfacet
  facet normal -0.595332 0.35539 0.720609
    outer loop
      vertex 8.60809 55.1033 6.86265
      vertex 8.02 55.0903 6.38321
      vertex 8.02 54.885 6.48446
    endloop
  endfacet
  facet normal -0.595373 0.668012 -0.44642
    outer loop
      vertex 8.65598 54.7463 8.77784
      vertex 8.66172 54.7035 8.70614
      vertex 8.02 54.3716 9.06533
    endloop
  endfacet
  facet normal -0.595378 0.76079 -0.258311
    outer loop
      vertex 8.67647 54.5936 8.48315
      vertex 8.02 54.0696 8.45293
      vertex 8.02 54.1432 8.6697
    endloop
  endfacet
  facet normal -0.595343 0.760756 -0.25849
    outer loop
      vertex 8.02 54.0696 8.45293
      vertex 8.67647 54.5936 8.48315
      vertex 8.67961 54.5702 8.40705
    endloop
  endfacet
  facet normal -0.595376 0.801742 -0.052314
    outer loop
      vertex 8.02 54.01 8
      vertex 8.68758 54.5108 8.07744
      vertex 8.68819 54.5062 8
    endloop
  endfacet
  facet normal -0.595341 0.801747 -0.0526495
    outer loop
      vertex 8.68758 54.5108 8.07744
      vertex 8.02 54.01 8
      vertex 8.02 54.025 8.22842
    endloop
  endfacet
  facet normal -0.595367 0.603958 -0.52988
    outer loop
      vertex 8.64217 54.8493 8.91075
      vertex 8.02 54.3716 9.06533
      vertex 8.02 54.5226 9.23744
    endloop
  endfacet
  facet normal -0.595332 0.603865 -0.530025
    outer loop
      vertex 8.02 54.3716 9.06533
      vertex 8.64217 54.8493 8.91075
      vertex 8.6493 54.7961 8.84213
    endloop
  endfacet
  facet normal -0.595357 -0.760804 -0.258316
    outer loop
      vertex 8.02 57.4504 8.45293
      vertex 8.3299 57.1771 8.54362
      vertex 8.02 57.3768 8.6697
    endloop
  endfacet
  facet normal -0.595432 -0.760818 -0.2581
    outer loop
      vertex 8.3299 57.1771 8.54362
      vertex 8.02 57.4504 8.45293
      vertex 8.32233 57.2335 8.39483
    endloop
  endfacet
  facet normal -0.595339 0.258225 -0.760849
    outer loop
      vertex 8.02 55.3071 9.69037
      vertex 8.57931 55.3178 9.25636
      vertex 8.02 55.0903 9.61679
    endloop
  endfacet
  facet normal -0.595342 0.258205 -0.760854
    outer loop
      vertex 8.57931 55.3178 9.25636
      vertex 8.02 55.3071 9.69037
      vertex 8.56666 55.4121 9.29826
    endloop
  endfacet
  facet normal -0.595355 0.0525486 0.801743
    outer loop
      vertex 8.02 55.5316 6.26497
      vertex 8.52882 55.6942 6.63215
      vertex 8.02 55.76 6.25
    endloop
  endfacet
  facet normal -0.595362 0.0525909 0.801734
    outer loop
      vertex 8.52882 55.6942 6.63215
      vertex 8.02 55.5316 6.26497
      vertex 8.54383 55.5824 6.65063
    endloop
  endfacet
  facet normal -0.595358 0.0525208 0.801742
    outer loop
      vertex 8.52882 55.6942 6.63215
      vertex 8.52 55.76 6.62129
      vertex 8.02 55.76 6.25
    endloop
  endfacet
  facet normal -0.595316 0.72055 -0.355537
    outer loop
      vertex 8.67206 54.6264 8.55716
      vertex 8.02 54.1432 8.6697
      vertex 8.02 54.2445 8.875
    endloop
  endfacet
  facet normal -0.59539 0.720793 -0.354921
    outer loop
      vertex 8.02 54.1432 8.6697
      vertex 8.67206 54.6264 8.55716
      vertex 8.67647 54.5936 8.48315
    endloop
  endfacet
  facet normal -0.59535 0.156814 -0.788015
    outer loop
      vertex 8.55773 55.4787 9.31826
      vertex 8.56666 55.4121 9.29826
      vertex 8.02 55.3071 9.69037
    endloop
  endfacet
  facet normal -0.595347 -0.258223 0.760843
    outer loop
      vertex 8.02 56.2129 6.30963
      vertex 8.45384 56.2532 6.66278
      vertex 8.02 56.4297 6.38321
    endloop
  endfacet
  facet normal -0.595336 -0.258275 0.760835
    outer loop
      vertex 8.45384 56.2532 6.66278
      vertex 8.02 56.2129 6.30963
      vertex 8.47086 56.1263 6.63302
    endloop
  endfacet
  facet normal -0.595354 -0.156762 0.788022
    outer loop
      vertex 8.02 55.9884 6.26497
      vertex 8.47889 56.0664 6.62718
      vertex 8.02 56.2129 6.30963
    endloop
  endfacet
  facet normal -0.595352 -0.156773 0.788022
    outer loop
      vertex 8.47889 56.0664 6.62718
      vertex 8.02 55.9884 6.26497
      vertex 8.49554 55.9423 6.61507
    endloop
  endfacet
  facet normal -0.595363 -0.355309 0.720624
    outer loop
      vertex 8.44642 56.3085 6.67575
      vertex 8.43962 56.3592 6.69513
      vertex 8.02 56.4297 6.38321
    endloop
  endfacet
  facet normal -0.595374 0.258508 -0.760725
    outer loop
      vertex 8.57931 55.3178 9.25636
      vertex 8.58818 55.2518 9.22699
      vertex 8.02 55.0903 9.61679
    endloop
  endfacet
  facet normal -0.59534 -0.156642 -0.788057
    outer loop
      vertex 8.47086 56.1263 9.36698
      vertex 8.47889 56.0664 9.37282
      vertex 8.02 56.2129 9.69037
    endloop
  endfacet
  facet normal -0.595418 0.760921 0.257832
    outer loop
      vertex 8.68297 54.5452 7.67448
      vertex 8.67961 54.5702 7.59294
      vertex 8.02 54.0696 7.54707
    endloop
  endfacet
  facet normal -0.59535 0.156814 0.788015
    outer loop
      vertex 8.56666 55.4121 6.70174
      vertex 8.55773 55.4787 6.68174
      vertex 8.02 55.3071 6.30963
    endloop
  endfacet
  facet normal -0.595481 -0.801749 -0.0510072
    outer loop
      vertex 8.31459 57.2912 8
      vertex 8.31496 57.2885 8.03812
      vertex 8.02 57.51 8
    endloop
  endfacet
  facet normal -0.595332 0.35539 -0.720609
    outer loop
      vertex 8.02 55.0903 9.61679
      vertex 8.60809 55.1033 9.13735
      vertex 8.02 54.885 9.51554
    endloop
  endfacet
  facet normal -0.595352 0.355301 -0.720636
    outer loop
      vertex 8.60809 55.1033 9.13735
      vertex 8.02 55.0903 9.61679
      vertex 8.59684 55.1872 9.18801
    endloop
  endfacet
  facet normal -0.595361 0.529761 -0.604068
    outer loop
      vertex 8.02 54.6947 9.38837
      vertex 8.64217 54.8493 8.91075
      vertex 8.02 54.5226 9.23744
    endloop
  endfacet
  facet normal -0.595258 0.530187 -0.603796
    outer loop
      vertex 8.64217 54.8493 8.91075
      vertex 8.02 54.6947 9.38837
      vertex 8.63371 54.9123 8.97441
    endloop
  endfacet
  facet normal -0.595326 -0.801752 -0.0527362
    outer loop
      vertex 8.02 57.495 8.22842
      vertex 8.31496 57.2885 8.03812
      vertex 8.31654 57.2767 8.19968
    endloop
  endfacet
  facet normal -0.595293 -0.801782 -0.0526518
    outer loop
      vertex 8.31496 57.2885 8.03812
      vertex 8.02 57.495 8.22842
      vertex 8.02 57.51 8
    endloop
  endfacet
  facet normal -0.595293 -0.801782 0.0526518
    outer loop
      vertex 8.02 57.495 7.77158
      vertex 8.31496 57.2885 7.96188
      vertex 8.02 57.51 8
    endloop
  endfacet
  facet normal -0.595326 -0.801752 0.0527362
    outer loop
      vertex 8.31496 57.2885 7.96188
      vertex 8.02 57.495 7.77158
      vertex 8.31654 57.2767 7.80032
    endloop
  endfacet
  facet normal -0.595316 -0.788025 0.156891
    outer loop
      vertex 8.02 57.495 7.77158
      vertex 8.3212 57.2419 7.64321
      vertex 8.31654 57.2767 7.80032
    endloop
  endfacet
  facet normal -0.595443 -0.787999 0.15654
    outer loop
      vertex 8.3212 57.2419 7.64321
      vertex 8.02 57.495 7.77158
      vertex 8.02 57.4504 7.54707
    endloop
  endfacet
  facet normal -0.595335 -0.720538 -0.355531
    outer loop
      vertex 8.02 57.3768 8.6697
      vertex 8.34471 57.0667 8.75444
      vertex 8.02 57.2755 8.875
    endloop
  endfacet
  facet normal -0.595428 -0.720573 -0.355303
    outer loop
      vertex 8.34471 57.0667 8.75444
      vertex 8.02 57.3768 8.6697
      vertex 8.33447 57.143 8.61686
    endloop
  endfacet
  facet normal -0.595298 -0.668153 0.44631
    outer loop
      vertex 8.02 57.2755 7.125
      vertex 8.36068 56.9477 7.08867
      vertex 8.34817 57.0409 7.21151
    endloop
  endfacet
  facet normal -0.59534 -0.668185 0.446206
    outer loop
      vertex 8.36068 56.9477 7.08867
      vertex 8.02 57.2755 7.125
      vertex 8.02 57.1484 6.93467
    endloop
  endfacet
  facet normal -0.595344 0.156763 -0.78803
    outer loop
      vertex 8.02 55.5316 9.73503
      vertex 8.55773 55.4787 9.31826
      vertex 8.02 55.3071 9.69037
    endloop
  endfacet
  facet normal -0.595369 0.156609 -0.788042
    outer loop
      vertex 8.55773 55.4787 9.31826
      vertex 8.02 55.5316 9.73503
      vertex 8.54383 55.5824 9.34937
    endloop
  endfacet
  facet normal -0.595419 -0.788059 0.156332
    outer loop
      vertex 8.32233 57.2335 7.60517
      vertex 8.3212 57.2419 7.64321
      vertex 8.02 57.4504 7.54707
    endloop
  endfacet
  facet normal -0.595342 0.668184 -0.446205
    outer loop
      vertex 8.66172 54.7035 8.70614
      vertex 8.02 54.2445 8.875
      vertex 8.02 54.3716 9.06533
    endloop
  endfacet
  facet normal -0.595306 0.668036 -0.446473
    outer loop
      vertex 8.02 54.2445 8.875
      vertex 8.66172 54.7035 8.70614
      vertex 8.66745 54.6608 8.63461
    endloop
  endfacet
  facet normal -0.595332 0.603865 0.530025
    outer loop
      vertex 8.64217 54.8493 7.08925
      vertex 8.02 54.3716 6.93467
      vertex 8.6493 54.7961 7.15787
    endloop
  endfacet
  facet normal -0.595367 0.603958 0.52988
    outer loop
      vertex 8.02 54.3716 6.93467
      vertex 8.64217 54.8493 7.08925
      vertex 8.02 54.5226 6.76256
    endloop
  endfacet
  facet normal -0.595324 -0.446431 0.668049
    outer loop
      vertex 8.02 56.635 6.48446
      vertex 8.40014 56.6535 6.83558
      vertex 8.02 56.8253 6.61163
    endloop
  endfacet
  facet normal -0.595388 -0.446254 0.668109
    outer loop
      vertex 8.40014 56.6535 6.83558
      vertex 8.02 56.635 6.48446
      vertex 8.41665 56.5304 6.76807
    endloop
  endfacet
  facet normal -0.595374 0.258508 0.760725
    outer loop
      vertex 8.58818 55.2518 6.77301
      vertex 8.57931 55.3178 6.74364
      vertex 8.02 55.0903 6.38321
    endloop
  endfacet
  facet normal -0.595287 -0.604091 0.529819
    outer loop
      vertex 8.37931 56.8088 6.95123
      vertex 8.37494 56.8414 6.98349
      vertex 8.02 56.9974 6.76256
    endloop
  endfacet
  facet normal -0.595311 0.66812 0.446341
    outer loop
      vertex 8.66745 54.6608 7.36539
      vertex 8.66175 54.7033 7.29417
      vertex 8.02 54.2445 7.125
    endloop
  endfacet
  facet normal -0.595324 -0.446743 -0.66784
    outer loop
      vertex 8.41665 56.5304 9.23193
      vertex 8.42268 56.4855 9.25659
      vertex 8.02 56.635 9.51554
    endloop
  endfacet
  facet normal -0.595328 -0.668397 -0.445904
    outer loop
      vertex 8.35715 56.974 8.87662
      vertex 8.36068 56.9477 8.91133
      vertex 8.02 57.1484 9.06533
    endloop
  endfacet
  facet normal 1 0 0
    outer loop
      vertex 8.02 57.495 8.22842
      vertex 8.02 57.495 7.77158
      vertex 8.02 57.51 8
    endloop
  endfacet
  facet normal 1 0 0
    outer loop
      vertex 8.02 57.4504 8.45293
      vertex 8.02 57.495 7.77158
      vertex 8.02 57.495 8.22842
    endloop
  endfacet
  facet normal 1 0 0
    outer loop
      vertex 8.02 57.4504 8.45293
      vertex 8.02 57.4504 7.54707
      vertex 8.02 57.495 7.77158
    endloop
  endfacet
  facet normal 1 0 0
    outer loop
      vertex 8.02 57.3768 8.6697
      vertex 8.02 57.4504 7.54707
      vertex 8.02 57.4504 8.45293
    endloop
  endfacet
  facet normal 1 0 0
    outer loop
      vertex 8.02 57.3768 8.6697
      vertex 8.02 57.3768 7.3303
      vertex 8.02 57.4504 7.54707
    endloop
  endfacet
  facet normal 1 0 0
    outer loop
      vertex 8.02 57.2755 8.875
      vertex 8.02 57.3768 7.3303
      vertex 8.02 57.3768 8.6697
    endloop
  endfacet
  facet normal 1 0 0
    outer loop
      vertex 8.02 57.2755 8.875
      vertex 8.02 57.2755 7.125
      vertex 8.02 57.3768 7.3303
    endloop
  endfacet
  facet normal 1 0 0
    outer loop
      vertex 8.02 57.1484 9.06533
      vertex 8.02 57.2755 7.125
      vertex 8.02 57.2755 8.875
    endloop
  endfacet
  facet normal 1 0 0
    outer loop
      vertex 8.02 57.1484 9.06533
      vertex 8.02 57.1484 6.93467
      vertex 8.02 57.2755 7.125
    endloop
  endfacet
  facet normal 1 0 0
    outer loop
      vertex 8.02 56.9974 9.23744
      vertex 8.02 57.1484 6.93467
      vertex 8.02 57.1484 9.06533
    endloop
  endfacet
  facet normal 1 0 0
    outer loop
      vertex 8.02 56.9974 9.23744
      vertex 8.02 56.9974 6.76256
      vertex 8.02 57.1484 6.93467
    endloop
  endfacet
  facet normal 1 0 0
    outer loop
      vertex 8.02 56.8253 9.38837
      vertex 8.02 56.9974 6.76256
      vertex 8.02 56.9974 9.23744
    endloop
  endfacet
  facet normal 1 0 0
    outer loop
      vertex 8.02 56.8253 9.38837
      vertex 8.02 56.8253 6.61163
      vertex 8.02 56.9974 6.76256
    endloop
  endfacet
  facet normal 1 0 0
    outer loop
      vertex 8.02 56.635 9.51554
      vertex 8.02 56.8253 6.61163
      vertex 8.02 56.8253 9.38837
    endloop
  endfacet
  facet normal 1 0 0
    outer loop
      vertex 8.02 56.635 9.51554
      vertex 8.02 56.635 6.48446
      vertex 8.02 56.8253 6.61163
    endloop
  endfacet
  facet normal 1 0 0
    outer loop
      vertex 8.02 56.4297 9.61679
      vertex 8.02 56.635 6.48446
      vertex 8.02 56.635 9.51554
    endloop
  endfacet
  facet normal 1 0 0
    outer loop
      vertex 8.02 56.4297 9.61679
      vertex 8.02 56.4297 6.38321
      vertex 8.02 56.635 6.48446
    endloop
  endfacet
  facet normal 1 0 0
    outer loop
      vertex 8.02 56.2129 9.69037
      vertex 8.02 56.4297 6.38321
      vertex 8.02 56.4297 9.61679
    endloop
  endfacet
  facet normal 1 0 0
    outer loop
      vertex 8.02 56.2129 9.69037
      vertex 8.02 56.2129 6.30963
      vertex 8.02 56.4297 6.38321
    endloop
  endfacet
  facet normal 1 0 0
    outer loop
      vertex 8.02 55.9884 9.73503
      vertex 8.02 56.2129 6.30963
      vertex 8.02 56.2129 9.69037
    endloop
  endfacet
  facet normal 1 0 0
    outer loop
      vertex 8.02 55.9884 9.73503
      vertex 8.02 55.9884 6.26497
      vertex 8.02 56.2129 6.30963
    endloop
  endfacet
  facet normal 1 0 0
    outer loop
      vertex 8.02 55.76 9.75
      vertex 8.02 55.9884 6.26497
      vertex 8.02 55.9884 9.73503
    endloop
  endfacet
  facet normal 1 0 0
    outer loop
      vertex 8.02 55.76 9.75
      vertex 8.02 55.76 6.25
      vertex 8.02 55.9884 6.26497
    endloop
  endfacet
  facet normal 1 -0 0
    outer loop
      vertex 8.02 55.5316 9.73503
      vertex 8.02 55.76 6.25
      vertex 8.02 55.76 9.75
    endloop
  endfacet
  facet normal 1 0 0
    outer loop
      vertex 8.02 55.5316 9.73503
      vertex 8.02 55.5316 6.26497
      vertex 8.02 55.76 6.25
    endloop
  endfacet
  facet normal 1 -0 0
    outer loop
      vertex 8.02 55.3071 9.69037
      vertex 8.02 55.5316 6.26497
      vertex 8.02 55.5316 9.73503
    endloop
  endfacet
  facet normal 1 0 0
    outer loop
      vertex 8.02 55.3071 9.69037
      vertex 8.02 55.3071 6.30963
      vertex 8.02 55.5316 6.26497
    endloop
  endfacet
  facet normal 1 -0 0
    outer loop
      vertex 8.02 55.0903 9.61679
      vertex 8.02 55.3071 6.30963
      vertex 8.02 55.3071 9.69037
    endloop
  endfacet
  facet normal 1 0 0
    outer loop
      vertex 8.02 55.0903 9.61679
      vertex 8.02 55.0903 6.38321
      vertex 8.02 55.3071 6.30963
    endloop
  endfacet
  facet normal 1 -0 0
    outer loop
      vertex 8.02 54.885 9.51554
      vertex 8.02 55.0903 6.38321
      vertex 8.02 55.0903 9.61679
    endloop
  endfacet
  facet normal 1 0 0
    outer loop
      vertex 8.02 54.885 9.51554
      vertex 8.02 54.885 6.48446
      vertex 8.02 55.0903 6.38321
    endloop
  endfacet
  facet normal 1 -0 0
    outer loop
      vertex 8.02 54.6947 9.38837
      vertex 8.02 54.885 6.48446
      vertex 8.02 54.885 9.51554
    endloop
  endfacet
  facet normal 1 0 0
    outer loop
      vertex 8.02 54.6947 9.38837
      vertex 8.02 54.6947 6.61163
      vertex 8.02 54.885 6.48446
    endloop
  endfacet
  facet normal 1 -0 0
    outer loop
      vertex 8.02 54.5226 9.23744
      vertex 8.02 54.6947 6.61163
      vertex 8.02 54.6947 9.38837
    endloop
  endfacet
  facet normal 1 0 0
    outer loop
      vertex 8.02 54.5226 9.23744
      vertex 8.02 54.5226 6.76256
      vertex 8.02 54.6947 6.61163
    endloop
  endfacet
  facet normal 1 -0 0
    outer loop
      vertex 8.02 54.3716 9.06533
      vertex 8.02 54.5226 6.76256
      vertex 8.02 54.5226 9.23744
    endloop
  endfacet
  facet normal 1 0 0
    outer loop
      vertex 8.02 54.3716 9.06533
      vertex 8.02 54.3716 6.93467
      vertex 8.02 54.5226 6.76256
    endloop
  endfacet
  facet normal 1 -0 0
    outer loop
      vertex 8.02 54.2445 8.875
      vertex 8.02 54.3716 6.93467
      vertex 8.02 54.3716 9.06533
    endloop
  endfacet
  facet normal 1 0 0
    outer loop
      vertex 8.02 54.2445 8.875
      vertex 8.02 54.2445 7.125
      vertex 8.02 54.3716 6.93467
    endloop
  endfacet
  facet normal 1 -0 0
    outer loop
      vertex 8.02 54.1432 8.6697
      vertex 8.02 54.2445 7.125
      vertex 8.02 54.2445 8.875
    endloop
  endfacet
  facet normal 1 0 0
    outer loop
      vertex 8.02 54.1432 8.6697
      vertex 8.02 54.1432 7.3303
      vertex 8.02 54.2445 7.125
    endloop
  endfacet
  facet normal 1 -0 0
    outer loop
      vertex 8.02 54.0696 8.45293
      vertex 8.02 54.1432 7.3303
      vertex 8.02 54.1432 8.6697
    endloop
  endfacet
  facet normal 1 0 0
    outer loop
      vertex 8.02 54.0696 8.45293
      vertex 8.02 54.0696 7.54707
      vertex 8.02 54.1432 7.3303
    endloop
  endfacet
  facet normal 1 -0 0
    outer loop
      vertex 8.02 54.025 8.22842
      vertex 8.02 54.0696 7.54707
      vertex 8.02 54.0696 8.45293
    endloop
  endfacet
  facet normal 1 0 0
    outer loop
      vertex 8.02 54.025 8.22842
      vertex 8.02 54.025 7.77158
      vertex 8.02 54.0696 7.54707
    endloop
  endfacet
  facet normal 1 0 -0
    outer loop
      vertex 8.02 54.025 7.77158
      vertex 8.02 54.025 8.22842
      vertex 8.02 54.01 8
    endloop
  endfacet
  facet normal -0.595287 0.801816 0.0521886
    outer loop
      vertex 8.68758 54.5108 7.92256
      vertex 8.68688 54.5159 7.83622
      vertex 8.02 54.025 7.77158
    endloop
  endfacet
  facet normal -0.595302 -0.603994 -0.529912
    outer loop
      vertex 8.02 57.1484 9.06533
      vertex 8.37494 56.8414 9.01651
      vertex 8.02 56.9974 9.23744
    endloop
  endfacet
  facet normal -0.595346 -0.604065 -0.529782
    outer loop
      vertex 8.37494 56.8414 9.01651
      vertex 8.02 57.1484 9.06533
      vertex 8.36068 56.9477 8.91133
    endloop
  endfacet
  facet normal -0.59538 0.355075 0.720725
    outer loop
      vertex 8.59684 55.1872 6.81199
      vertex 8.58818 55.2518 6.77301
      vertex 8.02 55.0903 6.38321
    endloop
  endfacet
  facet normal -0.595336 -0.258275 -0.760835
    outer loop
      vertex 8.02 56.2129 9.69037
      vertex 8.45384 56.2532 9.33722
      vertex 8.47086 56.1263 9.36698
    endloop
  endfacet
  facet normal -0.595347 -0.258223 -0.760843
    outer loop
      vertex 8.45384 56.2532 9.33722
      vertex 8.02 56.2129 9.69037
      vertex 8.02 56.4297 9.61679
    endloop
  endfacet
  facet normal -0.595295 -0.720153 -0.356375
    outer loop
      vertex 8.33181 57.1629 8.58109
      vertex 8.33447 57.143 8.61686
      vertex 8.02 57.3768 8.6697
    endloop
  endfacet
  facet normal -0.595353 0.446434 -0.66802
    outer loop
      vertex 8.61801 55.0294 9.07909
      vertex 8.62615 54.9687 9.03127
      vertex 8.02 54.6947 9.38837
    endloop
  endfacet
  facet normal -0.595362 0.529458 -0.604333
    outer loop
      vertex 8.62615 54.9687 9.03127
      vertex 8.63371 54.9123 8.97441
      vertex 8.02 54.6947 9.38837
    endloop
  endfacet
  facet normal -0.595295 -0.720153 0.356375
    outer loop
      vertex 8.33447 57.143 7.38314
      vertex 8.33181 57.1629 7.41891
      vertex 8.02 57.3768 7.3303
    endloop
  endfacet
  facet normal -0.595322 -0.76091 0.258085
    outer loop
      vertex 8.33181 57.1629 7.41891
      vertex 8.3299 57.1771 7.45637
      vertex 8.02 57.3768 7.3303
    endloop
  endfacet
  facet normal -0.595258 0.530187 0.603796
    outer loop
      vertex 8.02 54.6947 6.61163
      vertex 8.64217 54.8493 7.08925
      vertex 8.63371 54.9123 7.02559
    endloop
  endfacet
  facet normal -0.595361 0.529761 0.604068
    outer loop
      vertex 8.64217 54.8493 7.08925
      vertex 8.02 54.6947 6.61163
      vertex 8.02 54.5226 6.76256
    endloop
  endfacet
  facet normal -0.59528 0.667988 0.44658
    outer loop
      vertex 8.65598 54.7463 7.22216
      vertex 8.02 54.2445 7.125
      vertex 8.66175 54.7033 7.29417
    endloop
  endfacet
  facet normal -0.595364 0.66817 0.446195
    outer loop
      vertex 8.02 54.2445 7.125
      vertex 8.65598 54.7463 7.22216
      vertex 8.02 54.3716 6.93467
    endloop
  endfacet
  facet normal -0.595371 -0.668166 -0.446193
    outer loop
      vertex 8.02 57.2755 8.875
      vertex 8.35715 56.974 8.87662
      vertex 8.02 57.1484 9.06533
    endloop
  endfacet
  facet normal -0.595334 -0.668125 -0.446303
    outer loop
      vertex 8.35715 56.974 8.87662
      vertex 8.02 57.2755 8.875
      vertex 8.34471 57.0667 8.75444
    endloop
  endfacet
  facet normal -0.595428 -0.720573 0.355303
    outer loop
      vertex 8.02 57.3768 7.3303
      vertex 8.34471 57.0667 7.24556
      vertex 8.33447 57.143 7.38314
    endloop
  endfacet
  facet normal -0.595335 -0.720538 0.355531
    outer loop
      vertex 8.34471 57.0667 7.24556
      vertex 8.02 57.3768 7.3303
      vertex 8.02 57.2755 7.125
    endloop
  endfacet
  facet normal -0.595348 -0.668363 0.445928
    outer loop
      vertex 8.34817 57.0409 7.21151
      vertex 8.34471 57.0667 7.24556
      vertex 8.02 57.2755 7.125
    endloop
  endfacet
  facet normal -0.595368 0.604053 -0.52977
    outer loop
      vertex 8.6493 54.7961 8.84213
      vertex 8.65598 54.7463 8.77784
      vertex 8.02 54.3716 9.06533
    endloop
  endfacet
  facet normal -0.595359 -0.258321 -0.760801
    outer loop
      vertex 8.44642 56.3085 9.32425
      vertex 8.45384 56.2532 9.33722
      vertex 8.02 56.4297 9.61679
    endloop
  endfacet
  facet normal -0.595309 0.720581 -0.355486
    outer loop
      vertex 8.66745 54.6608 8.63461
      vertex 8.67206 54.6264 8.55716
      vertex 8.02 54.2445 8.875
    endloop
  endfacet
  facet normal -0.595426 0.787853 -0.157341
    outer loop
      vertex 8.68297 54.5452 8.32552
      vertex 8.68502 54.5298 8.24065
      vertex 8.02 54.0696 8.45293
    endloop
  endfacet
  facet normal -0.595295 0.788039 0.156901
    outer loop
      vertex 8.68502 54.5298 7.75935
      vertex 8.02 54.025 7.77158
      vertex 8.68688 54.5159 7.83622
    endloop
  endfacet
  facet normal -0.595332 0.78808 0.156556
    outer loop
      vertex 8.02 54.025 7.77158
      vertex 8.68502 54.5298 7.75935
      vertex 8.02 54.0696 7.54707
    endloop
  endfacet
  facet normal -0.595213 -0.788076 0.157029
    outer loop
      vertex 7.03 64.875 7.77158
      vertex 7.33233 64.6135 7.60517
      vertex 7.32766 64.6484 7.76262
    endloop
  endfacet
  facet normal -0.595425 -0.788012 0.156542
    outer loop
      vertex 7.33233 64.6135 7.60517
      vertex 7.03 64.875 7.77158
      vertex 7.03 64.8304 7.54707
    endloop
  endfacet
  facet normal -0.595316 0.72055 -0.355537
    outer loop
      vertex 7.68206 62.0064 8.55716
      vertex 7.03 61.5232 8.6697
      vertex 7.03 61.6245 8.875
    endloop
  endfacet
  facet normal -0.59539 0.720793 -0.354921
    outer loop
      vertex 7.03 61.5232 8.6697
      vertex 7.68206 62.0064 8.55716
      vertex 7.68647 61.9736 8.48315
    endloop
  endfacet
  facet normal -0.595359 0.0525483 -0.801739
    outer loop
      vertex 7.03 63.14 9.75
      vertex 7.54502 63.0281 9.36022
      vertex 7.03 62.9116 9.73503
    endloop
  endfacet
  facet normal -0.595356 0.0525641 -0.80174
    outer loop
      vertex 7.54502 63.0281 9.36022
      vertex 7.03 63.14 9.75
      vertex 7.53 63.14 9.37871
    endloop
  endfacet
  facet normal -0.595342 0.258205 0.760854
    outer loop
      vertex 7.03 62.6871 6.30963
      vertex 7.58931 62.6978 6.74364
      vertex 7.57666 62.7921 6.70174
    endloop
  endfacet
  facet normal -0.595339 0.258225 0.760849
    outer loop
      vertex 7.58931 62.6978 6.74364
      vertex 7.03 62.6871 6.30963
      vertex 7.03 62.4703 6.38321
    endloop
  endfacet
  facet normal -0.595359 -0.0524831 0.801744
    outer loop
      vertex 7.53 63.14 6.62129
      vertex 7.52148 63.2035 6.61912
      vertex 7.03 63.14 6.25
    endloop
  endfacet
  facet normal -0.595352 -0.0525487 0.801745
    outer loop
      vertex 7.03 63.14 6.25
      vertex 7.50554 63.3223 6.61507
      vertex 7.03 63.3684 6.26497
    endloop
  endfacet
  facet normal -0.595351 -0.0525491 0.801745
    outer loop
      vertex 7.50554 63.3223 6.61507
      vertex 7.03 63.14 6.25
      vertex 7.52148 63.2035 6.61912
    endloop
  endfacet
  facet normal -0.595376 0.801742 0.052314
    outer loop
      vertex 7.69758 61.8908 7.92256
      vertex 7.03 61.39 8
      vertex 7.69819 61.8862 8
    endloop
  endfacet
  facet normal -0.595341 0.801747 0.0526495
    outer loop
      vertex 7.03 61.39 8
      vertex 7.69758 61.8908 7.92256
      vertex 7.03 61.405 7.77158
    endloop
  endfacet
  facet normal -0.595344 0.156763 -0.78803
    outer loop
      vertex 7.03 62.9116 9.73503
      vertex 7.56773 62.8587 9.31826
      vertex 7.03 62.6871 9.69037
    endloop
  endfacet
  facet normal -0.595369 0.156609 -0.788042
    outer loop
      vertex 7.56773 62.8587 9.31826
      vertex 7.03 62.9116 9.73503
      vertex 7.55383 62.9624 9.34937
    endloop
  endfacet
  facet normal -0.595434 -0.760835 0.258047
    outer loop
      vertex 7.33421 64.5995 7.56823
      vertex 7.33233 64.6135 7.60517
      vertex 7.03 64.8304 7.54707
    endloop
  endfacet
  facet normal -0.595374 0.258508 0.760725
    outer loop
      vertex 7.59818 62.6318 6.77301
      vertex 7.58931 62.6978 6.74364
      vertex 7.03 62.4703 6.38321
    endloop
  endfacet
  facet normal -0.595418 0.760921 0.257832
    outer loop
      vertex 7.69297 61.9252 7.67448
      vertex 7.68961 61.9502 7.59294
      vertex 7.03 61.4496 7.54707
    endloop
  endfacet
  facet normal -0.595353 0.446434 -0.66802
    outer loop
      vertex 7.62801 62.4094 9.07909
      vertex 7.63615 62.3487 9.03127
      vertex 7.03 62.0747 9.38837
    endloop
  endfacet
  facet normal -0.595333 -0.801733 0.052944
    outer loop
      vertex 7.32654 64.6567 7.80032
      vertex 7.32617 64.6595 7.83856
      vertex 7.03 64.875 7.77158
    endloop
  endfacet
  facet normal -0.595334 -0.668125 0.446303
    outer loop
      vertex 7.03 64.6555 7.125
      vertex 7.36715 64.354 7.12338
      vertex 7.35471 64.4467 7.24556
    endloop
  endfacet
  facet normal -0.595371 -0.668166 0.446193
    outer loop
      vertex 7.36715 64.354 7.12338
      vertex 7.03 64.6555 7.125
      vertex 7.03 64.5284 6.93467
    endloop
  endfacet
  facet normal -0.595434 -0.760835 -0.258047
    outer loop
      vertex 7.33233 64.6135 8.39483
      vertex 7.33421 64.5995 8.43177
      vertex 7.03 64.8304 8.45293
    endloop
  endfacet
  facet normal -0.595426 0.787853 -0.157341
    outer loop
      vertex 7.69297 61.9252 8.32552
      vertex 7.69502 61.9098 8.24065
      vertex 7.03 61.4496 8.45293
    endloop
  endfacet
  facet normal -0.59534 -0.156642 0.788057
    outer loop
      vertex 7.48889 63.4464 6.62718
      vertex 7.48086 63.5063 6.63302
      vertex 7.03 63.5929 6.30963
    endloop
  endfacet
  facet normal -0.595332 0.35539 -0.720609
    outer loop
      vertex 7.03 62.4703 9.61679
      vertex 7.61809 62.4833 9.13735
      vertex 7.03 62.265 9.51554
    endloop
  endfacet
  facet normal -0.595352 0.355301 -0.720636
    outer loop
      vertex 7.61809 62.4833 9.13735
      vertex 7.03 62.4703 9.61679
      vertex 7.60684 62.5672 9.18801
    endloop
  endfacet
  facet normal -0.595373 0.668012 -0.44642
    outer loop
      vertex 7.66598 62.1263 8.77784
      vertex 7.67172 62.0835 8.70614
      vertex 7.03 61.7516 9.06533
    endloop
  endfacet
  facet normal -0.595339 -0.355388 0.720604
    outer loop
      vertex 7.03 63.8097 6.38321
      vertex 7.43268 63.8655 6.74341
      vertex 7.03 64.015 6.48446
    endloop
  endfacet
  facet normal -0.595362 -0.35532 0.720619
    outer loop
      vertex 7.43268 63.8655 6.74341
      vertex 7.03 63.8097 6.38321
      vertex 7.44962 63.7392 6.69513
    endloop
  endfacet
  facet normal -0.595349 -0.788208 -0.155844
    outer loop
      vertex 7.32654 64.6567 8.19968
      vertex 7.32766 64.6484 8.23738
      vertex 7.03 64.875 8.22842
    endloop
  endfacet
  facet normal -0.59535 0.156814 -0.788015
    outer loop
      vertex 7.56773 62.8587 9.31826
      vertex 7.57666 62.7921 9.29826
      vertex 7.03 62.6871 9.69037
    endloop
  endfacet
  facet normal -0.595291 -0.604 -0.529917
    outer loop
      vertex 7.03 64.5284 9.06533
      vertex 7.38931 64.1888 9.04877
      vertex 7.03 64.3774 9.23744
    endloop
  endfacet
  facet normal -0.595368 -0.604091 -0.529727
    outer loop
      vertex 7.38931 64.1888 9.04877
      vertex 7.03 64.5284 9.06533
      vertex 7.37497 64.2957 8.94298
    endloop
  endfacet
  facet normal -0.595361 0.0525678 -0.801737
    outer loop
      vertex 7.54502 63.0281 9.36022
      vertex 7.55383 62.9624 9.34937
      vertex 7.03 62.9116 9.73503
    endloop
  endfacet
  facet normal -0.595309 0.720581 0.355486
    outer loop
      vertex 7.68206 62.0064 7.44284
      vertex 7.67745 62.0408 7.36539
      vertex 7.03 61.6245 7.125
    endloop
  endfacet
  facet normal -0.595285 -0.529552 0.604327
    outer loop
      vertex 7.39443 64.1506 6.9228
      vertex 7.38931 64.1888 6.95123
      vertex 7.03 64.3774 6.76256
    endloop
  endfacet
  facet normal -0.595442 -0.801696 0.0522736
    outer loop
      vertex 7.03 64.89 8
      vertex 7.32617 64.6595 7.83856
      vertex 7.32459 64.6712 8
    endloop
  endfacet
  facet normal -0.595299 -0.801777 0.0526515
    outer loop
      vertex 7.32617 64.6595 7.83856
      vertex 7.03 64.89 8
      vertex 7.03 64.875 7.77158
    endloop
  endfacet
  facet normal -0.59539 0.720793 0.354921
    outer loop
      vertex 7.68206 62.0064 7.44284
      vertex 7.03 61.5232 7.3303
      vertex 7.68647 61.9736 7.51685
    endloop
  endfacet
  facet normal -0.595316 0.72055 0.355537
    outer loop
      vertex 7.03 61.5232 7.3303
      vertex 7.68206 62.0064 7.44284
      vertex 7.03 61.6245 7.125
    endloop
  endfacet
  facet normal -0.595368 -0.604091 0.529727
    outer loop
      vertex 7.03 64.5284 6.93467
      vertex 7.38931 64.1888 6.95123
      vertex 7.37497 64.2957 7.05702
    endloop
  endfacet
  facet normal -0.595291 -0.604 0.529917
    outer loop
      vertex 7.38931 64.1888 6.95123
      vertex 7.03 64.5284 6.93467
      vertex 7.03 64.3774 6.76256
    endloop
  endfacet
  facet normal -0.595371 -0.668166 -0.446193
    outer loop
      vertex 7.03 64.6555 8.875
      vertex 7.36715 64.354 8.87662
      vertex 7.03 64.5284 9.06533
    endloop
  endfacet
  facet normal -0.595334 -0.668125 -0.446303
    outer loop
      vertex 7.36715 64.354 8.87662
      vertex 7.03 64.6555 8.875
      vertex 7.35471 64.4467 8.75444
    endloop
  endfacet
  facet normal -0.595332 0.78808 -0.156556
    outer loop
      vertex 7.69502 61.9098 8.24065
      vertex 7.03 61.405 8.22842
      vertex 7.03 61.4496 8.45293
    endloop
  endfacet
  facet normal -0.595295 0.788039 -0.156901
    outer loop
      vertex 7.03 61.405 8.22842
      vertex 7.69502 61.9098 8.24065
      vertex 7.69688 61.8959 8.16378
    endloop
  endfacet
  facet normal -0.59533 -0.760823 -0.258322
    outer loop
      vertex 7.03 64.8304 8.45293
      vertex 7.34181 64.5429 8.58109
      vertex 7.03 64.7568 8.6697
    endloop
  endfacet
  facet normal -0.59543 -0.760825 -0.258086
    outer loop
      vertex 7.34181 64.5429 8.58109
      vertex 7.03 64.8304 8.45293
      vertex 7.33421 64.5995 8.43177
    endloop
  endfacet
  facet normal -0.595349 -0.788208 0.155844
    outer loop
      vertex 7.32766 64.6484 7.76262
      vertex 7.32654 64.6567 7.80032
      vertex 7.03 64.875 7.77158
    endloop
  endfacet
  facet normal -0.595352 0.355301 0.720636
    outer loop
      vertex 7.03 62.4703 6.38321
      vertex 7.61809 62.4833 6.86265
      vertex 7.60684 62.5672 6.81199
    endloop
  endfacet
  facet normal -0.595332 0.35539 0.720609
    outer loop
      vertex 7.61809 62.4833 6.86265
      vertex 7.03 62.4703 6.38321
      vertex 7.03 62.265 6.48446
    endloop
  endfacet
  facet normal -0.59538 0.355075 0.720725
    outer loop
      vertex 7.60684 62.5672 6.81199
      vertex 7.59818 62.6318 6.77301
      vertex 7.03 62.4703 6.38321
    endloop
  endfacet
  facet normal -0.595376 0.801742 -0.052314
    outer loop
      vertex 7.03 61.39 8
      vertex 7.69758 61.8908 8.07744
      vertex 7.69819 61.8862 8
    endloop
  endfacet
  facet normal -0.595341 0.801747 -0.0526495
    outer loop
      vertex 7.69758 61.8908 8.07744
      vertex 7.03 61.39 8
      vertex 7.03 61.405 8.22842
    endloop
  endfacet
  facet normal -0.595287 0.801816 -0.0521886
    outer loop
      vertex 7.69688 61.8959 8.16378
      vertex 7.69758 61.8908 8.07744
      vertex 7.03 61.405 8.22842
    endloop
  endfacet
  facet normal -0.59534 -0.156642 -0.788057
    outer loop
      vertex 7.48086 63.5063 9.36698
      vertex 7.48889 63.4464 9.37282
      vertex 7.03 63.5929 9.69037
    endloop
  endfacet
  facet normal -0.595362 -0.35532 -0.720619
    outer loop
      vertex 7.03 63.8097 9.61679
      vertex 7.43268 63.8655 9.25659
      vertex 7.44962 63.7392 9.30487
    endloop
  endfacet
  facet normal -0.595339 -0.355388 -0.720604
    outer loop
      vertex 7.43268 63.8655 9.25659
      vertex 7.03 63.8097 9.61679
      vertex 7.03 64.015 9.51554
    endloop
  endfacet
  facet normal -0.59534 -0.603944 0.529927
    outer loop
      vertex 7.37497 64.2957 7.05702
      vertex 7.37068 64.3277 7.08867
      vertex 7.03 64.5284 6.93467
    endloop
  endfacet
  facet normal -0.595339 0.258225 -0.760849
    outer loop
      vertex 7.03 62.6871 9.69037
      vertex 7.58931 62.6978 9.25636
      vertex 7.03 62.4703 9.61679
    endloop
  endfacet
  facet normal -0.595342 0.258205 -0.760854
    outer loop
      vertex 7.58931 62.6978 9.25636
      vertex 7.03 62.6871 9.69037
      vertex 7.57666 62.7921 9.29826
    endloop
  endfacet
  facet normal -0.595417 0.760912 -0.257861
    outer loop
      vertex 7.68961 61.9502 8.40705
      vertex 7.69297 61.9252 8.32552
      vertex 7.03 61.4496 8.45293
    endloop
  endfacet
  facet normal -0.595361 0.529761 -0.604068
    outer loop
      vertex 7.03 62.0747 9.38837
      vertex 7.65217 62.2293 8.91075
      vertex 7.03 61.9026 9.23744
    endloop
  endfacet
  facet normal -0.595258 0.530187 -0.603796
    outer loop
      vertex 7.65217 62.2293 8.91075
      vertex 7.03 62.0747 9.38837
      vertex 7.64371 62.2923 8.97441
    endloop
  endfacet
  facet normal -0.595357 -0.0525385 -0.801742
    outer loop
      vertex 7.03 63.14 9.75
      vertex 7.51404 63.2589 9.38277
      vertex 7.53 63.14 9.37871
    endloop
  endfacet
  facet normal -0.595355 -0.0525485 -0.801742
    outer loop
      vertex 7.51404 63.2589 9.38277
      vertex 7.03 63.14 9.75
      vertex 7.03 63.3684 9.73503
    endloop
  endfacet
  facet normal -0.595355 0.0525486 0.801743
    outer loop
      vertex 7.03 62.9116 6.26497
      vertex 7.53882 63.0742 6.63215
      vertex 7.03 63.14 6.25
    endloop
  endfacet
  facet normal -0.595362 0.0525909 0.801734
    outer loop
      vertex 7.53882 63.0742 6.63215
      vertex 7.03 62.9116 6.26497
      vertex 7.55383 62.9624 6.65063
    endloop
  endfacet
  facet normal -0.595358 0.0525208 0.801742
    outer loop
      vertex 7.53882 63.0742 6.63215
      vertex 7.53 63.14 6.62129
      vertex 7.03 63.14 6.25
    endloop
  endfacet
  facet normal -0.595315 -0.529803 -0.604076
    outer loop
      vertex 7.03 64.2053 9.38837
      vertex 7.39443 64.1506 9.0772
      vertex 7.41014 64.0335 9.16442
    endloop
  endfacet
  facet normal -0.595323 -0.52978 -0.604089
    outer loop
      vertex 7.39443 64.1506 9.0772
      vertex 7.03 64.2053 9.38837
      vertex 7.03 64.3774 9.23744
    endloop
  endfacet
  facet normal -0.595378 0.76079 -0.258311
    outer loop
      vertex 7.68647 61.9736 8.48315
      vertex 7.03 61.4496 8.45293
      vertex 7.03 61.5232 8.6697
    endloop
  endfacet
  facet normal -0.595343 0.760756 -0.25849
    outer loop
      vertex 7.03 61.4496 8.45293
      vertex 7.68647 61.9736 8.48315
      vertex 7.68961 61.9502 8.40705
    endloop
  endfacet
  facet normal -0.595426 0.787853 0.157341
    outer loop
      vertex 7.69502 61.9098 7.75935
      vertex 7.69297 61.9252 7.67448
      vertex 7.03 61.4496 7.54707
    endloop
  endfacet
  facet normal -0.595347 -0.258223 0.760843
    outer loop
      vertex 7.03 63.5929 6.30963
      vertex 7.46384 63.6332 6.66278
      vertex 7.03 63.8097 6.38321
    endloop
  endfacet
  facet normal -0.595336 -0.258275 0.760835
    outer loop
      vertex 7.46384 63.6332 6.66278
      vertex 7.03 63.5929 6.30963
      vertex 7.48086 63.5063 6.63302
    endloop
  endfacet
  facet normal -0.595354 -0.156762 0.788022
    outer loop
      vertex 7.03 63.3684 6.26497
      vertex 7.48889 63.4464 6.62718
      vertex 7.03 63.5929 6.30963
    endloop
  endfacet
  facet normal -0.595352 -0.156773 0.788022
    outer loop
      vertex 7.48889 63.4464 6.62718
      vertex 7.03 63.3684 6.26497
      vertex 7.50554 63.3223 6.61507
    endloop
  endfacet
  facet normal -0.595328 -0.668397 0.445904
    outer loop
      vertex 7.37068 64.3277 7.08867
      vertex 7.36715 64.354 7.12338
      vertex 7.03 64.5284 6.93467
    endloop
  endfacet
  facet normal -0.595359 -0.258321 -0.760801
    outer loop
      vertex 7.45642 63.6885 9.32425
      vertex 7.46384 63.6332 9.33722
      vertex 7.03 63.8097 9.61679
    endloop
  endfacet
  facet normal -0.595285 -0.529552 -0.604327
    outer loop
      vertex 7.38931 64.1888 9.04877
      vertex 7.39443 64.1506 9.0772
      vertex 7.03 64.3774 9.23744
    endloop
  endfacet
  facet normal -0.595359 -0.258321 0.760801
    outer loop
      vertex 7.46384 63.6332 6.66278
      vertex 7.45642 63.6885 6.67575
      vertex 7.03 63.8097 6.38321
    endloop
  endfacet
  facet normal -0.595324 -0.446743 -0.66784
    outer loop
      vertex 7.42665 63.9104 9.23193
      vertex 7.43268 63.8655 9.25659
      vertex 7.03 64.015 9.51554
    endloop
  endfacet
  facet normal -0.59538 0.355075 -0.720725
    outer loop
      vertex 7.59818 62.6318 9.22699
      vertex 7.60684 62.5672 9.18801
      vertex 7.03 62.4703 9.61679
    endloop
  endfacet
  facet normal -0.595351 0.44642 -0.668032
    outer loop
      vertex 7.03 62.265 9.51554
      vertex 7.62801 62.4094 9.07909
      vertex 7.03 62.0747 9.38837
    endloop
  endfacet
  facet normal -0.595317 0.446644 -0.667912
    outer loop
      vertex 7.62801 62.4094 9.07909
      vertex 7.03 62.265 9.51554
      vertex 7.61809 62.4833 9.13735
    endloop
  endfacet
  facet normal -0.595388 -0.446254 -0.668109
    outer loop
      vertex 7.03 64.015 9.51554
      vertex 7.41014 64.0335 9.16442
      vertex 7.42665 63.9104 9.23193
    endloop
  endfacet
  facet normal -0.595324 -0.446431 -0.668049
    outer loop
      vertex 7.41014 64.0335 9.16442
      vertex 7.03 64.015 9.51554
      vertex 7.03 64.2053 9.38837
    endloop
  endfacet
  facet normal -0.595287 0.801816 0.0521886
    outer loop
      vertex 7.69758 61.8908 7.92256
      vertex 7.69688 61.8959 7.83622
      vertex 7.03 61.405 7.77158
    endloop
  endfacet
  facet normal -0.595333 -0.801733 -0.052944
    outer loop
      vertex 7.32617 64.6595 8.16144
      vertex 7.32654 64.6567 8.19968
      vertex 7.03 64.875 8.22842
    endloop
  endfacet
  facet normal -0.595356 0.446505 0.667971
    outer loop
      vertex 7.63615 62.3487 6.96873
      vertex 7.62801 62.4094 6.9209
      vertex 7.03 62.0747 6.61163
    endloop
  endfacet
  facet normal -0.595332 0.603865 0.530025
    outer loop
      vertex 7.65217 62.2293 7.08925
      vertex 7.03 61.7516 6.93467
      vertex 7.6593 62.1761 7.15787
    endloop
  endfacet
  facet normal -0.595367 0.603958 0.52988
    outer loop
      vertex 7.03 61.7516 6.93467
      vertex 7.65217 62.2293 7.08925
      vertex 7.03 61.9026 6.76256
    endloop
  endfacet
  facet normal -0.595324 -0.446743 0.66784
    outer loop
      vertex 7.43268 63.8655 6.74341
      vertex 7.42665 63.9104 6.76807
      vertex 7.03 64.015 6.48446
    endloop
  endfacet
  facet normal -0.595369 0.156609 0.788042
    outer loop
      vertex 7.03 62.9116 6.26497
      vertex 7.56773 62.8587 6.68174
      vertex 7.55383 62.9624 6.65063
    endloop
  endfacet
  facet normal -0.595344 0.156763 0.78803
    outer loop
      vertex 7.56773 62.8587 6.68174
      vertex 7.03 62.9116 6.26497
      vertex 7.03 62.6871 6.30963
    endloop
  endfacet
  facet normal -0.595365 -0.0526322 -0.80173
    outer loop
      vertex 7.50554 63.3223 9.38492
      vertex 7.51404 63.2589 9.38277
      vertex 7.03 63.3684 9.73503
    endloop
  endfacet
  facet normal -0.595337 0.76075 0.258522
    outer loop
      vertex 7.68647 61.9736 7.51685
      vertex 7.03 61.4496 7.54707
      vertex 7.68961 61.9502 7.59294
    endloop
  endfacet
  facet normal -0.595378 0.76079 0.258311
    outer loop
      vertex 7.03 61.4496 7.54707
      vertex 7.68647 61.9736 7.51685
      vertex 7.03 61.5232 7.3303
    endloop
  endfacet
  facet normal -0.595336 -0.258275 -0.760835
    outer loop
      vertex 7.03 63.5929 9.69037
      vertex 7.46384 63.6332 9.33722
      vertex 7.48086 63.5063 9.36698
    endloop
  endfacet
  facet normal -0.595347 -0.258223 -0.760843
    outer loop
      vertex 7.46384 63.6332 9.33722
      vertex 7.03 63.5929 9.69037
      vertex 7.03 63.8097 9.61679
    endloop
  endfacet
  facet normal -0.59543 -0.760825 0.258086
    outer loop
      vertex 7.03 64.8304 7.54707
      vertex 7.34181 64.5429 7.41891
      vertex 7.33421 64.5995 7.56823
    endloop
  endfacet
  facet normal -0.59533 -0.760823 0.258322
    outer loop
      vertex 7.34181 64.5429 7.41891
      vertex 7.03 64.8304 7.54707
      vertex 7.03 64.7568 7.3303
    endloop
  endfacet
  facet normal -0.595362 0.529458 -0.604333
    outer loop
      vertex 7.63615 62.3487 9.03127
      vertex 7.64371 62.2923 8.97441
      vertex 7.03 62.0747 9.38837
    endloop
  endfacet
  facet normal -0.595362 0.529458 0.604333
    outer loop
      vertex 7.64371 62.2923 7.02559
      vertex 7.63615 62.3487 6.96873
      vertex 7.03 62.0747 6.61163
    endloop
  endfacet
  facet normal -0.595363 -0.355309 0.720624
    outer loop
      vertex 7.45642 63.6885 6.67575
      vertex 7.44962 63.7392 6.69513
      vertex 7.03 63.8097 6.38321
    endloop
  endfacet
  facet normal -0.59535 0.156814 0.788015
    outer loop
      vertex 7.57666 62.7921 6.70174
      vertex 7.56773 62.8587 6.68174
      vertex 7.03 62.6871 6.30963
    endloop
  endfacet
  facet normal -0.595306 0.668036 0.446473
    outer loop
      vertex 7.67172 62.0835 7.29386
      vertex 7.03 61.6245 7.125
      vertex 7.67745 62.0408 7.36539
    endloop
  endfacet
  facet normal -0.595342 0.668184 0.446205
    outer loop
      vertex 7.03 61.6245 7.125
      vertex 7.67172 62.0835 7.29386
      vertex 7.03 61.7516 6.93467
    endloop
  endfacet
  facet normal -0.595367 0.603958 -0.52988
    outer loop
      vertex 7.65217 62.2293 8.91075
      vertex 7.03 61.7516 9.06533
      vertex 7.03 61.9026 9.23744
    endloop
  endfacet
  facet normal -0.595332 0.603865 -0.530025
    outer loop
      vertex 7.03 61.7516 9.06533
      vertex 7.65217 62.2293 8.91075
      vertex 7.6593 62.1761 8.84213
    endloop
  endfacet
  facet normal -0.595425 -0.788012 -0.156542
    outer loop
      vertex 7.03 64.875 8.22842
      vertex 7.33233 64.6135 8.39483
      vertex 7.03 64.8304 8.45293
    endloop
  endfacet
  facet normal -0.595213 -0.788076 -0.157029
    outer loop
      vertex 7.33233 64.6135 8.39483
      vertex 7.03 64.875 8.22842
      vertex 7.32766 64.6484 8.23738
    endloop
  endfacet
  facet normal -0.595368 0.604053 0.52977
    outer loop
      vertex 7.66598 62.1263 7.22216
      vertex 7.6593 62.1761 7.15787
      vertex 7.03 61.7516 6.93467
    endloop
  endfacet
  facet normal -0.595299 -0.801777 -0.0526515
    outer loop
      vertex 7.03 64.89 8
      vertex 7.32617 64.6595 8.16144
      vertex 7.03 64.875 8.22842
    endloop
  endfacet
  facet normal -0.595442 -0.801696 -0.0522736
    outer loop
      vertex 7.32617 64.6595 8.16144
      vertex 7.03 64.89 8
      vertex 7.32459 64.6712 8
    endloop
  endfacet
  facet normal -0.595319 0.446584 0.66795
    outer loop
      vertex 7.03 62.265 6.48446
      vertex 7.62801 62.4094 6.9209
      vertex 7.61809 62.4833 6.86265
    endloop
  endfacet
  facet normal -0.595343 0.446423 0.668037
    outer loop
      vertex 7.62801 62.4094 6.9209
      vertex 7.03 62.265 6.48446
      vertex 7.03 62.0747 6.61163
    endloop
  endfacet
  facet normal -0.595342 0.668184 -0.446205
    outer loop
      vertex 7.67172 62.0835 8.70614
      vertex 7.03 61.6245 8.875
      vertex 7.03 61.7516 9.06533
    endloop
  endfacet
  facet normal -0.595306 0.668036 -0.446473
    outer loop
      vertex 7.03 61.6245 8.875
      vertex 7.67172 62.0835 8.70614
      vertex 7.67745 62.0408 8.63461
    endloop
  endfacet
  facet normal 1 0 0
    outer loop
      vertex 7.03 64.875 8.22842
      vertex 7.03 64.875 7.77158
      vertex 7.03 64.89 8
    endloop
  endfacet
  facet normal 1 0 0
    outer loop
      vertex 7.03 64.8304 8.45293
      vertex 7.03 64.875 7.77158
      vertex 7.03 64.875 8.22842
    endloop
  endfacet
  facet normal 1 0 0
    outer loop
      vertex 7.03 64.8304 8.45293
      vertex 7.03 64.8304 7.54707
      vertex 7.03 64.875 7.77158
    endloop
  endfacet
  facet normal 1 0 0
    outer loop
      vertex 7.03 64.7568 8.6697
      vertex 7.03 64.8304 7.54707
      vertex 7.03 64.8304 8.45293
    endloop
  endfacet
  facet normal 1 0 0
    outer loop
      vertex 7.03 64.7568 8.6697
      vertex 7.03 64.7568 7.3303
      vertex 7.03 64.8304 7.54707
    endloop
  endfacet
  facet normal 1 0 0
    outer loop
      vertex 7.03 64.6555 8.875
      vertex 7.03 64.7568 7.3303
      vertex 7.03 64.7568 8.6697
    endloop
  endfacet
  facet normal 1 0 0
    outer loop
      vertex 7.03 64.6555 8.875
      vertex 7.03 64.6555 7.125
      vertex 7.03 64.7568 7.3303
    endloop
  endfacet
  facet normal 1 0 0
    outer loop
      vertex 7.03 64.5284 9.06533
      vertex 7.03 64.6555 7.125
      vertex 7.03 64.6555 8.875
    endloop
  endfacet
  facet normal 1 0 0
    outer loop
      vertex 7.03 64.5284 9.06533
      vertex 7.03 64.5284 6.93467
      vertex 7.03 64.6555 7.125
    endloop
  endfacet
  facet normal 1 0 0
    outer loop
      vertex 7.03 64.3774 9.23744
      vertex 7.03 64.5284 6.93467
      vertex 7.03 64.5284 9.06533
    endloop
  endfacet
  facet normal 1 0 0
    outer loop
      vertex 7.03 64.3774 9.23744
      vertex 7.03 64.3774 6.76256
      vertex 7.03 64.5284 6.93467
    endloop
  endfacet
  facet normal 1 0 0
    outer loop
      vertex 7.03 64.2053 9.38837
      vertex 7.03 64.3774 6.76256
      vertex 7.03 64.3774 9.23744
    endloop
  endfacet
  facet normal 1 0 0
    outer loop
      vertex 7.03 64.2053 9.38837
      vertex 7.03 64.2053 6.61163
      vertex 7.03 64.3774 6.76256
    endloop
  endfacet
  facet normal 1 0 0
    outer loop
      vertex 7.03 64.015 9.51554
      vertex 7.03 64.2053 6.61163
      vertex 7.03 64.2053 9.38837
    endloop
  endfacet
  facet normal 1 0 0
    outer loop
      vertex 7.03 64.015 9.51554
      vertex 7.03 64.015 6.48446
      vertex 7.03 64.2053 6.61163
    endloop
  endfacet
  facet normal 1 0 0
    outer loop
      vertex 7.03 63.8097 9.61679
      vertex 7.03 64.015 6.48446
      vertex 7.03 64.015 9.51554
    endloop
  endfacet
  facet normal 1 0 0
    outer loop
      vertex 7.03 63.8097 9.61679
      vertex 7.03 63.8097 6.38321
      vertex 7.03 64.015 6.48446
    endloop
  endfacet
  facet normal 1 0 0
    outer loop
      vertex 7.03 63.5929 9.69037
      vertex 7.03 63.8097 6.38321
      vertex 7.03 63.8097 9.61679
    endloop
  endfacet
  facet normal 1 0 0
    outer loop
      vertex 7.03 63.5929 9.69037
      vertex 7.03 63.5929 6.30963
      vertex 7.03 63.8097 6.38321
    endloop
  endfacet
  facet normal 1 0 0
    outer loop
      vertex 7.03 63.3684 9.73503
      vertex 7.03 63.5929 6.30963
      vertex 7.03 63.5929 9.69037
    endloop
  endfacet
  facet normal 1 0 0
    outer loop
      vertex 7.03 63.3684 9.73503
      vertex 7.03 63.3684 6.26497
      vertex 7.03 63.5929 6.30963
    endloop
  endfacet
  facet normal 1 0 0
    outer loop
      vertex 7.03 63.14 9.75
      vertex 7.03 63.3684 6.26497
      vertex 7.03 63.3684 9.73503
    endloop
  endfacet
  facet normal 1 0 0
    outer loop
      vertex 7.03 63.14 9.75
      vertex 7.03 63.14 6.25
      vertex 7.03 63.3684 6.26497
    endloop
  endfacet
  facet normal 1 -0 0
    outer loop
      vertex 7.03 62.9116 9.73503
      vertex 7.03 63.14 6.25
      vertex 7.03 63.14 9.75
    endloop
  endfacet
  facet normal 1 0 0
    outer loop
      vertex 7.03 62.9116 9.73503
      vertex 7.03 62.9116 6.26497
      vertex 7.03 63.14 6.25
    endloop
  endfacet
  facet normal 1 -0 0
    outer loop
      vertex 7.03 62.6871 9.69037
      vertex 7.03 62.9116 6.26497
      vertex 7.03 62.9116 9.73503
    endloop
  endfacet
  facet normal 1 0 0
    outer loop
      vertex 7.03 62.6871 9.69037
      vertex 7.03 62.6871 6.30963
      vertex 7.03 62.9116 6.26497
    endloop
  endfacet
  facet normal 1 -0 0
    outer loop
      vertex 7.03 62.4703 9.61679
      vertex 7.03 62.6871 6.30963
      vertex 7.03 62.6871 9.69037
    endloop
  endfacet
  facet normal 1 0 0
    outer loop
      vertex 7.03 62.4703 9.61679
      vertex 7.03 62.4703 6.38321
      vertex 7.03 62.6871 6.30963
    endloop
  endfacet
  facet normal 1 -0 0
    outer loop
      vertex 7.03 62.265 9.51554
      vertex 7.03 62.4703 6.38321
      vertex 7.03 62.4703 9.61679
    endloop
  endfacet
  facet normal 1 0 0
    outer loop
      vertex 7.03 62.265 9.51554
      vertex 7.03 62.265 6.48446
      vertex 7.03 62.4703 6.38321
    endloop
  endfacet
  facet normal 1 -0 0
    outer loop
      vertex 7.03 62.0747 9.38837
      vertex 7.03 62.265 6.48446
      vertex 7.03 62.265 9.51554
    endloop
  endfacet
  facet normal 1 0 0
    outer loop
      vertex 7.03 62.0747 9.38837
      vertex 7.03 62.0747 6.61163
      vertex 7.03 62.265 6.48446
    endloop
  endfacet
  facet normal 1 -0 0
    outer loop
      vertex 7.03 61.9026 9.23744
      vertex 7.03 62.0747 6.61163
      vertex 7.03 62.0747 9.38837
    endloop
  endfacet
  facet normal 1 0 0
    outer loop
      vertex 7.03 61.9026 9.23744
      vertex 7.03 61.9026 6.76256
      vertex 7.03 62.0747 6.61163
    endloop
  endfacet
  facet normal 1 -0 0
    outer loop
      vertex 7.03 61.7516 9.06533
      vertex 7.03 61.9026 6.76256
      vertex 7.03 61.9026 9.23744
    endloop
  endfacet
  facet normal 1 0 0
    outer loop
      vertex 7.03 61.7516 9.06533
      vertex 7.03 61.7516 6.93467
      vertex 7.03 61.9026 6.76256
    endloop
  endfacet
  facet normal 1 -0 0
    outer loop
      vertex 7.03 61.6245 8.875
      vertex 7.03 61.7516 6.93467
      vertex 7.03 61.7516 9.06533
    endloop
  endfacet
  facet normal 1 0 0
    outer loop
      vertex 7.03 61.6245 8.875
      vertex 7.03 61.6245 7.125
      vertex 7.03 61.7516 6.93467
    endloop
  endfacet
  facet normal 1 -0 0
    outer loop
      vertex 7.03 61.5232 8.6697
      vertex 7.03 61.6245 7.125
      vertex 7.03 61.6245 8.875
    endloop
  endfacet
  facet normal 1 0 0
    outer loop
      vertex 7.03 61.5232 8.6697
      vertex 7.03 61.5232 7.3303
      vertex 7.03 61.6245 7.125
    endloop
  endfacet
  facet normal 1 -0 0
    outer loop
      vertex 7.03 61.4496 8.45293
      vertex 7.03 61.5232 7.3303
      vertex 7.03 61.5232 8.6697
    endloop
  endfacet
  facet normal 1 0 0
    outer loop
      vertex 7.03 61.4496 8.45293
      vertex 7.03 61.4496 7.54707
      vertex 7.03 61.5232 7.3303
    endloop
  endfacet
  facet normal 1 -0 0
    outer loop
      vertex 7.03 61.405 8.22842
      vertex 7.03 61.4496 7.54707
      vertex 7.03 61.4496 8.45293
    endloop
  endfacet
  facet normal 1 0 0
    outer loop
      vertex 7.03 61.405 8.22842
      vertex 7.03 61.405 7.77158
      vertex 7.03 61.4496 7.54707
    endloop
  endfacet
  facet normal 1 0 -0
    outer loop
      vertex 7.03 61.405 7.77158
      vertex 7.03 61.405 8.22842
      vertex 7.03 61.39 8
    endloop
  endfacet
  facet normal -0.595324 -0.446431 0.668049
    outer loop
      vertex 7.03 64.015 6.48446
      vertex 7.41014 64.0335 6.83558
      vertex 7.03 64.2053 6.61163
    endloop
  endfacet
  facet normal -0.595388 -0.446254 0.668109
    outer loop
      vertex 7.41014 64.0335 6.83558
      vertex 7.03 64.015 6.48446
      vertex 7.42665 63.9104 6.76807
    endloop
  endfacet
  facet normal -0.59534 -0.603944 -0.529927
    outer loop
      vertex 7.37068 64.3277 8.91133
      vertex 7.37497 64.2957 8.94298
      vertex 7.03 64.5284 9.06533
    endloop
  endfacet
  facet normal -0.595258 0.530187 0.603796
    outer loop
      vertex 7.03 62.0747 6.61163
      vertex 7.65217 62.2293 7.08925
      vertex 7.64371 62.2923 7.02559
    endloop
  endfacet
  facet normal -0.595361 0.529761 0.604068
    outer loop
      vertex 7.65217 62.2293 7.08925
      vertex 7.03 62.0747 6.61163
      vertex 7.03 61.9026 6.76256
    endloop
  endfacet
  facet normal -0.595373 0.668012 0.44642
    outer loop
      vertex 7.67172 62.0835 7.29386
      vertex 7.66598 62.1263 7.22216
      vertex 7.03 61.7516 6.93467
    endloop
  endfacet
  facet normal -0.595295 -0.720153 -0.356375
    outer loop
      vertex 7.34181 64.5429 8.58109
      vertex 7.34447 64.523 8.61686
      vertex 7.03 64.7568 8.6697
    endloop
  endfacet
  facet normal -0.595363 -0.355309 -0.720624
    outer loop
      vertex 7.44962 63.7392 9.30487
      vertex 7.45642 63.6885 9.32425
      vertex 7.03 63.8097 9.61679
    endloop
  endfacet
  facet normal -0.595328 -0.668397 -0.445904
    outer loop
      vertex 7.36715 64.354 8.87662
      vertex 7.37068 64.3277 8.91133
      vertex 7.03 64.5284 9.06533
    endloop
  endfacet
  facet normal -0.595295 -0.720153 0.356375
    outer loop
      vertex 7.34447 64.523 7.38314
      vertex 7.34181 64.5429 7.41891
      vertex 7.03 64.7568 7.3303
    endloop
  endfacet
  facet normal -0.595428 -0.720573 0.355303
    outer loop
      vertex 7.03 64.7568 7.3303
      vertex 7.35471 64.4467 7.24556
      vertex 7.34447 64.523 7.38314
    endloop
  endfacet
  facet normal -0.595335 -0.720538 0.355531
    outer loop
      vertex 7.35471 64.4467 7.24556
      vertex 7.03 64.7568 7.3303
      vertex 7.03 64.6555 7.125
    endloop
  endfacet
  facet normal -0.595335 -0.720538 -0.355531
    outer loop
      vertex 7.03 64.7568 8.6697
      vertex 7.35471 64.4467 8.75444
      vertex 7.03 64.6555 8.875
    endloop
  endfacet
  facet normal -0.595428 -0.720573 -0.355303
    outer loop
      vertex 7.35471 64.4467 8.75444
      vertex 7.03 64.7568 8.6697
      vertex 7.34447 64.523 8.61686
    endloop
  endfacet
  facet normal -0.595323 -0.52978 0.604089
    outer loop
      vertex 7.03 64.2053 6.61163
      vertex 7.39443 64.1506 6.9228
      vertex 7.03 64.3774 6.76256
    endloop
  endfacet
  facet normal -0.595315 -0.529803 0.604076
    outer loop
      vertex 7.39443 64.1506 6.9228
      vertex 7.03 64.2053 6.61163
      vertex 7.41014 64.0335 6.83558
    endloop
  endfacet
  facet normal -0.595365 -0.156712 -0.788024
    outer loop
      vertex 7.03 63.3684 9.73503
      vertex 7.48889 63.4464 9.37282
      vertex 7.50554 63.3223 9.38492
    endloop
  endfacet
  facet normal -0.595354 -0.156762 -0.788022
    outer loop
      vertex 7.48889 63.4464 9.37282
      vertex 7.03 63.3684 9.73503
      vertex 7.03 63.5929 9.69037
    endloop
  endfacet
  facet normal -0.595368 0.604053 -0.52977
    outer loop
      vertex 7.6593 62.1761 8.84213
      vertex 7.66598 62.1263 8.77784
      vertex 7.03 61.7516 9.06533
    endloop
  endfacet
  facet normal -0.595309 0.720581 -0.355486
    outer loop
      vertex 7.67745 62.0408 8.63461
      vertex 7.68206 62.0064 8.55716
      vertex 7.03 61.6245 8.875
    endloop
  endfacet
  facet normal -0.595374 0.258508 -0.760725
    outer loop
      vertex 7.58931 62.6978 9.25636
      vertex 7.59818 62.6318 9.22699
      vertex 7.03 62.4703 9.61679
    endloop
  endfacet
  facet normal -0.595295 0.788039 0.156901
    outer loop
      vertex 7.69502 61.9098 7.75935
      vertex 7.03 61.405 7.77158
      vertex 7.69688 61.8959 7.83622
    endloop
  endfacet
  facet normal -0.595332 0.78808 0.156556
    outer loop
      vertex 7.03 61.405 7.77158
      vertex 7.69502 61.9098 7.75935
      vertex 7.03 61.4496 7.54707
    endloop
  endfacet
  facet normal -0.595352 0.355301 0.720636
    outer loop
      vertex 6.04 69.8503 6.38321
      vertex 6.62809 69.8633 6.86265
      vertex 6.61684 69.9472 6.81199
    endloop
  endfacet
  facet normal -0.595332 0.35539 0.720609
    outer loop
      vertex 6.62809 69.8633 6.86265
      vertex 6.04 69.8503 6.38321
      vertex 6.04 69.645 6.48446
    endloop
  endfacet
  facet normal -0.595348 -0.668363 0.445928
    outer loop
      vertex 6.36817 71.8009 7.21151
      vertex 6.36471 71.8267 7.24556
      vertex 6.04 72.0355 7.125
    endloop
  endfacet
  facet normal -0.595359 -0.0524831 0.801744
    outer loop
      vertex 6.54 70.52 6.62129
      vertex 6.53148 70.5835 6.61912
      vertex 6.04 70.52 6.25
    endloop
  endfacet
  facet normal -0.595352 -0.0525487 0.801745
    outer loop
      vertex 6.04 70.52 6.25
      vertex 6.51554 70.7023 6.61507
      vertex 6.04 70.7484 6.26497
    endloop
  endfacet
  facet normal -0.595351 -0.0525491 0.801745
    outer loop
      vertex 6.51554 70.7023 6.61507
      vertex 6.04 70.52 6.25
      vertex 6.53148 70.5835 6.61912
    endloop
  endfacet
  facet normal -0.595359 0.446389 0.668045
    outer loop
      vertex 6.04 69.645 6.48446
      vertex 6.64615 69.7287 6.96873
      vertex 6.63629 69.8022 6.91083
    endloop
  endfacet
  facet normal -0.595352 0.446419 0.668031
    outer loop
      vertex 6.64615 69.7287 6.96873
      vertex 6.04 69.645 6.48446
      vertex 6.04 69.4547 6.61163
    endloop
  endfacet
  facet normal -0.595333 -0.801733 0.052944
    outer loop
      vertex 6.33654 72.0367 7.80032
      vertex 6.33617 72.0395 7.83856
      vertex 6.04 72.255 7.77158
    endloop
  endfacet
  facet normal -0.59528 0.667988 0.44658
    outer loop
      vertex 6.67598 69.5063 7.22216
      vertex 6.04 69.0045 7.125
      vertex 6.68175 69.4633 7.29417
    endloop
  endfacet
  facet normal -0.595364 0.66817 0.446195
    outer loop
      vertex 6.04 69.0045 7.125
      vertex 6.67598 69.5063 7.22216
      vertex 6.04 69.1316 6.93467
    endloop
  endfacet
  facet normal -0.595299 -0.801777 -0.0526515
    outer loop
      vertex 6.04 72.27 8
      vertex 6.33617 72.0395 8.16144
      vertex 6.04 72.255 8.22842
    endloop
  endfacet
  facet normal -0.595442 -0.801696 -0.0522736
    outer loop
      vertex 6.33617 72.0395 8.16144
      vertex 6.04 72.27 8
      vertex 6.33459 72.0512 8
    endloop
  endfacet
  facet normal -0.595434 -0.760835 0.258047
    outer loop
      vertex 6.34421 71.9795 7.56823
      vertex 6.34233 71.9935 7.60517
      vertex 6.04 72.2104 7.54707
    endloop
  endfacet
  facet normal -0.595285 -0.529552 -0.604327
    outer loop
      vertex 6.39931 71.5688 9.04877
      vertex 6.40443 71.5306 9.0772
      vertex 6.04 71.7574 9.23744
    endloop
  endfacet
  facet normal -0.595388 -0.446254 -0.668109
    outer loop
      vertex 6.04 71.395 9.51554
      vertex 6.42014 71.4135 9.16442
      vertex 6.43665 71.2904 9.23193
    endloop
  endfacet
  facet normal -0.595324 -0.446431 -0.668049
    outer loop
      vertex 6.42014 71.4135 9.16442
      vertex 6.04 71.395 9.51554
      vertex 6.04 71.5853 9.38837
    endloop
  endfacet
  facet normal -0.59534 -0.603944 0.529927
    outer loop
      vertex 6.38497 71.6757 7.05702
      vertex 6.38068 71.7077 7.08867
      vertex 6.04 71.9084 6.93467
    endloop
  endfacet
  facet normal -0.595347 0.529841 0.604013
    outer loop
      vertex 6.04 69.4547 6.61163
      vertex 6.65467 69.6652 7.03283
      vertex 6.64615 69.7287 6.96873
    endloop
  endfacet
  facet normal -0.595359 0.529763 0.604069
    outer loop
      vertex 6.65467 69.6652 7.03283
      vertex 6.04 69.4547 6.61163
      vertex 6.04 69.2826 6.76256
    endloop
  endfacet
  facet normal -0.595339 -0.355388 0.720604
    outer loop
      vertex 6.04 71.1897 6.38321
      vertex 6.44268 71.2455 6.74341
      vertex 6.04 71.395 6.48446
    endloop
  endfacet
  facet normal -0.595362 -0.35532 0.720619
    outer loop
      vertex 6.44268 71.2455 6.74341
      vertex 6.04 71.1897 6.38321
      vertex 6.45962 71.1192 6.69513
    endloop
  endfacet
  facet normal -0.595359 0.0525483 -0.801739
    outer loop
      vertex 6.04 70.52 9.75
      vertex 6.55502 70.4081 9.36022
      vertex 6.04 70.2916 9.73503
    endloop
  endfacet
  facet normal -0.595356 0.0525641 -0.80174
    outer loop
      vertex 6.55502 70.4081 9.36022
      vertex 6.04 70.52 9.75
      vertex 6.54 70.52 9.37871
    endloop
  endfacet
  facet normal -0.595297 0.788048 -0.156852
    outer loop
      vertex 6.70483 69.2912 8.24843
      vertex 6.70688 69.2759 8.16378
      vertex 6.04 68.785 8.22842
    endloop
  endfacet
  facet normal -0.595324 -0.720532 0.355561
    outer loop
      vertex 6.04 72.1368 7.3303
      vertex 6.362 71.8469 7.28196
      vertex 6.35181 71.9229 7.41891
    endloop
  endfacet
  facet normal -0.595334 -0.720538 0.355531
    outer loop
      vertex 6.362 71.8469 7.28196
      vertex 6.04 72.1368 7.3303
      vertex 6.04 72.0355 7.125
    endloop
  endfacet
  facet normal -0.595287 0.801816 0.0521886
    outer loop
      vertex 6.70758 69.2708 7.92256
      vertex 6.70688 69.2759 7.83622
      vertex 6.04 68.785 7.77158
    endloop
  endfacet
  facet normal -0.595367 0.603958 -0.52988
    outer loop
      vertex 6.66217 69.6093 8.91075
      vertex 6.04 69.1316 9.06533
      vertex 6.04 69.2826 9.23744
    endloop
  endfacet
  facet normal -0.595332 0.603865 -0.530025
    outer loop
      vertex 6.04 69.1316 9.06533
      vertex 6.66217 69.6093 8.91075
      vertex 6.6693 69.5561 8.84213
    endloop
  endfacet
  facet normal -0.595309 0.720581 -0.355486
    outer loop
      vertex 6.68745 69.4208 8.63461
      vertex 6.69206 69.3864 8.55716
      vertex 6.04 69.0045 8.875
    endloop
  endfacet
  facet normal -0.595442 -0.801696 0.0522736
    outer loop
      vertex 6.04 72.27 8
      vertex 6.33617 72.0395 7.83856
      vertex 6.33459 72.0512 8
    endloop
  endfacet
  facet normal -0.595299 -0.801777 0.0526515
    outer loop
      vertex 6.33617 72.0395 7.83856
      vertex 6.04 72.27 8
      vertex 6.04 72.255 7.77158
    endloop
  endfacet
  facet normal -0.595344 0.156763 -0.78803
    outer loop
      vertex 6.04 70.2916 9.73503
      vertex 6.57773 70.2387 9.31826
      vertex 6.04 70.0671 9.69037
    endloop
  endfacet
  facet normal -0.595369 0.156609 -0.788042
    outer loop
      vertex 6.57773 70.2387 9.31826
      vertex 6.04 70.2916 9.73503
      vertex 6.56383 70.3424 9.34937
    endloop
  endfacet
  facet normal -0.595368 -0.604091 0.529727
    outer loop
      vertex 6.04 71.9084 6.93467
      vertex 6.39931 71.5688 6.95123
      vertex 6.38497 71.6757 7.05702
    endloop
  endfacet
  facet normal -0.595291 -0.604 0.529917
    outer loop
      vertex 6.39931 71.5688 6.95123
      vertex 6.04 71.9084 6.93467
      vertex 6.04 71.7574 6.76256
    endloop
  endfacet
  facet normal -0.595363 -0.156774 -0.788014
    outer loop
      vertex 6.04 70.7484 9.73503
      vertex 6.49889 70.8264 9.37281
      vertex 6.51554 70.7023 9.38492
    endloop
  endfacet
  facet normal -0.595365 -0.15676 -0.788014
    outer loop
      vertex 6.49889 70.8264 9.37281
      vertex 6.04 70.7484 9.73503
      vertex 6.04 70.9729 9.69037
    endloop
  endfacet
  facet normal -0.595337 0.76075 0.258522
    outer loop
      vertex 6.69647 69.3536 7.51685
      vertex 6.04 68.8296 7.54707
      vertex 6.69961 69.3302 7.59294
    endloop
  endfacet
  facet normal -0.595378 0.76079 0.258311
    outer loop
      vertex 6.04 68.8296 7.54707
      vertex 6.69647 69.3536 7.51685
      vertex 6.04 68.9032 7.3303
    endloop
  endfacet
  facet normal -0.595376 0.604092 -0.529718
    outer loop
      vertex 6.6693 69.5561 8.84213
      vertex 6.67598 69.5063 8.77783
      vertex 6.04 69.1316 9.06533
    endloop
  endfacet
  facet normal -0.59534 -0.603944 -0.529927
    outer loop
      vertex 6.38068 71.7077 8.91133
      vertex 6.38497 71.6757 8.94298
      vertex 6.04 71.9084 9.06533
    endloop
  endfacet
  facet normal -0.595226 0.787979 0.157463
    outer loop
      vertex 6.70297 69.3052 7.67448
      vertex 6.04 68.785 7.77158
      vertex 6.70483 69.2912 7.75157
    endloop
  endfacet
  facet normal -0.595401 0.78803 0.156546
    outer loop
      vertex 6.04 68.785 7.77158
      vertex 6.70297 69.3052 7.67448
      vertex 6.04 68.8296 7.54707
    endloop
  endfacet
  facet normal -0.595291 -0.604 -0.529917
    outer loop
      vertex 6.04 71.9084 9.06533
      vertex 6.39931 71.5688 9.04877
      vertex 6.04 71.7574 9.23744
    endloop
  endfacet
  facet normal -0.595368 -0.604091 -0.529727
    outer loop
      vertex 6.39931 71.5688 9.04877
      vertex 6.04 71.9084 9.06533
      vertex 6.38497 71.6757 8.94298
    endloop
  endfacet
  facet normal -0.595314 0.446737 0.667853
    outer loop
      vertex 6.63629 69.8022 6.91083
      vertex 6.62809 69.8633 6.86265
      vertex 6.04 69.645 6.48446
    endloop
  endfacet
  facet normal -0.595336 -0.258275 -0.760835
    outer loop
      vertex 6.04 70.9729 9.69037
      vertex 6.47384 71.0132 9.33722
      vertex 6.49086 70.8863 9.36698
    endloop
  endfacet
  facet normal -0.595347 -0.258223 -0.760843
    outer loop
      vertex 6.47384 71.0132 9.33722
      vertex 6.04 70.9729 9.69037
      vertex 6.04 71.1897 9.61679
    endloop
  endfacet
  facet normal -0.595352 0.446419 -0.668031
    outer loop
      vertex 6.04 69.645 9.51554
      vertex 6.64615 69.7287 9.03127
      vertex 6.04 69.4547 9.38837
    endloop
  endfacet
  facet normal -0.595359 0.446389 -0.668045
    outer loop
      vertex 6.64615 69.7287 9.03127
      vertex 6.04 69.645 9.51554
      vertex 6.63629 69.8022 9.08917
    endloop
  endfacet
  facet normal -0.59538 0.355075 0.720725
    outer loop
      vertex 6.61684 69.9472 6.81199
      vertex 6.60818 70.0118 6.77301
      vertex 6.04 69.8503 6.38321
    endloop
  endfacet
  facet normal -0.595362 0.529786 -0.604045
    outer loop
      vertex 6.65467 69.6652 8.96717
      vertex 6.66217 69.6093 8.91075
      vertex 6.04 69.2826 9.23744
    endloop
  endfacet
  facet normal -0.595339 0.258225 -0.760849
    outer loop
      vertex 6.04 70.0671 9.69037
      vertex 6.59931 70.0778 9.25636
      vertex 6.04 69.8503 9.61679
    endloop
  endfacet
  facet normal -0.595333 0.258263 -0.760841
    outer loop
      vertex 6.59931 70.0778 9.25636
      vertex 6.04 70.0671 9.69037
      vertex 6.58667 70.1721 9.29826
    endloop
  endfacet
  facet normal -0.595213 -0.788076 0.157029
    outer loop
      vertex 6.04 72.255 7.77158
      vertex 6.34233 71.9935 7.60517
      vertex 6.33766 72.0284 7.76262
    endloop
  endfacet
  facet normal -0.595425 -0.788012 0.156542
    outer loop
      vertex 6.34233 71.9935 7.60517
      vertex 6.04 72.255 7.77158
      vertex 6.04 72.2104 7.54707
    endloop
  endfacet
  facet normal -0.595355 -0.0526058 -0.801739
    outer loop
      vertex 6.04 70.52 9.75
      vertex 6.52404 70.6389 9.38276
      vertex 6.54 70.52 9.37871
    endloop
  endfacet
  facet normal -0.595366 -0.052548 -0.801734
    outer loop
      vertex 6.52404 70.6389 9.38276
      vertex 6.04 70.52 9.75
      vertex 6.04 70.7484 9.73503
    endloop
  endfacet
  facet normal -0.595374 0.258508 -0.760725
    outer loop
      vertex 6.59931 70.0778 9.25636
      vertex 6.60818 70.0118 9.22699
      vertex 6.04 69.8503 9.61679
    endloop
  endfacet
  facet normal -0.595349 -0.788208 -0.155844
    outer loop
      vertex 6.33654 72.0367 8.19968
      vertex 6.33766 72.0284 8.23738
      vertex 6.04 72.255 8.22842
    endloop
  endfacet
  facet normal -0.595355 0.0525486 0.801743
    outer loop
      vertex 6.04 70.2916 6.26497
      vertex 6.54882 70.4542 6.63215
      vertex 6.04 70.52 6.25
    endloop
  endfacet
  facet normal -0.595362 0.0525909 0.801734
    outer loop
      vertex 6.54882 70.4542 6.63215
      vertex 6.04 70.2916 6.26497
      vertex 6.56383 70.3424 6.65063
    endloop
  endfacet
  facet normal -0.595358 0.0525208 0.801742
    outer loop
      vertex 6.54882 70.4542 6.63215
      vertex 6.54 70.52 6.62129
      vertex 6.04 70.52 6.25
    endloop
  endfacet
  facet normal -0.595315 -0.529803 -0.604076
    outer loop
      vertex 6.04 71.5853 9.38837
      vertex 6.40443 71.5306 9.0772
      vertex 6.42014 71.4135 9.16442
    endloop
  endfacet
  facet normal -0.595323 -0.52978 -0.604089
    outer loop
      vertex 6.40443 71.5306 9.0772
      vertex 6.04 71.5853 9.38837
      vertex 6.04 71.7574 9.23744
    endloop
  endfacet
  facet normal -0.595349 -0.788208 0.155844
    outer loop
      vertex 6.33766 72.0284 7.76262
      vertex 6.33654 72.0367 7.80032
      vertex 6.04 72.255 7.77158
    endloop
  endfacet
  facet normal -0.595298 -0.668153 0.44631
    outer loop
      vertex 6.04 72.0355 7.125
      vertex 6.38068 71.7077 7.08867
      vertex 6.36817 71.8009 7.21151
    endloop
  endfacet
  facet normal -0.59534 -0.668185 0.446206
    outer loop
      vertex 6.38068 71.7077 7.08867
      vertex 6.04 72.0355 7.125
      vertex 6.04 71.9084 6.93467
    endloop
  endfacet
  facet normal -0.59534 -0.156642 0.788057
    outer loop
      vertex 6.49889 70.8264 6.62718
      vertex 6.49086 70.8863 6.63302
      vertex 6.04 70.9729 6.30963
    endloop
  endfacet
  facet normal -0.595354 -0.156762 0.788022
    outer loop
      vertex 6.04 70.7484 6.26497
      vertex 6.49889 70.8264 6.62718
      vertex 6.04 70.9729 6.30963
    endloop
  endfacet
  facet normal -0.595352 -0.156773 0.788022
    outer loop
      vertex 6.49889 70.8264 6.62718
      vertex 6.04 70.7484 6.26497
      vertex 6.51554 70.7023 6.61507
    endloop
  endfacet
  facet normal -0.595314 0.446737 -0.667853
    outer loop
      vertex 6.62809 69.8633 9.13735
      vertex 6.63629 69.8022 9.08917
      vertex 6.04 69.645 9.51554
    endloop
  endfacet
  facet normal -0.595379 0.667978 -0.446463
    outer loop
      vertex 6.67598 69.5063 8.77783
      vertex 6.68172 69.4635 8.70614
      vertex 6.04 69.1316 9.06533
    endloop
  endfacet
  facet normal -0.595378 0.76079 -0.258311
    outer loop
      vertex 6.69647 69.3536 8.48315
      vertex 6.04 68.8296 8.45293
      vertex 6.04 68.9032 8.6697
    endloop
  endfacet
  facet normal -0.595343 0.760756 -0.25849
    outer loop
      vertex 6.04 68.8296 8.45293
      vertex 6.69647 69.3536 8.48315
      vertex 6.69961 69.3302 8.40705
    endloop
  endfacet
  facet normal -0.59533 -0.760823 -0.258322
    outer loop
      vertex 6.04 72.2104 8.45293
      vertex 6.35181 71.9229 8.58109
      vertex 6.04 72.1368 8.6697
    endloop
  endfacet
  facet normal -0.59543 -0.760825 -0.258086
    outer loop
      vertex 6.35181 71.9229 8.58109
      vertex 6.04 72.2104 8.45293
      vertex 6.34421 71.9795 8.43177
    endloop
  endfacet
  facet normal -0.595369 0.156609 0.788042
    outer loop
      vertex 6.04 70.2916 6.26497
      vertex 6.57773 70.2387 6.68174
      vertex 6.56383 70.3424 6.65063
    endloop
  endfacet
  facet normal -0.595344 0.156763 0.78803
    outer loop
      vertex 6.57773 70.2387 6.68174
      vertex 6.04 70.2916 6.26497
      vertex 6.04 70.0671 6.30963
    endloop
  endfacet
  facet normal -0.595324 -0.446431 0.668049
    outer loop
      vertex 6.04 71.395 6.48446
      vertex 6.42014 71.4135 6.83558
      vertex 6.04 71.5853 6.61163
    endloop
  endfacet
  facet normal -0.595388 -0.446254 0.668109
    outer loop
      vertex 6.42014 71.4135 6.83558
      vertex 6.04 71.395 6.48446
      vertex 6.43665 71.2904 6.76807
    endloop
  endfacet
  facet normal -0.595376 0.801742 -0.052314
    outer loop
      vertex 6.04 68.77 8
      vertex 6.70758 69.2708 8.07744
      vertex 6.70819 69.2662 8
    endloop
  endfacet
  facet normal -0.595341 0.801747 -0.0526495
    outer loop
      vertex 6.70758 69.2708 8.07744
      vertex 6.04 68.77 8
      vertex 6.04 68.785 8.22842
    endloop
  endfacet
  facet normal -0.595363 -0.355309 0.720624
    outer loop
      vertex 6.46642 71.0685 6.67575
      vertex 6.45962 71.1192 6.69513
      vertex 6.04 71.1897 6.38321
    endloop
  endfacet
  facet normal -0.595297 0.788048 0.156852
    outer loop
      vertex 6.70688 69.2759 7.83622
      vertex 6.70483 69.2912 7.75157
      vertex 6.04 68.785 7.77158
    endloop
  endfacet
  facet normal -0.59543 -0.760825 0.258086
    outer loop
      vertex 6.04 72.2104 7.54707
      vertex 6.35181 71.9229 7.41891
      vertex 6.34421 71.9795 7.56823
    endloop
  endfacet
  facet normal -0.59533 -0.760823 0.258322
    outer loop
      vertex 6.35181 71.9229 7.41891
      vertex 6.04 72.2104 7.54707
      vertex 6.04 72.1368 7.3303
    endloop
  endfacet
  facet normal -0.595361 0.0525678 -0.801737
    outer loop
      vertex 6.55502 70.4081 9.36022
      vertex 6.56383 70.3424 9.34937
      vertex 6.04 70.2916 9.73503
    endloop
  endfacet
  facet normal -0.595226 0.787979 -0.157463
    outer loop
      vertex 6.04 68.785 8.22842
      vertex 6.70297 69.3052 8.32552
      vertex 6.70483 69.2912 8.24843
    endloop
  endfacet
  facet normal -0.595401 0.78803 -0.156546
    outer loop
      vertex 6.70297 69.3052 8.32552
      vertex 6.04 68.785 8.22842
      vertex 6.04 68.8296 8.45293
    endloop
  endfacet
  facet normal -0.595335 -0.720536 -0.355535
    outer loop
      vertex 6.362 71.8469 8.71804
      vertex 6.36471 71.8267 8.75444
      vertex 6.04 72.0355 8.875
    endloop
  endfacet
  facet normal -0.595376 0.801742 0.052314
    outer loop
      vertex 6.70758 69.2708 7.92256
      vertex 6.04 68.77 8
      vertex 6.70819 69.2662 8
    endloop
  endfacet
  facet normal -0.595341 0.801747 0.0526495
    outer loop
      vertex 6.04 68.77 8
      vertex 6.70758 69.2708 7.92256
      vertex 6.04 68.785 7.77158
    endloop
  endfacet
  facet normal -0.595311 0.66812 0.446341
    outer loop
      vertex 6.68745 69.4208 7.36539
      vertex 6.68175 69.4633 7.29417
      vertex 6.04 69.0045 7.125
    endloop
  endfacet
  facet normal -0.595418 0.760921 0.257832
    outer loop
      vertex 6.70297 69.3052 7.67448
      vertex 6.69961 69.3302 7.59294
      vertex 6.04 68.8296 7.54707
    endloop
  endfacet
  facet normal -0.595332 0.35539 -0.720609
    outer loop
      vertex 6.04 69.8503 9.61679
      vertex 6.62809 69.8633 9.13735
      vertex 6.04 69.645 9.51554
    endloop
  endfacet
  facet normal -0.595352 0.355301 -0.720636
    outer loop
      vertex 6.62809 69.8633 9.13735
      vertex 6.04 69.8503 9.61679
      vertex 6.61684 69.9472 9.18801
    endloop
  endfacet
  facet normal -0.595347 -0.258223 0.760843
    outer loop
      vertex 6.04 70.9729 6.30963
      vertex 6.47384 71.0132 6.66278
      vertex 6.04 71.1897 6.38321
    endloop
  endfacet
  facet normal -0.595336 -0.258275 0.760835
    outer loop
      vertex 6.47384 71.0132 6.66278
      vertex 6.04 70.9729 6.30963
      vertex 6.49086 70.8863 6.63302
    endloop
  endfacet
  facet normal -0.595362 -0.35532 -0.720619
    outer loop
      vertex 6.04 71.1897 9.61679
      vertex 6.44268 71.2455 9.25659
      vertex 6.45962 71.1192 9.30487
    endloop
  endfacet
  facet normal -0.595339 -0.355388 -0.720604
    outer loop
      vertex 6.44268 71.2455 9.25659
      vertex 6.04 71.1897 9.61679
      vertex 6.04 71.395 9.51554
    endloop
  endfacet
  facet normal -0.595335 -0.720536 0.355535
    outer loop
      vertex 6.36471 71.8267 7.24556
      vertex 6.362 71.8469 7.28196
      vertex 6.04 72.0355 7.125
    endloop
  endfacet
  facet normal -0.595309 0.720581 0.355486
    outer loop
      vertex 6.69206 69.3864 7.44284
      vertex 6.68745 69.4208 7.36539
      vertex 6.04 69.0045 7.125
    endloop
  endfacet
  facet normal -0.595334 -0.720538 -0.355531
    outer loop
      vertex 6.04 72.1368 8.6697
      vertex 6.362 71.8469 8.71804
      vertex 6.04 72.0355 8.875
    endloop
  endfacet
  facet normal -0.595324 -0.720532 -0.355561
    outer loop
      vertex 6.362 71.8469 8.71804
      vertex 6.04 72.1368 8.6697
      vertex 6.35181 71.9229 8.58109
    endloop
  endfacet
  facet normal -0.595374 0.258508 0.760725
    outer loop
      vertex 6.60818 70.0118 6.77301
      vertex 6.59931 70.0778 6.74364
      vertex 6.04 69.8503 6.38321
    endloop
  endfacet
  facet normal -0.595342 0.668184 -0.446205
    outer loop
      vertex 6.68172 69.4635 8.70614
      vertex 6.04 69.0045 8.875
      vertex 6.04 69.1316 9.06533
    endloop
  endfacet
  facet normal -0.595306 0.668036 -0.446473
    outer loop
      vertex 6.04 69.0045 8.875
      vertex 6.68172 69.4635 8.70614
      vertex 6.68745 69.4208 8.63461
    endloop
  endfacet
  facet normal -0.595333 0.258263 0.760841
    outer loop
      vertex 6.04 70.0671 6.30963
      vertex 6.59931 70.0778 6.74364
      vertex 6.58667 70.1721 6.70174
    endloop
  endfacet
  facet normal -0.595339 0.258225 0.760849
    outer loop
      vertex 6.59931 70.0778 6.74364
      vertex 6.04 70.0671 6.30963
      vertex 6.04 69.8503 6.38321
    endloop
  endfacet
  facet normal -0.595359 0.529763 -0.604069
    outer loop
      vertex 6.04 69.4547 9.38837
      vertex 6.65467 69.6652 8.96717
      vertex 6.04 69.2826 9.23744
    endloop
  endfacet
  facet normal -0.595347 0.529841 -0.604013
    outer loop
      vertex 6.65467 69.6652 8.96717
      vertex 6.04 69.4547 9.38837
      vertex 6.64615 69.7287 9.03127
    endloop
  endfacet
  facet normal -0.595434 -0.760835 -0.258047
    outer loop
      vertex 6.34233 71.9935 8.39483
      vertex 6.34421 71.9795 8.43177
      vertex 6.04 72.2104 8.45293
    endloop
  endfacet
  facet normal -0.595316 0.72055 -0.355537
    outer loop
      vertex 6.69206 69.3864 8.55716
      vertex 6.04 68.9032 8.6697
      vertex 6.04 69.0045 8.875
    endloop
  endfacet
  facet normal -0.59539 0.720793 -0.354921
    outer loop
      vertex 6.04 68.9032 8.6697
      vertex 6.69206 69.3864 8.55716
      vertex 6.69647 69.3536 8.48315
    endloop
  endfacet
  facet normal -0.595417 0.760912 -0.257861
    outer loop
      vertex 6.69961 69.3302 8.40705
      vertex 6.70297 69.3052 8.32552
      vertex 6.04 68.8296 8.45293
    endloop
  endfacet
  facet normal -0.59539 0.720793 0.354921
    outer loop
      vertex 6.69206 69.3864 7.44284
      vertex 6.04 68.9032 7.3303
      vertex 6.69647 69.3536 7.51685
    endloop
  endfacet
  facet normal -0.595316 0.72055 0.355537
    outer loop
      vertex 6.04 68.9032 7.3303
      vertex 6.69206 69.3864 7.44284
      vertex 6.04 69.0045 7.125
    endloop
  endfacet
  facet normal 1 0 0
    outer loop
      vertex 6.04 72.255 8.22842
      vertex 6.04 72.255 7.77158
      vertex 6.04 72.27 8
    endloop
  endfacet
  facet normal 1 0 0
    outer loop
      vertex 6.04 72.2104 8.45293
      vertex 6.04 72.255 7.77158
      vertex 6.04 72.255 8.22842
    endloop
  endfacet
  facet normal 1 0 0
    outer loop
      vertex 6.04 72.2104 8.45293
      vertex 6.04 72.2104 7.54707
      vertex 6.04 72.255 7.77158
    endloop
  endfacet
  facet normal 1 0 0
    outer loop
      vertex 6.04 72.1368 8.6697
      vertex 6.04 72.2104 7.54707
      vertex 6.04 72.2104 8.45293
    endloop
  endfacet
  facet normal 1 0 0
    outer loop
      vertex 6.04 72.1368 8.6697
      vertex 6.04 72.1368 7.3303
      vertex 6.04 72.2104 7.54707
    endloop
  endfacet
  facet normal 1 0 0
    outer loop
      vertex 6.04 72.0355 8.875
      vertex 6.04 72.1368 7.3303
      vertex 6.04 72.1368 8.6697
    endloop
  endfacet
  facet normal 1 0 0
    outer loop
      vertex 6.04 72.0355 8.875
      vertex 6.04 72.0355 7.125
      vertex 6.04 72.1368 7.3303
    endloop
  endfacet
  facet normal 1 0 0
    outer loop
      vertex 6.04 71.9084 9.06533
      vertex 6.04 72.0355 7.125
      vertex 6.04 72.0355 8.875
    endloop
  endfacet
  facet normal 1 0 0
    outer loop
      vertex 6.04 71.9084 9.06533
      vertex 6.04 71.9084 6.93467
      vertex 6.04 72.0355 7.125
    endloop
  endfacet
  facet normal 1 0 0
    outer loop
      vertex 6.04 71.7574 9.23744
      vertex 6.04 71.9084 6.93467
      vertex 6.04 71.9084 9.06533
    endloop
  endfacet
  facet normal 1 0 0
    outer loop
      vertex 6.04 71.7574 9.23744
      vertex 6.04 71.7574 6.76256
      vertex 6.04 71.9084 6.93467
    endloop
  endfacet
  facet normal 1 0 0
    outer loop
      vertex 6.04 71.5853 9.38837
      vertex 6.04 71.7574 6.76256
      vertex 6.04 71.7574 9.23744
    endloop
  endfacet
  facet normal 1 0 0
    outer loop
      vertex 6.04 71.5853 9.38837
      vertex 6.04 71.5853 6.61163
      vertex 6.04 71.7574 6.76256
    endloop
  endfacet
  facet normal 1 0 0
    outer loop
      vertex 6.04 71.395 9.51554
      vertex 6.04 71.5853 6.61163
      vertex 6.04 71.5853 9.38837
    endloop
  endfacet
  facet normal 1 0 0
    outer loop
      vertex 6.04 71.395 9.51554
      vertex 6.04 71.395 6.48446
      vertex 6.04 71.5853 6.61163
    endloop
  endfacet
  facet normal 1 0 0
    outer loop
      vertex 6.04 71.1897 9.61679
      vertex 6.04 71.395 6.48446
      vertex 6.04 71.395 9.51554
    endloop
  endfacet
  facet normal 1 0 0
    outer loop
      vertex 6.04 71.1897 9.61679
      vertex 6.04 71.1897 6.38321
      vertex 6.04 71.395 6.48446
    endloop
  endfacet
  facet normal 1 0 0
    outer loop
      vertex 6.04 70.9729 9.69037
      vertex 6.04 71.1897 6.38321
      vertex 6.04 71.1897 9.61679
    endloop
  endfacet
  facet normal 1 0 0
    outer loop
      vertex 6.04 70.9729 9.69037
      vertex 6.04 70.9729 6.30963
      vertex 6.04 71.1897 6.38321
    endloop
  endfacet
  facet normal 1 0 0
    outer loop
      vertex 6.04 70.7484 9.73503
      vertex 6.04 70.9729 6.30963
      vertex 6.04 70.9729 9.69037
    endloop
  endfacet
  facet normal 1 0 0
    outer loop
      vertex 6.04 70.7484 9.73503
      vertex 6.04 70.7484 6.26497
      vertex 6.04 70.9729 6.30963
    endloop
  endfacet
  facet normal 1 0 0
    outer loop
      vertex 6.04 70.52 9.75
      vertex 6.04 70.7484 6.26497
      vertex 6.04 70.7484 9.73503
    endloop
  endfacet
  facet normal 1 0 0
    outer loop
      vertex 6.04 70.52 9.75
      vertex 6.04 70.52 6.25
      vertex 6.04 70.7484 6.26497
    endloop
  endfacet
  facet normal 1 -0 0
    outer loop
      vertex 6.04 70.2916 9.73503
      vertex 6.04 70.52 6.25
      vertex 6.04 70.52 9.75
    endloop
  endfacet
  facet normal 1 0 0
    outer loop
      vertex 6.04 70.2916 9.73503
      vertex 6.04 70.2916 6.26497
      vertex 6.04 70.52 6.25
    endloop
  endfacet
  facet normal 1 -0 0
    outer loop
      vertex 6.04 70.0671 9.69037
      vertex 6.04 70.2916 6.26497
      vertex 6.04 70.2916 9.73503
    endloop
  endfacet
  facet normal 1 0 0
    outer loop
      vertex 6.04 70.0671 9.69037
      vertex 6.04 70.0671 6.30963
      vertex 6.04 70.2916 6.26497
    endloop
  endfacet
  facet normal 1 -0 0
    outer loop
      vertex 6.04 69.8503 9.61679
      vertex 6.04 70.0671 6.30963
      vertex 6.04 70.0671 9.69037
    endloop
  endfacet
  facet normal 1 0 0
    outer loop
      vertex 6.04 69.8503 9.61679
      vertex 6.04 69.8503 6.38321
      vertex 6.04 70.0671 6.30963
    endloop
  endfacet
  facet normal 1 -0 0
    outer loop
      vertex 6.04 69.645 9.51554
      vertex 6.04 69.8503 6.38321
      vertex 6.04 69.8503 9.61679
    endloop
  endfacet
  facet normal 1 0 0
    outer loop
      vertex 6.04 69.645 9.51554
      vertex 6.04 69.645 6.48446
      vertex 6.04 69.8503 6.38321
    endloop
  endfacet
  facet normal 1 -0 0
    outer loop
      vertex 6.04 69.4547 9.38837
      vertex 6.04 69.645 6.48446
      vertex 6.04 69.645 9.51554
    endloop
  endfacet
  facet normal 1 0 0
    outer loop
      vertex 6.04 69.4547 9.38837
      vertex 6.04 69.4547 6.61163
      vertex 6.04 69.645 6.48446
    endloop
  endfacet
  facet normal 1 -0 0
    outer loop
      vertex 6.04 69.2826 9.23744
      vertex 6.04 69.4547 6.61163
      vertex 6.04 69.4547 9.38837
    endloop
  endfacet
  facet normal 1 0 0
    outer loop
      vertex 6.04 69.2826 9.23744
      vertex 6.04 69.2826 6.76256
      vertex 6.04 69.4547 6.61163
    endloop
  endfacet
  facet normal 1 -0 0
    outer loop
      vertex 6.04 69.1316 9.06533
      vertex 6.04 69.2826 6.76256
      vertex 6.04 69.2826 9.23744
    endloop
  endfacet
  facet normal 1 0 0
    outer loop
      vertex 6.04 69.1316 9.06533
      vertex 6.04 69.1316 6.93467
      vertex 6.04 69.2826 6.76256
    endloop
  endfacet
  facet normal 1 -0 0
    outer loop
      vertex 6.04 69.0045 8.875
      vertex 6.04 69.1316 6.93467
      vertex 6.04 69.1316 9.06533
    endloop
  endfacet
  facet normal 1 0 0
    outer loop
      vertex 6.04 69.0045 8.875
      vertex 6.04 69.0045 7.125
      vertex 6.04 69.1316 6.93467
    endloop
  endfacet
  facet normal 1 -0 0
    outer loop
      vertex 6.04 68.9032 8.6697
      vertex 6.04 69.0045 7.125
      vertex 6.04 69.0045 8.875
    endloop
  endfacet
  facet normal 1 0 0
    outer loop
      vertex 6.04 68.9032 8.6697
      vertex 6.04 68.9032 7.3303
      vertex 6.04 69.0045 7.125
    endloop
  endfacet
  facet normal 1 -0 0
    outer loop
      vertex 6.04 68.8296 8.45293
      vertex 6.04 68.9032 7.3303
      vertex 6.04 68.9032 8.6697
    endloop
  endfacet
  facet normal 1 0 0
    outer loop
      vertex 6.04 68.8296 8.45293
      vertex 6.04 68.8296 7.54707
      vertex 6.04 68.9032 7.3303
    endloop
  endfacet
  facet normal 1 -0 0
    outer loop
      vertex 6.04 68.785 8.22842
      vertex 6.04 68.8296 7.54707
      vertex 6.04 68.8296 8.45293
    endloop
  endfacet
  facet normal 1 0 0
    outer loop
      vertex 6.04 68.785 8.22842
      vertex 6.04 68.785 7.77158
      vertex 6.04 68.8296 7.54707
    endloop
  endfacet
  facet normal 1 0 -0
    outer loop
      vertex 6.04 68.785 7.77158
      vertex 6.04 68.785 8.22842
      vertex 6.04 68.77 8
    endloop
  endfacet
  facet normal -0.595332 0.603865 0.530025
    outer loop
      vertex 6.66217 69.6093 7.08925
      vertex 6.04 69.1316 6.93467
      vertex 6.6693 69.5561 7.15787
    endloop
  endfacet
  facet normal -0.595367 0.603958 0.52988
    outer loop
      vertex 6.04 69.1316 6.93467
      vertex 6.66217 69.6093 7.08925
      vertex 6.04 69.2826 6.76256
    endloop
  endfacet
  facet normal -0.595368 0.604053 0.52977
    outer loop
      vertex 6.67598 69.5063 7.22216
      vertex 6.6693 69.5561 7.15787
      vertex 6.04 69.1316 6.93467
    endloop
  endfacet
  facet normal -0.59538 0.355075 -0.720725
    outer loop
      vertex 6.60818 70.0118 9.22699
      vertex 6.61684 69.9472 9.18801
      vertex 6.04 69.8503 9.61679
    endloop
  endfacet
  facet normal -0.595425 -0.788012 -0.156542
    outer loop
      vertex 6.04 72.255 8.22842
      vertex 6.34233 71.9935 8.39483
      vertex 6.04 72.2104 8.45293
    endloop
  endfacet
  facet normal -0.595213 -0.788076 -0.157029
    outer loop
      vertex 6.34233 71.9935 8.39483
      vertex 6.04 72.255 8.22842
      vertex 6.33766 72.0284 8.23738
    endloop
  endfacet
  facet normal -0.595324 -0.446743 -0.66784
    outer loop
      vertex 6.43665 71.2904 9.23193
      vertex 6.44268 71.2455 9.25659
      vertex 6.04 71.395 9.51554
    endloop
  endfacet
  facet normal -0.595362 0.529786 0.604045
    outer loop
      vertex 6.66217 69.6093 7.08925
      vertex 6.65467 69.6652 7.03283
      vertex 6.04 69.2826 6.76256
    endloop
  endfacet
  facet normal -0.595359 -0.258321 0.760801
    outer loop
      vertex 6.47384 71.0132 6.66278
      vertex 6.46642 71.0685 6.67575
      vertex 6.04 71.1897 6.38321
    endloop
  endfacet
  facet normal -0.595323 -0.52978 0.604089
    outer loop
      vertex 6.04 71.5853 6.61163
      vertex 6.40443 71.5306 6.9228
      vertex 6.04 71.7574 6.76256
    endloop
  endfacet
  facet normal -0.595315 -0.529803 0.604076
    outer loop
      vertex 6.40443 71.5306 6.9228
      vertex 6.04 71.5853 6.61163
      vertex 6.42014 71.4135 6.83558
    endloop
  endfacet
  facet normal -0.59534 0.156733 0.788038
    outer loop
      vertex 6.58667 70.1721 6.70174
      vertex 6.57773 70.2387 6.68174
      vertex 6.04 70.0671 6.30963
    endloop
  endfacet
  facet normal -0.595378 -0.355187 -0.720671
    outer loop
      vertex 6.45962 71.1192 9.30487
      vertex 6.46642 71.0685 9.32424
      vertex 6.04 71.1897 9.61679
    endloop
  endfacet
  facet normal -0.595371 -0.668166 -0.446193
    outer loop
      vertex 6.04 72.0355 8.875
      vertex 6.37715 71.734 8.87662
      vertex 6.04 71.9084 9.06533
    endloop
  endfacet
  facet normal -0.595334 -0.668125 -0.446303
    outer loop
      vertex 6.37715 71.734 8.87662
      vertex 6.04 72.0355 8.875
      vertex 6.36471 71.8267 8.75444
    endloop
  endfacet
  facet normal -0.595328 -0.668397 -0.445904
    outer loop
      vertex 6.37715 71.734 8.87662
      vertex 6.38068 71.7077 8.91133
      vertex 6.04 71.9084 9.06533
    endloop
  endfacet
  facet normal -0.595285 -0.529552 0.604327
    outer loop
      vertex 6.40443 71.5306 6.9228
      vertex 6.39931 71.5688 6.95123
      vertex 6.04 71.7574 6.76256
    endloop
  endfacet
  facet normal -0.595324 -0.446743 0.66784
    outer loop
      vertex 6.44268 71.2455 6.74341
      vertex 6.43665 71.2904 6.76807
      vertex 6.04 71.395 6.48446
    endloop
  endfacet
  facet normal -0.595333 -0.801733 -0.052944
    outer loop
      vertex 6.33617 72.0395 8.16144
      vertex 6.33654 72.0367 8.19968
      vertex 6.04 72.255 8.22842
    endloop
  endfacet
  facet normal -0.595287 0.801816 -0.0521886
    outer loop
      vertex 6.70688 69.2759 8.16378
      vertex 6.70758 69.2708 8.07744
      vertex 6.04 68.785 8.22842
    endloop
  endfacet
  facet normal -0.595361 -0.0525049 -0.801741
    outer loop
      vertex 6.51554 70.7023 9.38492
      vertex 6.52404 70.6389 9.38276
      vertex 6.04 70.7484 9.73503
    endloop
  endfacet
  facet normal -0.59534 0.156733 -0.788038
    outer loop
      vertex 6.57773 70.2387 9.31826
      vertex 6.58667 70.1721 9.29826
      vertex 6.04 70.0671 9.69037
    endloop
  endfacet
  facet normal -0.595336 -0.156512 -0.788086
    outer loop
      vertex 6.49086 70.8863 9.36698
      vertex 6.49889 70.8264 9.37281
      vertex 6.04 70.9729 9.69037
    endloop
  endfacet
  facet normal -0.595375 -0.258448 -0.760745
    outer loop
      vertex 6.46642 71.0685 9.32424
      vertex 6.47384 71.0132 9.33722
      vertex 6.04 71.1897 9.61679
    endloop
  endfacet
  facet normal -0.980784 0 0.195095
    outer loop
      vertex -0.042592 -12 7.67648
      vertex -0.0106936 79 7.83684
      vertex -0.042592 79 7.67648
    endloop
  endfacet
  facet normal -0.980784 0 0.195095
    outer loop
      vertex -0.0106936 79 7.83684
      vertex -0.042592 -12 7.67648
      vertex -0.0106936 -12 7.83684
    endloop
  endfacet
  facet normal -0.997859 0 0.0654003
    outer loop
      vertex -0.0106936 -12 7.83684
      vertex 0 79 8
      vertex -0.0106936 79 7.83684
    endloop
  endfacet
  facet normal -0.997859 0 0.0654003
    outer loop
      vertex 0 79 8
      vertex -0.0106936 -12 7.83684
      vertex 0 -12 8
    endloop
  endfacet
  facet normal -0.980784 0 -0.195095
    outer loop
      vertex -0.0106936 -12 8.16316
      vertex -0.042592 79 8.32352
      vertex -0.0106936 79 8.16316
    endloop
  endfacet
  facet normal -0.980784 -0 -0.195095
    outer loop
      vertex -0.042592 79 8.32352
      vertex -0.0106936 -12 8.16316
      vertex -0.042592 -12 8.32352
    endloop
  endfacet
  facet normal -0.442454 0 0.896791
    outer loop
      vertex -0.652241 78.2346 6.90403
      vertex -0.625 -12 6.91747
      vertex -0.625 78.3149 6.91747
    endloop
  endfacet
  facet normal -0.442283 6.3876e-08 0.896875
    outer loop
      vertex -0.767949 78 6.84697
      vertex -0.625 -12 6.91747
      vertex -0.652241 78.2346 6.90403
    endloop
  endfacet
  facet normal -0.441674 1.26788e-06 0.897176
    outer loop
      vertex -0.771646 77.9945 6.84515
      vertex -0.625 -12 6.91747
      vertex -0.767949 78 6.84697
    endloop
  endfacet
  facet normal -0.442299 0 0.896867
    outer loop
      vertex -0.625 -12 6.91747
      vertex -0.771646 77.9945 6.84515
      vertex -0.771646 -12 6.84515
    endloop
  endfacet
  facet normal 0.997861 0 -0.0653783
    outer loop
      vertex -2.48931 -12 8.16316
      vertex -2.5 77 8
      vertex -2.48931 77.0007 8.16316
    endloop
  endfacet
  facet normal 0.997861 0 -0.0653783
    outer loop
      vertex -2.5 77 8
      vertex -2.48931 -12 8.16316
      vertex -2.5 -12 8
    endloop
  endfacet
  facet normal -0.659351 0 -0.751835
    outer loop
      vertex -0.489048 -12 8.99169
      vertex -0.366116 79 8.88388
      vertex -0.366116 -12 8.88388
    endloop
  endfacet
  facet normal -0.659351 0 -0.751835
    outer loop
      vertex -0.366116 79 8.88388
      vertex -0.489048 -12 8.99169
      vertex -0.489048 79 8.99169
    endloop
  endfacet
  facet normal -0.896877 0 0.44228
    outer loop
      vertex -0.167468 -12 7.375
      vertex -0.09515 79 7.52165
      vertex -0.167468 79 7.375
    endloop
  endfacet
  facet normal -0.896877 0 0.44228
    outer loop
      vertex -0.09515 79 7.52165
      vertex -0.167468 -12 7.375
      vertex -0.09515 -12 7.52165
    endloop
  endfacet
  facet normal 0.0654383 0 -0.997857
    outer loop
      vertex -1.25 -12 9.25
      vertex -1.28248 77.4133 9.24787
      vertex -1.25 77.4418 9.25
    endloop
  endfacet
  facet normal 0.0653783 0 -0.997861
    outer loop
      vertex -1.41316 77.326 9.23931
      vertex -1.25 -12 9.25
      vertex -1.41316 -12 9.23931
    endloop
  endfacet
  facet normal 0.0653635 -2.72873e-08 -0.997862
    outer loop
      vertex -1.25 -12 9.25
      vertex -1.41316 77.326 9.23931
      vertex -1.28248 77.4133 9.24787
    endloop
  endfacet
  facet normal 0.831466 0 0.555575
    outer loop
      vertex -2.24169 -12 7.23905
      vertex -2.33253 77.011 7.375
      vertex -2.33253 -12 7.375
    endloop
  endfacet
  facet normal 0.831466 0 0.555575
    outer loop
      vertex -2.33253 77.011 7.375
      vertex -2.24169 -12 7.23905
      vertex -2.24169 77.0169 7.23905
    endloop
  endfacet
  facet normal -0.321423 0 -0.946936
    outer loop
      vertex -0.771646 -12 9.15485
      vertex -0.913293 77.7825 9.20293
      vertex -0.771646 77.9945 9.15485
    endloop
  endfacet
  facet normal -0.321452 -0 -0.946926
    outer loop
      vertex -0.926476 77.7674 9.20741
      vertex -0.771646 -12 9.15485
      vertex -0.926476 -12 9.20741
    endloop
  endfacet
  facet normal -0.321759 -5.9083e-07 -0.946822
    outer loop
      vertex -0.771646 -12 9.15485
      vertex -0.926476 77.7674 9.20741
      vertex -0.913293 77.7825 9.20293
    endloop
  endfacet
  facet normal 0.321452 0 0.946926
    outer loop
      vertex -1.72835 77.1553 6.84515
      vertex -1.57352 -12 6.79259
      vertex -1.57352 77.2317 6.79259
    endloop
  endfacet
  facet normal 0.321452 0 0.946926
    outer loop
      vertex -1.57352 -12 6.79259
      vertex -1.72835 77.1553 6.84515
      vertex -1.72835 -12 6.84515
    endloop
  endfacet
  facet normal -0.442189 0 -0.896922
    outer loop
      vertex -0.625 -12 9.08253
      vertex -0.652241 78.2346 9.09596
      vertex -0.625 78.3149 9.08253
    endloop
  endfacet
  facet normal -0.442346 -5.88407e-08 -0.896845
    outer loop
      vertex -0.625 -12 9.08253
      vertex -0.767949 78 9.15303
      vertex -0.652241 78.2346 9.09596
    endloop
  endfacet
  facet normal -0.442299 -0 -0.896867
    outer loop
      vertex -0.771646 77.9945 9.15485
      vertex -0.625 -12 9.08253
      vertex -0.771646 -12 9.15485
    endloop
  endfacet
  facet normal -0.441674 1.26788e-06 -0.897176
    outer loop
      vertex -0.625 -12 9.08253
      vertex -0.771646 77.9945 9.15485
      vertex -0.767949 78 9.15303
    endloop
  endfacet
  facet normal -0.751833 0 -0.659354
    outer loop
      vertex -0.258307 -12 8.76095
      vertex -0.366116 79 8.88388
      vertex -0.258307 79 8.76095
    endloop
  endfacet
  facet normal -0.751833 -0 -0.659354
    outer loop
      vertex -0.366116 79 8.88388
      vertex -0.258307 -12 8.76095
      vertex -0.366116 -12 8.88388
    endloop
  endfacet
  facet normal 0.751814 0 -0.659375
    outer loop
      vertex -2.13388 -12 8.88388
      vertex -2.23895 77.0171 8.76408
      vertex -2.13388 77.038 8.88388
    endloop
  endfacet
  facet normal 0.752428 1.66635e-06 -0.658675
    outer loop
      vertex -2.13388 -12 8.88388
      vertex -2.24169 77.0169 8.76095
      vertex -2.23895 77.0171 8.76408
    endloop
  endfacet
  facet normal 0.75183 0 -0.659357
    outer loop
      vertex -2.24169 77.0169 8.76095
      vertex -2.13388 -12 8.88388
      vertex -2.24169 -12 8.76095
    endloop
  endfacet
  facet normal 0.555593 0 -0.831454
    outer loop
      vertex -1.875 -12 9.08253
      vertex -1.98236 77.0681 9.01079
      vertex -1.875 77.1046 9.08253
    endloop
  endfacet
  facet normal 0.555575 0 -0.831466
    outer loop
      vertex -2.01095 77.0625 8.99169
      vertex -1.875 -12 9.08253
      vertex -2.01095 -12 8.99169
    endloop
  endfacet
  facet normal 0.555505 -1.53632e-07 -0.831513
    outer loop
      vertex -1.875 -12 9.08253
      vertex -2.01095 77.0625 8.99169
      vertex -1.98236 77.0681 9.01079
    endloop
  endfacet
  facet normal 0.442639 0 0.8967
    outer loop
      vertex -1.73463 77.1522 6.84825
      vertex -1.72835 -12 6.84515
      vertex -1.72835 77.1553 6.84515
    endloop
  endfacet
  facet normal 0.442274 -3.19204e-08 0.89688
    outer loop
      vertex -1.875 77.1046 6.91747
      vertex -1.72835 -12 6.84515
      vertex -1.73463 77.1522 6.84825
    endloop
  endfacet
  facet normal 0.44229 0 0.896872
    outer loop
      vertex -1.72835 -12 6.84515
      vertex -1.875 77.1046 6.91747
      vertex -1.875 -12 6.91747
    endloop
  endfacet
  facet normal -0.0653783 -0 -0.997861
    outer loop
      vertex -1.25 77.4418 9.25
      vertex -1.08684 -12 9.23931
      vertex -1.25 -12 9.25
    endloop
  endfacet
  facet normal -0.0653783 0 -0.997861
    outer loop
      vertex -1.08684 -12 9.23931
      vertex -1.25 77.4418 9.25
      vertex -1.08684 77.5849 9.23931
    endloop
  endfacet
  facet normal 0.321452 0 -0.946926
    outer loop
      vertex -1.72835 77.1553 9.15485
      vertex -1.57352 -12 9.20741
      vertex -1.72835 -12 9.15485
    endloop
  endfacet
  facet normal 0.321452 0 -0.946926
    outer loop
      vertex -1.57352 -12 9.20741
      vertex -1.72835 77.1553 9.15485
      vertex -1.57352 77.2317 9.20741
    endloop
  endfacet
  facet normal 0.946926 0 -0.321452
    outer loop
      vertex -2.40485 -12 8.47835
      vertex -2.45741 77.0028 8.32352
      vertex -2.40485 77.0062 8.47835
    endloop
  endfacet
  facet normal 0.946926 0 -0.321452
    outer loop
      vertex -2.45741 77.0028 8.32352
      vertex -2.40485 -12 8.47835
      vertex -2.45741 -12 8.32352
    endloop
  endfacet
  facet normal 0.659357 0 0.75183
    outer loop
      vertex -2.13388 77.038 7.11612
      vertex -2.01095 -12 7.00831
      vertex -2.01095 77.0625 7.00831
    endloop
  endfacet
  facet normal 0.659357 0 0.75183
    outer loop
      vertex -2.01095 -12 7.00831
      vertex -2.13388 77.038 7.11612
      vertex -2.13388 -12 7.11612
    endloop
  endfacet
  facet normal -0.896877 0 -0.44228
    outer loop
      vertex -0.09515 -12 8.47835
      vertex -0.167468 79 8.625
      vertex -0.09515 79 8.47835
    endloop
  endfacet
  facet normal -0.896877 -0 -0.44228
    outer loop
      vertex -0.167468 79 8.625
      vertex -0.09515 -12 8.47835
      vertex -0.167468 -12 8.625
    endloop
  endfacet
  facet normal -0.997859 0 -0.0654003
    outer loop
      vertex 0 -12 8
      vertex -0.0106936 79 8.16316
      vertex 0 79 8
    endloop
  endfacet
  facet normal -0.997859 -0 -0.0654003
    outer loop
      vertex -0.0106936 79 8.16316
      vertex 0 -12 8
      vertex -0.0106936 -12 8.16316
    endloop
  endfacet
  facet normal -0.321423 0 0.946936
    outer loop
      vertex -0.913293 77.7825 6.79707
      vertex -0.771646 -12 6.84515
      vertex -0.771646 77.9945 6.84515
    endloop
  endfacet
  facet normal -0.321759 -5.9083e-07 0.946822
    outer loop
      vertex -0.926476 77.7674 6.79259
      vertex -0.771646 -12 6.84515
      vertex -0.913293 77.7825 6.79707
    endloop
  endfacet
  facet normal -0.321452 0 0.946926
    outer loop
      vertex -0.771646 -12 6.84515
      vertex -0.926476 77.7674 6.79259
      vertex -0.926476 -12 6.79259
    endloop
  endfacet
  facet normal -0.659351 0 0.751835
    outer loop
      vertex -0.489048 79 7.00831
      vertex -0.366116 -12 7.11612
      vertex -0.366116 79 7.11612
    endloop
  endfacet
  facet normal -0.659351 0 0.751835
    outer loop
      vertex -0.366116 -12 7.11612
      vertex -0.489048 79 7.00831
      vertex -0.489048 -12 7.00831
    endloop
  endfacet
  facet normal 0.19516 0 0.980771
    outer loop
      vertex -1.5 77.268 6.77797
      vertex -1.41316 -12 6.76069
      vertex -1.41316 77.326 6.76069
    endloop
  endfacet
  facet normal 0.195039 -1.23202e-07 0.980796
    outer loop
      vertex -1.57352 77.2317 6.79259
      vertex -1.41316 -12 6.76069
      vertex -1.5 77.268 6.77797
    endloop
  endfacet
  facet normal 0.195105 0 0.980782
    outer loop
      vertex -1.41316 -12 6.76069
      vertex -1.57352 77.2317 6.79259
      vertex -1.57352 -12 6.79259
    endloop
  endfacet
  facet normal -0.831469 0 0.555571
    outer loop
      vertex -0.258307 -12 7.23905
      vertex -0.167468 79 7.375
      vertex -0.258307 79 7.23905
    endloop
  endfacet
  facet normal -0.831469 0 0.555571
    outer loop
      vertex -0.167468 79 7.375
      vertex -0.258307 -12 7.23905
      vertex -0.167468 -12 7.375
    endloop
  endfacet
  facet normal -0.195093 0 -0.980785
    outer loop
      vertex -0.926476 -12 9.20741
      vertex -1.08579 77.5858 9.2391
      vertex -0.926476 77.7674 9.20741
    endloop
  endfacet
  facet normal -0.1951 -0 -0.980783
    outer loop
      vertex -1.08684 77.5849 9.23931
      vertex -0.926476 -12 9.20741
      vertex -1.08684 -12 9.23931
    endloop
  endfacet
  facet normal -0.196115 -1.88854e-06 -0.980581
    outer loop
      vertex -0.926476 -12 9.20741
      vertex -1.08684 77.5849 9.23931
      vertex -1.08579 77.5858 9.2391
    endloop
  endfacet
  facet normal 0.980782 0 0.195105
    outer loop
      vertex -2.45741 -12 7.67648
      vertex -2.48931 77.0007 7.83684
      vertex -2.48931 -12 7.83684
    endloop
  endfacet
  facet normal 0.980782 0 0.195105
    outer loop
      vertex -2.48931 77.0007 7.83684
      vertex -2.45741 -12 7.67648
      vertex -2.45741 77.0028 7.67648
    endloop
  endfacet
  facet normal 0.997861 -0 0.0653783
    outer loop
      vertex -2.5 -12 8
      vertex -2.48931 77.0007 7.83684
      vertex -2.5 77 8
    endloop
  endfacet
  facet normal 0.997861 0 0.0653783
    outer loop
      vertex -2.48931 77.0007 7.83684
      vertex -2.5 -12 8
      vertex -2.48931 -12 7.83684
    endloop
  endfacet
  facet normal -0.0653783 0 0.997861
    outer loop
      vertex -1.25 77.4418 6.75
      vertex -1.08684 -12 6.76069
      vertex -1.08684 77.5849 6.76069
    endloop
  endfacet
  facet normal -0.0653783 0 0.997861
    outer loop
      vertex -1.08684 -12 6.76069
      vertex -1.25 77.4418 6.75
      vertex -1.25 -12 6.75
    endloop
  endfacet
  facet normal -0.94693 0 -0.321441
    outer loop
      vertex -0.042592 -12 8.32352
      vertex -0.09515 79 8.47835
      vertex -0.042592 79 8.32352
    endloop
  endfacet
  facet normal -0.94693 -0 -0.321441
    outer loop
      vertex -0.09515 79 8.47835
      vertex -0.042592 -12 8.32352
      vertex -0.09515 -12 8.47835
    endloop
  endfacet
  facet normal 0.896872 0 -0.44229
    outer loop
      vertex -2.33253 -12 8.625
      vertex -2.40485 77.0062 8.47835
      vertex -2.33253 77.011 8.625
    endloop
  endfacet
  facet normal 0.896872 0 -0.44229
    outer loop
      vertex -2.40485 77.0062 8.47835
      vertex -2.33253 -12 8.625
      vertex -2.40485 -12 8.47835
    endloop
  endfacet
  facet normal -0.831469 0 -0.555571
    outer loop
      vertex -0.167468 -12 8.625
      vertex -0.258307 79 8.76095
      vertex -0.167468 79 8.625
    endloop
  endfacet
  facet normal -0.831469 -0 -0.555571
    outer loop
      vertex -0.258307 79 8.76095
      vertex -0.167468 -12 8.625
      vertex -0.258307 -12 8.76095
    endloop
  endfacet
  facet normal -0.555681 1.8561e-05 0.831396
    outer loop
      vertex -0.51711 78.7389 6.98956
      vertex -0.489048 79 7.00831
      vertex -0.5 79 7.00099
    endloop
  endfacet
  facet normal -0.555561 0 0.831475
    outer loop
      vertex -0.489048 79 7.00831
      vertex -0.51711 78.7389 6.98956
      vertex -0.489048 -12 7.00831
    endloop
  endfacet
  facet normal -0.555542 8.65848e-09 0.831488
    outer loop
      vertex -0.568148 78.4824 6.95546
      vertex -0.489048 -12 7.00831
      vertex -0.51711 78.7389 6.98956
    endloop
  endfacet
  facet normal -0.555597 -6.13913e-08 0.831451
    outer loop
      vertex -0.625 78.3149 6.91747
      vertex -0.489048 -12 7.00831
      vertex -0.568148 78.4824 6.95546
    endloop
  endfacet
  facet normal -0.555569 0 0.83147
    outer loop
      vertex -0.489048 -12 7.00831
      vertex -0.625 78.3149 6.91747
      vertex -0.625 -12 6.91747
    endloop
  endfacet
  facet normal 0.946926 0 0.321452
    outer loop
      vertex -2.40485 -12 7.52165
      vertex -2.45741 77.0028 7.67648
      vertex -2.45741 -12 7.67648
    endloop
  endfacet
  facet normal 0.946926 0 0.321452
    outer loop
      vertex -2.45741 77.0028 7.67648
      vertex -2.40485 -12 7.52165
      vertex -2.40485 77.0062 7.52165
    endloop
  endfacet
  facet normal 0.831466 0 -0.555575
    outer loop
      vertex -2.24169 -12 8.76095
      vertex -2.33253 77.011 8.625
      vertex -2.24169 77.0169 8.76095
    endloop
  endfacet
  facet normal 0.831466 0 -0.555575
    outer loop
      vertex -2.33253 77.011 8.625
      vertex -2.24169 -12 8.76095
      vertex -2.33253 -12 8.625
    endloop
  endfacet
  facet normal -0.555561 0 -0.831475
    outer loop
      vertex -0.51711 78.7389 9.01044
      vertex -0.489048 79 8.99169
      vertex -0.489048 -12 8.99169
    endloop
  endfacet
  facet normal -0.555681 1.8561e-05 -0.831396
    outer loop
      vertex -0.489048 79 8.99169
      vertex -0.51711 78.7389 9.01044
      vertex -0.5 79 8.99901
    endloop
  endfacet
  facet normal -0.555542 8.65848e-09 -0.831488
    outer loop
      vertex -0.489048 -12 8.99169
      vertex -0.568148 78.4824 9.04454
      vertex -0.51711 78.7389 9.01044
    endloop
  endfacet
  facet normal -0.555569 -0 -0.83147
    outer loop
      vertex -0.625 78.3149 9.08253
      vertex -0.489048 -12 8.99169
      vertex -0.625 -12 9.08253
    endloop
  endfacet
  facet normal -0.555597 -6.13913e-08 -0.831451
    outer loop
      vertex -0.489048 -12 8.99169
      vertex -0.625 78.3149 9.08253
      vertex -0.568148 78.4824 9.04454
    endloop
  endfacet
  facet normal 0.0654383 0 0.997857
    outer loop
      vertex -1.28248 77.4133 6.75213
      vertex -1.25 -12 6.75
      vertex -1.25 77.4418 6.75
    endloop
  endfacet
  facet normal 0.0653635 -2.72873e-08 0.997862
    outer loop
      vertex -1.41316 77.326 6.76069
      vertex -1.25 -12 6.75
      vertex -1.28248 77.4133 6.75213
    endloop
  endfacet
  facet normal 0.0653783 0 0.997861
    outer loop
      vertex -1.25 -12 6.75
      vertex -1.41316 77.326 6.76069
      vertex -1.41316 -12 6.76069
    endloop
  endfacet
  facet normal -0.195093 0 0.980785
    outer loop
      vertex -1.08579 77.5858 6.7609
      vertex -0.926476 -12 6.79259
      vertex -0.926476 77.7674 6.79259
    endloop
  endfacet
  facet normal -0.196115 -1.88854e-06 0.980581
    outer loop
      vertex -1.08684 77.5849 6.76069
      vertex -0.926476 -12 6.79259
      vertex -1.08579 77.5858 6.7609
    endloop
  endfacet
  facet normal -0.1951 0 0.980783
    outer loop
      vertex -0.926476 -12 6.79259
      vertex -1.08684 77.5849 6.76069
      vertex -1.08684 -12 6.76069
    endloop
  endfacet
  facet normal -0.751833 0 0.659354
    outer loop
      vertex -0.366116 -12 7.11612
      vertex -0.258307 79 7.23905
      vertex -0.366116 79 7.11612
    endloop
  endfacet
  facet normal -0.751833 0 0.659354
    outer loop
      vertex -0.258307 79 7.23905
      vertex -0.366116 -12 7.11612
      vertex -0.258307 -12 7.23905
    endloop
  endfacet
  facet normal 0.55554 0 0.83149
    outer loop
      vertex -1.98236 77.0681 6.9892
      vertex -1.875 -12 6.91747
      vertex -1.875 77.1046 6.91747
    endloop
  endfacet
  facet normal 0.555706 2.90144e-07 0.831379
    outer loop
      vertex -2.01095 77.0625 7.00831
      vertex -1.875 -12 6.91747
      vertex -1.98236 77.0681 6.9892
    endloop
  endfacet
  facet normal 0.555575 0 0.831466
    outer loop
      vertex -1.875 -12 6.91747
      vertex -2.01095 77.0625 7.00831
      vertex -2.01095 -12 7.00831
    endloop
  endfacet
  facet normal -0.94693 0 0.321441
    outer loop
      vertex -0.09515 -12 7.52165
      vertex -0.042592 79 7.67648
      vertex -0.09515 79 7.52165
    endloop
  endfacet
  facet normal -0.94693 0 0.321441
    outer loop
      vertex -0.042592 79 7.67648
      vertex -0.09515 -12 7.52165
      vertex -0.042592 -12 7.67648
    endloop
  endfacet
  facet normal 0.442639 0 -0.8967
    outer loop
      vertex -1.72835 -12 9.15485
      vertex -1.73463 77.1522 9.15175
      vertex -1.72835 77.1553 9.15485
    endloop
  endfacet
  facet normal 0.44229 0 -0.896872
    outer loop
      vertex -1.875 77.1046 9.08253
      vertex -1.72835 -12 9.15485
      vertex -1.875 -12 9.08253
    endloop
  endfacet
  facet normal 0.442274 -3.19204e-08 -0.89688
    outer loop
      vertex -1.72835 -12 9.15485
      vertex -1.875 77.1046 9.08253
      vertex -1.73463 77.1522 9.15175
    endloop
  endfacet
  facet normal 0.980782 0 -0.195105
    outer loop
      vertex -2.45741 -12 8.32352
      vertex -2.48931 77.0007 8.16316
      vertex -2.45741 77.0028 8.32352
    endloop
  endfacet
  facet normal 0.980782 0 -0.195105
    outer loop
      vertex -2.48931 77.0007 8.16316
      vertex -2.45741 -12 8.32352
      vertex -2.48931 -12 8.16316
    endloop
  endfacet
  facet normal 0.19516 0 -0.980771
    outer loop
      vertex -1.41316 -12 9.23931
      vertex -1.5 77.268 9.22203
      vertex -1.41316 77.326 9.23931
    endloop
  endfacet
  facet normal 0.195105 0 -0.980782
    outer loop
      vertex -1.57352 77.2317 9.20741
      vertex -1.41316 -12 9.23931
      vertex -1.57352 -12 9.20741
    endloop
  endfacet
  facet normal 0.195039 -1.23202e-07 -0.980796
    outer loop
      vertex -1.41316 -12 9.23931
      vertex -1.57352 77.2317 9.20741
      vertex -1.5 77.268 9.22203
    endloop
  endfacet
  facet normal 0.659357 0 -0.75183
    outer loop
      vertex -2.13388 77.038 8.88388
      vertex -2.01095 -12 8.99169
      vertex -2.13388 -12 8.88388
    endloop
  endfacet
  facet normal 0.659357 0 -0.75183
    outer loop
      vertex -2.01095 -12 8.99169
      vertex -2.13388 77.038 8.88388
      vertex -2.01095 77.0625 8.99169
    endloop
  endfacet
  facet normal 0.75183 0 0.659357
    outer loop
      vertex -2.13388 -12 7.11612
      vertex -2.24169 77.0169 7.23905
      vertex -2.24169 -12 7.23905
    endloop
  endfacet
  facet normal 0.752428 1.66635e-06 0.658675
    outer loop
      vertex -2.24169 77.0169 7.23905
      vertex -2.13388 -12 7.11612
      vertex -2.23895 77.0171 7.23592
    endloop
  endfacet
  facet normal 0.751814 0 0.659375
    outer loop
      vertex -2.23895 77.0171 7.23592
      vertex -2.13388 -12 7.11612
      vertex -2.13388 77.038 7.11612
    endloop
  endfacet
  facet normal 0.896872 0 0.44229
    outer loop
      vertex -2.33253 -12 7.375
      vertex -2.40485 77.0062 7.52165
      vertex -2.40485 -12 7.52165
    endloop
  endfacet
  facet normal 0.896872 0 0.44229
    outer loop
      vertex -2.40485 77.0062 7.52165
      vertex -2.33253 -12 7.375
      vertex -2.33253 77.011 7.375
    endloop
  endfacet
  facet normal -0.321884 0.946779 0
    outer loop
      vertex -1.875 77.1046 6.91747
      vertex -1.98236 77.0681 5.66683
      vertex -1.98236 77.0681 6.9892
    endloop
  endfacet
  facet normal -0.321172 0.947021 -6.81553e-05
    outer loop
      vertex -1.73463 77.1522 6.84825
      vertex -1.98236 77.0681 5.66683
      vertex -1.875 77.1046 6.91747
    endloop
  endfacet
  facet normal -0.321833 0.946796 8.64813e-05
    outer loop
      vertex -1.73463 77.1522 6.84825
      vertex -1.88411 77.1015 5.63348
      vertex -1.98236 77.0681 5.66683
    endloop
  endfacet
  facet normal -0.321203 0.94701 0
    outer loop
      vertex -1.88411 77.1015 5.63348
      vertex -1.73463 77.1522 6.84825
      vertex -1.73463 77.1522 5.60375
    endloop
  endfacet
  facet normal -0.321203 0.94701 0
    outer loop
      vertex -1.73463 77.1522 9.15175
      vertex -1.88411 77.1015 10.3665
      vertex -1.73463 77.1522 10.3962
    endloop
  endfacet
  facet normal -0.321833 0.946796 -8.64879e-05
    outer loop
      vertex -1.88411 77.1015 10.3665
      vertex -1.73463 77.1522 9.15175
      vertex -1.98236 77.0681 10.3332
    endloop
  endfacet
  facet normal -0.321172 0.947021 6.81537e-05
    outer loop
      vertex -1.875 77.1046 9.08253
      vertex -1.98236 77.0681 10.3332
      vertex -1.73463 77.1522 9.15175
    endloop
  endfacet
  facet normal -0.321884 0.946779 0
    outer loop
      vertex -1.98236 77.0681 10.3332
      vertex -1.875 77.1046 9.08253
      vertex -1.98236 77.0681 9.01079
    endloop
  endfacet
  facet normal -0.980773 0.195153 0
    outer loop
      vertex -0.568148 78.4824 6.95546
      vertex -0.51711 78.7389 5.66701
      vertex -0.568148 78.4824 5.64969
    endloop
  endfacet
  facet normal -0.980773 0.195153 0
    outer loop
      vertex -0.51711 78.7389 5.66701
      vertex -0.568148 78.4824 6.95546
      vertex -0.51711 78.7389 6.98956
    endloop
  endfacet
  facet normal -0.980773 0.195153 0
    outer loop
      vertex -0.568148 78.4824 9.04454
      vertex -0.51711 78.7389 10.333
      vertex -0.51711 78.7389 9.01044
    endloop
  endfacet
  facet normal -0.980773 0.195153 0
    outer loop
      vertex -0.51711 78.7389 10.333
      vertex -0.568148 78.4824 9.04454
      vertex -0.568148 78.4824 10.3503
    endloop
  endfacet
  facet normal -0.99786 0.0653902 0
    outer loop
      vertex -0.51711 78.7389 6.98956
      vertex -0.5 79 5.67282
      vertex -0.51711 78.7389 5.66701
    endloop
  endfacet
  facet normal -0.99786 0.0653902 0
    outer loop
      vertex -0.5 79 5.67282
      vertex -0.51711 78.7389 6.98956
      vertex -0.5 79 7.00099
    endloop
  endfacet
  facet normal -0.99786 0.0653902 0
    outer loop
      vertex -0.51711 78.7389 9.01044
      vertex -0.5 79 10.3272
      vertex -0.5 79 8.99901
    endloop
  endfacet
  facet normal -0.99786 0.0653902 0
    outer loop
      vertex -0.5 79 10.3272
      vertex -0.51711 78.7389 9.01044
      vertex -0.51711 78.7389 10.333
    endloop
  endfacet
  facet normal 0.322854 0.946448 -0.00124771
    outer loop
      vertex -3.01764 77.0681 9.69224
      vertex -3.26537 77.1522 9.38423
      vertex -3.19372 77.1279 9.49146
    endloop
  endfacet
  facet normal 0.321463 0.946922 0
    outer loop
      vertex -3.01764 77.0681 9.69224
      vertex -3.26537 77.1522 6.61577
      vertex -3.26537 77.1522 9.38423
    endloop
  endfacet
  facet normal 0.321463 0.946922 -0
    outer loop
      vertex -3.01764 77.0681 6.30776
      vertex -3.26537 77.1522 6.61577
      vertex -3.01764 77.0681 9.69224
    endloop
  endfacet
  facet normal 0.322853 0.946448 0.00124702
    outer loop
      vertex -3.26537 77.1522 6.61577
      vertex -3.01764 77.0681 6.30776
      vertex -3.19372 77.1279 6.50853
    endloop
  endfacet
  facet normal -0.555407 0.831579 0
    outer loop
      vertex -1.41316 77.326 6.76069
      vertex -1.5 77.268 5.56639
      vertex -1.5 77.268 6.77797
    endloop
  endfacet
  facet normal -0.555492 0.831522 8.97197e-06
    outer loop
      vertex -1.28248 77.4133 6.75213
      vertex -1.5 77.268 5.56639
      vertex -1.41316 77.326 6.76069
    endloop
  endfacet
  facet normal -0.555459 0.831544 0
    outer loop
      vertex -1.5 77.268 5.56639
      vertex -1.28248 77.4133 6.75213
      vertex -1.28248 77.4133 5.55213
    endloop
  endfacet
  facet normal -0.555459 0.831544 0
    outer loop
      vertex -1.28248 77.4133 9.24787
      vertex -1.5 77.268 10.4336
      vertex -1.28248 77.4133 10.4479
    endloop
  endfacet
  facet normal -0.555492 0.831522 -8.97204e-06
    outer loop
      vertex -1.41316 77.326 9.23931
      vertex -1.5 77.268 10.4336
      vertex -1.28248 77.4133 9.24787
    endloop
  endfacet
  facet normal -0.555407 0.831579 0
    outer loop
      vertex -1.5 77.268 10.4336
      vertex -1.41316 77.326 9.23931
      vertex -1.5 77.268 9.22203
    endloop
  endfacet
  facet normal -0.659378 0.751812 -1.30977e-05
    outer loop
      vertex -1.08684 77.5849 6.76069
      vertex -1.08579 77.5858 5.56076
      vertex -1.25 77.4418 6.75
    endloop
  endfacet
  facet normal -0.650791 0.759257 0
    outer loop
      vertex -1.08579 77.5858 5.56076
      vertex -1.08684 77.5849 6.76069
      vertex -1.08579 77.5858 6.7609
    endloop
  endfacet
  facet normal -0.659324 0.751859 0
    outer loop
      vertex -1.25 77.4418 5.55
      vertex -1.25 77.4418 6.75
      vertex -1.08579 77.5858 5.56076
    endloop
  endfacet
  facet normal -0.659553 0.751658 0
    outer loop
      vertex -1.28248 77.4133 5.55213
      vertex -1.25 77.4418 6.75
      vertex -1.25 77.4418 5.55
    endloop
  endfacet
  facet normal -0.659553 0.751658 0
    outer loop
      vertex -1.25 77.4418 6.75
      vertex -1.28248 77.4133 5.55213
      vertex -1.28248 77.4133 6.75213
    endloop
  endfacet
  facet normal -0.659378 0.751812 1.30982e-05
    outer loop
      vertex -1.08579 77.5858 10.4392
      vertex -1.08684 77.5849 9.23931
      vertex -1.25 77.4418 9.25
    endloop
  endfacet
  facet normal -0.650791 0.759257 0
    outer loop
      vertex -1.08684 77.5849 9.23931
      vertex -1.08579 77.5858 10.4392
      vertex -1.08579 77.5858 9.2391
    endloop
  endfacet
  facet normal -0.659324 0.751859 0
    outer loop
      vertex -1.25 77.4418 9.25
      vertex -1.25 77.4418 10.45
      vertex -1.08579 77.5858 10.4392
    endloop
  endfacet
  facet normal -0.659553 0.751658 0
    outer loop
      vertex -1.25 77.4418 10.45
      vertex -1.25 77.4418 9.25
      vertex -1.28248 77.4133 10.4479
    endloop
  endfacet
  facet normal -0.659553 0.751658 0
    outer loop
      vertex -1.28248 77.4133 10.4479
      vertex -1.25 77.4418 9.25
      vertex -1.28248 77.4133 9.24787
    endloop
  endfacet
  facet normal 0.553212 0.83304 0.00105846
    outer loop
      vertex -3.5 77.268 8.96496
      vertex -3.61652 77.3458 8.63411
      vertex -3.5135 77.277 8.93757
    endloop
  endfacet
  facet normal 0.554628 0.832098 0.000338272
    outer loop
      vertex -3.5 77.268 8.96496
      vertex -3.67904 77.3876 8.31979
      vertex -3.61652 77.3458 8.63411
    endloop
  endfacet
  facet normal 0.555484 0.831527 -4.86758e-06
    outer loop
      vertex -3.5 77.268 8.96496
      vertex -3.7 77.4016 8
      vertex -3.67904 77.3876 8.31979
    endloop
  endfacet
  facet normal 0.555459 0.831544 2.5287e-06
    outer loop
      vertex -3.5 77.268 8.96496
      vertex -3.67904 77.3876 7.68021
      vertex -3.7 77.4016 8
    endloop
  endfacet
  facet normal 0.555667 0.831405 -3.94404e-05
    outer loop
      vertex -3.5 77.268 8.96496
      vertex -3.61652 77.3458 7.36589
      vertex -3.67904 77.3876 7.68021
    endloop
  endfacet
  facet normal 0.555293 0.831655 -0
    outer loop
      vertex -3.5 77.268 7.03504
      vertex -3.61652 77.3458 7.36589
      vertex -3.5 77.268 8.96496
    endloop
  endfacet
  facet normal 0.553214 0.833038 -0.00105749
    outer loop
      vertex -3.61652 77.3458 7.36589
      vertex -3.5 77.268 7.03504
      vertex -3.5135 77.277 7.06242
    endloop
  endfacet
  facet normal -0.946965 0.321336 -4.83654e-06
    outer loop
      vertex -0.652241 78.2346 6.90403
      vertex -0.568148 78.4824 5.64969
      vertex -0.615892 78.3417 5.63348
    endloop
  endfacet
  facet normal -0.946941 0.321406 0
    outer loop
      vertex -0.568148 78.4824 5.64969
      vertex -0.625 78.3149 6.91747
      vertex -0.568148 78.4824 6.95546
    endloop
  endfacet
  facet normal -0.946948 0.321388 0
    outer loop
      vertex -0.652241 78.2346 6.90403
      vertex -0.615892 78.3417 5.63348
      vertex -0.652241 78.2346 5.62625
    endloop
  endfacet
  facet normal -0.946991 0.321261 -2.137e-05
    outer loop
      vertex -0.568148 78.4824 5.64969
      vertex -0.652241 78.2346 6.90403
      vertex -0.625 78.3149 6.91747
    endloop
  endfacet
  facet normal -0.946941 0.321406 0
    outer loop
      vertex -0.625 78.3149 9.08253
      vertex -0.568148 78.4824 10.3503
      vertex -0.568148 78.4824 9.04454
    endloop
  endfacet
  facet normal -0.946991 0.321261 2.13705e-05
    outer loop
      vertex -0.652241 78.2346 9.09596
      vertex -0.568148 78.4824 10.3503
      vertex -0.625 78.3149 9.08253
    endloop
  endfacet
  facet normal -0.946965 0.321336 4.83661e-06
    outer loop
      vertex -0.568148 78.4824 10.3503
      vertex -0.652241 78.2346 9.09596
      vertex -0.615892 78.3417 10.3665
    endloop
  endfacet
  facet normal -0.946948 0.321388 0
    outer loop
      vertex -0.615892 78.3417 10.3665
      vertex -0.652241 78.2346 9.09596
      vertex -0.652241 78.2346 10.3737
    endloop
  endfacet
  facet normal -0.195093 0.980785 0
    outer loop
      vertex -2.13388 77.038 7.11612
      vertex -2.23895 77.0171 5.76183
      vertex -2.23895 77.0171 7.23592
    endloop
  endfacet
  facet normal -0.195433 0.980717 2.74563e-05
    outer loop
      vertex -2.01095 77.0625 7.00831
      vertex -2.23895 77.0171 5.76183
      vertex -2.13388 77.038 7.11612
    endloop
  endfacet
  facet normal -0.192555 0.981286 -0.000519817
    outer loop
      vertex -1.98236 77.0681 6.9892
      vertex -2.23895 77.0171 5.76183
      vertex -2.01095 77.0625 7.00831
    endloop
  endfacet
  facet normal -0.194742 0.980854 -4.45858e-05
    outer loop
      vertex -1.98236 77.0681 6.9892
      vertex -2.18757 77.0273 5.7365
      vertex -2.23895 77.0171 5.76183
    endloop
  endfacet
  facet normal -0.195004 0.980802 0
    outer loop
      vertex -2.18757 77.0273 5.7365
      vertex -1.98236 77.0681 6.9892
      vertex -1.98236 77.0681 5.66683
    endloop
  endfacet
  facet normal -0.195004 0.980802 0
    outer loop
      vertex -1.98236 77.0681 9.01079
      vertex -2.18757 77.0273 10.2635
      vertex -1.98236 77.0681 10.3332
    endloop
  endfacet
  facet normal -0.194742 0.980855 4.45894e-05
    outer loop
      vertex -2.18757 77.0273 10.2635
      vertex -1.98236 77.0681 9.01079
      vertex -2.23895 77.0171 10.2382
    endloop
  endfacet
  facet normal -0.192554 0.981286 0.000519835
    outer loop
      vertex -2.01095 77.0625 8.99169
      vertex -2.23895 77.0171 10.2382
      vertex -1.98236 77.0681 9.01079
    endloop
  endfacet
  facet normal -0.195433 0.980717 -2.74557e-05
    outer loop
      vertex -2.13388 77.038 8.88388
      vertex -2.23895 77.0171 10.2382
      vertex -2.01095 77.0625 8.99169
    endloop
  endfacet
  facet normal -0.195093 0.980785 0
    outer loop
      vertex -2.23895 77.0171 10.2382
      vertex -2.13388 77.038 8.88388
      vertex -2.23895 77.0171 8.76408
    endloop
  endfacet
  facet normal 0.195199 0.980764 -0.000286657
    outer loop
      vertex -2.76105 77.0171 9.92654
      vertex -3.01764 77.0681 9.69224
      vertex -2.98241 77.0611 9.73241
    endloop
  endfacet
  facet normal 0.194947 0.980814 0
    outer loop
      vertex -2.76105 77.0171 9.92654
      vertex -3.01764 77.0681 6.30776
      vertex -3.01764 77.0681 9.69224
    endloop
  endfacet
  facet normal 0.194947 0.980814 -0
    outer loop
      vertex -2.76105 77.0171 6.07346
      vertex -3.01764 77.0681 6.30776
      vertex -2.76105 77.0171 9.92654
    endloop
  endfacet
  facet normal 0.195199 0.980764 0.000286657
    outer loop
      vertex -3.01764 77.0681 6.30776
      vertex -2.76105 77.0171 6.07346
      vertex -2.98241 77.0611 6.26759
    endloop
  endfacet
  facet normal -0.753306 0.657671 0
    outer loop
      vertex -0.913293 77.7825 5.57433
      vertex -0.926476 77.7674 6.79259
      vertex -0.913293 77.7825 6.79707
    endloop
  endfacet
  facet normal -0.752002 0.65916 -5.16426e-05
    outer loop
      vertex -1.08579 77.5858 6.7609
      vertex -0.913293 77.7825 5.57433
      vertex -0.93021 77.7632 5.57096
    endloop
  endfacet
  facet normal -0.751831 0.659356 0
    outer loop
      vertex -1.08579 77.5858 6.7609
      vertex -0.93021 77.7632 5.57096
      vertex -1.08579 77.5858 5.56076
    endloop
  endfacet
  facet normal -0.75173 0.659471 3.93593e-05
    outer loop
      vertex -0.913293 77.7825 5.57433
      vertex -1.08579 77.5858 6.7609
      vertex -0.926476 77.7674 6.79259
    endloop
  endfacet
  facet normal -0.753306 0.657671 0
    outer loop
      vertex -0.926476 77.7674 9.20741
      vertex -0.913293 77.7825 10.4257
      vertex -0.913293 77.7825 9.20293
    endloop
  endfacet
  facet normal -0.75173 0.659471 -3.93584e-05
    outer loop
      vertex -1.08579 77.5858 9.2391
      vertex -0.913293 77.7825 10.4257
      vertex -0.926476 77.7674 9.20741
    endloop
  endfacet
  facet normal -0.752002 0.65916 5.16715e-05
    outer loop
      vertex -0.913293 77.7825 10.4257
      vertex -1.08579 77.5858 9.2391
      vertex -0.93021 77.7632 10.429
    endloop
  endfacet
  facet normal -0.751831 0.659356 0
    outer loop
      vertex -0.93021 77.7632 10.429
      vertex -1.08579 77.5858 9.2391
      vertex -1.08579 77.5858 10.4392
    endloop
  endfacet
  facet normal -0.896848 0.442338 0
    outer loop
      vertex -0.767949 78 6.84697
      vertex -0.652241 78.2346 5.62625
      vertex -0.767949 78 5.60324
    endloop
  endfacet
  facet normal -0.896848 0.442338 0
    outer loop
      vertex -0.652241 78.2346 5.62625
      vertex -0.767949 78 6.84697
      vertex -0.652241 78.2346 6.90403
    endloop
  endfacet
  facet normal -0.896848 0.442338 0
    outer loop
      vertex -0.767949 78 9.15303
      vertex -0.652241 78.2346 10.3737
      vertex -0.652241 78.2346 9.09596
    endloop
  endfacet
  facet normal -0.896848 0.442338 0
    outer loop
      vertex -0.652241 78.2346 10.3737
      vertex -0.767949 78 9.15303
      vertex -0.767949 78 10.3968
    endloop
  endfacet
  facet normal -0.0655229 0.997851 0
    outer loop
      vertex -2.23895 77.0171 8.76408
      vertex -2.475 77.0016 10.1218
      vertex -2.23895 77.0171 10.2382
    endloop
  endfacet
  facet normal -0.0640414 0.997947 0.000258673
    outer loop
      vertex -2.475 77.0016 10.1218
      vertex -2.23895 77.0171 8.76408
      vertex -2.5 77 10.1051
    endloop
  endfacet
  facet normal -0.0714474 0.997444 -0.00118943
    outer loop
      vertex -2.24169 77.0169 8.76095
      vertex -2.5 77 10.1051
      vertex -2.23895 77.0171 8.76408
    endloop
  endfacet
  facet normal -0.0649184 0.997891 7.08781e-05
    outer loop
      vertex -2.33253 77.011 8.625
      vertex -2.5 77 10.1051
      vertex -2.24169 77.0169 8.76095
    endloop
  endfacet
  facet normal -0.0660984 0.997813 -6.32048e-05
    outer loop
      vertex -2.40485 77.0062 8.47835
      vertex -2.5 77 10.1051
      vertex -2.33253 77.011 8.625
    endloop
  endfacet
  facet normal -0.064622 0.99791 2.35156e-05
    outer loop
      vertex -2.45741 77.0028 8.32352
      vertex -2.5 77 10.1051
      vertex -2.40485 77.0062 8.47835
    endloop
  endfacet
  facet normal -0.0656792 0.997841 -1.86521e-06
    outer loop
      vertex -2.48931 77.0007 8.16316
      vertex -2.5 77 10.1051
      vertex -2.45741 77.0028 8.32352
    endloop
  endfacet
  facet normal -0.0653418 0.997863 0
    outer loop
      vertex -2.5 77 10.1051
      vertex -2.48931 77.0007 8.16316
      vertex -2.5 77 8
    endloop
  endfacet
  facet normal -0.0653418 0.997863 0
    outer loop
      vertex -2.48931 77.0007 7.83684
      vertex -2.5 77 5.89494
      vertex -2.5 77 8
    endloop
  endfacet
  facet normal -0.0656792 0.997841 1.86524e-06
    outer loop
      vertex -2.45741 77.0028 7.67648
      vertex -2.5 77 5.89494
      vertex -2.48931 77.0007 7.83684
    endloop
  endfacet
  facet normal -0.064622 0.99791 -2.35161e-05
    outer loop
      vertex -2.40485 77.0062 7.52165
      vertex -2.5 77 5.89494
      vertex -2.45741 77.0028 7.67648
    endloop
  endfacet
  facet normal -0.0660984 0.997813 6.32062e-05
    outer loop
      vertex -2.33253 77.011 7.375
      vertex -2.5 77 5.89494
      vertex -2.40485 77.0062 7.52165
    endloop
  endfacet
  facet normal -0.0649184 0.997891 -7.08797e-05
    outer loop
      vertex -2.24169 77.0169 7.23905
      vertex -2.5 77 5.89494
      vertex -2.33253 77.011 7.375
    endloop
  endfacet
  facet normal -0.0714473 0.997444 0.00118946
    outer loop
      vertex -2.23895 77.0171 7.23592
      vertex -2.5 77 5.89494
      vertex -2.24169 77.0169 7.23905
    endloop
  endfacet
  facet normal -0.0640414 0.997947 -0.00025868
    outer loop
      vertex -2.23895 77.0171 7.23592
      vertex -2.475 77.0016 5.87824
      vertex -2.5 77 5.89494
    endloop
  endfacet
  facet normal -0.0655229 0.997851 0
    outer loop
      vertex -2.475 77.0016 5.87824
      vertex -2.23895 77.0171 7.23592
      vertex -2.23895 77.0171 5.76183
    endloop
  endfacet
  facet normal -0.442639 0.8967 0
    outer loop
      vertex -1.72835 77.1553 6.84515
      vertex -1.73463 77.1522 5.60375
      vertex -1.73463 77.1522 6.84825
    endloop
  endfacet
  facet normal -0.442505 0.896766 -8.43035e-07
    outer loop
      vertex -1.57352 77.2317 6.79259
      vertex -1.73463 77.1522 5.60375
      vertex -1.72835 77.1553 6.84515
    endloop
  endfacet
  facet normal -0.442714 0.896663 3.44943e-05
    outer loop
      vertex -1.5 77.268 6.77797
      vertex -1.73463 77.1522 5.60375
      vertex -1.57352 77.2317 6.79259
    endloop
  endfacet
  facet normal -0.442341 0.896847 -5.81686e-05
    outer loop
      vertex -1.5 77.268 6.77797
      vertex -1.56979 77.2335 5.57096
      vertex -1.73463 77.1522 5.60375
    endloop
  endfacet
  facet normal -0.44315 0.896447 0
    outer loop
      vertex -1.56979 77.2335 5.57096
      vertex -1.5 77.268 6.77797
      vertex -1.5 77.268 5.56639
    endloop
  endfacet
  facet normal -0.44315 0.896447 0
    outer loop
      vertex -1.5 77.268 9.22203
      vertex -1.56979 77.2335 10.429
      vertex -1.5 77.268 10.4336
    endloop
  endfacet
  facet normal -0.442341 0.896847 5.81703e-05
    outer loop
      vertex -1.56979 77.2335 10.429
      vertex -1.5 77.268 9.22203
      vertex -1.73463 77.1522 10.3962
    endloop
  endfacet
  facet normal -0.442714 0.896663 -3.44958e-05
    outer loop
      vertex -1.57352 77.2317 9.20741
      vertex -1.73463 77.1522 10.3962
      vertex -1.5 77.268 9.22203
    endloop
  endfacet
  facet normal -0.442505 0.896766 8.43069e-07
    outer loop
      vertex -1.72835 77.1553 9.15485
      vertex -1.73463 77.1522 10.3962
      vertex -1.57352 77.2317 9.20741
    endloop
  endfacet
  facet normal -0.442639 0.8967 0
    outer loop
      vertex -1.73463 77.1522 10.3962
      vertex -1.72835 77.1553 9.15485
      vertex -1.73463 77.1522 9.15175
    endloop
  endfacet
  facet normal -0.829932 0.557865 0
    outer loop
      vertex -0.767949 78 5.60324
      vertex -0.771646 77.9945 6.84515
      vertex -0.767949 78 6.84697
    endloop
  endfacet
  facet normal -0.831443 0.55561 0
    outer loop
      vertex -0.913293 77.7825 6.79707
      vertex -0.767949 78 5.60324
      vertex -0.913293 77.7825 5.57433
    endloop
  endfacet
  facet normal -0.831481 0.555554 -1.48455e-05
    outer loop
      vertex -0.767949 78 5.60324
      vertex -0.913293 77.7825 6.79707
      vertex -0.771646 77.9945 6.84515
    endloop
  endfacet
  facet normal -0.829932 0.557865 0
    outer loop
      vertex -0.771646 77.9945 9.15485
      vertex -0.767949 78 10.3968
      vertex -0.767949 78 9.15303
    endloop
  endfacet
  facet normal -0.831481 0.555554 1.48451e-05
    outer loop
      vertex -0.913293 77.7825 9.20293
      vertex -0.767949 78 10.3968
      vertex -0.771646 77.9945 9.15485
    endloop
  endfacet
  facet normal -0.831443 0.55561 0
    outer loop
      vertex -0.767949 78 10.3968
      vertex -0.913293 77.7825 9.20293
      vertex -0.913293 77.7825 10.4257
    endloop
  endfacet
  facet normal 0.0623494 0.998045 0.00442565
    outer loop
      vertex -2.5 77 10.1051
      vertex -2.76105 77.0171 9.92654
      vertex -2.74146 77.0158 9.94372
    endloop
  endfacet
  facet normal 0.0653646 0.997861 -0
    outer loop
      vertex -2.5 77 8
      vertex -2.76105 77.0171 9.92654
      vertex -2.5 77 10.1051
    endloop
  endfacet
  facet normal 0.0653646 0.997861 0
    outer loop
      vertex -2.5 77 8
      vertex -2.76105 77.0171 6.07346
      vertex -2.76105 77.0171 9.92654
    endloop
  endfacet
  facet normal 0.0661245 0.997811 -0.000103407
    outer loop
      vertex -2.5 77 8
      vertex -2.74146 77.0158 6.05628
      vertex -2.76105 77.0171 6.07346
    endloop
  endfacet
  facet normal 0.0652956 0.997866 0
    outer loop
      vertex -2.74146 77.0158 6.05628
      vertex -2.5 77 8
      vertex -2.5 77 5.89494
    endloop
  endfacet
  facet normal 0.44224 0.896897 0.000233569
    outer loop
      vertex -3.26537 77.1522 9.38423
      vertex -3.5 77.268 8.96496
      vertex -3.37176 77.2047 9.225
    endloop
  endfacet
  facet normal 0.442575 0.896731 0
    outer loop
      vertex -3.26537 77.1522 9.38423
      vertex -3.5 77.268 7.03504
      vertex -3.5 77.268 8.96496
    endloop
  endfacet
  facet normal 0.442575 0.896731 -0
    outer loop
      vertex -3.26537 77.1522 6.61577
      vertex -3.5 77.268 7.03504
      vertex -3.26537 77.1522 9.38423
    endloop
  endfacet
  facet normal 0.44224 0.896897 -0.000233569
    outer loop
      vertex -3.5 77.268 7.03504
      vertex -3.26537 77.1522 6.61577
      vertex -3.37176 77.2047 6.775
    endloop
  endfacet
endsolid OpenSCAD_Model
