solid OpenSCAD_Model
  facet normal 0 0 -1
    outer loop
      vertex 1.79999 62.0809 0
      vertex 6.47432 62.5052 0
      vertex 1.79999 61.2527 0
    endloop
  endfacet
  facet normal -0 0 -1
    outer loop
      vertex 6.47432 62.5052 0
      vertex 1.79999 62.0809 0
      vertex 6.37029 63.3055 0
    endloop
  endfacet
  facet normal 0 0 -1
    outer loop
      vertex 1.79999 53.3309 0
      vertex 7.57353 54.0497 0
      vertex 1.79999 52.5027 0
    endloop
  endfacet
  facet normal -0 0 -1
    outer loop
      vertex 7.57353 54.0497 0
      vertex 1.79999 53.3309 0
      vertex 7.46948 54.85 0
    endloop
  endfacet
  facet normal 0 0 -1
    outer loop
      vertex 1.79999 44.5809 0
      vertex 8.67274 45.5942 0
      vertex 1.79999 43.7527 0
    endloop
  endfacet
  facet normal -0 0 -1
    outer loop
      vertex 8.67274 45.5942 0
      vertex 1.79999 44.5809 0
      vertex 8.5687 46.3946 0
    endloop
  endfacet
  facet normal 0 0 -1
    outer loop
      vertex 1.79999 35.8309 0
      vertex 9.77196 37.1388 0
      vertex 1.79999 35.0027 0
    endloop
  endfacet
  facet normal -0 0 -1
    outer loop
      vertex 9.77196 37.1388 0
      vertex 1.79999 35.8309 0
      vertex 9.66791 37.9391 0
    endloop
  endfacet
  facet normal 0 0 -1
    outer loop
      vertex 9.64207 -8.56001 0
      vertex 16 -12 0
      vertex 9.68546 -8.7781 0
    endloop
  endfacet
  facet normal 0 0 -1
    outer loop
      vertex 16 -12 0
      vertex 9.68546 -3.82189 0
      vertex 9.7 -3.6 0
    endloop
  endfacet
  facet normal 0 0 -1
    outer loop
      vertex 9.57059 -8.34944 0
      vertex 16 -12 0
      vertex 9.64207 -8.56001 0
    endloop
  endfacet
  facet normal 0 0 -1
    outer loop
      vertex 16 -12 0
      vertex 9.64207 -4.03999 0
      vertex 9.68546 -3.82189 0
    endloop
  endfacet
  facet normal 0 0 -1
    outer loop
      vertex 9.57059 -4.25056 0
      vertex 16 -12 0
      vertex 9.57059 -8.34944 0
    endloop
  endfacet
  facet normal 0 0 -1
    outer loop
      vertex 16 -12 0
      vertex 9.57059 -4.25056 0
      vertex 9.64207 -4.03999 0
    endloop
  endfacet
  facet normal 0 0 -1
    outer loop
      vertex 9.47224 -8.15 0
      vertex 9.57059 -4.25056 0
      vertex 9.57059 -8.34944 0
    endloop
  endfacet
  facet normal 0 0 -1
    outer loop
      vertex 9.47224 -8.15 0
      vertex 9.47224 -4.45 0
      vertex 9.57059 -4.25056 0
    endloop
  endfacet
  facet normal 0 0 -1
    outer loop
      vertex 9.3487 -7.96511 0
      vertex 9.47224 -4.45 0
      vertex 9.47224 -8.15 0
    endloop
  endfacet
  facet normal 0 0 -1
    outer loop
      vertex 9.3487 -7.96511 0
      vertex 9.3487 -4.63489 0
      vertex 9.47224 -4.45 0
    endloop
  endfacet
  facet normal 0 0 -1
    outer loop
      vertex 9.20208 -7.79792 0
      vertex 9.3487 -4.63489 0
      vertex 9.3487 -7.96511 0
    endloop
  endfacet
  facet normal 0 0 -1
    outer loop
      vertex 9.20208 -7.79792 0
      vertex 9.20208 -4.80208 0
      vertex 9.3487 -4.63489 0
    endloop
  endfacet
  facet normal 0 0 -1
    outer loop
      vertex 9.03489 -7.6513 0
      vertex 9.20208 -4.80208 0
      vertex 9.20208 -7.79792 0
    endloop
  endfacet
  facet normal 0 0 -1
    outer loop
      vertex 9.03489 -7.6513 0
      vertex 9.03489 -4.9487 0
      vertex 9.20208 -4.80208 0
    endloop
  endfacet
  facet normal 0 0 -1
    outer loop
      vertex 8.85 -7.52776 0
      vertex 9.03489 -4.9487 0
      vertex 9.03489 -7.6513 0
    endloop
  endfacet
  facet normal 0 0 -1
    outer loop
      vertex 8.85 -7.52776 0
      vertex 8.85 -5.07224 0
      vertex 9.03489 -4.9487 0
    endloop
  endfacet
  facet normal 0 0 -1
    outer loop
      vertex 8.65056 -7.4294 0
      vertex 8.85 -5.07224 0
      vertex 8.85 -7.52776 0
    endloop
  endfacet
  facet normal 0 0 -1
    outer loop
      vertex 8.65056 -7.4294 0
      vertex 8.65056 -5.1706 0
      vertex 8.85 -5.07224 0
    endloop
  endfacet
  facet normal 0 0 -1
    outer loop
      vertex 8.43999 -7.35793 0
      vertex 8.65056 -5.1706 0
      vertex 8.65056 -7.4294 0
    endloop
  endfacet
  facet normal 0 0 -1
    outer loop
      vertex 8.43999 -7.35793 0
      vertex 8.43999 -5.24207 0
      vertex 8.65056 -5.1706 0
    endloop
  endfacet
  facet normal 0 0 -1
    outer loop
      vertex 8.22189 -7.31454 0
      vertex 8.43999 -5.24207 0
      vertex 8.43999 -7.35793 0
    endloop
  endfacet
  facet normal 0 0 -1
    outer loop
      vertex 8.22189 -7.31454 0
      vertex 8.22189 -5.28546 0
      vertex 8.43999 -5.24207 0
    endloop
  endfacet
  facet normal 0 0 -1
    outer loop
      vertex 8 -7.3 0
      vertex 8.22189 -5.28546 0
      vertex 8.22189 -7.31454 0
    endloop
  endfacet
  facet normal 0 0 -1
    outer loop
      vertex 8 -7.3 0
      vertex 8 -5.3 0
      vertex 8.22189 -5.28546 0
    endloop
  endfacet
  facet normal 0 0 -1
    outer loop
      vertex 7.7781 -7.31454 0
      vertex 8 -5.3 0
      vertex 8 -7.3 0
    endloop
  endfacet
  facet normal 0 0 -1
    outer loop
      vertex 7.7781 -7.31454 0
      vertex 7.7781 -5.28546 0
      vertex 8 -5.3 0
    endloop
  endfacet
  facet normal 0 0 -1
    outer loop
      vertex 7.56001 -7.35793 0
      vertex 7.7781 -5.28546 0
      vertex 7.7781 -7.31454 0
    endloop
  endfacet
  facet normal 0 0 -1
    outer loop
      vertex 7.56001 -7.35793 0
      vertex 7.56001 -5.24207 0
      vertex 7.7781 -5.28546 0
    endloop
  endfacet
  facet normal 0 0 -1
    outer loop
      vertex 7.34944 -7.4294 0
      vertex 7.56001 -5.24207 0
      vertex 7.56001 -7.35793 0
    endloop
  endfacet
  facet normal 0 0 -1
    outer loop
      vertex 7.34944 -7.4294 0
      vertex 7.34944 -5.1706 0
      vertex 7.56001 -5.24207 0
    endloop
  endfacet
  facet normal 0 0 -1
    outer loop
      vertex 7.15 -7.52776 0
      vertex 7.34944 -5.1706 0
      vertex 7.34944 -7.4294 0
    endloop
  endfacet
  facet normal 0 0 -1
    outer loop
      vertex 7.15 -7.52776 0
      vertex 7.15 -5.07224 0
      vertex 7.34944 -5.1706 0
    endloop
  endfacet
  facet normal 0 0 -1
    outer loop
      vertex 6.96511 -7.6513 0
      vertex 7.15 -5.07224 0
      vertex 7.15 -7.52776 0
    endloop
  endfacet
  facet normal 0 0 -1
    outer loop
      vertex 6.96511 -7.6513 0
      vertex 6.96511 -4.9487 0
      vertex 7.15 -5.07224 0
    endloop
  endfacet
  facet normal 0 0 -1
    outer loop
      vertex 6.79792 -7.79792 0
      vertex 6.96511 -4.9487 0
      vertex 6.96511 -7.6513 0
    endloop
  endfacet
  facet normal 0 0 -1
    outer loop
      vertex 6.79792 -7.79792 0
      vertex 6.79792 -4.80208 0
      vertex 6.96511 -4.9487 0
    endloop
  endfacet
  facet normal 0 0 -1
    outer loop
      vertex 6.6513 -7.96511 0
      vertex 6.79792 -4.80208 0
      vertex 6.79792 -7.79792 0
    endloop
  endfacet
  facet normal 0 0 -1
    outer loop
      vertex 6.6513 -7.96511 0
      vertex 6.6513 -4.63489 0
      vertex 6.79792 -4.80208 0
    endloop
  endfacet
  facet normal 0 0 -1
    outer loop
      vertex 6.52776 -8.15 0
      vertex 6.6513 -4.63489 0
      vertex 6.6513 -7.96511 0
    endloop
  endfacet
  facet normal 0 0 -1
    outer loop
      vertex 6.52776 -8.15 0
      vertex 6.52776 -4.45 0
      vertex 6.6513 -4.63489 0
    endloop
  endfacet
  facet normal 0 0 -1
    outer loop
      vertex 6.4294 -8.34944 0
      vertex 6.52776 -4.45 0
      vertex 6.52776 -8.15 0
    endloop
  endfacet
  facet normal 0 0 -1
    outer loop
      vertex 6.4294 -8.34944 0
      vertex 6.4294 -4.25056 0
      vertex 6.52776 -4.45 0
    endloop
  endfacet
  facet normal 0 0 -1
    outer loop
      vertex 0 -12 0
      vertex 6.4294 -8.34944 0
      vertex 6.35793 -8.56001 0
    endloop
  endfacet
  facet normal -0 0 -1
    outer loop
      vertex 6.4294 -8.34944 0
      vertex 0 -12 0
      vertex 6.4294 -4.25056 0
    endloop
  endfacet
  facet normal 0 0 -1
    outer loop
      vertex 0 -12 0
      vertex 6.35793 -8.56001 0
      vertex 6.31454 -8.7781 0
    endloop
  endfacet
  facet normal -0 0 -1
    outer loop
      vertex 6.4294 -4.25056 0
      vertex 0 -12 0
      vertex 6.35793 -4.03999 0
    endloop
  endfacet
  facet normal 0 0 -1
    outer loop
      vertex 0 -12 0
      vertex 6.31454 -8.7781 0
      vertex 6.3 -9 0
    endloop
  endfacet
  facet normal 0 -0 -1
    outer loop
      vertex 1.79999 0.00999451 0
      vertex 6.35793 -4.03999 0
      vertex 0 -12 0
    endloop
  endfacet
  facet normal 0 0 -1
    outer loop
      vertex 1.79999 27.0809 0
      vertex 10.8712 28.6833 0
      vertex 1.79999 26.2527 0
    endloop
  endfacet
  facet normal -0 0 -1
    outer loop
      vertex 10.8712 28.6833 0
      vertex 1.79999 27.0809 0
      vertex 10.7671 29.4836 0
    endloop
  endfacet
  facet normal 0 0 -1
    outer loop
      vertex 1.79999 18.3309 0
      vertex 11.9704 20.2278 0
      vertex 1.79999 17.5027 0
    endloop
  endfacet
  facet normal -0 0 -1
    outer loop
      vertex 11.9704 20.2278 0
      vertex 1.79999 18.3309 0
      vertex 11.8663 21.0282 0
    endloop
  endfacet
  facet normal 0 0 -1
    outer loop
      vertex 1.79999 9.5809 0
      vertex 13.0696 11.7724 0
      vertex 1.79999 8.75269 0
    endloop
  endfacet
  facet normal -0 0 -1
    outer loop
      vertex 13.0696 11.7724 0
      vertex 1.79999 9.5809 0
      vertex 12.9655 12.5727 0
    endloop
  endfacet
  facet normal 0 0 -1
    outer loop
      vertex 16 -12 0
      vertex 15.9986 0.00999451 0
      vertex 16 0.00999451 0
    endloop
  endfacet
  facet normal 0 0 -1
    outer loop
      vertex 16 -12 0
      vertex 14.5987 0.00999451 0
      vertex 15.9986 0.00999451 0
    endloop
  endfacet
  facet normal 0 0 -1
    outer loop
      vertex 9.68546 -8.7781 0
      vertex 16 -12 0
      vertex 9.7 -9 0
    endloop
  endfacet
  facet normal 0 0 -1
    outer loop
      vertex 16 -12 0
      vertex 9.68546 -9.22189 0
      vertex 9.7 -9 0
    endloop
  endfacet
  facet normal 0 0 -1
    outer loop
      vertex 16 -12 0
      vertex 9.64207 -9.43999 0
      vertex 9.68546 -9.22189 0
    endloop
  endfacet
  facet normal 0 0 -1
    outer loop
      vertex 16 -12 0
      vertex 9.57059 -9.65056 0
      vertex 9.64207 -9.43999 0
    endloop
  endfacet
  facet normal 0 0 -1
    outer loop
      vertex 16 -12 0
      vertex 9.47224 -9.85 0
      vertex 9.57059 -9.65056 0
    endloop
  endfacet
  facet normal 0 0 -1
    outer loop
      vertex 16 -12 0
      vertex 9.3487 -10.0349 0
      vertex 9.47224 -9.85 0
    endloop
  endfacet
  facet normal 0 0 -1
    outer loop
      vertex 16 -12 0
      vertex 9.20208 -10.2021 0
      vertex 9.3487 -10.0349 0
    endloop
  endfacet
  facet normal 0 0 -1
    outer loop
      vertex 16 -12 0
      vertex 9.03489 -10.3487 0
      vertex 9.20208 -10.2021 0
    endloop
  endfacet
  facet normal 0 0 -1
    outer loop
      vertex 16 -12 0
      vertex 8.85 -10.4722 0
      vertex 9.03489 -10.3487 0
    endloop
  endfacet
  facet normal 0 0 -1
    outer loop
      vertex 16 -12 0
      vertex 8.65056 -10.5706 0
      vertex 8.85 -10.4722 0
    endloop
  endfacet
  facet normal 0 0 -1
    outer loop
      vertex 16 -12 0
      vertex 8.43999 -10.6421 0
      vertex 8.65056 -10.5706 0
    endloop
  endfacet
  facet normal 0 0 -1
    outer loop
      vertex 16 -12 0
      vertex 8.22189 -10.6855 0
      vertex 8.43999 -10.6421 0
    endloop
  endfacet
  facet normal 0 0 -1
    outer loop
      vertex 16 -12 0
      vertex 8 -10.7 0
      vertex 8.22189 -10.6855 0
    endloop
  endfacet
  facet normal 0 0 -1
    outer loop
      vertex 0 -12 0
      vertex 8 -10.7 0
      vertex 16 -12 0
    endloop
  endfacet
  facet normal 0 0 -1
    outer loop
      vertex 6.35793 -4.03999 0
      vertex 1.79999 0.00999451 0
      vertex 6.31454 -3.82189 0
    endloop
  endfacet
  facet normal 0 0 -1
    outer loop
      vertex 0 -12 0
      vertex 6.3 -9 0
      vertex 6.31454 -9.22189 0
    endloop
  endfacet
  facet normal 0 0 -1
    outer loop
      vertex 0 -12 0
      vertex 6.31454 -9.22189 0
      vertex 6.35793 -9.43999 0
    endloop
  endfacet
  facet normal 0 0 -1
    outer loop
      vertex 0 -12 0
      vertex 6.35793 -9.43999 0
      vertex 6.4294 -9.65056 0
    endloop
  endfacet
  facet normal 0 0 -1
    outer loop
      vertex 0 -12 0
      vertex 1.79999 8.75269 0
      vertex 1.79999 0.00999451 0
    endloop
  endfacet
  facet normal -0 0 -1
    outer loop
      vertex 1.79999 8.75269 0
      vertex 0 -12 0
      vertex 1.79999 9.5809 0
    endloop
  endfacet
  facet normal -0 0 -1
    outer loop
      vertex 1.79999 9.5809 0
      vertex 0 -12 0
      vertex 1.79999 17.5027 0
    endloop
  endfacet
  facet normal -0 0 -1
    outer loop
      vertex 1.79999 17.5027 0
      vertex 0 -12 0
      vertex 1.79999 18.3309 0
    endloop
  endfacet
  facet normal -0 0 -1
    outer loop
      vertex 1.79999 18.3309 0
      vertex 0 -12 0
      vertex 1.79999 26.2527 0
    endloop
  endfacet
  facet normal -0 0 -1
    outer loop
      vertex 1.79999 26.2527 0
      vertex 0 -12 0
      vertex 1.79999 27.0809 0
    endloop
  endfacet
  facet normal -0 0 -1
    outer loop
      vertex 1.79999 27.0809 0
      vertex 0 -12 0
      vertex 1.79999 35.0027 0
    endloop
  endfacet
  facet normal -0 0 -1
    outer loop
      vertex 1.79999 35.0027 0
      vertex 0 -12 0
      vertex 1.79999 35.8309 0
    endloop
  endfacet
  facet normal 0 0 -1
    outer loop
      vertex 0 80 0
      vertex 1.79999 35.8309 0
      vertex 0 -12 0
    endloop
  endfacet
  facet normal 0 0 -1
    outer loop
      vertex 1.79999 35.8309 0
      vertex 0 80 0
      vertex 1.79999 43.7527 0
    endloop
  endfacet
  facet normal 0 0 -1
    outer loop
      vertex 1.79999 43.7527 0
      vertex 0 80 0
      vertex 1.79999 44.5809 0
    endloop
  endfacet
  facet normal 0 0 -1
    outer loop
      vertex 1.79999 44.5809 0
      vertex 0 80 0
      vertex 1.79999 52.5027 0
    endloop
  endfacet
  facet normal 0 0 -1
    outer loop
      vertex 1.79999 52.5027 0
      vertex 0 80 0
      vertex 1.79999 53.3309 0
    endloop
  endfacet
  facet normal 0 0 -1
    outer loop
      vertex 1.79999 53.3309 0
      vertex 0 80 0
      vertex 1.79999 61.2527 0
    endloop
  endfacet
  facet normal 0 0 -1
    outer loop
      vertex 1.79999 61.2527 0
      vertex 0 80 0
      vertex 1.79999 62.0809 0
    endloop
  endfacet
  facet normal 0 0 -1
    outer loop
      vertex 6.31454 -3.82189 0
      vertex 1.79999 0.00999451 0
      vertex 6.3 -3.6 0
    endloop
  endfacet
  facet normal -0 0 -1
    outer loop
      vertex 6.52776 -9.85 0
      vertex 0 -12 0
      vertex 6.4294 -9.65056 0
    endloop
  endfacet
  facet normal -0 0 -1
    outer loop
      vertex 6.6513 -10.0349 0
      vertex 0 -12 0
      vertex 6.52776 -9.85 0
    endloop
  endfacet
  facet normal -0 0 -1
    outer loop
      vertex 6.79792 -10.2021 0
      vertex 0 -12 0
      vertex 6.6513 -10.0349 0
    endloop
  endfacet
  facet normal -0 0 -1
    outer loop
      vertex 6.96511 -10.3487 0
      vertex 0 -12 0
      vertex 6.79792 -10.2021 0
    endloop
  endfacet
  facet normal -0 0 -1
    outer loop
      vertex 7.15 -10.4722 0
      vertex 0 -12 0
      vertex 6.96511 -10.3487 0
    endloop
  endfacet
  facet normal -0 0 -1
    outer loop
      vertex 7.34944 -10.5706 0
      vertex 0 -12 0
      vertex 7.15 -10.4722 0
    endloop
  endfacet
  facet normal -0 0 -1
    outer loop
      vertex 7.56001 -10.6421 0
      vertex 0 -12 0
      vertex 7.34944 -10.5706 0
    endloop
  endfacet
  facet normal -0 0 -1
    outer loop
      vertex 7.7781 -10.6855 0
      vertex 0 -12 0
      vertex 7.56001 -10.6421 0
    endloop
  endfacet
  facet normal -0 0 -1
    outer loop
      vertex 8 -10.7 0
      vertex 0 -12 0
      vertex 7.7781 -10.6855 0
    endloop
  endfacet
  facet normal 0 0 -1
    outer loop
      vertex 13.0696 11.7724 0
      vertex 15.9986 0.00999451 0
      vertex 14.5987 0.00999451 0
    endloop
  endfacet
  facet normal 0 0 -1
    outer loop
      vertex 12.9655 12.5727 0
      vertex 15.9986 0.00999451 0
      vertex 13.0696 11.7724 0
    endloop
  endfacet
  facet normal 0 0 -1
    outer loop
      vertex 11.9704 20.2278 0
      vertex 15.9986 0.00999451 0
      vertex 12.9655 12.5727 0
    endloop
  endfacet
  facet normal 0 0 -1
    outer loop
      vertex 11.8663 21.0282 0
      vertex 15.9986 0.00999451 0
      vertex 11.9704 20.2278 0
    endloop
  endfacet
  facet normal 0 0 -1
    outer loop
      vertex 10.8712 28.6833 0
      vertex 15.9986 0.00999451 0
      vertex 11.8663 21.0282 0
    endloop
  endfacet
  facet normal 0 0 -1
    outer loop
      vertex 10.7671 29.4836 0
      vertex 15.9986 0.00999451 0
      vertex 10.8712 28.6833 0
    endloop
  endfacet
  facet normal 0 0 -1
    outer loop
      vertex 9.77196 37.1388 0
      vertex 15.9986 0.00999451 0
      vertex 10.7671 29.4836 0
    endloop
  endfacet
  facet normal 0 0 -1
    outer loop
      vertex 9.66791 37.9391 0
      vertex 15.9986 0.00999451 0
      vertex 9.77196 37.1388 0
    endloop
  endfacet
  facet normal 0 0 -1
    outer loop
      vertex 8.67274 45.5942 0
      vertex 15.9986 0.00999451 0
      vertex 9.66791 37.9391 0
    endloop
  endfacet
  facet normal 0 0 -1
    outer loop
      vertex 8.5687 46.3946 0
      vertex 15.9986 0.00999451 0
      vertex 8.67274 45.5942 0
    endloop
  endfacet
  facet normal 0 0 -1
    outer loop
      vertex 7.57353 54.0497 0
      vertex 15.9986 0.00999451 0
      vertex 8.5687 46.3946 0
    endloop
  endfacet
  facet normal 0 0 -1
    outer loop
      vertex 5 80 0
      vertex 7.57353 54.0497 0
      vertex 7.46948 54.85 0
    endloop
  endfacet
  facet normal 0 0 -1
    outer loop
      vertex 5 80 0
      vertex 7.46948 54.85 0
      vertex 6.47432 62.5052 0
    endloop
  endfacet
  facet normal 0 0 -1
    outer loop
      vertex 5 80 0
      vertex 6.47432 62.5052 0
      vertex 6.37029 63.3055 0
    endloop
  endfacet
  facet normal 0 0 -1
    outer loop
      vertex 7.57353 54.0497 0
      vertex 5 80 0
      vertex 15.9986 0.00999451 0
    endloop
  endfacet
  facet normal 0 0 -1
    outer loop
      vertex 4.98 74 0
      vertex 5 80 0
      vertex 6.37029 63.3055 0
    endloop
  endfacet
  facet normal 0 0 -1
    outer loop
      vertex 1.79999 74 0
      vertex 5 80 0
      vertex 4.98 74 0
    endloop
  endfacet
  facet normal 0 0 -1
    outer loop
      vertex 1.79999 74 0
      vertex 0 80 0
      vertex 5 80 0
    endloop
  endfacet
  facet normal 0 0 -1
    outer loop
      vertex 1.79999 62.0809 0
      vertex 0 80 0
      vertex 1.79999 74 0
    endloop
  endfacet
  facet normal 0 0 -1
    outer loop
      vertex 16 -12 0
      vertex 9.7 -3.6 0
      vertex 14.5987 0.00999451 0
    endloop
  endfacet
  facet normal 0 0 -1
    outer loop
      vertex 9.68546 -3.37811 0
      vertex 14.5987 0.00999451 0
      vertex 9.7 -3.6 0
    endloop
  endfacet
  facet normal 0 0 -1
    outer loop
      vertex 9.64207 -3.16001 0
      vertex 14.5987 0.00999451 0
      vertex 9.68546 -3.37811 0
    endloop
  endfacet
  facet normal 0 0 -1
    outer loop
      vertex 9.57059 -2.94944 0
      vertex 14.5987 0.00999451 0
      vertex 9.64207 -3.16001 0
    endloop
  endfacet
  facet normal 0 0 -1
    outer loop
      vertex 9.47224 -2.75 0
      vertex 14.5987 0.00999451 0
      vertex 9.57059 -2.94944 0
    endloop
  endfacet
  facet normal 0 0 -1
    outer loop
      vertex 9.3487 -2.56511 0
      vertex 14.5987 0.00999451 0
      vertex 9.47224 -2.75 0
    endloop
  endfacet
  facet normal 0 0 -1
    outer loop
      vertex 9.20208 -2.39792 0
      vertex 14.5987 0.00999451 0
      vertex 9.3487 -2.56511 0
    endloop
  endfacet
  facet normal 0 0 -1
    outer loop
      vertex 9.03489 -2.2513 0
      vertex 14.5987 0.00999451 0
      vertex 9.20208 -2.39792 0
    endloop
  endfacet
  facet normal 0 0 -1
    outer loop
      vertex 8.85 -2.12776 0
      vertex 14.5987 0.00999451 0
      vertex 9.03489 -2.2513 0
    endloop
  endfacet
  facet normal 0 0 -1
    outer loop
      vertex 8.65056 -2.0294 0
      vertex 14.5987 0.00999451 0
      vertex 8.85 -2.12776 0
    endloop
  endfacet
  facet normal 0 0 -1
    outer loop
      vertex 8.43999 -1.95793 0
      vertex 14.5987 0.00999451 0
      vertex 8.65056 -2.0294 0
    endloop
  endfacet
  facet normal 0 0 -1
    outer loop
      vertex 8.22189 -1.91454 0
      vertex 14.5987 0.00999451 0
      vertex 8.43999 -1.95793 0
    endloop
  endfacet
  facet normal 0 0 -1
    outer loop
      vertex 8 -1.9 0
      vertex 14.5987 0.00999451 0
      vertex 8.22189 -1.91454 0
    endloop
  endfacet
  facet normal 0 0 -1
    outer loop
      vertex 1.79999 0.00999451 0
      vertex 8 -1.9 0
      vertex 7.7781 -1.91454 0
    endloop
  endfacet
  facet normal 0 0 -1
    outer loop
      vertex 1.79999 0.00999451 0
      vertex 7.7781 -1.91454 0
      vertex 7.56001 -1.95793 0
    endloop
  endfacet
  facet normal 0 0 -1
    outer loop
      vertex 8 -1.9 0
      vertex 1.79999 0.00999451 0
      vertex 14.5987 0.00999451 0
    endloop
  endfacet
  facet normal 0 0 -1
    outer loop
      vertex 7.34944 -2.0294 0
      vertex 1.79999 0.00999451 0
      vertex 7.56001 -1.95793 0
    endloop
  endfacet
  facet normal 0 0 -1
    outer loop
      vertex 7.15 -2.12776 0
      vertex 1.79999 0.00999451 0
      vertex 7.34944 -2.0294 0
    endloop
  endfacet
  facet normal 0 0 -1
    outer loop
      vertex 6.96511 -2.2513 0
      vertex 1.79999 0.00999451 0
      vertex 7.15 -2.12776 0
    endloop
  endfacet
  facet normal 0 0 -1
    outer loop
      vertex 6.79792 -2.39792 0
      vertex 1.79999 0.00999451 0
      vertex 6.96511 -2.2513 0
    endloop
  endfacet
  facet normal 0 0 -1
    outer loop
      vertex 6.6513 -2.56511 0
      vertex 1.79999 0.00999451 0
      vertex 6.79792 -2.39792 0
    endloop
  endfacet
  facet normal 0 0 -1
    outer loop
      vertex 6.52776 -2.75 0
      vertex 1.79999 0.00999451 0
      vertex 6.6513 -2.56511 0
    endloop
  endfacet
  facet normal 0 0 -1
    outer loop
      vertex 6.4294 -2.94944 0
      vertex 1.79999 0.00999451 0
      vertex 6.52776 -2.75 0
    endloop
  endfacet
  facet normal 0 0 -1
    outer loop
      vertex 6.35793 -3.16001 0
      vertex 1.79999 0.00999451 0
      vertex 6.4294 -2.94944 0
    endloop
  endfacet
  facet normal 0 0 -1
    outer loop
      vertex 6.31454 -3.37811 0
      vertex 1.79999 0.00999451 0
      vertex 6.35793 -3.16001 0
    endloop
  endfacet
  facet normal 0 0 -1
    outer loop
      vertex 1.79999 0.00999451 0
      vertex 6.31454 -3.37811 0
      vertex 6.3 -3.6 0
    endloop
  endfacet
  facet normal 0 0 1
    outer loop
      vertex 15.9986 0.00999451 16
      vertex 9.64207 -4.03999 16
      vertex 16 -12 16
    endloop
  endfacet
  facet normal 0 0 1
    outer loop
      vertex 16 -12 16
      vertex 9.68546 -8.7781 16
      vertex 9.7 -9 16
    endloop
  endfacet
  facet normal -0 0 1
    outer loop
      vertex 9.57059 -4.25056 16
      vertex 16 -12 16
      vertex 9.64207 -4.03999 16
    endloop
  endfacet
  facet normal 0 0 1
    outer loop
      vertex 16 -12 16
      vertex 9.64207 -8.56001 16
      vertex 9.68546 -8.7781 16
    endloop
  endfacet
  facet normal -0 0 1
    outer loop
      vertex 9.57059 -8.34944 16
      vertex 16 -12 16
      vertex 9.57059 -4.25056 16
    endloop
  endfacet
  facet normal 0 0 1
    outer loop
      vertex 16 -12 16
      vertex 9.57059 -8.34944 16
      vertex 9.64207 -8.56001 16
    endloop
  endfacet
  facet normal -0 0 1
    outer loop
      vertex 9.47224 -4.45 16
      vertex 9.57059 -8.34944 16
      vertex 9.57059 -4.25056 16
    endloop
  endfacet
  facet normal 0 0 1
    outer loop
      vertex 9.47224 -4.45 16
      vertex 9.47224 -8.15 16
      vertex 9.57059 -8.34944 16
    endloop
  endfacet
  facet normal -0 0 1
    outer loop
      vertex 9.3487 -4.63489 16
      vertex 9.47224 -8.15 16
      vertex 9.47224 -4.45 16
    endloop
  endfacet
  facet normal 0 0 1
    outer loop
      vertex 9.3487 -4.63489 16
      vertex 9.3487 -7.96511 16
      vertex 9.47224 -8.15 16
    endloop
  endfacet
  facet normal -0 0 1
    outer loop
      vertex 9.20208 -4.80208 16
      vertex 9.3487 -7.96511 16
      vertex 9.3487 -4.63489 16
    endloop
  endfacet
  facet normal 0 0 1
    outer loop
      vertex 9.20208 -4.80208 16
      vertex 9.20208 -7.79792 16
      vertex 9.3487 -7.96511 16
    endloop
  endfacet
  facet normal -0 0 1
    outer loop
      vertex 9.03489 -4.9487 16
      vertex 9.20208 -7.79792 16
      vertex 9.20208 -4.80208 16
    endloop
  endfacet
  facet normal 0 0 1
    outer loop
      vertex 9.03489 -4.9487 16
      vertex 9.03489 -7.6513 16
      vertex 9.20208 -7.79792 16
    endloop
  endfacet
  facet normal -0 0 1
    outer loop
      vertex 8.85 -5.07224 16
      vertex 9.03489 -7.6513 16
      vertex 9.03489 -4.9487 16
    endloop
  endfacet
  facet normal 0 0 1
    outer loop
      vertex 8.85 -5.07224 16
      vertex 8.85 -7.52776 16
      vertex 9.03489 -7.6513 16
    endloop
  endfacet
  facet normal -0 0 1
    outer loop
      vertex 8.65056 -5.1706 16
      vertex 8.85 -7.52776 16
      vertex 8.85 -5.07224 16
    endloop
  endfacet
  facet normal 0 0 1
    outer loop
      vertex 8.65056 -5.1706 16
      vertex 8.65056 -7.4294 16
      vertex 8.85 -7.52776 16
    endloop
  endfacet
  facet normal -0 0 1
    outer loop
      vertex 8.43999 -5.24207 16
      vertex 8.65056 -7.4294 16
      vertex 8.65056 -5.1706 16
    endloop
  endfacet
  facet normal 0 0 1
    outer loop
      vertex 8.43999 -5.24207 16
      vertex 8.43999 -7.35793 16
      vertex 8.65056 -7.4294 16
    endloop
  endfacet
  facet normal -0 0 1
    outer loop
      vertex 8.22189 -5.28546 16
      vertex 8.43999 -7.35793 16
      vertex 8.43999 -5.24207 16
    endloop
  endfacet
  facet normal 0 0 1
    outer loop
      vertex 8.22189 -5.28546 16
      vertex 8.22189 -7.31454 16
      vertex 8.43999 -7.35793 16
    endloop
  endfacet
  facet normal -0 0 1
    outer loop
      vertex 8 -5.3 16
      vertex 8.22189 -7.31454 16
      vertex 8.22189 -5.28546 16
    endloop
  endfacet
  facet normal 0 0 1
    outer loop
      vertex 8 -5.3 16
      vertex 8 -7.3 16
      vertex 8.22189 -7.31454 16
    endloop
  endfacet
  facet normal 0 0 1
    outer loop
      vertex 7.7781 -5.28546 16
      vertex 8 -7.3 16
      vertex 8 -5.3 16
    endloop
  endfacet
  facet normal 0 0 1
    outer loop
      vertex 7.7781 -5.28546 16
      vertex 7.7781 -7.31454 16
      vertex 8 -7.3 16
    endloop
  endfacet
  facet normal 0 0 1
    outer loop
      vertex 7.56001 -5.24207 16
      vertex 7.7781 -7.31454 16
      vertex 7.7781 -5.28546 16
    endloop
  endfacet
  facet normal 0 0 1
    outer loop
      vertex 7.56001 -5.24207 16
      vertex 7.56001 -7.35793 16
      vertex 7.7781 -7.31454 16
    endloop
  endfacet
  facet normal 0 0 1
    outer loop
      vertex 7.34944 -5.1706 16
      vertex 7.56001 -7.35793 16
      vertex 7.56001 -5.24207 16
    endloop
  endfacet
  facet normal 0 0 1
    outer loop
      vertex 7.34944 -5.1706 16
      vertex 7.34944 -7.4294 16
      vertex 7.56001 -7.35793 16
    endloop
  endfacet
  facet normal 0 0 1
    outer loop
      vertex 7.15 -5.07224 16
      vertex 7.34944 -7.4294 16
      vertex 7.34944 -5.1706 16
    endloop
  endfacet
  facet normal 0 0 1
    outer loop
      vertex 7.15 -5.07224 16
      vertex 7.15 -7.52776 16
      vertex 7.34944 -7.4294 16
    endloop
  endfacet
  facet normal 0 0 1
    outer loop
      vertex 6.96511 -4.9487 16
      vertex 7.15 -7.52776 16
      vertex 7.15 -5.07224 16
    endloop
  endfacet
  facet normal 0 0 1
    outer loop
      vertex 6.96511 -4.9487 16
      vertex 6.96511 -7.6513 16
      vertex 7.15 -7.52776 16
    endloop
  endfacet
  facet normal 0 0 1
    outer loop
      vertex 6.79792 -4.80208 16
      vertex 6.96511 -7.6513 16
      vertex 6.96511 -4.9487 16
    endloop
  endfacet
  facet normal 0 0 1
    outer loop
      vertex 6.79792 -4.80208 16
      vertex 6.79792 -7.79792 16
      vertex 6.96511 -7.6513 16
    endloop
  endfacet
  facet normal 0 0 1
    outer loop
      vertex 6.6513 -4.63489 16
      vertex 6.79792 -7.79792 16
      vertex 6.79792 -4.80208 16
    endloop
  endfacet
  facet normal 0 0 1
    outer loop
      vertex 6.6513 -4.63489 16
      vertex 6.6513 -7.96511 16
      vertex 6.79792 -7.79792 16
    endloop
  endfacet
  facet normal 0 0 1
    outer loop
      vertex 6.52776 -4.45 16
      vertex 6.6513 -7.96511 16
      vertex 6.6513 -4.63489 16
    endloop
  endfacet
  facet normal 0 0 1
    outer loop
      vertex 6.52776 -4.45 16
      vertex 6.52776 -8.15 16
      vertex 6.6513 -7.96511 16
    endloop
  endfacet
  facet normal 0 0 1
    outer loop
      vertex 6.4294 -4.25056 16
      vertex 6.52776 -8.15 16
      vertex 6.52776 -4.45 16
    endloop
  endfacet
  facet normal 0 0 1
    outer loop
      vertex 6.4294 -4.25056 16
      vertex 6.4294 -8.34944 16
      vertex 6.52776 -8.15 16
    endloop
  endfacet
  facet normal 0 0 1
    outer loop
      vertex 0 -12 16
      vertex 6.4294 -4.25056 16
      vertex 6.35793 -4.03999 16
    endloop
  endfacet
  facet normal 0 0 1
    outer loop
      vertex 6.4294 -4.25056 16
      vertex 0 -12 16
      vertex 6.4294 -8.34944 16
    endloop
  endfacet
  facet normal 0 0 1
    outer loop
      vertex 1.79999 0.00999451 16
      vertex 6.35793 -4.03999 16
      vertex 6.31454 -3.82189 16
    endloop
  endfacet
  facet normal 0 0 1
    outer loop
      vertex 6.4294 -8.34944 16
      vertex 0 -12 16
      vertex 6.35793 -8.56001 16
    endloop
  endfacet
  facet normal 0 0 1
    outer loop
      vertex 1.79999 0.00999451 16
      vertex 6.31454 -3.82189 16
      vertex 6.3 -3.6 16
    endloop
  endfacet
  facet normal 0 0 1
    outer loop
      vertex 6.35793 -8.56001 16
      vertex 0 -12 16
      vertex 6.31454 -8.7781 16
    endloop
  endfacet
  facet normal 0 0 1
    outer loop
      vertex 14.5987 0.00999451 16
      vertex 9.68546 -3.37811 16
      vertex 9.7 -3.6 16
    endloop
  endfacet
  facet normal 0 0 1
    outer loop
      vertex 14.5987 0.00999451 16
      vertex 9.64207 -3.16001 16
      vertex 9.68546 -3.37811 16
    endloop
  endfacet
  facet normal 0 0 1
    outer loop
      vertex 14.5987 0.00999451 16
      vertex 9.57059 -2.94944 16
      vertex 9.64207 -3.16001 16
    endloop
  endfacet
  facet normal 0 0 1
    outer loop
      vertex 14.5987 0.00999451 16
      vertex 9.47224 -2.75 16
      vertex 9.57059 -2.94944 16
    endloop
  endfacet
  facet normal 0 0 1
    outer loop
      vertex 14.5987 0.00999451 16
      vertex 9.3487 -2.56511 16
      vertex 9.47224 -2.75 16
    endloop
  endfacet
  facet normal 0 0 1
    outer loop
      vertex 14.5987 0.00999451 16
      vertex 9.20208 -2.39792 16
      vertex 9.3487 -2.56511 16
    endloop
  endfacet
  facet normal 0 0 1
    outer loop
      vertex 14.5987 0.00999451 16
      vertex 9.03489 -2.2513 16
      vertex 9.20208 -2.39792 16
    endloop
  endfacet
  facet normal 0 0 1
    outer loop
      vertex 14.5987 0.00999451 16
      vertex 8.85 -2.12776 16
      vertex 9.03489 -2.2513 16
    endloop
  endfacet
  facet normal 0 0 1
    outer loop
      vertex 14.5987 0.00999451 16
      vertex 8.65056 -2.0294 16
      vertex 8.85 -2.12776 16
    endloop
  endfacet
  facet normal 0 0 1
    outer loop
      vertex 14.5987 0.00999451 16
      vertex 8.43999 -1.95793 16
      vertex 8.65056 -2.0294 16
    endloop
  endfacet
  facet normal 0 0 1
    outer loop
      vertex 14.5987 0.00999451 16
      vertex 8.22189 -1.91454 16
      vertex 8.43999 -1.95793 16
    endloop
  endfacet
  facet normal 0 0 1
    outer loop
      vertex 14.5987 0.00999451 16
      vertex 8 -1.9 16
      vertex 8.22189 -1.91454 16
    endloop
  endfacet
  facet normal -0 0 1
    outer loop
      vertex 1.79999 0.00999451 16
      vertex 8 -1.9 16
      vertex 14.5987 0.00999451 16
    endloop
  endfacet
  facet normal 0 0 1
    outer loop
      vertex 8 -1.9 16
      vertex 1.79999 0.00999451 16
      vertex 7.7781 -1.91454 16
    endloop
  endfacet
  facet normal 0 0 1
    outer loop
      vertex 6.35793 -4.03999 16
      vertex 1.79999 0.00999451 16
      vertex 0 -12 16
    endloop
  endfacet
  facet normal 0 0 1
    outer loop
      vertex 6.31454 -3.37811 16
      vertex 1.79999 0.00999451 16
      vertex 6.3 -3.6 16
    endloop
  endfacet
  facet normal 0 0 1
    outer loop
      vertex 6.35793 -3.16001 16
      vertex 1.79999 0.00999451 16
      vertex 6.31454 -3.37811 16
    endloop
  endfacet
  facet normal 0 0 1
    outer loop
      vertex 6.4294 -2.94944 16
      vertex 1.79999 0.00999451 16
      vertex 6.35793 -3.16001 16
    endloop
  endfacet
  facet normal 0 0 1
    outer loop
      vertex 6.52776 -2.75 16
      vertex 1.79999 0.00999451 16
      vertex 6.4294 -2.94944 16
    endloop
  endfacet
  facet normal 0 0 1
    outer loop
      vertex 6.6513 -2.56511 16
      vertex 1.79999 0.00999451 16
      vertex 6.52776 -2.75 16
    endloop
  endfacet
  facet normal 0 0 1
    outer loop
      vertex 6.79792 -2.39792 16
      vertex 1.79999 0.00999451 16
      vertex 6.6513 -2.56511 16
    endloop
  endfacet
  facet normal 0 0 1
    outer loop
      vertex 6.96511 -2.2513 16
      vertex 1.79999 0.00999451 16
      vertex 6.79792 -2.39792 16
    endloop
  endfacet
  facet normal 0 0 1
    outer loop
      vertex 7.15 -2.12776 16
      vertex 1.79999 0.00999451 16
      vertex 6.96511 -2.2513 16
    endloop
  endfacet
  facet normal 0 0 1
    outer loop
      vertex 7.34944 -2.0294 16
      vertex 1.79999 0.00999451 16
      vertex 7.15 -2.12776 16
    endloop
  endfacet
  facet normal 0 0 1
    outer loop
      vertex 7.56001 -1.95793 16
      vertex 1.79999 0.00999451 16
      vertex 7.34944 -2.0294 16
    endloop
  endfacet
  facet normal 0 0 1
    outer loop
      vertex 7.7781 -1.91454 16
      vertex 1.79999 0.00999451 16
      vertex 7.56001 -1.95793 16
    endloop
  endfacet
  facet normal 0 0 1
    outer loop
      vertex 15.9986 0.00999451 16
      vertex 13.0696 11.7724 16
      vertex 14.5987 0.00999451 16
    endloop
  endfacet
  facet normal 0 0 1
    outer loop
      vertex 15.9986 0.00999451 16
      vertex 12.9655 12.5727 16
      vertex 13.0696 11.7724 16
    endloop
  endfacet
  facet normal 0 0 1
    outer loop
      vertex 15.9986 0.00999451 16
      vertex 11.9704 20.2278 16
      vertex 12.9655 12.5727 16
    endloop
  endfacet
  facet normal 0 0 1
    outer loop
      vertex 15.9986 0.00999451 16
      vertex 11.8663 21.0282 16
      vertex 11.9704 20.2278 16
    endloop
  endfacet
  facet normal 0 0 1
    outer loop
      vertex 15.9986 0.00999451 16
      vertex 10.8712 28.6833 16
      vertex 11.8663 21.0282 16
    endloop
  endfacet
  facet normal 0 0 1
    outer loop
      vertex 15.9986 0.00999451 16
      vertex 10.7671 29.4836 16
      vertex 10.8712 28.6833 16
    endloop
  endfacet
  facet normal 0 0 1
    outer loop
      vertex 15.9986 0.00999451 16
      vertex 9.77196 37.1388 16
      vertex 10.7671 29.4836 16
    endloop
  endfacet
  facet normal 0 0 1
    outer loop
      vertex 15.9986 0.00999451 16
      vertex 9.66791 37.9391 16
      vertex 9.77196 37.1388 16
    endloop
  endfacet
  facet normal 0 0 1
    outer loop
      vertex 15.9986 0.00999451 16
      vertex 8.67274 45.5942 16
      vertex 9.66791 37.9391 16
    endloop
  endfacet
  facet normal 0 0 1
    outer loop
      vertex 15.9986 0.00999451 16
      vertex 8.5687 46.3946 16
      vertex 8.67274 45.5942 16
    endloop
  endfacet
  facet normal 0 0 1
    outer loop
      vertex 15.9986 0.00999451 16
      vertex 7.57353 54.0497 16
      vertex 8.5687 46.3946 16
    endloop
  endfacet
  facet normal 0 0 1
    outer loop
      vertex 5 80 16
      vertex 7.57353 54.0497 16
      vertex 15.9986 0.00999451 16
    endloop
  endfacet
  facet normal 0 0 1
    outer loop
      vertex 7.57353 54.0497 16
      vertex 5 80 16
      vertex 7.46948 54.85 16
    endloop
  endfacet
  facet normal 0 0 1
    outer loop
      vertex 7.46948 54.85 16
      vertex 5 80 16
      vertex 6.47432 62.5052 16
    endloop
  endfacet
  facet normal 0 0 1
    outer loop
      vertex 6.47432 62.5052 16
      vertex 5 80 16
      vertex 6.37029 63.3055 16
    endloop
  endfacet
  facet normal 0 0 1
    outer loop
      vertex 5 80 16
      vertex 4.98 74 16
      vertex 6.37029 63.3055 16
    endloop
  endfacet
  facet normal 0 0 1
    outer loop
      vertex 5 80 16
      vertex 1.79999 74 16
      vertex 4.98 74 16
    endloop
  endfacet
  facet normal 0 0 1
    outer loop
      vertex 0 80 16
      vertex 1.79999 62.0809 16
      vertex 1.79999 74 16
    endloop
  endfacet
  facet normal 0 0 1
    outer loop
      vertex 1.79999 62.0809 16
      vertex 0 80 16
      vertex 1.79999 61.2527 16
    endloop
  endfacet
  facet normal 0 0 1
    outer loop
      vertex 1.79999 61.2527 16
      vertex 0 80 16
      vertex 1.79999 53.3309 16
    endloop
  endfacet
  facet normal 0 0 1
    outer loop
      vertex 1.79999 53.3309 16
      vertex 0 80 16
      vertex 1.79999 52.5027 16
    endloop
  endfacet
  facet normal 0 0 1
    outer loop
      vertex 1.79999 52.5027 16
      vertex 0 80 16
      vertex 1.79999 44.5809 16
    endloop
  endfacet
  facet normal 0 0 1
    outer loop
      vertex 1.79999 44.5809 16
      vertex 0 80 16
      vertex 1.79999 43.7527 16
    endloop
  endfacet
  facet normal 0 0 1
    outer loop
      vertex 1.79999 43.7527 16
      vertex 0 80 16
      vertex 1.79999 35.8309 16
    endloop
  endfacet
  facet normal 0 0 1
    outer loop
      vertex 1.79999 35.8309 16
      vertex 0 80 16
      vertex 1.79999 35.0027 16
    endloop
  endfacet
  facet normal 0 0 1
    outer loop
      vertex 1.79999 35.0027 16
      vertex 0 80 16
      vertex 1.79999 27.0809 16
    endloop
  endfacet
  facet normal 0 0 1
    outer loop
      vertex 0 -12 16
      vertex 1.79999 27.0809 16
      vertex 0 80 16
    endloop
  endfacet
  facet normal 0 0 1
    outer loop
      vertex 1.79999 27.0809 16
      vertex 0 -12 16
      vertex 1.79999 26.2527 16
    endloop
  endfacet
  facet normal 0 0 1
    outer loop
      vertex 1.79999 26.2527 16
      vertex 0 -12 16
      vertex 1.79999 18.3309 16
    endloop
  endfacet
  facet normal 0 0 1
    outer loop
      vertex 1.79999 18.3309 16
      vertex 0 -12 16
      vertex 1.79999 17.5027 16
    endloop
  endfacet
  facet normal 0 0 1
    outer loop
      vertex 1.79999 17.5027 16
      vertex 0 -12 16
      vertex 1.79999 9.5809 16
    endloop
  endfacet
  facet normal 0 0 1
    outer loop
      vertex 1.79999 9.5809 16
      vertex 0 -12 16
      vertex 1.79999 8.75269 16
    endloop
  endfacet
  facet normal -0 0 1
    outer loop
      vertex 0 80 16
      vertex 1.79999 74 16
      vertex 5 80 16
    endloop
  endfacet
  facet normal -0 0 1
    outer loop
      vertex 15.9986 0.00999451 16
      vertex 16 -12 16
      vertex 16 0.00999451 16
    endloop
  endfacet
  facet normal 0 0 1
    outer loop
      vertex 9.64207 -4.03999 16
      vertex 15.9986 0.00999451 16
      vertex 14.5987 0.00999451 16
    endloop
  endfacet
  facet normal 0 0 1
    outer loop
      vertex 9.68546 -3.82189 16
      vertex 14.5987 0.00999451 16
      vertex 9.7 -3.6 16
    endloop
  endfacet
  facet normal 0 0 1
    outer loop
      vertex 9.64207 -4.03999 16
      vertex 14.5987 0.00999451 16
      vertex 9.68546 -3.82189 16
    endloop
  endfacet
  facet normal -0 0 1
    outer loop
      vertex 9.68546 -9.22189 16
      vertex 16 -12 16
      vertex 9.7 -9 16
    endloop
  endfacet
  facet normal -0 0 1
    outer loop
      vertex 9.64207 -9.43999 16
      vertex 16 -12 16
      vertex 9.68546 -9.22189 16
    endloop
  endfacet
  facet normal -0 0 1
    outer loop
      vertex 9.57059 -9.65056 16
      vertex 16 -12 16
      vertex 9.64207 -9.43999 16
    endloop
  endfacet
  facet normal -0 0 1
    outer loop
      vertex 9.47224 -9.85 16
      vertex 16 -12 16
      vertex 9.57059 -9.65056 16
    endloop
  endfacet
  facet normal -0 0 1
    outer loop
      vertex 9.3487 -10.0349 16
      vertex 16 -12 16
      vertex 9.47224 -9.85 16
    endloop
  endfacet
  facet normal -0 0 1
    outer loop
      vertex 9.20208 -10.2021 16
      vertex 16 -12 16
      vertex 9.3487 -10.0349 16
    endloop
  endfacet
  facet normal -0 0 1
    outer loop
      vertex 9.03489 -10.3487 16
      vertex 16 -12 16
      vertex 9.20208 -10.2021 16
    endloop
  endfacet
  facet normal -0 0 1
    outer loop
      vertex 8.85 -10.4722 16
      vertex 16 -12 16
      vertex 9.03489 -10.3487 16
    endloop
  endfacet
  facet normal -0 0 1
    outer loop
      vertex 8.65056 -10.5706 16
      vertex 16 -12 16
      vertex 8.85 -10.4722 16
    endloop
  endfacet
  facet normal -0 0 1
    outer loop
      vertex 8.43999 -10.6421 16
      vertex 16 -12 16
      vertex 8.65056 -10.5706 16
    endloop
  endfacet
  facet normal -0 0 1
    outer loop
      vertex 8.22189 -10.6855 16
      vertex 16 -12 16
      vertex 8.43999 -10.6421 16
    endloop
  endfacet
  facet normal -0 0 1
    outer loop
      vertex 8 -10.7 16
      vertex 16 -12 16
      vertex 8.22189 -10.6855 16
    endloop
  endfacet
  facet normal 0 0 1
    outer loop
      vertex 0 -12 16
      vertex 8 -10.7 16
      vertex 7.7781 -10.6855 16
    endloop
  endfacet
  facet normal 0 0 1
    outer loop
      vertex 6.31454 -8.7781 16
      vertex 0 -12 16
      vertex 6.3 -9 16
    endloop
  endfacet
  facet normal 0 0 1
    outer loop
      vertex 6.3 -9 16
      vertex 0 -12 16
      vertex 6.31454 -9.22189 16
    endloop
  endfacet
  facet normal 0 0 1
    outer loop
      vertex 6.31454 -9.22189 16
      vertex 0 -12 16
      vertex 6.35793 -9.43999 16
    endloop
  endfacet
  facet normal 0 0 1
    outer loop
      vertex 8 -10.7 16
      vertex 0 -12 16
      vertex 16 -12 16
    endloop
  endfacet
  facet normal 0 0 1
    outer loop
      vertex 7.56001 -10.6421 16
      vertex 0 -12 16
      vertex 7.7781 -10.6855 16
    endloop
  endfacet
  facet normal 0 0 1
    outer loop
      vertex 7.34944 -10.5706 16
      vertex 0 -12 16
      vertex 7.56001 -10.6421 16
    endloop
  endfacet
  facet normal 0 0 1
    outer loop
      vertex 7.15 -10.4722 16
      vertex 0 -12 16
      vertex 7.34944 -10.5706 16
    endloop
  endfacet
  facet normal 0 0 1
    outer loop
      vertex 6.96511 -10.3487 16
      vertex 0 -12 16
      vertex 7.15 -10.4722 16
    endloop
  endfacet
  facet normal 0 0 1
    outer loop
      vertex 6.79792 -10.2021 16
      vertex 0 -12 16
      vertex 6.96511 -10.3487 16
    endloop
  endfacet
  facet normal 0 0 1
    outer loop
      vertex 6.6513 -10.0349 16
      vertex 0 -12 16
      vertex 6.79792 -10.2021 16
    endloop
  endfacet
  facet normal 0 0 1
    outer loop
      vertex 6.52776 -9.85 16
      vertex 0 -12 16
      vertex 6.6513 -10.0349 16
    endloop
  endfacet
  facet normal 0 0 1
    outer loop
      vertex 6.4294 -9.65056 16
      vertex 0 -12 16
      vertex 6.52776 -9.85 16
    endloop
  endfacet
  facet normal 0 0 1
    outer loop
      vertex 6.35793 -9.43999 16
      vertex 0 -12 16
      vertex 6.4294 -9.65056 16
    endloop
  endfacet
  facet normal 0 0 1
    outer loop
      vertex 1.79999 8.75269 16
      vertex 0 -12 16
      vertex 1.79999 0.00999451 16
    endloop
  endfacet
  facet normal 0 0 1
    outer loop
      vertex 1.79999 9.5809 16
      vertex 13.0696 11.7724 16
      vertex 12.9655 12.5727 16
    endloop
  endfacet
  facet normal 0 0 1
    outer loop
      vertex 13.0696 11.7724 16
      vertex 1.79999 9.5809 16
      vertex 1.79999 8.75269 16
    endloop
  endfacet
  facet normal 0 0 1
    outer loop
      vertex 1.79999 18.3309 16
      vertex 11.9704 20.2278 16
      vertex 11.8663 21.0282 16
    endloop
  endfacet
  facet normal 0 0 1
    outer loop
      vertex 11.9704 20.2278 16
      vertex 1.79999 18.3309 16
      vertex 1.79999 17.5027 16
    endloop
  endfacet
  facet normal 0 0 1
    outer loop
      vertex 1.79999 27.0809 16
      vertex 10.8712 28.6833 16
      vertex 10.7671 29.4836 16
    endloop
  endfacet
  facet normal 0 0 1
    outer loop
      vertex 10.8712 28.6833 16
      vertex 1.79999 27.0809 16
      vertex 1.79999 26.2527 16
    endloop
  endfacet
  facet normal 0 0 1
    outer loop
      vertex 1.79999 35.8309 16
      vertex 9.77196 37.1388 16
      vertex 9.66791 37.9391 16
    endloop
  endfacet
  facet normal 0 0 1
    outer loop
      vertex 9.77196 37.1388 16
      vertex 1.79999 35.8309 16
      vertex 1.79999 35.0027 16
    endloop
  endfacet
  facet normal 0 0 1
    outer loop
      vertex 1.79999 44.5809 16
      vertex 8.67274 45.5942 16
      vertex 8.5687 46.3946 16
    endloop
  endfacet
  facet normal 0 0 1
    outer loop
      vertex 8.67274 45.5942 16
      vertex 1.79999 44.5809 16
      vertex 1.79999 43.7527 16
    endloop
  endfacet
  facet normal 0 0 1
    outer loop
      vertex 1.79999 53.3309 16
      vertex 7.57353 54.0497 16
      vertex 7.46948 54.85 16
    endloop
  endfacet
  facet normal 0 0 1
    outer loop
      vertex 7.57353 54.0497 16
      vertex 1.79999 53.3309 16
      vertex 1.79999 52.5027 16
    endloop
  endfacet
  facet normal 0 0 1
    outer loop
      vertex 1.79999 62.0809 16
      vertex 6.47432 62.5052 16
      vertex 6.37029 63.3055 16
    endloop
  endfacet
  facet normal 0 0 1
    outer loop
      vertex 6.47432 62.5052 16
      vertex 1.79999 62.0809 16
      vertex 1.79999 61.2527 16
    endloop
  endfacet
  facet normal 1 -0 0
    outer loop
      vertex 16 -12 16
      vertex 16 0.00999451 0
      vertex 16 0.00999451 16
    endloop
  endfacet
  facet normal 1 0 0
    outer loop
      vertex 16 0.00999451 0
      vertex 16 -12 16
      vertex 16 -12 0
    endloop
  endfacet
  facet normal 0 1 -0
    outer loop
      vertex 16 0.00999451 0
      vertex 15.9986 0.00999451 16
      vertex 16 0.00999451 16
    endloop
  endfacet
  facet normal 0 1 0
    outer loop
      vertex 15.9986 0.00999451 16
      vertex 16 0.00999451 0
      vertex 15.9986 0.00999451 0
    endloop
  endfacet
  facet normal 0.990679 0.136218 0
    outer loop
      vertex 5 80 16
      vertex 6.32563 70.359 8
      vertex 5 80 0
    endloop
  endfacet
  facet normal 0.990647 0.136446 -0.000280916
    outer loop
      vertex 5 80 16
      vertex 6.32597 70.3566 8.03328
      vertex 6.32563 70.359 8
    endloop
  endfacet
  facet normal 0.99068 0.136207 1.37469e-05
    outer loop
      vertex 5 80 16
      vertex 6.3277 70.344 8.20327
      vertex 6.32597 70.3566 8.03328
    endloop
  endfacet
  facet normal 0.990676 0.136238 -2.53997e-05
    outer loop
      vertex 5 80 16
      vertex 6.33282 70.3068 8.36825
      vertex 6.3277 70.344 8.20327
    endloop
  endfacet
  facet normal 0.990719 0.135928 0.000376762
    outer loop
      vertex 5 80 16
      vertex 6.33385 70.2992 8.40172
      vertex 6.33282 70.3068 8.36825
    endloop
  endfacet
  facet normal 0.990671 0.136279 -7.9662e-05
    outer loop
      vertex 5 80 16
      vertex 6.34213 70.2391 8.5575
      vertex 6.33385 70.2992 8.40172
    endloop
  endfacet
  facet normal 0.990688 0.136154 8.64146e-05
    outer loop
      vertex 5 80 16
      vertex 6.3439 70.2262 8.59075
      vertex 6.34213 70.2391 8.5575
    endloop
  endfacet
  facet normal 0.99069 0.136137 0.000109098
    outer loop
      vertex 5 80 16
      vertex 6.34637 70.2082 8.62255
      vertex 6.3439 70.2262 8.59075
    endloop
  endfacet
  facet normal 0.990676 0.136236 -2.42916e-05
    outer loop
      vertex 5 80 16
      vertex 6.35754 70.127 8.76613
      vertex 6.34637 70.2082 8.62255
    endloop
  endfacet
  facet normal 0.990685 0.136174 6.25097e-05
    outer loop
      vertex 5 80 16
      vertex 6.37103 70.0288 8.89268
      vertex 6.35754 70.127 8.76613
    endloop
  endfacet
  facet normal 0.990669 0.136289 -0.000101808
    outer loop
      vertex 5 80 16
      vertex 6.37439 70.0044 8.92418
      vertex 6.37103 70.0288 8.89268
    endloop
  endfacet
  facet normal 0.990674 0.136253 -4.99738e-05
    outer loop
      vertex 5 80 16
      vertex 6.37849 69.9746 8.95294
      vertex 6.37439 70.0044 8.92418
    endloop
  endfacet
  facet normal 0.990679 0.136218 -1.48068e-07
    outer loop
      vertex 5 80 16
      vertex 6.394 69.8618 9.06185
      vertex 6.37849 69.9746 8.95294
    endloop
  endfacet
  facet normal 0.990678 0.136228 -1.46111e-05
    outer loop
      vertex 5 80 16
      vertex 6.41075 69.74 9.15004
      vertex 6.394 69.8618 9.06185
    endloop
  endfacet
  facet normal 0.990675 0.13625 -4.80979e-05
    outer loop
      vertex 5 80 16
      vertex 6.41584 69.703 9.17683
      vertex 6.41075 69.74 9.15004
    endloop
  endfacet
  facet normal 0.990682 0.136192 4.08031e-05
    outer loop
      vertex 5 80 16
      vertex 6.43342 69.5751 9.24458
      vertex 6.41584 69.703 9.17683
    endloop
  endfacet
  facet normal 0.990668 0.136295 -0.000121711
    outer loop
      vertex 5 80 16
      vertex 6.43938 69.5318 9.26752
      vertex 6.43342 69.5751 9.24458
    endloop
  endfacet
  facet normal 0.990683 0.136189 4.73775e-05
    outer loop
      vertex 5 80 16
      vertex 6.45729 69.4015 9.31506
      vertex 6.43938 69.5318 9.26752
    endloop
  endfacet
  facet normal 0.990659 0.136359 -0.000227402
    outer loop
      vertex 5 80 16
      vertex 6.46408 69.3522 9.33305
      vertex 6.45729 69.4015 9.31506
    endloop
  endfacet
  facet normal 0.990702 0.136052 0.000271591
    outer loop
      vertex 5 80 16
      vertex 6.47152 69.298 9.34485
      vertex 6.46408 69.3522 9.33305
    endloop
  endfacet
  facet normal 0.990678 0.136225 -1.18857e-05
    outer loop
      vertex 5 80 16
      vertex 6.48941 69.1679 9.3732
      vertex 6.47152 69.298 9.34485
    endloop
  endfacet
  facet normal 0.990691 0.136128 0.000150614
    outer loop
      vertex 5 80 16
      vertex 6.49753 69.1088 9.37802
      vertex 6.48941 69.1679 9.3732
    endloop
  endfacet
  facet normal 0.990665 0.13632 -0.000172341
    outer loop
      vertex 5 80 16
      vertex 6.51487 68.9828 9.3883
      vertex 6.49753 69.1088 9.37802
    endloop
  endfacet
  facet normal 0.990693 0.136113 0.000179113
    outer loop
      vertex 5 80 16
      vertex 6.52354 68.9197 9.38516
      vertex 6.51487 68.9828 9.3883
    endloop
  endfacet
  facet normal 0.990677 0.136229 -1.91133e-05
    outer loop
      vertex 5 80 16
      vertex 6.54 68.8 9.37919
      vertex 6.52354 68.9197 9.38516
    endloop
  endfacet
  facet normal 0.990687 0.136156 0.000108173
    outer loop
      vertex 5 80 16
      vertex 6.55534 68.6884 9.35901
      vertex 6.54 68.8 9.37919
    endloop
  endfacet
  facet normal 0.990631 0.136566 -0.00060462
    outer loop
      vertex 5 80 16
      vertex 6.56439 68.6227 9.34711
      vertex 6.55534 68.6884 9.35901
    endloop
  endfacet
  facet normal 0.990679 0.136217 4.51179e-06
    outer loop
      vertex 7.47951 61.9672 9.37056
      vertex 6.56439 68.6227 9.34711
      vertex 5 80 16
    endloop
  endfacet
  facet normal 0.990679 0.136217 -7.56892e-06
    outer loop
      vertex 7.4618 62.096 9.34161
      vertex 6.56439 68.6227 9.34711
      vertex 7.47951 61.9672 9.37056
    endloop
  endfacet
  facet normal 0.990679 0.136217 -0.000208497
    outer loop
      vertex 7.45429 62.1506 9.32933
      vertex 6.56439 68.6227 9.34711
      vertex 7.4618 62.096 9.34161
    endloop
  endfacet
  facet normal 0.990679 0.136218 -0.000610937
    outer loop
      vertex 6.56439 68.6227 9.34711
      vertex 7.45429 62.1506 9.32933
      vertex 6.57845 68.5203 9.31475
    endloop
  endfacet
  facet normal 0.990679 0.136217 2.1853e-05
    outer loop
      vertex 7.36537 62.7973 8.91874
      vertex 6.65575 67.9582 8.96334
      vertex 6.64787 68.0155 9.02239
    endloop
  endfacet
  facet normal 0.990679 0.136215 -7.58261e-05
    outer loop
      vertex 7.33525 63.0163 8.58666
      vertex 6.69414 67.679 8.54671
      vertex 6.68932 67.7141 8.62696
    endloop
  endfacet
  facet normal 0.990679 0.136219 -9.88368e-05
    outer loop
      vertex 7.31929 63.1324 8.20175
      vertex 6.70696 67.5857 8.23332
      vertex 6.70481 67.6014 8.32118
    endloop
  endfacet
  facet normal 0.990679 0.136219 5.54256e-05
    outer loop
      vertex 7.31725 63.1473 8
      vertex 6.70944 67.5677 8.07219
      vertex 6.70872 67.5729 8.16154
    endloop
  endfacet
  facet normal 0.990679 0.13622 -1.72375e-05
    outer loop
      vertex 6.70944 67.5677 8.07219
      vertex 7.31725 63.1473 8
      vertex 6.71003 67.5634 8
    endloop
  endfacet
  facet normal 0.990679 0.136219 -4.96497e-08
    outer loop
      vertex 6.70696 67.5857 8.23332
      vertex 7.31929 63.1324 8.20175
      vertex 6.70872 67.5729 8.16154
    endloop
  endfacet
  facet normal 0.990679 0.13622 4.36503e-05
    outer loop
      vertex 7.32535 63.0884 8.3988
      vertex 6.70481 67.6014 8.32118
      vertex 6.7013 67.6269 8.40553
    endloop
  endfacet
  facet normal 0.990679 0.13622 -4.12732e-07
    outer loop
      vertex 7.32535 63.0884 8.3988
      vertex 6.7013 67.6269 8.40553
      vertex 6.69833 67.6485 8.47696
    endloop
  endfacet
  facet normal 0.990679 0.136216 -5.20222e-05
    outer loop
      vertex 6.69414 67.679 8.54671
      vertex 7.33525 63.0163 8.58666
      vertex 6.69833 67.6485 8.47696
    endloop
  endfacet
  facet normal 0.990679 0.136216 0.000111044
    outer loop
      vertex 7.33784 62.9975 8.62014
      vertex 6.68932 67.7141 8.62696
      vertex 6.68384 67.7539 8.69487
    endloop
  endfacet
  facet normal 0.990679 0.136217 -0.000115523
    outer loop
      vertex 7.34872 62.9184 8.76119
      vertex 6.68384 67.7539 8.69487
      vertex 6.67784 67.7976 8.76921
    endloop
  endfacet
  facet normal 0.990679 0.136216 3.87962e-05
    outer loop
      vertex 7.34872 62.9184 8.76119
      vertex 6.67784 67.7976 8.76921
      vertex 6.67088 67.8482 8.83578
    endloop
  endfacet
  facet normal 0.990679 0.13622 0.000167824
    outer loop
      vertex 7.3619 62.8226 8.8859
      vertex 6.67088 67.8482 8.83578
      vertex 6.66398 67.8983 8.90169
    endloop
  endfacet
  facet normal 0.990679 0.136218 -0.000100579
    outer loop
      vertex 6.65575 67.9582 8.96334
      vertex 7.36537 62.7973 8.91874
      vertex 6.66398 67.8983 8.90169
    endloop
  endfacet
  facet normal 0.990679 0.136219 7.42425e-05
    outer loop
      vertex 7.38476 62.6563 9.05632
      vertex 6.64787 68.0155 9.02239
      vertex 6.63941 68.077 9.07204
    endloop
  endfacet
  facet normal 0.990679 0.136219 -4.4278e-05
    outer loop
      vertex 7.38476 62.6563 9.05632
      vertex 6.63941 68.077 9.07204
      vertex 6.62965 68.148 9.12928
    endloop
  endfacet
  facet normal 0.990679 0.136219 -2.4975e-05
    outer loop
      vertex 7.40639 62.499 9.17158
      vertex 6.62965 68.148 9.12928
      vertex 6.6185 68.2291 9.17968
    endloop
  endfacet
  facet normal 0.990679 0.136218 0.000182805
    outer loop
      vertex 7.40639 62.499 9.17158
      vertex 6.6185 68.2291 9.17968
      vertex 6.6095 68.2945 9.22034
    endloop
  endfacet
  facet normal 0.990678 0.13622 0.000519628
    outer loop
      vertex 6.57845 68.5203 9.31475
      vertex 7.45429 62.1506 9.32933
      vertex 6.58766 68.4534 9.29358
    endloop
  endfacet
  facet normal 0.990679 0.136218 6.7015e-05
    outer loop
      vertex 6.70872 67.5729 8.16154
      vertex 7.31893 63.135 8.16627
      vertex 7.31725 63.1473 8
    endloop
  endfacet
  facet normal 0.990679 0.136218 -6.98313e-05
    outer loop
      vertex 6.70872 67.5729 8.16154
      vertex 7.31929 63.1324 8.20175
      vertex 7.31893 63.135 8.16627
    endloop
  endfacet
  facet normal 0.990678 0.136222 -0.00021146
    outer loop
      vertex 6.70481 67.6014 8.32118
      vertex 7.32037 63.1246 8.23674
      vertex 7.31929 63.1324 8.20175
    endloop
  endfacet
  facet normal 0.990679 0.136219 -1.52185e-05
    outer loop
      vertex 6.70481 67.6014 8.32118
      vertex 7.32535 63.0884 8.3988
      vertex 7.32037 63.1246 8.23674
    endloop
  endfacet
  facet normal 0.990679 0.136217 0.000143529
    outer loop
      vertex 6.69833 67.6485 8.47696
      vertex 7.32716 63.0752 8.43321
      vertex 7.32535 63.0884 8.3988
    endloop
  endfacet
  facet normal 0.990679 0.136218 5.63872e-05
    outer loop
      vertex 6.69833 67.6485 8.47696
      vertex 7.33525 63.0163 8.58666
      vertex 7.32716 63.0752 8.43321
    endloop
  endfacet
  facet normal 0.990679 0.136216 -0.000149304
    outer loop
      vertex 6.68932 67.7141 8.62696
      vertex 7.33784 62.9975 8.62014
      vertex 7.33525 63.0163 8.58666
    endloop
  endfacet
  facet normal 0.990679 0.136218 -2.66874e-05
    outer loop
      vertex 6.68384 67.7539 8.69487
      vertex 7.34872 62.9184 8.76119
      vertex 7.33784 62.9975 8.62014
    endloop
  endfacet
  facet normal 0.990679 0.136218 -6.00389e-05
    outer loop
      vertex 6.67088 67.8482 8.83578
      vertex 7.3619 62.8226 8.8859
      vertex 7.34872 62.9184 8.76119
    endloop
  endfacet
  facet normal 0.990679 0.13622 0.000265016
    outer loop
      vertex 6.66398 67.8983 8.90169
      vertex 7.36537 62.7973 8.91874
      vertex 7.3619 62.8226 8.8859
    endloop
  endfacet
  facet normal 0.990679 0.136217 4.00061e-05
    outer loop
      vertex 6.64787 68.0155 9.02239
      vertex 7.36959 62.7666 8.94872
      vertex 7.36537 62.7973 8.91874
    endloop
  endfacet
  facet normal 0.990679 0.136218 -3.4752e-05
    outer loop
      vertex 6.64787 68.0155 9.02239
      vertex 7.38476 62.6563 9.05632
      vertex 7.36959 62.7666 8.94872
    endloop
  endfacet
  facet normal 0.990678 0.136221 -0.000224279
    outer loop
      vertex 6.62965 68.148 9.12928
      vertex 7.38984 62.6194 9.0834
      vertex 7.38476 62.6563 9.05632
    endloop
  endfacet
  facet normal 0.990679 0.136219 5.73587e-05
    outer loop
      vertex 6.62965 68.148 9.12928
      vertex 7.40639 62.499 9.17158
      vertex 7.38984 62.6194 9.0834
    endloop
  endfacet
  facet normal 0.990679 0.136218 0.000164924
    outer loop
      vertex 6.6095 68.2945 9.22034
      vertex 7.42369 62.3731 9.23924
      vertex 7.40639 62.499 9.17158
    endloop
  endfacet
  facet normal 0.990679 0.136218 -7.82478e-07
    outer loop
      vertex 6.6095 68.2945 9.22034
      vertex 7.42974 62.3291 9.2629
      vertex 7.42369 62.3731 9.23924
    endloop
  endfacet
  facet normal 0.990679 0.136215 -0.000356261
    outer loop
      vertex 6.60034 68.3612 9.25107
      vertex 7.42974 62.3291 9.2629
      vertex 6.6095 68.2945 9.22034
    endloop
  endfacet
  facet normal 0.990679 0.136216 6.28919e-05
    outer loop
      vertex 6.58766 68.4534 9.29358
      vertex 7.42974 62.3291 9.2629
      vertex 6.60034 68.3612 9.25107
    endloop
  endfacet
  facet normal 0.990679 0.136217 -0.000158009
    outer loop
      vertex 7.42974 62.3291 9.2629
      vertex 6.58766 68.4534 9.29358
      vertex 7.44743 62.2005 9.31076
    endloop
  endfacet
  facet normal 0.990679 0.136218 6.55731e-05
    outer loop
      vertex 7.44743 62.2005 9.31076
      vertex 6.58766 68.4534 9.29358
      vertex 7.45429 62.1506 9.32933
    endloop
  endfacet
  facet normal 0.990692 0.136119 0.000274406
    outer loop
      vertex 5 80 16
      vertex 7.48767 61.9078 9.3758
      vertex 7.47951 61.9672 9.37056
    endloop
  endfacet
  facet normal 0.990666 0.136312 -0.000262109
    outer loop
      vertex 5 80 16
      vertex 7.5049 61.7826 9.38685
      vertex 7.48767 61.9078 9.3758
    endloop
  endfacet
  facet normal 0.990679 0.136218 1.27528e-06
    outer loop
      vertex 5 80 16
      vertex 7.51359 61.7194 9.38412
      vertex 7.5049 61.7826 9.38685
    endloop
  endfacet
  facet normal 0.990688 0.136149 0.000196592
    outer loop
      vertex 5 80 16
      vertex 7.53 61.6 9.37895
      vertex 7.51359 61.7194 9.38412
    endloop
  endfacet
  facet normal 0.990679 0.136218 1.01164e-06
    outer loop
      vertex 8.46959 54.7666 9.36821
      vertex 7.53 61.6 9.37895
      vertex 5 80 16
    endloop
  endfacet
  facet normal 0.990679 0.136218 6.62799e-05
    outer loop
      vertex 7.53 61.6 9.37895
      vertex 8.46959 54.7666 9.36821
      vertex 7.54536 61.4883 9.35948
    endloop
  endfacet
  facet normal 0.990679 0.136217 -0.000640401
    outer loop
      vertex 7.54536 61.4883 9.35948
      vertex 8.46959 54.7666 9.36821
      vertex 7.5544 61.4225 9.34802
    endloop
  endfacet
  facet normal 0.990679 0.136219 0.000172768
    outer loop
      vertex 8.45205 54.8942 9.33874
      vertex 7.5544 61.4225 9.34802
      vertex 8.46959 54.7666 9.36821
    endloop
  endfacet
  facet normal 0.990679 0.136219 -3.01462e-05
    outer loop
      vertex 8.42007 55.1268 9.2588
      vertex 7.59053 61.1598 9.25323
      vertex 7.57773 61.2529 9.29549
    endloop
  endfacet
  facet normal 0.990679 0.13622 -0.000153204
    outer loop
      vertex 8.37543 55.4514 9.05144
      vertex 7.6284 60.8843 9.08329
      vertex 7.61991 60.9461 9.13261
    endloop
  endfacet
  facet normal 0.990679 0.136217 -0.000109791
    outer loop
      vertex 8.35266 55.617 8.8799
      vertex 7.66156 60.6432 8.8384
      vertex 7.6545 60.6946 8.90542
    endloop
  endfacet
  facet normal 0.990679 0.136219 1.65879e-05
    outer loop
      vertex 8.31069 55.9223 8.20041
      vertex 7.69756 60.3814 8.24883
      vertex 7.69573 60.3947 8.32296
    endloop
  endfacet
  facet normal 0.990679 0.136217 5.63072e-05
    outer loop
      vertex 8.30867 55.9369 8
      vertex 7.7004 60.3607 8.07436
      vertex 7.69968 60.3659 8.16247
    endloop
  endfacet
  facet normal 0.990679 0.136219 -6.66468e-05
    outer loop
      vertex 7.7004 60.3607 8.07436
      vertex 8.30867 55.9369 8
      vertex 7.701 60.3563 8
    endloop
  endfacet
  facet normal 0.990679 0.136221 -0.000129456
    outer loop
      vertex 7.69756 60.3814 8.24883
      vertex 8.31069 55.9223 8.20041
      vertex 7.69968 60.3659 8.16247
    endloop
  endfacet
  facet normal 0.990679 0.136219 1.4562e-05
    outer loop
      vertex 8.31667 55.8788 8.39624
      vertex 7.69573 60.3947 8.32296
      vertex 7.69225 60.42 8.40616
    endloop
  endfacet
  facet normal 0.990679 0.13622 -0.000135485
    outer loop
      vertex 8.31667 55.8788 8.39624
      vertex 7.69225 60.42 8.40616
      vertex 7.68918 60.4424 8.47951
    endloop
  endfacet
  facet normal 0.990679 0.136219 0.000172883
    outer loop
      vertex 8.32645 55.8076 8.58306
      vertex 7.68918 60.4424 8.47951
      vertex 7.68485 60.4738 8.55102
    endloop
  endfacet
  facet normal 0.990679 0.136217 -6.22005e-05
    outer loop
      vertex 8.32645 55.8076 8.58306
      vertex 7.68485 60.4738 8.55102
      vertex 7.68007 60.5086 8.63012
    endloop
  endfacet
  facet normal 0.990679 0.136219 3.54413e-05
    outer loop
      vertex 8.33703 55.7307 8.7212
      vertex 7.68007 60.5086 8.63012
      vertex 7.67443 60.5496 8.69952
    endloop
  endfacet
  facet normal 0.990678 0.136221 8.29008e-05
    outer loop
      vertex 8.33976 55.7109 8.75683
      vertex 7.67443 60.5496 8.69952
      vertex 7.66847 60.5929 8.77276
    endloop
  endfacet
  facet normal 0.990679 0.136217 -9.33605e-05
    outer loop
      vertex 7.66156 60.6432 8.8384
      vertex 8.35266 55.617 8.8799
      vertex 7.66847 60.5929 8.77276
    endloop
  endfacet
  facet normal 0.990679 0.136218 8.60484e-05
    outer loop
      vertex 8.35623 55.5911 8.91395
      vertex 7.6545 60.6946 8.90542
      vertex 7.64674 60.751 8.96305
    endloop
  endfacet
  facet normal 0.990679 0.13622 -6.02354e-05
    outer loop
      vertex 8.35623 55.5911 8.91395
      vertex 7.64674 60.751 8.96305
      vertex 7.63826 60.8127 9.02605
    endloop
  endfacet
  facet normal 0.990679 0.136218 0.000260094
    outer loop
      vertex 7.6284 60.8843 9.08329
      vertex 8.37543 55.4514 9.05144
      vertex 7.63826 60.8127 9.02605
    endloop
  endfacet
  facet normal 0.990679 0.136218 -4.82006e-05
    outer loop
      vertex 8.39688 55.2954 9.16694
      vertex 7.61991 60.9461 9.13261
      vertex 7.60861 61.0283 9.18312
    endloop
  endfacet
  facet normal 0.990679 0.136218 -3.00798e-05
    outer loop
      vertex 8.39688 55.2954 9.16694
      vertex 7.60861 61.0283 9.18312
      vertex 7.59966 61.0934 9.22307
    endloop
  endfacet
  facet normal 0.990679 0.136219 -9.01975e-07
    outer loop
      vertex 7.59053 61.1598 9.25323
      vertex 8.42007 55.1268 9.2588
      vertex 7.59966 61.0934 9.22307
    endloop
  endfacet
  facet normal 0.990679 0.136219 0.00048951
    outer loop
      vertex 8.44448 54.9493 9.32602
      vertex 7.5544 61.4225 9.34802
      vertex 8.45205 54.8942 9.33874
    endloop
  endfacet
  facet normal 0.990679 0.13622 -2.26693e-05
    outer loop
      vertex 7.69968 60.3659 8.16247
      vertex 8.31031 55.925 8.16315
      vertex 8.30867 55.9369 8
    endloop
  endfacet
  facet normal 0.990679 0.13622 -0.000232549
    outer loop
      vertex 7.69968 60.3659 8.16247
      vertex 8.31069 55.9223 8.20041
      vertex 8.31031 55.925 8.16315
    endloop
  endfacet
  facet normal 0.990679 0.136214 0.000201251
    outer loop
      vertex 7.69573 60.3947 8.32296
      vertex 8.31181 55.9141 8.23715
      vertex 8.31069 55.9223 8.20041
    endloop
  endfacet
  facet normal 0.990679 0.136219 -3.88772e-05
    outer loop
      vertex 7.69573 60.3947 8.32296
      vertex 8.31667 55.8788 8.39624
      vertex 8.31181 55.9141 8.23715
    endloop
  endfacet
  facet normal 0.990679 0.136214 0.000204319
    outer loop
      vertex 7.68918 60.4424 8.47951
      vertex 8.31856 55.865 8.43228
      vertex 8.31667 55.8788 8.39624
    endloop
  endfacet
  facet normal 0.990679 0.136216 1.53358e-05
    outer loop
      vertex 7.68918 60.4424 8.47951
      vertex 8.32645 55.8076 8.58306
      vertex 8.31856 55.865 8.43228
    endloop
  endfacet
  facet normal 0.990679 0.136217 -4.54488e-05
    outer loop
      vertex 7.68007 60.5086 8.63012
      vertex 8.33703 55.7307 8.7212
      vertex 8.32645 55.8076 8.58306
    endloop
  endfacet
  facet normal 0.990679 0.136218 -0.000208914
    outer loop
      vertex 7.67443 60.5496 8.69952
      vertex 8.33976 55.7109 8.75683
      vertex 8.33703 55.7307 8.7212
    endloop
  endfacet
  facet normal 0.990678 0.136221 9.2651e-05
    outer loop
      vertex 7.66847 60.5929 8.77276
      vertex 8.35266 55.617 8.8799
      vertex 8.33976 55.7109 8.75683
    endloop
  endfacet
  facet normal 0.990679 0.136218 -0.000255089
    outer loop
      vertex 7.6545 60.6946 8.90542
      vertex 8.35623 55.5911 8.91395
      vertex 8.35266 55.617 8.8799
    endloop
  endfacet
  facet normal 0.99068 0.136208 0.000468209
    outer loop
      vertex 7.63826 60.8127 9.02605
      vertex 8.36056 55.5595 8.94501
      vertex 8.35623 55.5911 8.91395
    endloop
  endfacet
  facet normal 0.990679 0.136216 -6.0108e-05
    outer loop
      vertex 7.63826 60.8127 9.02605
      vertex 8.37543 55.4514 9.05144
      vertex 8.36056 55.5595 8.94501
    endloop
  endfacet
  facet normal 0.990678 0.136221 -0.000217576
    outer loop
      vertex 7.61991 60.9461 9.13261
      vertex 8.38062 55.4137 9.07938
      vertex 8.37543 55.4514 9.05144
    endloop
  endfacet
  facet normal 0.990679 0.136219 7.1001e-05
    outer loop
      vertex 7.61991 60.9461 9.13261
      vertex 8.39688 55.2954 9.16694
      vertex 8.38062 55.4137 9.07938
    endloop
  endfacet
  facet normal 0.990679 0.136218 -1.54066e-06
    outer loop
      vertex 7.59966 61.0934 9.22307
      vertex 8.41393 55.1714 9.2345
      vertex 8.39688 55.2954 9.16694
    endloop
  endfacet
  facet normal 0.990679 0.136217 -0.000308393
    outer loop
      vertex 7.59966 61.0934 9.22307
      vertex 8.42007 55.1268 9.2588
      vertex 8.41393 55.1714 9.2345
    endloop
  endfacet
  facet normal 0.990679 0.136219 -7.54604e-05
    outer loop
      vertex 7.57773 61.2529 9.29549
      vertex 8.43755 54.9997 9.30693
      vertex 8.42007 55.1268 9.2588
    endloop
  endfacet
  facet normal 0.990679 0.136219 2.10149e-06
    outer loop
      vertex 7.57773 61.2529 9.29549
      vertex 8.44448 54.9493 9.32602
      vertex 8.43755 54.9997 9.30693
    endloop
  endfacet
  facet normal 0.990679 0.13622 0.000233226
    outer loop
      vertex 7.56854 61.3197 9.31618
      vertex 8.44448 54.9493 9.32602
      vertex 7.57773 61.2529 9.29549
    endloop
  endfacet
  facet normal 0.990679 0.13622 0.000149803
    outer loop
      vertex 7.5544 61.4225 9.34802
      vertex 8.44448 54.9493 9.32602
      vertex 7.56854 61.3197 9.31618
    endloop
  endfacet
  facet normal 0.990677 0.136233 -5.83854e-05
    outer loop
      vertex 5 80 16
      vertex 8.4778 54.7069 9.37383
      vertex 8.46959 54.7666 9.36821
    endloop
  endfacet
  facet normal 0.990678 0.136226 -2.80622e-05
    outer loop
      vertex 5 80 16
      vertex 8.49492 54.5824 9.38556
      vertex 8.4778 54.7069 9.37383
    endloop
  endfacet
  facet normal 0.990663 0.13633 -0.000439043
    outer loop
      vertex 5 80 16
      vertex 8.50363 54.5191 9.38319
      vertex 8.49492 54.5824 9.38556
    endloop
  endfacet
  facet normal 0.990687 0.136159 0.000234944
    outer loop
      vertex 5 80 16
      vertex 8.52 54.4 9.37874
      vertex 8.50363 54.5191 9.38319
    endloop
  endfacet
  facet normal 0.990679 0.136218 1.23326e-06
    outer loop
      vertex 15.9986 0.00999451 16
      vertex 8.52 54.4 9.37874
      vertex 5 80 16
    endloop
  endfacet
  facet normal 0.990675 0.136245 0.000230585
    outer loop
      vertex 8.52 54.4 9.37874
      vertex 15.9986 0.00999451 16
      vertex 8.53538 54.2882 9.3599
    endloop
  endfacet
  facet normal 0.817476 -0.0615102 0.572669
    outer loop
      vertex 8.54442 54.2224 9.34883
      vertex 8.56779 54.0524 9.29721
      vertex 8.55863 54.1191 9.31745
    endloop
  endfacet
  facet normal -0.992644 -0.0487187 -0.110835
    outer loop
      vertex 8.61015 53.7444 9.13559
      vertex 8.6286 53.6102 9.02934
      vertex 8.61859 53.683 9.08699
    endloop
  endfacet
  facet normal -0.974691 0.0781838 -0.209438
    outer loop
      vertex 8.6286 53.6102 9.02934
      vertex 8.64496 53.4912 8.90878
      vertex 8.63724 53.5473 8.96565
    endloop
  endfacet
  facet normal 0.993161 -0.0448008 0.107812
    outer loop
      vertex 8.65905 53.3887 8.77597
      vertex 8.67074 53.3037 8.63296
      vertex 8.66496 53.3458 8.7037
    endloop
  endfacet
  facet normal -0.997097 -0.0701318 -0.0296492
    outer loop
      vertex 8.67074 53.3037 8.63296
      vertex 8.67994 53.2368 8.48181
      vertex 8.67522 53.2711 8.55941
    endloop
  endfacet
  facet normal -0.996707 0.0556333 -0.0589847
    outer loop
      vertex 8.67994 53.2368 8.48181
      vertex 8.68656 53.1887 8.32458
      vertex 8.6831 53.2138 8.40672
    endloop
  endfacet
  facet normal 0.990676 0.136239 0.000144795
    outer loop
      vertex 8.69126 53.1544 8.07631
      vertex 15.9986 0.00999451 16
      vertex 8.69189 53.1499 8
    endloop
  endfacet
  facet normal 0.99068 0.13621 -5.64218e-05
    outer loop
      vertex 8.69055 53.1596 8.1633
      vertex 15.9986 0.00999451 16
      vertex 8.69126 53.1544 8.07631
    endloop
  endfacet
  facet normal 0.990681 0.136206 -8.47983e-05
    outer loop
      vertex 8.68844 53.175 8.24858
      vertex 15.9986 0.00999451 16
      vertex 8.69055 53.1596 8.1633
    endloop
  endfacet
  facet normal 0.99068 0.136211 -4.75379e-05
    outer loop
      vertex 8.68656 53.1887 8.32458
      vertex 15.9986 0.00999451 16
      vertex 8.68844 53.175 8.24858
    endloop
  endfacet
  facet normal 0.990678 0.136223 3.78895e-05
    outer loop
      vertex 8.67994 53.2368 8.48181
      vertex 15.9986 0.00999451 16
      vertex 8.68656 53.1887 8.32458
    endloop
  endfacet
  facet normal 0.990679 0.136219 7.91047e-06
    outer loop
      vertex 8.67074 53.3037 8.63296
      vertex 15.9986 0.00999451 16
      vertex 8.67994 53.2368 8.48181
    endloop
  endfacet
  facet normal 0.990679 0.13622 1.62537e-05
    outer loop
      vertex 8.65905 53.3887 8.77597
      vertex 15.9986 0.00999451 16
      vertex 8.67074 53.3037 8.63296
    endloop
  endfacet
  facet normal 0.990678 0.136227 6.95183e-05
    outer loop
      vertex 8.65217 53.4387 8.84075
      vertex 15.9986 0.00999451 16
      vertex 8.65905 53.3887 8.77597
    endloop
  endfacet
  facet normal 0.990681 0.136203 -0.000115259
    outer loop
      vertex 8.64496 53.4912 8.90878
      vertex 15.9986 0.00999451 16
      vertex 8.65217 53.4387 8.84075
    endloop
  endfacet
  facet normal 0.990679 0.136216 -1.77494e-05
    outer loop
      vertex 8.6286 53.6102 9.02934
      vertex 15.9986 0.00999451 16
      vertex 8.64496 53.4912 8.90878
    endloop
  endfacet
  facet normal 0.990679 0.136215 -1.94548e-05
    outer loop
      vertex 8.61015 53.7444 9.13559
      vertex 15.9986 0.00999451 16
      vertex 8.6286 53.6102 9.02934
    endloop
  endfacet
  facet normal 0.990676 0.136238 0.000162597
    outer loop
      vertex 8.5987 53.8276 9.18618
      vertex 15.9986 0.00999451 16
      vertex 8.61015 53.7444 9.13559
    endloop
  endfacet
  facet normal 0.990682 0.136192 -0.00020785
    outer loop
      vertex 8.5898 53.8924 9.22552
      vertex 15.9986 0.00999451 16
      vertex 8.5987 53.8276 9.18618
    endloop
  endfacet
  facet normal 0.99068 0.13621 -6.42197e-05
    outer loop
      vertex 8.5807 53.9586 9.25518
      vertex 15.9986 0.00999451 16
      vertex 8.5898 53.8924 9.22552
    endloop
  endfacet
  facet normal 0.990675 0.136246 0.000231424
    outer loop
      vertex 8.56779 54.0524 9.29721
      vertex 15.9986 0.00999451 16
      vertex 8.5807 53.9586 9.25518
    endloop
  endfacet
  facet normal 0.99068 0.13621 -6.72407e-05
    outer loop
      vertex 8.54442 54.2224 9.34883
      vertex 15.9986 0.00999451 16
      vertex 8.56779 54.0524 9.29721
    endloop
  endfacet
  facet normal 0.990685 0.136171 -0.000386525
    outer loop
      vertex 8.53538 54.2882 9.3599
      vertex 15.9986 0.00999451 16
      vertex 8.54442 54.2224 9.34883
    endloop
  endfacet
  facet normal 0.990647 0.136446 0.000280916
    outer loop
      vertex 6.32597 70.3566 7.96672
      vertex 5 80 0
      vertex 6.32563 70.359 8
    endloop
  endfacet
  facet normal 0.99068 0.136207 -1.37469e-05
    outer loop
      vertex 6.3277 70.344 7.79673
      vertex 5 80 0
      vertex 6.32597 70.3566 7.96672
    endloop
  endfacet
  facet normal 0.990676 0.136238 2.53997e-05
    outer loop
      vertex 6.33282 70.3068 7.63175
      vertex 5 80 0
      vertex 6.3277 70.344 7.79673
    endloop
  endfacet
  facet normal 0.990719 0.135928 -0.000376762
    outer loop
      vertex 6.33385 70.2992 7.59828
      vertex 5 80 0
      vertex 6.33282 70.3068 7.63175
    endloop
  endfacet
  facet normal 0.990671 0.136279 7.9662e-05
    outer loop
      vertex 6.34213 70.2391 7.4425
      vertex 5 80 0
      vertex 6.33385 70.2992 7.59828
    endloop
  endfacet
  facet normal 0.990688 0.136154 -8.64146e-05
    outer loop
      vertex 6.3439 70.2262 7.40925
      vertex 5 80 0
      vertex 6.34213 70.2391 7.4425
    endloop
  endfacet
  facet normal 0.99069 0.136137 -0.000109098
    outer loop
      vertex 6.34637 70.2082 7.37745
      vertex 5 80 0
      vertex 6.3439 70.2262 7.40925
    endloop
  endfacet
  facet normal 0.990676 0.136236 2.42916e-05
    outer loop
      vertex 6.35754 70.127 7.23387
      vertex 5 80 0
      vertex 6.34637 70.2082 7.37745
    endloop
  endfacet
  facet normal 0.990704 0.136033 -0.000257862
    outer loop
      vertex 6.3608 70.1032 7.20326
      vertex 5 80 0
      vertex 6.35754 70.127 7.23387
    endloop
  endfacet
  facet normal 0.990676 0.136235 2.53437e-05
    outer loop
      vertex 6.37439 70.0044 7.07582
      vertex 5 80 0
      vertex 6.3608 70.1032 7.20326
    endloop
  endfacet
  facet normal 0.990674 0.136253 4.99738e-05
    outer loop
      vertex 6.37849 69.9746 7.04706
      vertex 5 80 0
      vertex 6.37439 70.0044 7.07582
    endloop
  endfacet
  facet normal 0.990679 0.136218 1.48068e-07
    outer loop
      vertex 6.394 69.8618 6.93815
      vertex 5 80 0
      vertex 6.37849 69.9746 7.04706
    endloop
  endfacet
  facet normal 0.990678 0.136228 1.46111e-05
    outer loop
      vertex 6.41075 69.74 6.84996
      vertex 5 80 0
      vertex 6.394 69.8618 6.93815
    endloop
  endfacet
  facet normal 0.990675 0.13625 4.80979e-05
    outer loop
      vertex 6.41584 69.703 6.82317
      vertex 5 80 0
      vertex 6.41075 69.74 6.84996
    endloop
  endfacet
  facet normal 0.990682 0.136192 -4.08031e-05
    outer loop
      vertex 6.43342 69.5751 6.75542
      vertex 5 80 0
      vertex 6.41584 69.703 6.82317
    endloop
  endfacet
  facet normal 0.990668 0.136295 0.000121711
    outer loop
      vertex 6.43938 69.5318 6.73248
      vertex 5 80 0
      vertex 6.43342 69.5751 6.75542
    endloop
  endfacet
  facet normal 0.990683 0.136189 -4.73775e-05
    outer loop
      vertex 6.45729 69.4015 6.68494
      vertex 5 80 0
      vertex 6.43938 69.5318 6.73248
    endloop
  endfacet
  facet normal 0.990659 0.136359 0.000227356
    outer loop
      vertex 6.46408 69.3522 6.66694
      vertex 5 80 0
      vertex 6.45729 69.4015 6.68494
    endloop
  endfacet
  facet normal 0.990702 0.136052 -0.00027165
    outer loop
      vertex 6.47152 69.298 6.65515
      vertex 5 80 0
      vertex 6.46408 69.3522 6.66694
    endloop
  endfacet
  facet normal 0.990678 0.136225 1.18857e-05
    outer loop
      vertex 6.48941 69.1679 6.6268
      vertex 5 80 0
      vertex 6.47152 69.298 6.65515
    endloop
  endfacet
  facet normal 0.990691 0.136128 -0.000150614
    outer loop
      vertex 6.49753 69.1088 6.62198
      vertex 5 80 0
      vertex 6.48941 69.1679 6.6268
    endloop
  endfacet
  facet normal 0.990665 0.13632 0.000172341
    outer loop
      vertex 6.51487 68.9828 6.6117
      vertex 5 80 0
      vertex 6.49753 69.1088 6.62198
    endloop
  endfacet
  facet normal 0.99068 0.136207 -1.96469e-05
    outer loop
      vertex 6.5313 68.8633 6.61765
      vertex 5 80 0
      vertex 6.51487 68.9828 6.6117
    endloop
  endfacet
  facet normal 0.990687 0.136155 -0.00010844
    outer loop
      vertex 6.54 68.8 6.62081
      vertex 5 80 0
      vertex 6.5313 68.8633 6.61765
    endloop
  endfacet
  facet normal 0.990682 0.136192 -4.57863e-05
    outer loop
      vertex 6.54906 68.7341 6.63272
      vertex 5 80 0
      vertex 6.54 68.8 6.62081
    endloop
  endfacet
  facet normal 0.990657 0.136376 0.000272932
    outer loop
      vertex 6.56439 68.6227 6.65289
      vertex 5 80 0
      vertex 6.54906 68.7341 6.63272
    endloop
  endfacet
  facet normal 0.990679 0.136218 0.000610937
    outer loop
      vertex 7.45429 62.1506 6.67067
      vertex 6.56439 68.6227 6.65289
      vertex 6.57845 68.5203 6.68525
    endloop
  endfacet
  facet normal 0.990678 0.13622 -0.000519628
    outer loop
      vertex 7.45429 62.1506 6.67067
      vertex 6.57845 68.5203 6.68525
      vertex 6.58766 68.4534 6.70642
    endloop
  endfacet
  facet normal 0.990679 0.136216 -6.28919e-05
    outer loop
      vertex 7.42974 62.3291 6.7371
      vertex 6.58766 68.4534 6.70642
      vertex 6.60034 68.3612 6.74893
    endloop
  endfacet
  facet normal 0.990679 0.136215 0.000356261
    outer loop
      vertex 7.42974 62.3291 6.7371
      vertex 6.60034 68.3612 6.74893
      vertex 6.6095 68.2945 6.77966
    endloop
  endfacet
  facet normal 0.990679 0.136218 0.000100579
    outer loop
      vertex 7.36537 62.7973 7.08125
      vertex 6.65575 67.9582 7.03666
      vertex 6.66398 67.8983 7.09831
    endloop
  endfacet
  facet normal 0.990679 0.136216 5.20222e-05
    outer loop
      vertex 7.33525 63.0163 7.41334
      vertex 6.69414 67.679 7.45329
      vertex 6.69833 67.6485 7.52304
    endloop
  endfacet
  facet normal 0.990679 0.136219 4.96566e-08
    outer loop
      vertex 7.31929 63.1324 7.79825
      vertex 6.70696 67.5857 7.76668
      vertex 6.70872 67.5729 7.83845
    endloop
  endfacet
  facet normal 0.990679 0.13622 1.72375e-05
    outer loop
      vertex 7.31725 63.1473 8
      vertex 6.70944 67.5677 7.92781
      vertex 6.71003 67.5634 8
    endloop
  endfacet
  facet normal 0.990679 0.136219 -5.54194e-05
    outer loop
      vertex 6.70944 67.5677 7.92781
      vertex 7.31725 63.1473 8
      vertex 6.70872 67.5729 7.83845
    endloop
  endfacet
  facet normal 0.990679 0.136218 -6.7015e-05
    outer loop
      vertex 7.31893 63.135 7.83373
      vertex 6.70872 67.5729 7.83845
      vertex 7.31725 63.1473 8
    endloop
  endfacet
  facet normal 0.990679 0.136218 6.98313e-05
    outer loop
      vertex 7.31929 63.1324 7.79825
      vertex 6.70872 67.5729 7.83845
      vertex 7.31893 63.135 7.83373
    endloop
  endfacet
  facet normal 0.990679 0.136219 9.88368e-05
    outer loop
      vertex 6.70696 67.5857 7.76668
      vertex 7.31929 63.1324 7.79825
      vertex 6.70481 67.6014 7.67882
    endloop
  endfacet
  facet normal 0.990678 0.136222 0.00021146
    outer loop
      vertex 7.32037 63.1246 7.76326
      vertex 6.70481 67.6014 7.67882
      vertex 7.31929 63.1324 7.79825
    endloop
  endfacet
  facet normal 0.990679 0.136219 1.52175e-05
    outer loop
      vertex 7.32535 63.0884 7.60119
      vertex 6.70481 67.6014 7.67882
      vertex 7.32037 63.1246 7.76326
    endloop
  endfacet
  facet normal 0.990679 0.13622 -4.36503e-05
    outer loop
      vertex 6.70481 67.6014 7.67882
      vertex 7.32535 63.0884 7.60119
      vertex 6.7013 67.6269 7.59447
    endloop
  endfacet
  facet normal 0.990679 0.13622 4.12732e-07
    outer loop
      vertex 6.7013 67.6269 7.59447
      vertex 7.32535 63.0884 7.60119
      vertex 6.69833 67.6485 7.52304
    endloop
  endfacet
  facet normal 0.990679 0.136217 -0.000143571
    outer loop
      vertex 7.32716 63.0752 7.56679
      vertex 6.69833 67.6485 7.52304
      vertex 7.32535 63.0884 7.60119
    endloop
  endfacet
  facet normal 0.990679 0.136218 -5.63872e-05
    outer loop
      vertex 7.33525 63.0163 7.41334
      vertex 6.69833 67.6485 7.52304
      vertex 7.32716 63.0752 7.56679
    endloop
  endfacet
  facet normal 0.990679 0.136215 7.58261e-05
    outer loop
      vertex 6.69414 67.679 7.45329
      vertex 7.33525 63.0163 7.41334
      vertex 6.68932 67.7141 7.37304
    endloop
  endfacet
  facet normal 0.990679 0.136216 0.000149304
    outer loop
      vertex 7.33784 62.9975 7.37986
      vertex 6.68932 67.7141 7.37304
      vertex 7.33525 63.0163 7.41334
    endloop
  endfacet
  facet normal 0.990679 0.136216 -0.000136056
    outer loop
      vertex 6.68932 67.7141 7.37304
      vertex 7.33784 62.9975 7.37986
      vertex 6.68337 67.7573 7.29933
    endloop
  endfacet
  facet normal 0.990679 0.136218 2.638e-05
    outer loop
      vertex 7.34872 62.9184 7.23881
      vertex 6.68337 67.7573 7.29933
      vertex 7.33784 62.9975 7.37986
    endloop
  endfacet
  facet normal 0.990679 0.136217 0.00016157
    outer loop
      vertex 6.68337 67.7573 7.29933
      vertex 7.34872 62.9184 7.23881
      vertex 6.67784 67.7976 7.23079
    endloop
  endfacet
  facet normal 0.990679 0.136216 -3.87962e-05
    outer loop
      vertex 6.67784 67.7976 7.23079
      vertex 7.34872 62.9184 7.23881
      vertex 6.67088 67.8482 7.16422
    endloop
  endfacet
  facet normal 0.990679 0.136218 6.00389e-05
    outer loop
      vertex 7.3619 62.8226 7.1141
      vertex 6.67088 67.8482 7.16422
      vertex 7.34872 62.9184 7.23881
    endloop
  endfacet
  facet normal 0.990679 0.13622 -0.000167824
    outer loop
      vertex 6.67088 67.8482 7.16422
      vertex 7.3619 62.8226 7.1141
      vertex 6.66398 67.8983 7.09831
    endloop
  endfacet
  facet normal 0.990679 0.13622 -0.000264936
    outer loop
      vertex 7.36537 62.7973 7.08125
      vertex 6.66398 67.8983 7.09831
      vertex 7.3619 62.8226 7.1141
    endloop
  endfacet
  facet normal 0.990679 0.136217 -2.18529e-05
    outer loop
      vertex 6.65575 67.9582 7.03666
      vertex 7.36537 62.7973 7.08125
      vertex 6.64787 68.0155 6.97761
    endloop
  endfacet
  facet normal 0.990679 0.136217 -4.00192e-05
    outer loop
      vertex 7.36959 62.7666 7.05128
      vertex 6.64787 68.0155 6.97761
      vertex 7.36537 62.7973 7.08125
    endloop
  endfacet
  facet normal 0.990679 0.136218 3.4752e-05
    outer loop
      vertex 7.38476 62.6563 6.94368
      vertex 6.64787 68.0155 6.97761
      vertex 7.36959 62.7666 7.05128
    endloop
  endfacet
  facet normal 0.990679 0.136219 -7.42425e-05
    outer loop
      vertex 6.64787 68.0155 6.97761
      vertex 7.38476 62.6563 6.94368
      vertex 6.63941 68.077 6.92796
    endloop
  endfacet
  facet normal 0.990679 0.136219 4.4278e-05
    outer loop
      vertex 6.63941 68.077 6.92796
      vertex 7.38476 62.6563 6.94368
      vertex 6.62965 68.148 6.87072
    endloop
  endfacet
  facet normal 0.990678 0.136221 0.000224279
    outer loop
      vertex 7.38984 62.6194 6.9166
      vertex 6.62965 68.148 6.87072
      vertex 7.38476 62.6563 6.94368
    endloop
  endfacet
  facet normal 0.990679 0.136219 -5.73587e-05
    outer loop
      vertex 7.40639 62.499 6.82842
      vertex 6.62965 68.148 6.87072
      vertex 7.38984 62.6194 6.9166
    endloop
  endfacet
  facet normal 0.990679 0.136219 2.49701e-05
    outer loop
      vertex 6.62965 68.148 6.87072
      vertex 7.40639 62.499 6.82842
      vertex 6.6185 68.2291 6.82031
    endloop
  endfacet
  facet normal 0.990679 0.136218 -0.000182851
    outer loop
      vertex 6.6185 68.2291 6.82031
      vertex 7.40639 62.499 6.82842
      vertex 6.6095 68.2945 6.77966
    endloop
  endfacet
  facet normal 0.990679 0.136218 -0.000164924
    outer loop
      vertex 7.42369 62.3731 6.76076
      vertex 6.6095 68.2945 6.77966
      vertex 7.40639 62.499 6.82842
    endloop
  endfacet
  facet normal 0.990679 0.136218 7.82478e-07
    outer loop
      vertex 7.42974 62.3291 6.7371
      vertex 6.6095 68.2945 6.77966
      vertex 7.42369 62.3731 6.76076
    endloop
  endfacet
  facet normal 0.990679 0.136217 0.000158009
    outer loop
      vertex 6.58766 68.4534 6.70642
      vertex 7.42974 62.3291 6.7371
      vertex 7.44743 62.2005 6.68924
    endloop
  endfacet
  facet normal 0.990679 0.136218 -6.55731e-05
    outer loop
      vertex 6.58766 68.4534 6.70642
      vertex 7.44743 62.2005 6.68924
      vertex 7.45429 62.1506 6.67067
    endloop
  endfacet
  facet normal 0.990679 0.136217 0.000208497
    outer loop
      vertex 6.56439 68.6227 6.65289
      vertex 7.45429 62.1506 6.67067
      vertex 7.4618 62.096 6.65839
    endloop
  endfacet
  facet normal 0.990679 0.136217 7.56892e-06
    outer loop
      vertex 6.56439 68.6227 6.65289
      vertex 7.4618 62.096 6.65839
      vertex 7.47951 61.9672 6.62944
    endloop
  endfacet
  facet normal 0.990679 0.136217 -4.51179e-06
    outer loop
      vertex 6.56439 68.6227 6.65289
      vertex 7.47951 61.9672 6.62944
      vertex 5 80 0
    endloop
  endfacet
  facet normal 0.990692 0.136119 -0.000274406
    outer loop
      vertex 7.48767 61.9078 6.6242
      vertex 5 80 0
      vertex 7.47951 61.9672 6.62944
    endloop
  endfacet
  facet normal 0.990666 0.136312 0.000262109
    outer loop
      vertex 7.5049 61.7826 6.61315
      vertex 5 80 0
      vertex 7.48767 61.9078 6.6242
    endloop
  endfacet
  facet normal 0.990679 0.136218 -1.27532e-06
    outer loop
      vertex 7.52129 61.6634 6.6183
      vertex 5 80 0
      vertex 7.5049 61.7826 6.61315
    endloop
  endfacet
  facet normal 0.990697 0.136088 -0.000370145
    outer loop
      vertex 7.53 61.6 6.62104
      vertex 5 80 0
      vertex 7.52129 61.6634 6.6183
    endloop
  endfacet
  facet normal 0.990679 0.136218 -0.000219799
    outer loop
      vertex 8.46959 54.7666 6.63179
      vertex 7.53 61.6 6.62104
      vertex 7.53905 61.5342 6.63252
    endloop
  endfacet
  facet normal 0.990679 0.136218 0.000440975
    outer loop
      vertex 8.46959 54.7666 6.63179
      vertex 7.53905 61.5342 6.63252
      vertex 7.5544 61.4225 6.65198
    endloop
  endfacet
  facet normal 0.990679 0.13622 -0.000149803
    outer loop
      vertex 8.44448 54.9493 6.67398
      vertex 7.5544 61.4225 6.65198
      vertex 7.56854 61.3197 6.68382
    endloop
  endfacet
  facet normal 0.990679 0.13622 -0.000233226
    outer loop
      vertex 8.44448 54.9493 6.67398
      vertex 7.56854 61.3197 6.68382
      vertex 7.57773 61.2529 6.70451
    endloop
  endfacet
  facet normal 0.990679 0.136218 4.82006e-05
    outer loop
      vertex 8.39688 55.2954 6.83306
      vertex 7.60861 61.0283 6.81688
      vertex 7.61991 60.9461 6.86739
    endloop
  endfacet
  facet normal 0.990679 0.136218 -0.000260048
    outer loop
      vertex 8.37543 55.4514 6.94856
      vertex 7.6284 60.8843 6.9167
      vertex 7.63826 60.8127 6.97395
    endloop
  endfacet
  facet normal 0.990679 0.136217 9.33605e-05
    outer loop
      vertex 8.35266 55.617 7.1201
      vertex 7.66156 60.6432 7.1616
      vertex 7.66847 60.5929 7.22724
    endloop
  endfacet
  facet normal 0.990679 0.136221 0.000129456
    outer loop
      vertex 8.31069 55.9223 7.79959
      vertex 7.69756 60.3814 7.75117
      vertex 7.69968 60.3659 7.83753
    endloop
  endfacet
  facet normal 0.990679 0.136219 6.66468e-05
    outer loop
      vertex 8.30867 55.9369 8
      vertex 7.7004 60.3607 7.92564
      vertex 7.701 60.3563 8
    endloop
  endfacet
  facet normal 0.990679 0.136217 -5.63072e-05
    outer loop
      vertex 7.7004 60.3607 7.92564
      vertex 8.30867 55.9369 8
      vertex 7.69968 60.3659 7.83753
    endloop
  endfacet
  facet normal 0.990679 0.13622 2.26693e-05
    outer loop
      vertex 8.31031 55.925 7.83685
      vertex 7.69968 60.3659 7.83753
      vertex 8.30867 55.9369 8
    endloop
  endfacet
  facet normal 0.990679 0.13622 0.000232549
    outer loop
      vertex 8.31069 55.9223 7.79959
      vertex 7.69968 60.3659 7.83753
      vertex 8.31031 55.925 7.83685
    endloop
  endfacet
  facet normal 0.990679 0.136219 -1.65857e-05
    outer loop
      vertex 7.69756 60.3814 7.75117
      vertex 8.31069 55.9223 7.79959
      vertex 7.69573 60.3947 7.67703
    endloop
  endfacet
  facet normal 0.990679 0.136214 -0.000201251
    outer loop
      vertex 8.31181 55.9141 7.76285
      vertex 7.69573 60.3947 7.67703
      vertex 8.31069 55.9223 7.79959
    endloop
  endfacet
  facet normal 0.990679 0.136219 3.88772e-05
    outer loop
      vertex 8.31667 55.8788 7.60376
      vertex 7.69573 60.3947 7.67703
      vertex 8.31181 55.9141 7.76285
    endloop
  endfacet
  facet normal 0.990679 0.136219 -1.45637e-05
    outer loop
      vertex 7.69573 60.3947 7.67703
      vertex 8.31667 55.8788 7.60376
      vertex 7.69225 60.42 7.59384
    endloop
  endfacet
  facet normal 0.990679 0.13622 0.000135485
    outer loop
      vertex 7.69225 60.42 7.59384
      vertex 8.31667 55.8788 7.60376
      vertex 7.68918 60.4424 7.52049
    endloop
  endfacet
  facet normal 0.990679 0.136214 -0.000204319
    outer loop
      vertex 8.31856 55.865 7.56772
      vertex 7.68918 60.4424 7.52049
      vertex 8.31667 55.8788 7.60376
    endloop
  endfacet
  facet normal 0.990679 0.136216 -1.53358e-05
    outer loop
      vertex 8.32645 55.8076 7.41694
      vertex 7.68918 60.4424 7.52049
      vertex 8.31856 55.865 7.56772
    endloop
  endfacet
  facet normal 0.990679 0.136219 -0.000172883
    outer loop
      vertex 7.68918 60.4424 7.52049
      vertex 8.32645 55.8076 7.41694
      vertex 7.68485 60.4738 7.44898
    endloop
  endfacet
  facet normal 0.990679 0.136217 6.22005e-05
    outer loop
      vertex 7.68485 60.4738 7.44898
      vertex 8.32645 55.8076 7.41694
      vertex 7.68007 60.5086 7.36988
    endloop
  endfacet
  facet normal 0.990679 0.136217 4.54488e-05
    outer loop
      vertex 8.33703 55.7307 7.2788
      vertex 7.68007 60.5086 7.36988
      vertex 8.32645 55.8076 7.41694
    endloop
  endfacet
  facet normal 0.990679 0.136219 -3.54413e-05
    outer loop
      vertex 7.68007 60.5086 7.36988
      vertex 8.33703 55.7307 7.2788
      vertex 7.67443 60.5496 7.30048
    endloop
  endfacet
  facet normal 0.990679 0.136218 0.000208914
    outer loop
      vertex 8.33976 55.7109 7.24317
      vertex 7.67443 60.5496 7.30048
      vertex 8.33703 55.7307 7.2788
    endloop
  endfacet
  facet normal 0.990678 0.136221 -8.29008e-05
    outer loop
      vertex 7.67443 60.5496 7.30048
      vertex 8.33976 55.7109 7.24317
      vertex 7.66847 60.5929 7.22724
    endloop
  endfacet
  facet normal 0.990678 0.136221 -9.2651e-05
    outer loop
      vertex 8.35266 55.617 7.1201
      vertex 7.66847 60.5929 7.22724
      vertex 8.33976 55.7109 7.24317
    endloop
  endfacet
  facet normal 0.990679 0.136217 0.000109791
    outer loop
      vertex 7.66156 60.6432 7.1616
      vertex 8.35266 55.617 7.1201
      vertex 7.6545 60.6946 7.09458
    endloop
  endfacet
  facet normal 0.990679 0.136218 0.000255089
    outer loop
      vertex 8.35623 55.5911 7.08605
      vertex 7.6545 60.6946 7.09458
      vertex 8.35266 55.617 7.1201
    endloop
  endfacet
  facet normal 0.990679 0.136218 -8.60484e-05
    outer loop
      vertex 7.6545 60.6946 7.09458
      vertex 8.35623 55.5911 7.08605
      vertex 7.64674 60.751 7.03695
    endloop
  endfacet
  facet normal 0.990679 0.13622 6.02354e-05
    outer loop
      vertex 7.64674 60.751 7.03695
      vertex 8.35623 55.5911 7.08605
      vertex 7.63826 60.8127 6.97395
    endloop
  endfacet
  facet normal 0.99068 0.136208 -0.000468209
    outer loop
      vertex 8.36056 55.5595 7.05499
      vertex 7.63826 60.8127 6.97395
      vertex 8.35623 55.5911 7.08605
    endloop
  endfacet
  facet normal 0.990679 0.136216 6.0108e-05
    outer loop
      vertex 8.37543 55.4514 6.94856
      vertex 7.63826 60.8127 6.97395
      vertex 8.36056 55.5595 7.05499
    endloop
  endfacet
  facet normal 0.990679 0.13622 0.000153236
    outer loop
      vertex 7.6284 60.8843 6.9167
      vertex 8.37543 55.4514 6.94856
      vertex 7.61991 60.9461 6.86739
    endloop
  endfacet
  facet normal 0.990678 0.136221 0.000217576
    outer loop
      vertex 8.38062 55.4137 6.92062
      vertex 7.61991 60.9461 6.86739
      vertex 8.37543 55.4514 6.94856
    endloop
  endfacet
  facet normal 0.990679 0.136219 -7.1001e-05
    outer loop
      vertex 8.39688 55.2954 6.83306
      vertex 7.61991 60.9461 6.86739
      vertex 8.38062 55.4137 6.92062
    endloop
  endfacet
  facet normal 0.990679 0.136218 3.00798e-05
    outer loop
      vertex 7.60861 61.0283 6.81688
      vertex 8.39688 55.2954 6.83306
      vertex 7.59966 61.0934 6.77693
    endloop
  endfacet
  facet normal 0.990679 0.136218 1.54066e-06
    outer loop
      vertex 8.41393 55.1714 6.7655
      vertex 7.59966 61.0934 6.77693
      vertex 8.39688 55.2954 6.83306
    endloop
  endfacet
  facet normal 0.990679 0.136217 0.000308393
    outer loop
      vertex 8.42007 55.1268 6.7412
      vertex 7.59966 61.0934 6.77693
      vertex 8.41393 55.1714 6.7655
    endloop
  endfacet
  facet normal 0.990679 0.136219 9.0168e-07
    outer loop
      vertex 7.59966 61.0934 6.77693
      vertex 8.42007 55.1268 6.7412
      vertex 7.59053 61.1598 6.74676
    endloop
  endfacet
  facet normal 0.990679 0.136219 3.01534e-05
    outer loop
      vertex 7.59053 61.1598 6.74676
      vertex 8.42007 55.1268 6.7412
      vertex 7.57773 61.2529 6.70451
    endloop
  endfacet
  facet normal 0.990679 0.136219 7.54604e-05
    outer loop
      vertex 8.43755 54.9997 6.69307
      vertex 7.57773 61.2529 6.70451
      vertex 8.42007 55.1268 6.7412
    endloop
  endfacet
  facet normal 0.990679 0.136219 -2.10149e-06
    outer loop
      vertex 8.44448 54.9493 6.67398
      vertex 7.57773 61.2529 6.70451
      vertex 8.43755 54.9997 6.69307
    endloop
  endfacet
  facet normal 0.990679 0.136219 -0.00048951
    outer loop
      vertex 7.5544 61.4225 6.65198
      vertex 8.44448 54.9493 6.67398
      vertex 8.45205 54.8942 6.66126
    endloop
  endfacet
  facet normal 0.990679 0.136219 -0.000172768
    outer loop
      vertex 7.5544 61.4225 6.65198
      vertex 8.45205 54.8942 6.66126
      vertex 8.46959 54.7666 6.63179
    endloop
  endfacet
  facet normal 0.990679 0.136218 -1.01165e-06
    outer loop
      vertex 7.53 61.6 6.62104
      vertex 8.46959 54.7666 6.63179
      vertex 5 80 0
    endloop
  endfacet
  facet normal 0.990677 0.136233 5.83854e-05
    outer loop
      vertex 8.4778 54.7069 6.62617
      vertex 5 80 0
      vertex 8.46959 54.7666 6.63179
    endloop
  endfacet
  facet normal 0.990678 0.136226 2.80622e-05
    outer loop
      vertex 8.49492 54.5824 6.61444
      vertex 5 80 0
      vertex 8.4778 54.7069 6.62617
    endloop
  endfacet
  facet normal 0.990677 0.13623 4.67452e-05
    outer loop
      vertex 8.51127 54.4635 6.61889
      vertex 5 80 0
      vertex 8.49492 54.5824 6.61444
    endloop
  endfacet
  facet normal 0.990682 0.136196 -8.81149e-05
    outer loop
      vertex 8.52 54.4 6.62126
      vertex 5 80 0
      vertex 8.51127 54.4635 6.61889
    endloop
  endfacet
  facet normal 0.990677 0.136234 -0.000131353
    outer loop
      vertex 15.9986 0.00999451 0
      vertex 8.52 54.4 6.62126
      vertex 8.52905 54.3342 6.63234
    endloop
  endfacet
  facet normal 0.99068 0.136209 7.44807e-05
    outer loop
      vertex 15.9986 0.00999451 0
      vertex 8.52905 54.3342 6.63234
      vertex 8.54442 54.2224 6.65117
    endloop
  endfacet
  facet normal 0.817476 -0.0615102 -0.572669
    outer loop
      vertex 8.56779 54.0524 6.70279
      vertex 8.54442 54.2224 6.65117
      vertex 8.55863 54.1191 6.68255
    endloop
  endfacet
  facet normal -0.992644 -0.0487187 0.110835
    outer loop
      vertex 8.6286 53.6102 6.97066
      vertex 8.61015 53.7444 6.86441
      vertex 8.61859 53.683 6.91301
    endloop
  endfacet
  facet normal -0.974691 0.0781838 0.209438
    outer loop
      vertex 8.64496 53.4912 7.09122
      vertex 8.6286 53.6102 6.97066
      vertex 8.63724 53.5473 7.03435
    endloop
  endfacet
  facet normal 0.993161 -0.0448008 -0.107812
    outer loop
      vertex 8.67074 53.3037 7.36704
      vertex 8.65905 53.3887 7.22403
      vertex 8.66496 53.3458 7.2963
    endloop
  endfacet
  facet normal -0.997097 -0.0701318 0.0296492
    outer loop
      vertex 8.67994 53.2368 7.51819
      vertex 8.67074 53.3037 7.36704
      vertex 8.67522 53.2711 7.44059
    endloop
  endfacet
  facet normal -0.996707 0.0556333 0.0589847
    outer loop
      vertex 8.68656 53.1887 7.67542
      vertex 8.67994 53.2368 7.51819
      vertex 8.6831 53.2138 7.59328
    endloop
  endfacet
  facet normal 0.990679 0.136218 -0
    outer loop
      vertex 15.9986 0.00999451 0
      vertex 8.69189 53.1499 8
      vertex 15.9986 0.00999451 16
    endloop
  endfacet
  facet normal 0.990676 0.136239 -0.000144795
    outer loop
      vertex 8.69189 53.1499 8
      vertex 15.9986 0.00999451 0
      vertex 8.69126 53.1544 7.92369
    endloop
  endfacet
  facet normal 0.99068 0.13621 5.64218e-05
    outer loop
      vertex 8.69126 53.1544 7.92369
      vertex 15.9986 0.00999451 0
      vertex 8.69055 53.1596 7.8367
    endloop
  endfacet
  facet normal 0.990681 0.136206 8.47983e-05
    outer loop
      vertex 8.69055 53.1596 7.8367
      vertex 15.9986 0.00999451 0
      vertex 8.68844 53.175 7.75142
    endloop
  endfacet
  facet normal 0.99068 0.136211 4.75379e-05
    outer loop
      vertex 8.68844 53.175 7.75142
      vertex 15.9986 0.00999451 0
      vertex 8.68656 53.1887 7.67542
    endloop
  endfacet
  facet normal 0.990678 0.136223 -3.78895e-05
    outer loop
      vertex 8.68656 53.1887 7.67542
      vertex 15.9986 0.00999451 0
      vertex 8.67994 53.2368 7.51819
    endloop
  endfacet
  facet normal 0.990679 0.136219 -7.91047e-06
    outer loop
      vertex 8.67994 53.2368 7.51819
      vertex 15.9986 0.00999451 0
      vertex 8.67074 53.3037 7.36704
    endloop
  endfacet
  facet normal 0.990679 0.13622 -1.62537e-05
    outer loop
      vertex 8.67074 53.3037 7.36704
      vertex 15.9986 0.00999451 0
      vertex 8.65905 53.3887 7.22403
    endloop
  endfacet
  facet normal 0.990678 0.136227 -6.95183e-05
    outer loop
      vertex 8.65905 53.3887 7.22403
      vertex 15.9986 0.00999451 0
      vertex 8.65217 53.4387 7.15925
    endloop
  endfacet
  facet normal 0.990681 0.136203 0.000115259
    outer loop
      vertex 8.65217 53.4387 7.15925
      vertex 15.9986 0.00999451 0
      vertex 8.64496 53.4912 7.09122
    endloop
  endfacet
  facet normal 0.990679 0.136216 1.77494e-05
    outer loop
      vertex 8.64496 53.4912 7.09122
      vertex 15.9986 0.00999451 0
      vertex 8.6286 53.6102 6.97066
    endloop
  endfacet
  facet normal 0.990679 0.136215 1.94548e-05
    outer loop
      vertex 8.6286 53.6102 6.97066
      vertex 15.9986 0.00999451 0
      vertex 8.61015 53.7444 6.86441
    endloop
  endfacet
  facet normal 0.990676 0.136238 -0.00016257
    outer loop
      vertex 8.61015 53.7444 6.86441
      vertex 15.9986 0.00999451 0
      vertex 8.5987 53.8276 6.81381
    endloop
  endfacet
  facet normal 0.990682 0.136192 0.000207893
    outer loop
      vertex 8.5987 53.8276 6.81381
      vertex 15.9986 0.00999451 0
      vertex 8.5898 53.8924 6.77448
    endloop
  endfacet
  facet normal 0.99068 0.13621 6.42197e-05
    outer loop
      vertex 8.5898 53.8924 6.77448
      vertex 15.9986 0.00999451 0
      vertex 8.5807 53.9586 6.74482
    endloop
  endfacet
  facet normal 0.990675 0.136246 -0.000231424
    outer loop
      vertex 8.5807 53.9586 6.74482
      vertex 15.9986 0.00999451 0
      vertex 8.56779 54.0524 6.70279
    endloop
  endfacet
  facet normal 0.99068 0.13621 6.72407e-05
    outer loop
      vertex 8.56779 54.0524 6.70279
      vertex 15.9986 0.00999451 0
      vertex 8.54442 54.2224 6.65117
    endloop
  endfacet
  facet normal 0.990679 0.136218 -1.23326e-06
    outer loop
      vertex 8.52 54.4 6.62126
      vertex 15.9986 0.00999451 0
      vertex 5 80 0
    endloop
  endfacet
  facet normal 0 1 0
    outer loop
      vertex 5 80 16
      vertex 0 80 8
      vertex 0 80 16
    endloop
  endfacet
  facet normal 0 1 -0
    outer loop
      vertex 5 80 0
      vertex 0 80 8
      vertex 5 80 16
    endloop
  endfacet
  facet normal 0 1 0
    outer loop
      vertex 0 80 8
      vertex 5 80 0
      vertex 0 80 0
    endloop
  endfacet
  facet normal -1 0 0
    outer loop
      vertex 0 80 0
      vertex 0 77 5.89494
      vertex 0 80 8
    endloop
  endfacet
  facet normal -1 0 0
    outer loop
      vertex 0 -12 0
      vertex 0 77 5.89494
      vertex 0 80 0
    endloop
  endfacet
  facet normal -1 -0 0
    outer loop
      vertex 0 77 5.89494
      vertex 0 -12 0
      vertex 0 -12 5.89494
    endloop
  endfacet
  facet normal -1 -0 0
    outer loop
      vertex 0 80 8
      vertex 0 77 5.89494
      vertex 0 77 8
    endloop
  endfacet
  facet normal -1 0 0
    outer loop
      vertex 0 77 10.1051
      vertex 0 80 8
      vertex 0 77 8
    endloop
  endfacet
  facet normal -1 0 0
    outer loop
      vertex 0 80 8
      vertex 0 77 10.1051
      vertex 0 80 16
    endloop
  endfacet
  facet normal -1 0 0
    outer loop
      vertex 0 -12 16
      vertex 0 77 10.1051
      vertex 0 -12 10.1051
    endloop
  endfacet
  facet normal -1 0 0
    outer loop
      vertex 0 77 10.1051
      vertex 0 -12 16
      vertex 0 80 16
    endloop
  endfacet
  facet normal 0 -1 0
    outer loop
      vertex -1.25 -12 9.25
      vertex -1.25 -12 10.45
      vertex -1.56979 -12 10.429
    endloop
  endfacet
  facet normal 0 -1 0
    outer loop
      vertex -1.41316 -12 9.23931
      vertex -1.56979 -12 10.429
      vertex -1.88411 -12 10.3665
    endloop
  endfacet
  facet normal 0 -1 0
    outer loop
      vertex -1.25 -12 10.45
      vertex -1.25 -12 9.25
      vertex -0.93021 -12 10.429
    endloop
  endfacet
  facet normal 0 -1 0
    outer loop
      vertex -1.57352 -12 9.20741
      vertex -1.88411 -12 10.3665
      vertex -2.18757 -12 10.2635
    endloop
  endfacet
  facet normal 0 -1 0
    outer loop
      vertex -1.08684 -12 9.23931
      vertex -0.93021 -12 10.429
      vertex -1.25 -12 9.25
    endloop
  endfacet
  facet normal 0 -1 0
    outer loop
      vertex -1.72835 -12 9.15485
      vertex -2.18757 -12 10.2635
      vertex -2.475 -12 10.1218
    endloop
  endfacet
  facet normal 0 -1 -0
    outer loop
      vertex -0.93021 -12 10.429
      vertex -1.08684 -12 9.23931
      vertex -0.615892 -12 10.3665
    endloop
  endfacet
  facet normal 0 -1 0
    outer loop
      vertex -0.926476 -12 9.20741
      vertex -0.615892 -12 10.3665
      vertex -1.08684 -12 9.23931
    endloop
  endfacet
  facet normal 0 -1 0
    outer loop
      vertex -1.875 -12 9.08253
      vertex -2.475 -12 10.1218
      vertex -2.74146 -12 9.94372
    endloop
  endfacet
  facet normal 0 -1 0
    outer loop
      vertex 0 -12 10.1051
      vertex 16 -12 16
      vertex 0 -12 16
    endloop
  endfacet
  facet normal 0 -1 0
    outer loop
      vertex -2.01095 -12 8.99169
      vertex -2.74146 -12 9.94372
      vertex -2.98241 -12 9.73241
    endloop
  endfacet
  facet normal 0 -1 0
    outer loop
      vertex -2.13388 -12 8.88388
      vertex -2.98241 -12 9.73241
      vertex -3.19372 -12 9.49146
    endloop
  endfacet
  facet normal 0 -1 0
    outer loop
      vertex -1.56979 -12 10.429
      vertex -1.41316 -12 9.23931
      vertex -1.25 -12 9.25
    endloop
  endfacet
  facet normal 0 -1 0
    outer loop
      vertex -0.771646 -12 9.15485
      vertex -0.312425 -12 10.2635
      vertex -0.926476 -12 9.20741
    endloop
  endfacet
  facet normal 0 -1 -0
    outer loop
      vertex -0.312425 -12 10.2635
      vertex -0.771646 -12 9.15485
      vertex -0.0249996 -12 10.1218
    endloop
  endfacet
  facet normal 0 -1 0
    outer loop
      vertex -0.625 -12 9.08253
      vertex -0.0249996 -12 10.1218
      vertex -0.771646 -12 9.15485
    endloop
  endfacet
  facet normal 0 -1 -0
    outer loop
      vertex -0.0249996 -12 10.1218
      vertex -0.625 -12 9.08253
      vertex 0 -12 10.1051
    endloop
  endfacet
  facet normal 0 -1 0
    outer loop
      vertex -0.489048 -12 8.99169
      vertex 0 -12 10.1051
      vertex -0.625 -12 9.08253
    endloop
  endfacet
  facet normal 0 -1 0
    outer loop
      vertex -0.366116 -12 8.88388
      vertex 0 -12 10.1051
      vertex -0.489048 -12 8.99169
    endloop
  endfacet
  facet normal 0 -1 0
    outer loop
      vertex -0.258307 -12 8.76095
      vertex 0 -12 10.1051
      vertex -0.366116 -12 8.88388
    endloop
  endfacet
  facet normal 0 -1 0
    outer loop
      vertex -0.167468 -12 8.625
      vertex 0 -12 10.1051
      vertex -0.258307 -12 8.76095
    endloop
  endfacet
  facet normal 0 -1 0
    outer loop
      vertex -0.09515 -12 8.47835
      vertex 0 -12 10.1051
      vertex -0.167468 -12 8.625
    endloop
  endfacet
  facet normal 0 -1 0
    outer loop
      vertex -0.042592 -12 8.32352
      vertex 0 -12 10.1051
      vertex -0.09515 -12 8.47835
    endloop
  endfacet
  facet normal 0 -1 0
    outer loop
      vertex -0.0106936 -12 8.16316
      vertex 0 -12 10.1051
      vertex -0.042592 -12 8.32352
    endloop
  endfacet
  facet normal 0 -1 -0
    outer loop
      vertex 0 -12 10.1051
      vertex -0.0106936 -12 8.16316
      vertex 16 -12 16
    endloop
  endfacet
  facet normal 0 -1 0
    outer loop
      vertex 0 -12 8
      vertex 16 -12 16
      vertex -0.0106936 -12 8.16316
    endloop
  endfacet
  facet normal 0 -1 0
    outer loop
      vertex 16 -12 0
      vertex 0 -12 8
      vertex -0.0106936 -12 7.83684
    endloop
  endfacet
  facet normal 0 -1 0
    outer loop
      vertex 0 -12 5.89494
      vertex -0.0106936 -12 7.83684
      vertex -0.042592 -12 7.67648
    endloop
  endfacet
  facet normal 0 -1 0
    outer loop
      vertex 0 -12 5.89494
      vertex -0.042592 -12 7.67648
      vertex -0.09515 -12 7.52165
    endloop
  endfacet
  facet normal 0 -1 0
    outer loop
      vertex 0 -12 5.89494
      vertex -0.09515 -12 7.52165
      vertex -0.167468 -12 7.375
    endloop
  endfacet
  facet normal 0 -1 0
    outer loop
      vertex 0 -12 5.89494
      vertex -0.167468 -12 7.375
      vertex -0.258307 -12 7.23905
    endloop
  endfacet
  facet normal 0 -1 0
    outer loop
      vertex 0 -12 5.89494
      vertex -0.258307 -12 7.23905
      vertex -0.366116 -12 7.11612
    endloop
  endfacet
  facet normal 0 -1 0
    outer loop
      vertex 0 -12 5.89494
      vertex -0.366116 -12 7.11612
      vertex -0.489048 -12 7.00831
    endloop
  endfacet
  facet normal 0 -1 0
    outer loop
      vertex 0 -12 5.89494
      vertex -0.489048 -12 7.00831
      vertex -0.625 -12 6.91747
    endloop
  endfacet
  facet normal 0 -1 0
    outer loop
      vertex -2.18757 -12 5.7365
      vertex -1.72835 -12 6.84515
      vertex -2.475 -12 5.87824
    endloop
  endfacet
  facet normal 0 -1 -0
    outer loop
      vertex -1.72835 -12 6.84515
      vertex -2.18757 -12 5.7365
      vertex -1.57352 -12 6.79259
    endloop
  endfacet
  facet normal 0 -1 0
    outer loop
      vertex -1.88411 -12 5.63348
      vertex -1.57352 -12 6.79259
      vertex -2.18757 -12 5.7365
    endloop
  endfacet
  facet normal 0 -1 -0
    outer loop
      vertex -1.57352 -12 6.79259
      vertex -1.88411 -12 5.63348
      vertex -1.41316 -12 6.76069
    endloop
  endfacet
  facet normal 0 -1 0
    outer loop
      vertex -1.56979 -12 5.57096
      vertex -1.41316 -12 6.76069
      vertex -1.88411 -12 5.63348
    endloop
  endfacet
  facet normal 0 -1 -0
    outer loop
      vertex -1.41316 -12 6.76069
      vertex -1.56979 -12 5.57096
      vertex -1.25 -12 6.75
    endloop
  endfacet
  facet normal 0 -1 0
    outer loop
      vertex -0.0249996 -12 5.87824
      vertex -0.625 -12 6.91747
      vertex -0.771646 -12 6.84515
    endloop
  endfacet
  facet normal 0 -1 0
    outer loop
      vertex -0.0106936 -12 7.83684
      vertex 0 -12 5.89494
      vertex 16 -12 0
    endloop
  endfacet
  facet normal 0 -1 0
    outer loop
      vertex 16 -12 0
      vertex 0 -12 5.89494
      vertex 0 -12 0
    endloop
  endfacet
  facet normal 0 -1 0
    outer loop
      vertex 0 -12 8
      vertex 16 -12 0
      vertex 16 -12 16
    endloop
  endfacet
  facet normal 0 -1 0
    outer loop
      vertex -1.25 -12 5.55
      vertex -1.25 -12 6.75
      vertex -1.56979 -12 5.57096
    endloop
  endfacet
  facet normal 0 -1 0
    outer loop
      vertex -1.25 -12 6.75
      vertex -1.25 -12 5.55
      vertex -1.08684 -12 6.76069
    endloop
  endfacet
  facet normal -0 -1 0
    outer loop
      vertex -0.0249996 -12 5.87824
      vertex -0.771646 -12 6.84515
      vertex -0.312425 -12 5.7365
    endloop
  endfacet
  facet normal 0 -1 0
    outer loop
      vertex -0.625 -12 6.91747
      vertex -0.0249996 -12 5.87824
      vertex 0 -12 5.89494
    endloop
  endfacet
  facet normal -0 -1 0
    outer loop
      vertex -0.93021 -12 5.57096
      vertex -1.08684 -12 6.76069
      vertex -1.25 -12 5.55
    endloop
  endfacet
  facet normal 0 -1 0
    outer loop
      vertex -0.771646 -12 6.84515
      vertex -0.615892 -12 5.63348
      vertex -0.312425 -12 5.7365
    endloop
  endfacet
  facet normal 0 -1 0
    outer loop
      vertex -1.08684 -12 6.76069
      vertex -0.93021 -12 5.57096
      vertex -0.926476 -12 6.79259
    endloop
  endfacet
  facet normal 0 -1 0
    outer loop
      vertex -0.926476 -12 6.79259
      vertex -0.615892 -12 5.63348
      vertex -0.771646 -12 6.84515
    endloop
  endfacet
  facet normal -0 -1 0
    outer loop
      vertex -0.615892 -12 5.63348
      vertex -0.926476 -12 6.79259
      vertex -0.93021 -12 5.57096
    endloop
  endfacet
  facet normal 0 -1 -0
    outer loop
      vertex -0.615892 -12 10.3665
      vertex -0.926476 -12 9.20741
      vertex -0.312425 -12 10.2635
    endloop
  endfacet
  facet normal 0 -1 0
    outer loop
      vertex -2.24169 -12 8.76095
      vertex -3.19372 -12 9.49146
      vertex -3.37176 -12 9.225
    endloop
  endfacet
  facet normal 0 -1 0
    outer loop
      vertex -1.88411 -12 10.3665
      vertex -1.57352 -12 9.20741
      vertex -1.41316 -12 9.23931
    endloop
  endfacet
  facet normal 0 -1 0
    outer loop
      vertex -2.18757 -12 10.2635
      vertex -1.72835 -12 9.15485
      vertex -1.57352 -12 9.20741
    endloop
  endfacet
  facet normal 0 -1 0
    outer loop
      vertex -2.475 -12 10.1218
      vertex -1.875 -12 9.08253
      vertex -1.72835 -12 9.15485
    endloop
  endfacet
  facet normal 0 -1 0
    outer loop
      vertex -2.74146 -12 9.94372
      vertex -2.01095 -12 8.99169
      vertex -1.875 -12 9.08253
    endloop
  endfacet
  facet normal 0 -1 0
    outer loop
      vertex -2.33253 -12 8.625
      vertex -3.37176 -12 9.225
      vertex -3.5135 -12 8.93757
    endloop
  endfacet
  facet normal 0 -1 0
    outer loop
      vertex -2.98241 -12 9.73241
      vertex -2.13388 -12 8.88388
      vertex -2.01095 -12 8.99169
    endloop
  endfacet
  facet normal 0 -1 0
    outer loop
      vertex -3.19372 -12 9.49146
      vertex -2.24169 -12 8.76095
      vertex -2.13388 -12 8.88388
    endloop
  endfacet
  facet normal 0 -1 0
    outer loop
      vertex -2.40485 -12 8.47835
      vertex -3.5135 -12 8.93757
      vertex -3.61652 -12 8.63411
    endloop
  endfacet
  facet normal 0 -1 0
    outer loop
      vertex -3.37176 -12 9.225
      vertex -2.33253 -12 8.625
      vertex -2.24169 -12 8.76095
    endloop
  endfacet
  facet normal 0 -1 0
    outer loop
      vertex -3.5135 -12 8.93757
      vertex -2.40485 -12 8.47835
      vertex -2.33253 -12 8.625
    endloop
  endfacet
  facet normal 0 -1 0
    outer loop
      vertex -3.61652 -12 8.63411
      vertex -2.45741 -12 8.32352
      vertex -2.40485 -12 8.47835
    endloop
  endfacet
  facet normal 0 -1 0
    outer loop
      vertex -3.67904 -12 8.31979
      vertex -2.45741 -12 8.32352
      vertex -3.61652 -12 8.63411
    endloop
  endfacet
  facet normal 0 -1 0
    outer loop
      vertex -3.67904 -12 8.31979
      vertex -2.48931 -12 8.16316
      vertex -2.45741 -12 8.32352
    endloop
  endfacet
  facet normal 0 -1 0
    outer loop
      vertex -3.7 -12 8
      vertex -2.48931 -12 8.16316
      vertex -3.67904 -12 8.31979
    endloop
  endfacet
  facet normal 0 -1 0
    outer loop
      vertex -3.7 -12 8
      vertex -2.5 -12 8
      vertex -2.48931 -12 8.16316
    endloop
  endfacet
  facet normal 0 -1 0
    outer loop
      vertex -3.7 -12 8
      vertex -2.48931 -12 7.83684
      vertex -2.5 -12 8
    endloop
  endfacet
  facet normal 0 -1 0
    outer loop
      vertex -3.67904 -12 7.68021
      vertex -2.48931 -12 7.83684
      vertex -3.7 -12 8
    endloop
  endfacet
  facet normal 0 -1 0
    outer loop
      vertex -3.67904 -12 7.68021
      vertex -2.45741 -12 7.67648
      vertex -2.48931 -12 7.83684
    endloop
  endfacet
  facet normal 0 -1 0
    outer loop
      vertex -3.61652 -12 7.36589
      vertex -2.45741 -12 7.67648
      vertex -3.67904 -12 7.68021
    endloop
  endfacet
  facet normal 0 -1 -0
    outer loop
      vertex -2.45741 -12 7.67648
      vertex -3.61652 -12 7.36589
      vertex -2.40485 -12 7.52165
    endloop
  endfacet
  facet normal 0 -1 0
    outer loop
      vertex -3.5135 -12 7.06242
      vertex -2.40485 -12 7.52165
      vertex -3.61652 -12 7.36589
    endloop
  endfacet
  facet normal 0 -1 -0
    outer loop
      vertex -2.40485 -12 7.52165
      vertex -3.5135 -12 7.06242
      vertex -2.33253 -12 7.375
    endloop
  endfacet
  facet normal 0 -1 0
    outer loop
      vertex -3.37176 -12 6.775
      vertex -2.33253 -12 7.375
      vertex -3.5135 -12 7.06242
    endloop
  endfacet
  facet normal 0 -1 -0
    outer loop
      vertex -2.33253 -12 7.375
      vertex -3.37176 -12 6.775
      vertex -2.24169 -12 7.23905
    endloop
  endfacet
  facet normal 0 -1 0
    outer loop
      vertex -3.19372 -12 6.50853
      vertex -2.24169 -12 7.23905
      vertex -3.37176 -12 6.775
    endloop
  endfacet
  facet normal 0 -1 -0
    outer loop
      vertex -2.24169 -12 7.23905
      vertex -3.19372 -12 6.50853
      vertex -2.13388 -12 7.11612
    endloop
  endfacet
  facet normal 0 -1 0
    outer loop
      vertex -2.98241 -12 6.26759
      vertex -2.13388 -12 7.11612
      vertex -3.19372 -12 6.50853
    endloop
  endfacet
  facet normal 0 -1 -0
    outer loop
      vertex -2.13388 -12 7.11612
      vertex -2.98241 -12 6.26759
      vertex -2.01095 -12 7.00831
    endloop
  endfacet
  facet normal 0 -1 0
    outer loop
      vertex -2.74146 -12 6.05628
      vertex -2.01095 -12 7.00831
      vertex -2.98241 -12 6.26759
    endloop
  endfacet
  facet normal 0 -1 -0
    outer loop
      vertex -2.01095 -12 7.00831
      vertex -2.74146 -12 6.05628
      vertex -1.875 -12 6.91747
    endloop
  endfacet
  facet normal 0 -1 0
    outer loop
      vertex -2.475 -12 5.87824
      vertex -1.875 -12 6.91747
      vertex -2.74146 -12 6.05628
    endloop
  endfacet
  facet normal 0 -1 -0
    outer loop
      vertex -1.875 -12 6.91747
      vertex -2.475 -12 5.87824
      vertex -1.72835 -12 6.84515
    endloop
  endfacet
  facet normal 0 -1 0
    outer loop
      vertex 1.79999 74 0
      vertex 4.98 74 16
      vertex 1.79999 74 16
    endloop
  endfacet
  facet normal 0 -1 -0
    outer loop
      vertex 4.98 74 16
      vertex 1.79999 74 0
      vertex 4.98 74 0
    endloop
  endfacet
  facet normal -0.991656 -0.128916 0
    outer loop
      vertex 6.37029 63.3055 0
      vertex 4.98 74 16
      vertex 4.98 74 0
    endloop
  endfacet
  facet normal -0.991656 -0.128916 0
    outer loop
      vertex 4.98 74 16
      vertex 6.37029 63.3055 0
      vertex 6.37029 63.3055 16
    endloop
  endfacet
  facet normal -0.258817 0.965926 0
    outer loop
      vertex 6.37029 63.3055 0
      vertex 1.79999 62.0809 16
      vertex 6.37029 63.3055 16
    endloop
  endfacet
  facet normal -0.258817 0.965926 0
    outer loop
      vertex 1.79999 62.0809 16
      vertex 6.37029 63.3055 0
      vertex 1.79999 62.0809 0
    endloop
  endfacet
  facet normal 1 -0 0
    outer loop
      vertex 1.79999 62.0809 16
      vertex 1.79999 74 0
      vertex 1.79999 74 16
    endloop
  endfacet
  facet normal 1 0 0
    outer loop
      vertex 1.79999 74 0
      vertex 1.79999 62.0809 16
      vertex 1.79999 62.0809 0
    endloop
  endfacet
  facet normal -0.991656 -0.128913 0
    outer loop
      vertex 7.46948 54.85 0
      vertex 6.47432 62.5052 16
      vertex 6.47432 62.5052 0
    endloop
  endfacet
  facet normal -0.991656 -0.128913 0
    outer loop
      vertex 6.47432 62.5052 16
      vertex 7.46948 54.85 0
      vertex 7.46948 54.85 16
    endloop
  endfacet
  facet normal -0.258813 0.965927 0
    outer loop
      vertex 7.46948 54.85 0
      vertex 1.79999 53.3309 16
      vertex 7.46948 54.85 16
    endloop
  endfacet
  facet normal -0.258813 0.965927 0
    outer loop
      vertex 1.79999 53.3309 16
      vertex 7.46948 54.85 0
      vertex 1.79999 53.3309 0
    endloop
  endfacet
  facet normal 1 -0 0
    outer loop
      vertex 1.79999 53.3309 16
      vertex 1.79999 61.2527 0
      vertex 1.79999 61.2527 16
    endloop
  endfacet
  facet normal 1 0 0
    outer loop
      vertex 1.79999 61.2527 0
      vertex 1.79999 53.3309 16
      vertex 1.79999 53.3309 0
    endloop
  endfacet
  facet normal 0.258822 -0.965925 0
    outer loop
      vertex 1.79999 61.2527 0
      vertex 6.47432 62.5052 16
      vertex 1.79999 61.2527 16
    endloop
  endfacet
  facet normal 0.258822 -0.965925 0
    outer loop
      vertex 6.47432 62.5052 16
      vertex 1.79999 61.2527 0
      vertex 6.47432 62.5052 0
    endloop
  endfacet
  facet normal -0.991656 -0.128916 0
    outer loop
      vertex 8.5687 46.3946 0
      vertex 7.57353 54.0497 16
      vertex 7.57353 54.0497 0
    endloop
  endfacet
  facet normal -0.991656 -0.128916 0
    outer loop
      vertex 7.57353 54.0497 16
      vertex 8.5687 46.3946 0
      vertex 8.5687 46.3946 16
    endloop
  endfacet
  facet normal -0.258823 0.965925 0
    outer loop
      vertex 8.5687 46.3946 0
      vertex 1.79999 44.5809 16
      vertex 8.5687 46.3946 16
    endloop
  endfacet
  facet normal -0.258823 0.965925 0
    outer loop
      vertex 1.79999 44.5809 16
      vertex 8.5687 46.3946 0
      vertex 1.79999 44.5809 0
    endloop
  endfacet
  facet normal 1 -0 0
    outer loop
      vertex 1.79999 44.5809 16
      vertex 1.79999 52.5027 0
      vertex 1.79999 52.5027 16
    endloop
  endfacet
  facet normal 1 0 0
    outer loop
      vertex 1.79999 52.5027 0
      vertex 1.79999 44.5809 16
      vertex 1.79999 44.5809 0
    endloop
  endfacet
  facet normal 0.258817 -0.965926 0
    outer loop
      vertex 1.79999 52.5027 0
      vertex 7.57353 54.0497 16
      vertex 1.79999 52.5027 16
    endloop
  endfacet
  facet normal 0.258817 -0.965926 0
    outer loop
      vertex 7.57353 54.0497 16
      vertex 1.79999 52.5027 0
      vertex 7.57353 54.0497 0
    endloop
  endfacet
  facet normal -0.991656 -0.128916 0
    outer loop
      vertex 9.66791 37.9391 0
      vertex 8.67274 45.5942 16
      vertex 8.67274 45.5942 0
    endloop
  endfacet
  facet normal -0.991656 -0.128916 0
    outer loop
      vertex 8.67274 45.5942 16
      vertex 9.66791 37.9391 0
      vertex 9.66791 37.9391 16
    endloop
  endfacet
  facet normal -0.258819 0.965926 0
    outer loop
      vertex 9.66791 37.9391 0
      vertex 1.79999 35.8309 16
      vertex 9.66791 37.9391 16
    endloop
  endfacet
  facet normal -0.258819 0.965926 0
    outer loop
      vertex 1.79999 35.8309 16
      vertex 9.66791 37.9391 0
      vertex 1.79999 35.8309 0
    endloop
  endfacet
  facet normal 1 -0 0
    outer loop
      vertex 1.79999 35.8309 16
      vertex 1.79999 43.7527 0
      vertex 1.79999 43.7527 16
    endloop
  endfacet
  facet normal 1 0 0
    outer loop
      vertex 1.79999 43.7527 0
      vertex 1.79999 35.8309 16
      vertex 1.79999 35.8309 0
    endloop
  endfacet
  facet normal 0.258813 -0.965928 0
    outer loop
      vertex 1.79999 43.7527 0
      vertex 8.67274 45.5942 16
      vertex 1.79999 43.7527 16
    endloop
  endfacet
  facet normal 0.258813 -0.965928 0
    outer loop
      vertex 8.67274 45.5942 16
      vertex 1.79999 43.7527 0
      vertex 8.67274 45.5942 0
    endloop
  endfacet
  facet normal -0.991656 -0.128911 0
    outer loop
      vertex 10.7671 29.4836 0
      vertex 9.77196 37.1388 16
      vertex 9.77196 37.1388 0
    endloop
  endfacet
  facet normal -0.991656 -0.128911 0
    outer loop
      vertex 9.77196 37.1388 16
      vertex 10.7671 29.4836 0
      vertex 10.7671 29.4836 16
    endloop
  endfacet
  facet normal -0.258816 0.965927 0
    outer loop
      vertex 10.7671 29.4836 0
      vertex 1.79999 27.0809 16
      vertex 10.7671 29.4836 16
    endloop
  endfacet
  facet normal -0.258816 0.965927 0
    outer loop
      vertex 1.79999 27.0809 16
      vertex 10.7671 29.4836 0
      vertex 1.79999 27.0809 0
    endloop
  endfacet
  facet normal 1 -0 0
    outer loop
      vertex 1.79999 27.0809 16
      vertex 1.79999 35.0027 0
      vertex 1.79999 35.0027 16
    endloop
  endfacet
  facet normal 1 0 0
    outer loop
      vertex 1.79999 35.0027 0
      vertex 1.79999 27.0809 16
      vertex 1.79999 27.0809 0
    endloop
  endfacet
  facet normal 0.258821 -0.965925 0
    outer loop
      vertex 1.79999 35.0027 0
      vertex 9.77196 37.1388 16
      vertex 1.79999 35.0027 16
    endloop
  endfacet
  facet normal 0.258821 -0.965925 0
    outer loop
      vertex 9.77196 37.1388 16
      vertex 1.79999 35.0027 0
      vertex 9.77196 37.1388 0
    endloop
  endfacet
  facet normal -0.991657 -0.128907 0
    outer loop
      vertex 11.8663 21.0282 0
      vertex 10.8712 28.6833 16
      vertex 10.8712 28.6833 0
    endloop
  endfacet
  facet normal -0.991657 -0.128907 0
    outer loop
      vertex 10.8712 28.6833 16
      vertex 11.8663 21.0282 0
      vertex 11.8663 21.0282 16
    endloop
  endfacet
  facet normal -0.258823 0.965925 0
    outer loop
      vertex 11.8663 21.0282 0
      vertex 1.79999 18.3309 16
      vertex 11.8663 21.0282 16
    endloop
  endfacet
  facet normal -0.258823 0.965925 0
    outer loop
      vertex 1.79999 18.3309 16
      vertex 11.8663 21.0282 0
      vertex 1.79999 18.3309 0
    endloop
  endfacet
  facet normal 1 -0 0
    outer loop
      vertex 1.79999 18.3309 16
      vertex 1.79999 26.2527 0
      vertex 1.79999 26.2527 16
    endloop
  endfacet
  facet normal 1 0 0
    outer loop
      vertex 1.79999 26.2527 0
      vertex 1.79999 18.3309 16
      vertex 1.79999 18.3309 0
    endloop
  endfacet
  facet normal 0.258817 -0.965926 0
    outer loop
      vertex 1.79999 26.2527 0
      vertex 10.8712 28.6833 16
      vertex 1.79999 26.2527 16
    endloop
  endfacet
  facet normal 0.258817 -0.965926 0
    outer loop
      vertex 10.8712 28.6833 16
      vertex 1.79999 26.2527 0
      vertex 10.8712 28.6833 0
    endloop
  endfacet
  facet normal -0.991657 -0.128907 0
    outer loop
      vertex 12.9655 12.5727 0
      vertex 11.9704 20.2278 16
      vertex 11.9704 20.2278 0
    endloop
  endfacet
  facet normal -0.991657 -0.128907 0
    outer loop
      vertex 11.9704 20.2278 16
      vertex 12.9655 12.5727 0
      vertex 12.9655 12.5727 16
    endloop
  endfacet
  facet normal -0.25882 0.965926 0
    outer loop
      vertex 12.9655 12.5727 0
      vertex 1.79999 9.5809 16
      vertex 12.9655 12.5727 16
    endloop
  endfacet
  facet normal -0.25882 0.965926 0
    outer loop
      vertex 1.79999 9.5809 16
      vertex 12.9655 12.5727 0
      vertex 1.79999 9.5809 0
    endloop
  endfacet
  facet normal 1 -0 0
    outer loop
      vertex 1.79999 9.5809 16
      vertex 1.79999 17.5027 0
      vertex 1.79999 17.5027 16
    endloop
  endfacet
  facet normal 1 0 0
    outer loop
      vertex 1.79999 17.5027 0
      vertex 1.79999 9.5809 16
      vertex 1.79999 9.5809 0
    endloop
  endfacet
  facet normal 0.258814 -0.965927 0
    outer loop
      vertex 1.79999 17.5027 0
      vertex 11.9704 20.2278 16
      vertex 1.79999 17.5027 16
    endloop
  endfacet
  facet normal 0.258814 -0.965927 0
    outer loop
      vertex 11.9704 20.2278 16
      vertex 1.79999 17.5027 0
      vertex 11.9704 20.2278 0
    endloop
  endfacet
  facet normal -0.991656 -0.128914 0
    outer loop
      vertex 14.5987 0.00999451 0
      vertex 13.0696 11.7724 16
      vertex 13.0696 11.7724 0
    endloop
  endfacet
  facet normal -0.991656 -0.128914 0
    outer loop
      vertex 13.0696 11.7724 16
      vertex 14.5987 0.00999451 0
      vertex 14.5987 0.00999451 16
    endloop
  endfacet
  facet normal 0 1 -0
    outer loop
      vertex 14.5987 0.00999451 0
      vertex 1.79999 0.00999451 16
      vertex 14.5987 0.00999451 16
    endloop
  endfacet
  facet normal 0 1 0
    outer loop
      vertex 1.79999 0.00999451 16
      vertex 14.5987 0.00999451 0
      vertex 1.79999 0.00999451 0
    endloop
  endfacet
  facet normal 1 -0 0
    outer loop
      vertex 1.79999 0.00999451 16
      vertex 1.79999 8.75269 0
      vertex 1.79999 8.75269 16
    endloop
  endfacet
  facet normal 1 0 0
    outer loop
      vertex 1.79999 8.75269 0
      vertex 1.79999 0.00999451 16
      vertex 1.79999 0.00999451 0
    endloop
  endfacet
  facet normal 0.258821 -0.965925 0
    outer loop
      vertex 1.79999 8.75269 0
      vertex 13.0696 11.7724 16
      vertex 1.79999 8.75269 16
    endloop
  endfacet
  facet normal 0.258821 -0.965925 0
    outer loop
      vertex 13.0696 11.7724 16
      vertex 1.79999 8.75269 0
      vertex 13.0696 11.7724 0
    endloop
  endfacet
  facet normal -0.946925 0 -0.321456
    outer loop
      vertex -3.61652 -12 7.36589
      vertex -3.5135 75.277 7.06242
      vertex -3.5135 -12 7.06242
    endloop
  endfacet
  facet normal -0.946925 0 -0.321456
    outer loop
      vertex -3.5135 75.277 7.06242
      vertex -3.61652 -12 7.36589
      vertex -3.61652 75.3458 7.36589
    endloop
  endfacet
  facet normal -0.946921 0 0.321465
    outer loop
      vertex -3.61652 -12 8.63411
      vertex -3.5135 75.277 8.93757
      vertex -3.61652 75.3458 8.63411
    endloop
  endfacet
  facet normal -0.946921 0 0.321465
    outer loop
      vertex -3.5135 75.277 8.93757
      vertex -3.61652 -12 8.63411
      vertex -3.5135 -12 8.93757
    endloop
  endfacet
  facet normal -0.195155 0 0.980772
    outer loop
      vertex -1.73463 75.1522 10.3962
      vertex -1.56979 -12 10.429
      vertex -1.56979 75.2335 10.429
    endloop
  endfacet
  facet normal -0.19488 5.41432e-07 0.980827
    outer loop
      vertex -1.88411 75.1015 10.3665
      vertex -1.56979 -12 10.429
      vertex -1.73463 75.1522 10.3962
    endloop
  endfacet
  facet normal -0.195024 0 0.980798
    outer loop
      vertex -1.56979 -12 10.429
      vertex -1.88411 75.1015 10.3665
      vertex -1.88411 -12 10.3665
    endloop
  endfacet
  facet normal -0.980787 0 0.195084
    outer loop
      vertex -3.67904 -12 8.31979
      vertex -3.61652 75.3458 8.63411
      vertex -3.67904 75.3876 8.31979
    endloop
  endfacet
  facet normal -0.980787 0 0.195084
    outer loop
      vertex -3.61652 75.3458 8.63411
      vertex -3.67904 -12 8.31979
      vertex -3.61652 -12 8.63411
    endloop
  endfacet
  facet normal 0.0654207 0 -0.997858
    outer loop
      vertex -0.93021 -12 5.57096
      vertex -1.08579 75.5858 5.56076
      vertex -0.93021 75.7632 5.57096
    endloop
  endfacet
  facet normal 0.0654027 0 -0.997859
    outer loop
      vertex -1.25 75.4418 5.55
      vertex -0.93021 -12 5.57096
      vertex -1.25 -12 5.55
    endloop
  endfacet
  facet normal 0.0653857 -6.24283e-08 -0.99786
    outer loop
      vertex -0.93021 -12 5.57096
      vertex -1.25 75.4418 5.55
      vertex -1.08579 75.5858 5.56076
    endloop
  endfacet
  facet normal -0.831483 0 -0.55555
    outer loop
      vertex -3.37176 -12 6.775
      vertex -3.19372 75.1279 6.50853
      vertex -3.19372 -12 6.50853
    endloop
  endfacet
  facet normal -0.831489 3.86039e-08 -0.555541
    outer loop
      vertex -3.19372 75.1279 6.50853
      vertex -3.37176 -12 6.775
      vertex -3.26537 75.1522 6.61577
    endloop
  endfacet
  facet normal -0.831479 0 -0.555555
    outer loop
      vertex -3.26537 75.1522 6.61577
      vertex -3.37176 -12 6.775
      vertex -3.37176 75.2047 6.775
    endloop
  endfacet
  facet normal -0.321428 0 -0.946934
    outer loop
      vertex -1.88411 -12 5.63348
      vertex -1.98236 75.0681 5.66683
      vertex -1.88411 75.1015 5.63348
    endloop
  endfacet
  facet normal -0.321465 -0 -0.946921
    outer loop
      vertex -2.18757 75.0273 5.7365
      vertex -1.88411 -12 5.63348
      vertex -2.18757 -12 5.7365
    endloop
  endfacet
  facet normal -0.321483 -7.01527e-08 -0.946915
    outer loop
      vertex -1.88411 -12 5.63348
      vertex -2.18757 75.0273 5.7365
      vertex -1.98236 75.0681 5.66683
    endloop
  endfacet
  facet normal 0.195083 0 -0.980787
    outer loop
      vertex -0.615892 -12 5.63348
      vertex -0.652241 76.2346 5.62625
      vertex -0.615892 76.3417 5.63348
    endloop
  endfacet
  facet normal 0.195043 -1.71193e-08 -0.980795
    outer loop
      vertex -0.615892 -12 5.63348
      vertex -0.767949 76 5.60324
      vertex -0.652241 76.2346 5.62625
    endloop
  endfacet
  facet normal 0.195086 5.85343e-08 -0.980786
    outer loop
      vertex -0.615892 -12 5.63348
      vertex -0.913293 75.7825 5.57433
      vertex -0.767949 76 5.60324
    endloop
  endfacet
  facet normal 0.195085 0 -0.980786
    outer loop
      vertex -0.93021 75.7632 5.57096
      vertex -0.615892 -12 5.63348
      vertex -0.93021 -12 5.57096
    endloop
  endfacet
  facet normal 0.195368 1.05314e-06 -0.98073
    outer loop
      vertex -0.615892 -12 5.63348
      vertex -0.93021 75.7632 5.57096
      vertex -0.913293 75.7825 5.57433
    endloop
  endfacet
  facet normal -0.555468 0 -0.831538
    outer loop
      vertex -2.475 -12 5.87824
      vertex -2.5 75 5.89494
      vertex -2.475 75.0016 5.87824
    endloop
  endfacet
  facet normal -0.555564 -4.00995e-08 -0.831474
    outer loop
      vertex -2.74146 -12 6.05628
      vertex -2.5 75 5.89494
      vertex -2.475 -12 5.87824
    endloop
  endfacet
  facet normal -0.555574 0 -0.831467
    outer loop
      vertex -2.5 75 5.89494
      vertex -2.74146 -12 6.05628
      vertex -2.74146 75.0158 6.05628
    endloop
  endfacet
  facet normal 0.442282 0 -0.896876
    outer loop
      vertex -0.312425 -12 5.7365
      vertex -0.0249996 77 5.87824
      vertex -0.0249996 -12 5.87824
    endloop
  endfacet
  facet normal 0.442282 0 -0.896876
    outer loop
      vertex -0.0249996 77 5.87824
      vertex -0.312425 -12 5.7365
      vertex -0.312425 77 5.7365
    endloop
  endfacet
  facet normal -0.997859 0 0.0654027
    outer loop
      vertex -3.7 -12 8
      vertex -3.67904 75.3876 8.31979
      vertex -3.7 75.4016 8
    endloop
  endfacet
  facet normal -0.997859 0 0.0654027
    outer loop
      vertex -3.67904 75.3876 8.31979
      vertex -3.7 -12 8
      vertex -3.67904 -12 8.31979
    endloop
  endfacet
  facet normal -0.831479 0 0.555555
    outer loop
      vertex -3.37176 -12 9.225
      vertex -3.26537 75.1522 9.38423
      vertex -3.37176 75.2047 9.225
    endloop
  endfacet
  facet normal -0.831465 -5.60109e-08 0.555577
    outer loop
      vertex -3.37176 -12 9.225
      vertex -3.19372 75.1279 9.49146
      vertex -3.26537 75.1522 9.38423
    endloop
  endfacet
  facet normal -0.831474 0 0.555564
    outer loop
      vertex -3.19372 75.1279 9.49146
      vertex -3.37176 -12 9.225
      vertex -3.19372 -12 9.49146
    endloop
  endfacet
  facet normal -0.751822 0 -0.659366
    outer loop
      vertex -3.19372 -12 6.50853
      vertex -2.98241 75.0611 6.26759
      vertex -2.98241 -12 6.26759
    endloop
  endfacet
  facet normal -0.751823 1.39667e-09 -0.659365
    outer loop
      vertex -2.98241 75.0611 6.26759
      vertex -3.19372 -12 6.50853
      vertex -3.01764 75.0681 6.30776
    endloop
  endfacet
  facet normal -0.751822 0 -0.659366
    outer loop
      vertex -3.01764 75.0681 6.30776
      vertex -3.19372 -12 6.50853
      vertex -3.19372 75.1279 6.50853
    endloop
  endfacet
  facet normal -0.442179 0 -0.896927
    outer loop
      vertex -2.18757 -12 5.7365
      vertex -2.23895 75.0171 5.76183
      vertex -2.18757 75.0273 5.7365
    endloop
  endfacet
  facet normal -0.442277 -0 -0.896879
    outer loop
      vertex -2.475 75.0016 5.87824
      vertex -2.18757 -12 5.7365
      vertex -2.475 -12 5.87824
    endloop
  endfacet
  facet normal -0.442298 -8.72933e-08 -0.896868
    outer loop
      vertex -2.18757 -12 5.7365
      vertex -2.475 75.0016 5.87824
      vertex -2.23895 75.0171 5.76183
    endloop
  endfacet
  facet normal 0.321561 -3.81262e-05 0.946889
    outer loop
      vertex -0.51711 76.7389 10.333
      vertex -0.312425 77 10.2635
      vertex -0.5 77 10.3272
    endloop
  endfacet
  facet normal 0.321686 -0.000147203 0.946846
    outer loop
      vertex -0.568148 76.4824 10.3503
      vertex -0.312425 77 10.2635
      vertex -0.51711 76.7389 10.333
    endloop
  endfacet
  facet normal 0.321642 -0.000123241 0.946861
    outer loop
      vertex -0.615892 76.3417 10.3665
      vertex -0.312425 77 10.2635
      vertex -0.568148 76.4824 10.3503
    endloop
  endfacet
  facet normal 0.321403 0 0.946943
    outer loop
      vertex -0.312425 77 10.2635
      vertex -0.615892 76.3417 10.3665
      vertex -0.312425 -12 10.2635
    endloop
  endfacet
  facet normal 0.321403 0 0.946943
    outer loop
      vertex -0.312425 -12 10.2635
      vertex -0.615892 76.3417 10.3665
      vertex -0.615892 -12 10.3665
    endloop
  endfacet
  facet normal 0.442182 0 0.896925
    outer loop
      vertex -0.312425 77 10.2635
      vertex -0.0249996 -12 10.1218
      vertex -0.0249996 77 10.1218
    endloop
  endfacet
  facet normal 0.442182 0 0.896925
    outer loop
      vertex -0.0249996 -12 10.1218
      vertex -0.312425 77 10.2635
      vertex -0.312425 -12 10.2635
    endloop
  endfacet
  facet normal 0.321459 0 -0.946924
    outer loop
      vertex -0.615892 76.3417 5.63348
      vertex -0.312425 77 5.7365
      vertex -0.312425 -12 5.7365
    endloop
  endfacet
  facet normal 0.321471 4.7553e-06 -0.94692
    outer loop
      vertex -0.312425 77 5.7365
      vertex -0.51711 76.7389 5.66701
      vertex -0.5 77 5.67282
    endloop
  endfacet
  facet normal 0.321517 -3.59278e-05 -0.946904
    outer loop
      vertex -0.312425 77 5.7365
      vertex -0.568148 76.4824 5.64969
      vertex -0.51711 76.7389 5.66701
    endloop
  endfacet
  facet normal 0.321459 0 -0.946924
    outer loop
      vertex -0.615892 76.3417 5.63348
      vertex -0.312425 -12 5.7365
      vertex -0.615892 -12 5.63348
    endloop
  endfacet
  facet normal 0.321358 5.15325e-05 -0.946958
    outer loop
      vertex -0.312425 77 5.7365
      vertex -0.615892 76.3417 5.63348
      vertex -0.568148 76.4824 5.64969
    endloop
  endfacet
  facet normal -0.0645205 0 0.997916
    outer loop
      vertex -1.28248 75.4133 10.4479
      vertex -1.25 -12 10.45
      vertex -1.25 75.4418 10.45
    endloop
  endfacet
  facet normal -0.0655992 -4.0252e-07 0.997846
    outer loop
      vertex -1.5 75.268 10.4336
      vertex -1.25 -12 10.45
      vertex -1.28248 75.4133 10.4479
    endloop
  endfacet
  facet normal -0.0657689 -8.90664e-07 0.997835
    outer loop
      vertex -1.56979 75.2335 10.429
      vertex -1.25 -12 10.45
      vertex -1.5 75.268 10.4336
    endloop
  endfacet
  facet normal -0.065527 0 0.997851
    outer loop
      vertex -1.25 -12 10.45
      vertex -1.56979 75.2335 10.429
      vertex -1.56979 -12 10.429
    endloop
  endfacet
  facet normal -0.555468 0 0.831538
    outer loop
      vertex -2.5 75 10.1051
      vertex -2.475 -12 10.1218
      vertex -2.475 75.0016 10.1218
    endloop
  endfacet
  facet normal -0.555669 0 0.831403
    outer loop
      vertex -2.74146 -12 9.94372
      vertex -2.5 75 10.1051
      vertex -2.74146 75.0158 9.94372
    endloop
  endfacet
  facet normal -0.55565 -7.59614e-08 0.831416
    outer loop
      vertex -2.5 75 10.1051
      vertex -2.74146 -12 9.94372
      vertex -2.475 -12 10.1218
    endloop
  endfacet
  facet normal -0.896873 0 -0.442289
    outer loop
      vertex -3.5135 -12 7.06242
      vertex -3.37176 75.2047 6.775
      vertex -3.37176 -12 6.775
    endloop
  endfacet
  facet normal -0.896869 -2.65248e-08 -0.442296
    outer loop
      vertex -3.37176 75.2047 6.775
      vertex -3.5135 -12 7.06242
      vertex -3.5 75.268 7.03504
    endloop
  endfacet
  facet normal -0.896903 0 -0.442228
    outer loop
      vertex -3.5 75.268 7.03504
      vertex -3.5135 -12 7.06242
      vertex -3.5135 75.277 7.06242
    endloop
  endfacet
  facet normal -0.980787 0 -0.195084
    outer loop
      vertex -3.67904 -12 7.68021
      vertex -3.61652 75.3458 7.36589
      vertex -3.61652 -12 7.36589
    endloop
  endfacet
  facet normal -0.980787 0 -0.195084
    outer loop
      vertex -3.61652 75.3458 7.36589
      vertex -3.67904 -12 7.68021
      vertex -3.67904 75.3876 7.68021
    endloop
  endfacet
  facet normal -0.441758 0 0.897134
    outer loop
      vertex -2.23895 75.0171 10.2382
      vertex -2.18757 -12 10.2635
      vertex -2.18757 75.0273 10.2635
    endloop
  endfacet
  facet normal -0.442267 -3.74058e-07 0.896883
    outer loop
      vertex -2.475 75.0016 10.1218
      vertex -2.18757 -12 10.2635
      vertex -2.23895 75.0171 10.2382
    endloop
  endfacet
  facet normal -0.442176 0 0.896928
    outer loop
      vertex -2.18757 -12 10.2635
      vertex -2.475 75.0016 10.1218
      vertex -2.475 -12 10.1218
    endloop
  endfacet
  facet normal -0.65935 0 -0.751836
    outer loop
      vertex -2.98241 -12 6.26759
      vertex -2.74146 75.0158 6.05628
      vertex -2.74146 -12 6.05628
    endloop
  endfacet
  facet normal -0.659346 -1.84768e-08 -0.751839
    outer loop
      vertex -2.74146 75.0158 6.05628
      vertex -2.98241 -12 6.26759
      vertex -2.76105 75.0171 6.07346
    endloop
  endfacet
  facet normal -0.659351 0 -0.751836
    outer loop
      vertex -2.76105 75.0171 6.07346
      vertex -2.98241 -12 6.26759
      vertex -2.98241 75.0611 6.26759
    endloop
  endfacet
  facet normal -0.320995 0 0.947081
    outer loop
      vertex -1.98236 75.0681 10.3332
      vertex -1.88411 -12 10.3665
      vertex -1.88411 75.1015 10.3665
    endloop
  endfacet
  facet normal -0.321607 -7.69949e-07 0.946873
    outer loop
      vertex -2.18757 75.0273 10.2635
      vertex -1.88411 -12 10.3665
      vertex -1.98236 75.0681 10.3332
    endloop
  endfacet
  facet normal -0.321409 0 0.94694
    outer loop
      vertex -1.88411 -12 10.3665
      vertex -2.18757 75.0273 10.2635
      vertex -2.18757 -12 10.2635
    endloop
  endfacet
  facet normal -0.896967 0 0.442098
    outer loop
      vertex -3.5135 -12 8.93757
      vertex -3.5 75.268 8.96496
      vertex -3.5135 75.277 8.93757
    endloop
  endfacet
  facet normal -0.896869 -7.72034e-08 0.442296
    outer loop
      vertex -3.5135 -12 8.93757
      vertex -3.37176 75.2047 9.225
      vertex -3.5 75.268 8.96496
    endloop
  endfacet
  facet normal -0.896879 0 0.442277
    outer loop
      vertex -3.37176 75.2047 9.225
      vertex -3.5135 -12 8.93757
      vertex -3.37176 -12 9.225
    endloop
  endfacet
  facet normal 0.0654207 0 0.997858
    outer loop
      vertex -1.08579 75.5858 10.4392
      vertex -0.93021 -12 10.429
      vertex -0.93021 75.7632 10.429
    endloop
  endfacet
  facet normal 0.0656273 3.68662e-07 0.997844
    outer loop
      vertex -1.25 75.4418 10.45
      vertex -0.93021 -12 10.429
      vertex -1.08579 75.5858 10.4392
    endloop
  endfacet
  facet normal 0.065527 0 0.997851
    outer loop
      vertex -0.93021 -12 10.429
      vertex -1.25 75.4418 10.45
      vertex -1.25 -12 10.45
    endloop
  endfacet
  facet normal 0.194305 0 0.980941
    outer loop
      vertex -0.652241 76.2346 10.3737
      vertex -0.615892 -12 10.3665
      vertex -0.615892 76.3417 10.3665
    endloop
  endfacet
  facet normal 0.195776 6.29995e-07 0.980649
    outer loop
      vertex -0.767949 76 10.3968
      vertex -0.615892 -12 10.3665
      vertex -0.652241 76.2346 10.3737
    endloop
  endfacet
  facet normal 0.195022 -7.24768e-07 0.980799
    outer loop
      vertex -0.913293 75.7825 10.4257
      vertex -0.615892 -12 10.3665
      vertex -0.767949 76 10.3968
    endloop
  endfacet
  facet normal 0.191476 -1.32093e-05 0.981497
    outer loop
      vertex -0.93021 75.7632 10.429
      vertex -0.615892 -12 10.3665
      vertex -0.913293 75.7825 10.4257
    endloop
  endfacet
  facet normal 0.195025 0 0.980798
    outer loop
      vertex -0.615892 -12 10.3665
      vertex -0.93021 75.7632 10.429
      vertex -0.93021 -12 10.429
    endloop
  endfacet
  facet normal 0.555474 0 -0.831534
    outer loop
      vertex -0.0249996 -12 5.87824
      vertex 0 77 5.89494
      vertex 0 -12 5.89494
    endloop
  endfacet
  facet normal 0.555474 0 -0.831534
    outer loop
      vertex 0 77 5.89494
      vertex -0.0249996 -12 5.87824
      vertex -0.0249996 77 5.87824
    endloop
  endfacet
  facet normal -0.659346 -1.84768e-08 0.751839
    outer loop
      vertex -2.98241 -12 9.73241
      vertex -2.74146 75.0158 9.94372
      vertex -2.76105 75.0171 9.92654
    endloop
  endfacet
  facet normal -0.659351 0 0.751836
    outer loop
      vertex -2.98241 -12 9.73241
      vertex -2.76105 75.0171 9.92654
      vertex -2.98241 75.0611 9.73241
    endloop
  endfacet
  facet normal -0.65935 0 0.751836
    outer loop
      vertex -2.74146 75.0158 9.94372
      vertex -2.98241 -12 9.73241
      vertex -2.74146 -12 9.94372
    endloop
  endfacet
  facet normal -0.997859 0 -0.0654027
    outer loop
      vertex -3.7 -12 8
      vertex -3.67904 75.3876 7.68021
      vertex -3.67904 -12 7.68021
    endloop
  endfacet
  facet normal -0.997859 0 -0.0654027
    outer loop
      vertex -3.67904 75.3876 7.68021
      vertex -3.7 -12 8
      vertex -3.7 75.4016 8
    endloop
  endfacet
  facet normal -0.195098 0 -0.980784
    outer loop
      vertex -1.56979 -12 5.57096
      vertex -1.73463 75.1522 5.60375
      vertex -1.56979 75.2335 5.57096
    endloop
  endfacet
  facet normal -0.195084 -0 -0.980787
    outer loop
      vertex -1.88411 75.1015 5.63348
      vertex -1.56979 -12 5.57096
      vertex -1.88411 -12 5.63348
    endloop
  endfacet
  facet normal -0.195069 5.68797e-08 -0.98079
    outer loop
      vertex -1.56979 -12 5.57096
      vertex -1.88411 75.1015 5.63348
      vertex -1.73463 75.1522 5.60375
    endloop
  endfacet
  facet normal -0.0654383 0 -0.997857
    outer loop
      vertex -1.25 -12 5.55
      vertex -1.28248 75.4133 5.55213
      vertex -1.25 75.4418 5.55
    endloop
  endfacet
  facet normal -0.0654168 8.01692e-09 -0.997858
    outer loop
      vertex -1.25 -12 5.55
      vertex -1.5 75.268 5.56639
      vertex -1.28248 75.4133 5.55213
    endloop
  endfacet
  facet normal -0.0654027 -0 -0.997859
    outer loop
      vertex -1.56979 75.2335 5.57096
      vertex -1.25 -12 5.55
      vertex -1.56979 -12 5.57096
    endloop
  endfacet
  facet normal -0.0653423 2.22198e-07 -0.997863
    outer loop
      vertex -1.25 -12 5.55
      vertex -1.56979 75.2335 5.57096
      vertex -1.5 75.268 5.56639
    endloop
  endfacet
  facet normal -0.751839 0 0.659347
    outer loop
      vertex -3.19372 -12 9.49146
      vertex -3.01764 75.0681 9.69224
      vertex -3.19372 75.1279 9.49146
    endloop
  endfacet
  facet normal -0.751823 -7.43028e-08 0.659365
    outer loop
      vertex -3.19372 -12 9.49146
      vertex -2.98241 75.0611 9.73241
      vertex -3.01764 75.0681 9.69224
    endloop
  endfacet
  facet normal -0.751836 0 0.65935
    outer loop
      vertex -2.98241 75.0611 9.73241
      vertex -3.19372 -12 9.49146
      vertex -2.98241 -12 9.73241
    endloop
  endfacet
  facet normal 0 1 -0
    outer loop
      vertex 0 77 5.89494
      vertex -0.0106936 77 7.83684
      vertex 0 77 8
    endloop
  endfacet
  facet normal 0 1 0
    outer loop
      vertex 0 77 5.89494
      vertex -0.042592 77 7.67648
      vertex -0.0106936 77 7.83684
    endloop
  endfacet
  facet normal 0 1 0
    outer loop
      vertex 0 77 5.89494
      vertex -0.09515 77 7.52165
      vertex -0.042592 77 7.67648
    endloop
  endfacet
  facet normal 0 1 0
    outer loop
      vertex 0 77 5.89494
      vertex -0.167468 77 7.375
      vertex -0.09515 77 7.52165
    endloop
  endfacet
  facet normal 0 1 0
    outer loop
      vertex 0 77 5.89494
      vertex -0.258307 77 7.23905
      vertex -0.167468 77 7.375
    endloop
  endfacet
  facet normal 0 1 0
    outer loop
      vertex 0 77 5.89494
      vertex -0.366116 77 7.11612
      vertex -0.258307 77 7.23905
    endloop
  endfacet
  facet normal 0 1 0
    outer loop
      vertex 0 77 5.89494
      vertex -0.489048 77 7.00831
      vertex -0.366116 77 7.11612
    endloop
  endfacet
  facet normal 0 1 0
    outer loop
      vertex 0 77 5.89494
      vertex -0.5 77 7.00099
      vertex -0.489048 77 7.00831
    endloop
  endfacet
  facet normal 0 1 -0
    outer loop
      vertex -0.0249996 77 5.87824
      vertex -0.5 77 7.00099
      vertex 0 77 5.89494
    endloop
  endfacet
  facet normal 0 1 -0
    outer loop
      vertex -0.312425 77 5.7365
      vertex -0.5 77 7.00099
      vertex -0.0249996 77 5.87824
    endloop
  endfacet
  facet normal 0 1 0
    outer loop
      vertex -0.5 77 7.00099
      vertex -0.312425 77 5.7365
      vertex -0.5 77 5.67282
    endloop
  endfacet
  facet normal 0 1 0
    outer loop
      vertex -0.5 77 8.99901
      vertex -0.312425 77 10.2635
      vertex -0.0249996 77 10.1218
    endloop
  endfacet
  facet normal 0 1 0
    outer loop
      vertex -0.5 77 8.99901
      vertex -0.0249996 77 10.1218
      vertex 0 77 10.1051
    endloop
  endfacet
  facet normal 0 1 0
    outer loop
      vertex -0.312425 77 10.2635
      vertex -0.5 77 8.99901
      vertex -0.5 77 10.3272
    endloop
  endfacet
  facet normal 0 1 0
    outer loop
      vertex 0 77 10.1051
      vertex -0.489048 77 8.99169
      vertex -0.5 77 8.99901
    endloop
  endfacet
  facet normal 0 1 0
    outer loop
      vertex 0 77 10.1051
      vertex -0.366116 77 8.88388
      vertex -0.489048 77 8.99169
    endloop
  endfacet
  facet normal 0 1 0
    outer loop
      vertex 0 77 10.1051
      vertex -0.258307 77 8.76095
      vertex -0.366116 77 8.88388
    endloop
  endfacet
  facet normal 0 1 0
    outer loop
      vertex 0 77 10.1051
      vertex -0.167468 77 8.625
      vertex -0.258307 77 8.76095
    endloop
  endfacet
  facet normal 0 1 0
    outer loop
      vertex 0 77 10.1051
      vertex -0.09515 77 8.47835
      vertex -0.167468 77 8.625
    endloop
  endfacet
  facet normal 0 1 0
    outer loop
      vertex 0 77 10.1051
      vertex -0.042592 77 8.32352
      vertex -0.09515 77 8.47835
    endloop
  endfacet
  facet normal 0 1 0
    outer loop
      vertex 0 77 10.1051
      vertex -0.0106936 77 8.16316
      vertex -0.042592 77 8.32352
    endloop
  endfacet
  facet normal -0 1 0
    outer loop
      vertex -0.0106936 77 8.16316
      vertex 0 77 10.1051
      vertex 0 77 8
    endloop
  endfacet
  facet normal 0.555474 0 0.831534
    outer loop
      vertex -0.0249996 77 10.1218
      vertex 0 -12 10.1051
      vertex 0 77 10.1051
    endloop
  endfacet
  facet normal 0.555474 0 0.831534
    outer loop
      vertex 0 -12 10.1051
      vertex -0.0249996 77 10.1218
      vertex -0.0249996 -12 10.1218
    endloop
  endfacet
  facet normal -0.195122 0.980779 0
    outer loop
      vertex 8.43999 -5.24207 0
      vertex 8.22189 -5.28546 16
      vertex 8.43999 -5.24207 16
    endloop
  endfacet
  facet normal -0.195122 0.980779 0
    outer loop
      vertex 8.22189 -5.28546 16
      vertex 8.43999 -5.24207 0
      vertex 8.22189 -5.28546 0
    endloop
  endfacet
  facet normal -0.831469 0.555572 0
    outer loop
      vertex 9.3487 -4.63489 0
      vertex 9.47224 -4.45 16
      vertex 9.47224 -4.45 0
    endloop
  endfacet
  facet normal -0.831469 0.555572 0
    outer loop
      vertex 9.47224 -4.45 16
      vertex 9.3487 -4.63489 0
      vertex 9.3487 -4.63489 16
    endloop
  endfacet
  facet normal -0.555572 0.831469 0
    outer loop
      vertex 9.03489 -4.9487 0
      vertex 8.85 -5.07224 16
      vertex 9.03489 -4.9487 16
    endloop
  endfacet
  facet normal -0.555572 0.831469 0
    outer loop
      vertex 8.85 -5.07224 16
      vertex 9.03489 -4.9487 0
      vertex 8.85 -5.07224 0
    endloop
  endfacet
  facet normal 0.442314 -0.89686 0
    outer loop
      vertex 7.15 -2.12776 0
      vertex 7.34944 -2.0294 16
      vertex 7.15 -2.12776 16
    endloop
  endfacet
  facet normal 0.442314 -0.89686 0
    outer loop
      vertex 7.34944 -2.0294 16
      vertex 7.15 -2.12776 0
      vertex 7.34944 -2.0294 0
    endloop
  endfacet
  facet normal 0.946942 -0.321404 0
    outer loop
      vertex 6.35793 -3.16001 16
      vertex 6.4294 -2.94944 0
      vertex 6.4294 -2.94944 16
    endloop
  endfacet
  facet normal 0.946942 -0.321404 0
    outer loop
      vertex 6.4294 -2.94944 0
      vertex 6.35793 -3.16001 16
      vertex 6.35793 -3.16001 0
    endloop
  endfacet
  facet normal -0.99786 0.0653877 0
    outer loop
      vertex 9.68546 -3.82189 0
      vertex 9.7 -3.6 16
      vertex 9.7 -3.6 0
    endloop
  endfacet
  facet normal -0.99786 0.0653877 0
    outer loop
      vertex 9.7 -3.6 16
      vertex 9.68546 -3.82189 0
      vertex 9.68546 -3.82189 16
    endloop
  endfacet
  facet normal 0.659342 0.751844 -0
    outer loop
      vertex 6.96511 -4.9487 0
      vertex 6.79792 -4.80208 16
      vertex 6.96511 -4.9487 16
    endloop
  endfacet
  facet normal 0.659342 0.751844 0
    outer loop
      vertex 6.79792 -4.80208 16
      vertex 6.96511 -4.9487 0
      vertex 6.79792 -4.80208 0
    endloop
  endfacet
  facet normal -0.99786 -0.0653877 0
    outer loop
      vertex 9.7 -3.6 0
      vertex 9.68546 -3.37811 16
      vertex 9.68546 -3.37811 0
    endloop
  endfacet
  facet normal -0.99786 -0.0653877 0
    outer loop
      vertex 9.68546 -3.37811 16
      vertex 9.7 -3.6 0
      vertex 9.7 -3.6 16
    endloop
  endfacet
  facet normal 0.751844 -0.659342 0
    outer loop
      vertex 6.6513 -2.56511 16
      vertex 6.79792 -2.39792 0
      vertex 6.79792 -2.39792 16
    endloop
  endfacet
  facet normal 0.751844 -0.659342 0
    outer loop
      vertex 6.79792 -2.39792 0
      vertex 6.6513 -2.56511 16
      vertex 6.6513 -2.56511 0
    endloop
  endfacet
  facet normal -0.751844 -0.659342 0
    outer loop
      vertex 9.3487 -2.56511 0
      vertex 9.20208 -2.39792 16
      vertex 9.20208 -2.39792 0
    endloop
  endfacet
  facet normal -0.751844 -0.659342 0
    outer loop
      vertex 9.20208 -2.39792 16
      vertex 9.3487 -2.56511 0
      vertex 9.3487 -2.56511 16
    endloop
  endfacet
  facet normal 0.19513 -0.980777 0
    outer loop
      vertex 7.56001 -1.95793 0
      vertex 7.7781 -1.91454 16
      vertex 7.56001 -1.95793 16
    endloop
  endfacet
  facet normal 0.19513 -0.980777 0
    outer loop
      vertex 7.7781 -1.91454 16
      vertex 7.56001 -1.95793 0
      vertex 7.7781 -1.91454 0
    endloop
  endfacet
  facet normal -0.980779 -0.195122 0
    outer loop
      vertex 9.68546 -3.37811 0
      vertex 9.64207 -3.16001 16
      vertex 9.64207 -3.16001 0
    endloop
  endfacet
  facet normal -0.980779 -0.195122 0
    outer loop
      vertex 9.64207 -3.16001 16
      vertex 9.68546 -3.37811 0
      vertex 9.68546 -3.37811 16
    endloop
  endfacet
  facet normal -0.555572 -0.831469 0
    outer loop
      vertex 8.85 -2.12776 0
      vertex 9.03489 -2.2513 16
      vertex 8.85 -2.12776 16
    endloop
  endfacet
  facet normal -0.555572 -0.831469 -0
    outer loop
      vertex 9.03489 -2.2513 16
      vertex 8.85 -2.12776 0
      vertex 9.03489 -2.2513 0
    endloop
  endfacet
  facet normal 0.980779 -0.195122 0
    outer loop
      vertex 6.31454 -3.37811 16
      vertex 6.35793 -3.16001 0
      vertex 6.35793 -3.16001 16
    endloop
  endfacet
  facet normal 0.980779 -0.195122 0
    outer loop
      vertex 6.35793 -3.16001 0
      vertex 6.31454 -3.37811 16
      vertex 6.31454 -3.37811 0
    endloop
  endfacet
  facet normal -0.896878 0.442278 0
    outer loop
      vertex 9.47224 -4.45 0
      vertex 9.57059 -4.25056 16
      vertex 9.57059 -4.25056 0
    endloop
  endfacet
  facet normal -0.896878 0.442278 0
    outer loop
      vertex 9.57059 -4.25056 16
      vertex 9.47224 -4.45 0
      vertex 9.47224 -4.45 16
    endloop
  endfacet
  facet normal -0.321404 -0.946942 0
    outer loop
      vertex 8.43999 -1.95793 0
      vertex 8.65056 -2.0294 16
      vertex 8.43999 -1.95793 16
    endloop
  endfacet
  facet normal -0.321404 -0.946942 -0
    outer loop
      vertex 8.65056 -2.0294 16
      vertex 8.43999 -1.95793 0
      vertex 8.65056 -2.0294 0
    endloop
  endfacet
  facet normal -0.659342 -0.751844 0
    outer loop
      vertex 9.03489 -2.2513 0
      vertex 9.20208 -2.39792 16
      vertex 9.03489 -2.2513 16
    endloop
  endfacet
  facet normal -0.659342 -0.751844 -0
    outer loop
      vertex 9.20208 -2.39792 16
      vertex 9.03489 -2.2513 0
      vertex 9.20208 -2.39792 0
    endloop
  endfacet
  facet normal -0.946929 -0.321444 0
    outer loop
      vertex 9.64207 -3.16001 0
      vertex 9.57059 -2.94944 16
      vertex 9.57059 -2.94944 0
    endloop
  endfacet
  facet normal -0.946929 -0.321444 0
    outer loop
      vertex 9.57059 -2.94944 16
      vertex 9.64207 -3.16001 0
      vertex 9.64207 -3.16001 16
    endloop
  endfacet
  facet normal -0.980779 0.195122 0
    outer loop
      vertex 9.64207 -4.03999 0
      vertex 9.68546 -3.82189 16
      vertex 9.68546 -3.82189 0
    endloop
  endfacet
  facet normal -0.980779 0.195122 0
    outer loop
      vertex 9.68546 -3.82189 16
      vertex 9.64207 -4.03999 0
      vertex 9.64207 -4.03999 16
    endloop
  endfacet
  facet normal -0.0653877 -0.99786 0
    outer loop
      vertex 8 -1.9 0
      vertex 8.22189 -1.91454 16
      vertex 8 -1.9 16
    endloop
  endfacet
  facet normal -0.0653877 -0.99786 -0
    outer loop
      vertex 8.22189 -1.91454 16
      vertex 8 -1.9 0
      vertex 8.22189 -1.91454 0
    endloop
  endfacet
  facet normal 0.0653848 -0.99786 0
    outer loop
      vertex 7.7781 -1.91454 0
      vertex 8 -1.9 16
      vertex 7.7781 -1.91454 16
    endloop
  endfacet
  facet normal 0.0653848 -0.99786 0
    outer loop
      vertex 8 -1.9 16
      vertex 7.7781 -1.91454 0
      vertex 8 -1.9 0
    endloop
  endfacet
  facet normal 0.19513 0.980777 -0
    outer loop
      vertex 7.7781 -5.28546 0
      vertex 7.56001 -5.24207 16
      vertex 7.7781 -5.28546 16
    endloop
  endfacet
  facet normal 0.19513 0.980777 0
    outer loop
      vertex 7.56001 -5.24207 16
      vertex 7.7781 -5.28546 0
      vertex 7.56001 -5.24207 0
    endloop
  endfacet
  facet normal -0.946929 0.321444 0
    outer loop
      vertex 9.57059 -4.25056 0
      vertex 9.64207 -4.03999 16
      vertex 9.64207 -4.03999 0
    endloop
  endfacet
  facet normal -0.946929 0.321444 0
    outer loop
      vertex 9.64207 -4.03999 16
      vertex 9.57059 -4.25056 0
      vertex 9.57059 -4.25056 16
    endloop
  endfacet
  facet normal -0.442314 -0.89686 0
    outer loop
      vertex 8.65056 -2.0294 0
      vertex 8.85 -2.12776 16
      vertex 8.65056 -2.0294 16
    endloop
  endfacet
  facet normal -0.442314 -0.89686 -0
    outer loop
      vertex 8.85 -2.12776 16
      vertex 8.65056 -2.0294 0
      vertex 8.85 -2.12776 0
    endloop
  endfacet
  facet normal -0.831469 -0.555572 0
    outer loop
      vertex 9.47224 -2.75 0
      vertex 9.3487 -2.56511 16
      vertex 9.3487 -2.56511 0
    endloop
  endfacet
  facet normal -0.831469 -0.555572 0
    outer loop
      vertex 9.3487 -2.56511 16
      vertex 9.47224 -2.75 0
      vertex 9.47224 -2.75 16
    endloop
  endfacet
  facet normal 0.442314 0.89686 -0
    outer loop
      vertex 7.34944 -5.1706 0
      vertex 7.15 -5.07224 16
      vertex 7.34944 -5.1706 16
    endloop
  endfacet
  facet normal 0.442314 0.89686 0
    outer loop
      vertex 7.15 -5.07224 16
      vertex 7.34944 -5.1706 0
      vertex 7.15 -5.07224 0
    endloop
  endfacet
  facet normal 0.99786 -0.0653877 0
    outer loop
      vertex 6.3 -3.6 16
      vertex 6.31454 -3.37811 0
      vertex 6.31454 -3.37811 16
    endloop
  endfacet
  facet normal 0.99786 -0.0653877 0
    outer loop
      vertex 6.31454 -3.37811 0
      vertex 6.3 -3.6 16
      vertex 6.3 -3.6 0
    endloop
  endfacet
  facet normal -0.442314 0.89686 0
    outer loop
      vertex 8.85 -5.07224 0
      vertex 8.65056 -5.1706 16
      vertex 8.85 -5.07224 16
    endloop
  endfacet
  facet normal -0.442314 0.89686 0
    outer loop
      vertex 8.65056 -5.1706 16
      vertex 8.85 -5.07224 0
      vertex 8.65056 -5.1706 0
    endloop
  endfacet
  facet normal -0.321404 0.946942 0
    outer loop
      vertex 8.65056 -5.1706 0
      vertex 8.43999 -5.24207 16
      vertex 8.65056 -5.1706 16
    endloop
  endfacet
  facet normal -0.321404 0.946942 0
    outer loop
      vertex 8.43999 -5.24207 16
      vertex 8.65056 -5.1706 0
      vertex 8.43999 -5.24207 0
    endloop
  endfacet
  facet normal 0.99786 0.0653877 0
    outer loop
      vertex 6.31454 -3.82189 16
      vertex 6.3 -3.6 0
      vertex 6.3 -3.6 16
    endloop
  endfacet
  facet normal 0.99786 0.0653877 0
    outer loop
      vertex 6.3 -3.6 0
      vertex 6.31454 -3.82189 16
      vertex 6.31454 -3.82189 0
    endloop
  endfacet
  facet normal 0.555572 -0.831469 0
    outer loop
      vertex 6.96511 -2.2513 0
      vertex 7.15 -2.12776 16
      vertex 6.96511 -2.2513 16
    endloop
  endfacet
  facet normal 0.555572 -0.831469 0
    outer loop
      vertex 7.15 -2.12776 16
      vertex 6.96511 -2.2513 0
      vertex 7.15 -2.12776 0
    endloop
  endfacet
  facet normal 0.321404 0.946942 -0
    outer loop
      vertex 7.56001 -5.24207 0
      vertex 7.34944 -5.1706 16
      vertex 7.56001 -5.24207 16
    endloop
  endfacet
  facet normal 0.321404 0.946942 0
    outer loop
      vertex 7.34944 -5.1706 16
      vertex 7.56001 -5.24207 0
      vertex 7.34944 -5.1706 0
    endloop
  endfacet
  facet normal -0.195122 -0.980779 0
    outer loop
      vertex 8.22189 -1.91454 0
      vertex 8.43999 -1.95793 16
      vertex 8.22189 -1.91454 16
    endloop
  endfacet
  facet normal -0.195122 -0.980779 -0
    outer loop
      vertex 8.43999 -1.95793 16
      vertex 8.22189 -1.91454 0
      vertex 8.43999 -1.95793 0
    endloop
  endfacet
  facet normal 0.831469 -0.555572 0
    outer loop
      vertex 6.52776 -2.75 16
      vertex 6.6513 -2.56511 0
      vertex 6.6513 -2.56511 16
    endloop
  endfacet
  facet normal 0.831469 -0.555572 0
    outer loop
      vertex 6.6513 -2.56511 0
      vertex 6.52776 -2.75 16
      vertex 6.52776 -2.75 0
    endloop
  endfacet
  facet normal 0.751844 0.659342 0
    outer loop
      vertex 6.79792 -4.80208 16
      vertex 6.6513 -4.63489 0
      vertex 6.6513 -4.63489 16
    endloop
  endfacet
  facet normal 0.751844 0.659342 0
    outer loop
      vertex 6.6513 -4.63489 0
      vertex 6.79792 -4.80208 16
      vertex 6.79792 -4.80208 0
    endloop
  endfacet
  facet normal -0.896878 -0.442278 0
    outer loop
      vertex 9.57059 -2.94944 0
      vertex 9.47224 -2.75 16
      vertex 9.47224 -2.75 0
    endloop
  endfacet
  facet normal -0.896878 -0.442278 0
    outer loop
      vertex 9.47224 -2.75 16
      vertex 9.57059 -2.94944 0
      vertex 9.57059 -2.94944 16
    endloop
  endfacet
  facet normal 0.321404 -0.946942 0
    outer loop
      vertex 7.34944 -2.0294 0
      vertex 7.56001 -1.95793 16
      vertex 7.34944 -2.0294 16
    endloop
  endfacet
  facet normal 0.321404 -0.946942 0
    outer loop
      vertex 7.56001 -1.95793 16
      vertex 7.34944 -2.0294 0
      vertex 7.56001 -1.95793 0
    endloop
  endfacet
  facet normal 0.89686 -0.442314 0
    outer loop
      vertex 6.4294 -2.94944 16
      vertex 6.52776 -2.75 0
      vertex 6.52776 -2.75 16
    endloop
  endfacet
  facet normal 0.89686 -0.442314 0
    outer loop
      vertex 6.52776 -2.75 0
      vertex 6.4294 -2.94944 16
      vertex 6.4294 -2.94944 0
    endloop
  endfacet
  facet normal -0.0653877 0.99786 0
    outer loop
      vertex 8.22189 -5.28546 0
      vertex 8 -5.3 16
      vertex 8.22189 -5.28546 16
    endloop
  endfacet
  facet normal -0.0653877 0.99786 0
    outer loop
      vertex 8 -5.3 16
      vertex 8.22189 -5.28546 0
      vertex 8 -5.3 0
    endloop
  endfacet
  facet normal 0.0653848 0.99786 -0
    outer loop
      vertex 8 -5.3 0
      vertex 7.7781 -5.28546 16
      vertex 8 -5.3 16
    endloop
  endfacet
  facet normal 0.0653848 0.99786 0
    outer loop
      vertex 7.7781 -5.28546 16
      vertex 8 -5.3 0
      vertex 7.7781 -5.28546 0
    endloop
  endfacet
  facet normal 0.946942 0.321404 0
    outer loop
      vertex 6.4294 -4.25056 16
      vertex 6.35793 -4.03999 0
      vertex 6.35793 -4.03999 16
    endloop
  endfacet
  facet normal 0.946942 0.321404 0
    outer loop
      vertex 6.35793 -4.03999 0
      vertex 6.4294 -4.25056 16
      vertex 6.4294 -4.25056 0
    endloop
  endfacet
  facet normal -0.751844 0.659342 0
    outer loop
      vertex 9.20208 -4.80208 0
      vertex 9.3487 -4.63489 16
      vertex 9.3487 -4.63489 0
    endloop
  endfacet
  facet normal -0.751844 0.659342 0
    outer loop
      vertex 9.3487 -4.63489 16
      vertex 9.20208 -4.80208 0
      vertex 9.20208 -4.80208 16
    endloop
  endfacet
  facet normal 0.659342 -0.751844 0
    outer loop
      vertex 6.79792 -2.39792 0
      vertex 6.96511 -2.2513 16
      vertex 6.79792 -2.39792 16
    endloop
  endfacet
  facet normal 0.659342 -0.751844 0
    outer loop
      vertex 6.96511 -2.2513 16
      vertex 6.79792 -2.39792 0
      vertex 6.96511 -2.2513 0
    endloop
  endfacet
  facet normal -0.659342 0.751844 0
    outer loop
      vertex 9.20208 -4.80208 0
      vertex 9.03489 -4.9487 16
      vertex 9.20208 -4.80208 16
    endloop
  endfacet
  facet normal -0.659342 0.751844 0
    outer loop
      vertex 9.03489 -4.9487 16
      vertex 9.20208 -4.80208 0
      vertex 9.03489 -4.9487 0
    endloop
  endfacet
  facet normal 0.980779 0.195122 0
    outer loop
      vertex 6.35793 -4.03999 16
      vertex 6.31454 -3.82189 0
      vertex 6.31454 -3.82189 16
    endloop
  endfacet
  facet normal 0.980779 0.195122 0
    outer loop
      vertex 6.31454 -3.82189 0
      vertex 6.35793 -4.03999 16
      vertex 6.35793 -4.03999 0
    endloop
  endfacet
  facet normal 0.89686 0.442314 0
    outer loop
      vertex 6.52776 -4.45 16
      vertex 6.4294 -4.25056 0
      vertex 6.4294 -4.25056 16
    endloop
  endfacet
  facet normal 0.89686 0.442314 0
    outer loop
      vertex 6.4294 -4.25056 0
      vertex 6.52776 -4.45 16
      vertex 6.52776 -4.45 0
    endloop
  endfacet
  facet normal 0.831469 0.555572 0
    outer loop
      vertex 6.6513 -4.63489 16
      vertex 6.52776 -4.45 0
      vertex 6.52776 -4.45 16
    endloop
  endfacet
  facet normal 0.831469 0.555572 0
    outer loop
      vertex 6.52776 -4.45 0
      vertex 6.6513 -4.63489 16
      vertex 6.6513 -4.63489 0
    endloop
  endfacet
  facet normal 0.555572 0.831469 -0
    outer loop
      vertex 7.15 -5.07224 0
      vertex 6.96511 -4.9487 16
      vertex 7.15 -5.07224 16
    endloop
  endfacet
  facet normal 0.555572 0.831469 0
    outer loop
      vertex 6.96511 -4.9487 16
      vertex 7.15 -5.07224 0
      vertex 6.96511 -4.9487 0
    endloop
  endfacet
  facet normal -0.980777 -0.19513 0
    outer loop
      vertex 9.68546 -8.7781 0
      vertex 9.64207 -8.56001 16
      vertex 9.64207 -8.56001 0
    endloop
  endfacet
  facet normal -0.980777 -0.19513 0
    outer loop
      vertex 9.64207 -8.56001 16
      vertex 9.68546 -8.7781 0
      vertex 9.68546 -8.7781 16
    endloop
  endfacet
  facet normal -0.99786 -0.0653848 0
    outer loop
      vertex 9.7 -9 0
      vertex 9.68546 -8.7781 16
      vertex 9.68546 -8.7781 0
    endloop
  endfacet
  facet normal -0.99786 -0.0653848 0
    outer loop
      vertex 9.68546 -8.7781 16
      vertex 9.7 -9 0
      vertex 9.7 -9 16
    endloop
  endfacet
  facet normal -0.0652086 0.997872 0
    outer loop
      vertex 8.22189 -10.6855 0
      vertex 8 -10.7 16
      vertex 8.22189 -10.6855 16
    endloop
  endfacet
  facet normal -0.0652086 0.997872 0
    outer loop
      vertex 8 -10.7 16
      vertex 8.22189 -10.6855 0
      vertex 8 -10.7 0
    endloop
  endfacet
  facet normal 0.659342 -0.751844 0
    outer loop
      vertex 6.79792 -7.79792 0
      vertex 6.96511 -7.6513 16
      vertex 6.79792 -7.79792 16
    endloop
  endfacet
  facet normal 0.659342 -0.751844 0
    outer loop
      vertex 6.96511 -7.6513 16
      vertex 6.79792 -7.79792 0
      vertex 6.96511 -7.6513 0
    endloop
  endfacet
  facet normal 0.831483 0.555551 0
    outer loop
      vertex 6.6513 -10.0349 16
      vertex 6.52776 -9.85 0
      vertex 6.52776 -9.85 16
    endloop
  endfacet
  facet normal 0.831483 0.555551 0
    outer loop
      vertex 6.52776 -9.85 0
      vertex 6.6513 -10.0349 16
      vertex 6.6513 -10.0349 0
    endloop
  endfacet
  facet normal 0.195173 0.980769 -0
    outer loop
      vertex 7.7781 -10.6855 0
      vertex 7.56001 -10.6421 16
      vertex 7.7781 -10.6855 16
    endloop
  endfacet
  facet normal 0.195173 0.980769 0
    outer loop
      vertex 7.56001 -10.6421 16
      vertex 7.7781 -10.6855 0
      vertex 7.56001 -10.6421 0
    endloop
  endfacet
  facet normal -0.659342 -0.751844 0
    outer loop
      vertex 9.03489 -7.6513 0
      vertex 9.20208 -7.79792 16
      vertex 9.03489 -7.6513 16
    endloop
  endfacet
  facet normal -0.659342 -0.751844 -0
    outer loop
      vertex 9.20208 -7.79792 16
      vertex 9.03489 -7.6513 0
      vertex 9.20208 -7.79792 0
    endloop
  endfacet
  facet normal -0.946929 0.321444 0
    outer loop
      vertex 9.57059 -9.65056 0
      vertex 9.64207 -9.43999 16
      vertex 9.64207 -9.43999 0
    endloop
  endfacet
  facet normal -0.946929 0.321444 0
    outer loop
      vertex 9.64207 -9.43999 16
      vertex 9.57059 -9.65056 0
      vertex 9.57059 -9.65056 16
    endloop
  endfacet
  facet normal -0.751863 0.659319 0
    outer loop
      vertex 9.20208 -10.2021 0
      vertex 9.3487 -10.0349 16
      vertex 9.3487 -10.0349 0
    endloop
  endfacet
  facet normal -0.751863 0.659319 0
    outer loop
      vertex 9.3487 -10.0349 16
      vertex 9.20208 -10.2021 0
      vertex 9.20208 -10.2021 16
    endloop
  endfacet
  facet normal -0.751844 -0.659342 0
    outer loop
      vertex 9.3487 -7.96511 0
      vertex 9.20208 -7.79792 16
      vertex 9.20208 -7.79792 0
    endloop
  endfacet
  facet normal -0.751844 -0.659342 0
    outer loop
      vertex 9.20208 -7.79792 16
      vertex 9.3487 -7.96511 0
      vertex 9.3487 -7.96511 16
    endloop
  endfacet
  facet normal 0.946942 0.321404 0
    outer loop
      vertex 6.4294 -9.65056 16
      vertex 6.35793 -9.43999 0
      vertex 6.35793 -9.43999 16
    endloop
  endfacet
  facet normal 0.946942 0.321404 0
    outer loop
      vertex 6.35793 -9.43999 0
      vertex 6.4294 -9.65056 16
      vertex 6.4294 -9.65056 0
    endloop
  endfacet
  facet normal -0.321525 0.946901 0
    outer loop
      vertex 8.65056 -10.5706 0
      vertex 8.43999 -10.6421 16
      vertex 8.65056 -10.5706 16
    endloop
  endfacet
  facet normal -0.321525 0.946901 0
    outer loop
      vertex 8.43999 -10.6421 16
      vertex 8.65056 -10.5706 0
      vertex 8.43999 -10.6421 0
    endloop
  endfacet
  facet normal 0.0652057 0.997872 -0
    outer loop
      vertex 8 -10.7 0
      vertex 7.7781 -10.6855 16
      vertex 8 -10.7 16
    endloop
  endfacet
  facet normal 0.0652057 0.997872 0
    outer loop
      vertex 7.7781 -10.6855 16
      vertex 8 -10.7 0
      vertex 7.7781 -10.6855 0
    endloop
  endfacet
  facet normal 0.321404 -0.946942 0
    outer loop
      vertex 7.34944 -7.4294 0
      vertex 7.56001 -7.35793 16
      vertex 7.34944 -7.4294 16
    endloop
  endfacet
  facet normal 0.321404 -0.946942 0
    outer loop
      vertex 7.56001 -7.35793 16
      vertex 7.34944 -7.4294 0
      vertex 7.56001 -7.35793 0
    endloop
  endfacet
  facet normal -0.946929 -0.321444 0
    outer loop
      vertex 9.64207 -8.56001 0
      vertex 9.57059 -8.34944 16
      vertex 9.57059 -8.34944 0
    endloop
  endfacet
  facet normal -0.946929 -0.321444 0
    outer loop
      vertex 9.57059 -8.34944 16
      vertex 9.64207 -8.56001 0
      vertex 9.64207 -8.56001 16
    endloop
  endfacet
  facet normal 0.751844 -0.659342 0
    outer loop
      vertex 6.6513 -7.96511 16
      vertex 6.79792 -7.79792 0
      vertex 6.79792 -7.79792 16
    endloop
  endfacet
  facet normal 0.751844 -0.659342 0
    outer loop
      vertex 6.79792 -7.79792 0
      vertex 6.6513 -7.96511 16
      vertex 6.6513 -7.96511 0
    endloop
  endfacet
  facet normal 0.442459 0.896789 -0
    outer loop
      vertex 7.34944 -10.5706 0
      vertex 7.15 -10.4722 16
      vertex 7.34944 -10.5706 16
    endloop
  endfacet
  facet normal 0.442459 0.896789 0
    outer loop
      vertex 7.15 -10.4722 16
      vertex 7.34944 -10.5706 0
      vertex 7.15 -10.4722 0
    endloop
  endfacet
  facet normal 0.0653848 -0.99786 0
    outer loop
      vertex 7.7781 -7.31454 0
      vertex 8 -7.3 16
      vertex 7.7781 -7.31454 16
    endloop
  endfacet
  facet normal 0.0653848 -0.99786 0
    outer loop
      vertex 8 -7.3 16
      vertex 7.7781 -7.31454 0
      vertex 8 -7.3 0
    endloop
  endfacet
  facet normal -0.896878 0.442278 0
    outer loop
      vertex 9.47224 -9.85 0
      vertex 9.57059 -9.65056 16
      vertex 9.57059 -9.65056 0
    endloop
  endfacet
  facet normal -0.896878 0.442278 0
    outer loop
      vertex 9.57059 -9.65056 16
      vertex 9.47224 -9.85 0
      vertex 9.47224 -9.85 16
    endloop
  endfacet
  facet normal -0.555447 0.831552 0
    outer loop
      vertex 9.03489 -10.3487 0
      vertex 8.85 -10.4722 16
      vertex 9.03489 -10.3487 16
    endloop
  endfacet
  facet normal -0.555447 0.831552 0
    outer loop
      vertex 8.85 -10.4722 16
      vertex 9.03489 -10.3487 0
      vertex 8.85 -10.4722 0
    endloop
  endfacet
  facet normal 0.980779 0.195122 0
    outer loop
      vertex 6.35793 -9.43999 16
      vertex 6.31454 -9.22189 0
      vertex 6.31454 -9.22189 16
    endloop
  endfacet
  facet normal 0.980779 0.195122 0
    outer loop
      vertex 6.31454 -9.22189 0
      vertex 6.35793 -9.43999 16
      vertex 6.35793 -9.43999 0
    endloop
  endfacet
  facet normal 0.751863 0.659319 0
    outer loop
      vertex 6.79792 -10.2021 16
      vertex 6.6513 -10.0349 0
      vertex 6.6513 -10.0349 16
    endloop
  endfacet
  facet normal 0.751863 0.659319 0
    outer loop
      vertex 6.6513 -10.0349 0
      vertex 6.79792 -10.2021 16
      vertex 6.79792 -10.2021 0
    endloop
  endfacet
  facet normal -0.195122 -0.980779 0
    outer loop
      vertex 8.22189 -7.31454 0
      vertex 8.43999 -7.35793 16
      vertex 8.22189 -7.31454 16
    endloop
  endfacet
  facet normal -0.195122 -0.980779 -0
    outer loop
      vertex 8.43999 -7.35793 16
      vertex 8.22189 -7.31454 0
      vertex 8.43999 -7.35793 0
    endloop
  endfacet
  facet normal -0.831469 -0.555572 0
    outer loop
      vertex 9.47224 -8.15 0
      vertex 9.3487 -7.96511 16
      vertex 9.3487 -7.96511 0
    endloop
  endfacet
  facet normal -0.831469 -0.555572 0
    outer loop
      vertex 9.3487 -7.96511 16
      vertex 9.47224 -8.15 0
      vertex 9.47224 -8.15 16
    endloop
  endfacet
  facet normal -0.99786 0.0653877 0
    outer loop
      vertex 9.68546 -9.22189 0
      vertex 9.7 -9 16
      vertex 9.7 -9 0
    endloop
  endfacet
  facet normal -0.99786 0.0653877 0
    outer loop
      vertex 9.7 -9 16
      vertex 9.68546 -9.22189 0
      vertex 9.68546 -9.22189 16
    endloop
  endfacet
  facet normal -0.321404 -0.946942 0
    outer loop
      vertex 8.43999 -7.35793 0
      vertex 8.65056 -7.4294 16
      vertex 8.43999 -7.35793 16
    endloop
  endfacet
  facet normal -0.321404 -0.946942 -0
    outer loop
      vertex 8.65056 -7.4294 16
      vertex 8.43999 -7.35793 0
      vertex 8.65056 -7.4294 0
    endloop
  endfacet
  facet normal -0.555572 -0.831469 0
    outer loop
      vertex 8.85 -7.52776 0
      vertex 9.03489 -7.6513 16
      vertex 8.85 -7.52776 16
    endloop
  endfacet
  facet normal -0.555572 -0.831469 -0
    outer loop
      vertex 9.03489 -7.6513 16
      vertex 8.85 -7.52776 0
      vertex 9.03489 -7.6513 0
    endloop
  endfacet
  facet normal 0.19513 -0.980777 0
    outer loop
      vertex 7.56001 -7.35793 0
      vertex 7.7781 -7.31454 16
      vertex 7.56001 -7.35793 16
    endloop
  endfacet
  facet normal 0.19513 -0.980777 0
    outer loop
      vertex 7.7781 -7.31454 16
      vertex 7.56001 -7.35793 0
      vertex 7.7781 -7.31454 0
    endloop
  endfacet
  facet normal -0.659291 0.751888 0
    outer loop
      vertex 9.20208 -10.2021 0
      vertex 9.03489 -10.3487 16
      vertex 9.20208 -10.2021 16
    endloop
  endfacet
  facet normal -0.659291 0.751888 0
    outer loop
      vertex 9.03489 -10.3487 16
      vertex 9.20208 -10.2021 0
      vertex 9.03489 -10.3487 0
    endloop
  endfacet
  facet normal 0.89686 -0.442314 0
    outer loop
      vertex 6.4294 -8.34944 16
      vertex 6.52776 -8.15 0
      vertex 6.52776 -8.15 16
    endloop
  endfacet
  facet normal 0.89686 -0.442314 0
    outer loop
      vertex 6.52776 -8.15 0
      vertex 6.4294 -8.34944 16
      vertex 6.4294 -8.34944 0
    endloop
  endfacet
  facet normal -0.980779 0.195122 0
    outer loop
      vertex 9.64207 -9.43999 0
      vertex 9.68546 -9.22189 16
      vertex 9.68546 -9.22189 0
    endloop
  endfacet
  facet normal -0.980779 0.195122 0
    outer loop
      vertex 9.68546 -9.22189 16
      vertex 9.64207 -9.43999 0
      vertex 9.64207 -9.43999 16
    endloop
  endfacet
  facet normal -0.195165 0.98077 0
    outer loop
      vertex 8.43999 -10.6421 0
      vertex 8.22189 -10.6855 16
      vertex 8.43999 -10.6421 16
    endloop
  endfacet
  facet normal -0.195165 0.98077 0
    outer loop
      vertex 8.22189 -10.6855 16
      vertex 8.43999 -10.6421 0
      vertex 8.22189 -10.6855 0
    endloop
  endfacet
  facet normal 0.659291 0.751888 -0
    outer loop
      vertex 6.96511 -10.3487 0
      vertex 6.79792 -10.2021 16
      vertex 6.96511 -10.3487 16
    endloop
  endfacet
  facet normal 0.659291 0.751888 0
    outer loop
      vertex 6.79792 -10.2021 16
      vertex 6.96511 -10.3487 0
      vertex 6.79792 -10.2021 0
    endloop
  endfacet
  facet normal -0.0653877 -0.99786 0
    outer loop
      vertex 8 -7.3 0
      vertex 8.22189 -7.31454 16
      vertex 8 -7.3 16
    endloop
  endfacet
  facet normal -0.0653877 -0.99786 -0
    outer loop
      vertex 8.22189 -7.31454 16
      vertex 8 -7.3 0
      vertex 8.22189 -7.31454 0
    endloop
  endfacet
  facet normal -0.442314 -0.89686 0
    outer loop
      vertex 8.65056 -7.4294 0
      vertex 8.85 -7.52776 16
      vertex 8.65056 -7.4294 16
    endloop
  endfacet
  facet normal -0.442314 -0.89686 -0
    outer loop
      vertex 8.85 -7.52776 16
      vertex 8.65056 -7.4294 0
      vertex 8.85 -7.52776 0
    endloop
  endfacet
  facet normal -0.831483 0.555551 0
    outer loop
      vertex 9.3487 -10.0349 0
      vertex 9.47224 -9.85 16
      vertex 9.47224 -9.85 0
    endloop
  endfacet
  facet normal -0.831483 0.555551 0
    outer loop
      vertex 9.47224 -9.85 16
      vertex 9.3487 -10.0349 0
      vertex 9.3487 -10.0349 16
    endloop
  endfacet
  facet normal 0.99786 0.0653877 0
    outer loop
      vertex 6.31454 -9.22189 16
      vertex 6.3 -9 0
      vertex 6.3 -9 16
    endloop
  endfacet
  facet normal 0.99786 0.0653877 0
    outer loop
      vertex 6.3 -9 0
      vertex 6.31454 -9.22189 16
      vertex 6.31454 -9.22189 0
    endloop
  endfacet
  facet normal -0.442459 0.896789 0
    outer loop
      vertex 8.85 -10.4722 0
      vertex 8.65056 -10.5706 16
      vertex 8.85 -10.4722 16
    endloop
  endfacet
  facet normal -0.442459 0.896789 0
    outer loop
      vertex 8.65056 -10.5706 16
      vertex 8.85 -10.4722 0
      vertex 8.65056 -10.5706 0
    endloop
  endfacet
  facet normal 0.980777 -0.19513 0
    outer loop
      vertex 6.31454 -8.7781 16
      vertex 6.35793 -8.56001 0
      vertex 6.35793 -8.56001 16
    endloop
  endfacet
  facet normal 0.980777 -0.19513 0
    outer loop
      vertex 6.35793 -8.56001 0
      vertex 6.31454 -8.7781 16
      vertex 6.31454 -8.7781 0
    endloop
  endfacet
  facet normal 0.89686 0.442314 0
    outer loop
      vertex 6.52776 -9.85 16
      vertex 6.4294 -9.65056 0
      vertex 6.4294 -9.65056 16
    endloop
  endfacet
  facet normal 0.89686 0.442314 0
    outer loop
      vertex 6.4294 -9.65056 0
      vertex 6.52776 -9.85 16
      vertex 6.52776 -9.85 0
    endloop
  endfacet
  facet normal 0.946942 -0.321404 0
    outer loop
      vertex 6.35793 -8.56001 16
      vertex 6.4294 -8.34944 0
      vertex 6.4294 -8.34944 16
    endloop
  endfacet
  facet normal 0.946942 -0.321404 0
    outer loop
      vertex 6.4294 -8.34944 0
      vertex 6.35793 -8.56001 16
      vertex 6.35793 -8.56001 0
    endloop
  endfacet
  facet normal -0.896878 -0.442278 0
    outer loop
      vertex 9.57059 -8.34944 0
      vertex 9.47224 -8.15 16
      vertex 9.47224 -8.15 0
    endloop
  endfacet
  facet normal -0.896878 -0.442278 0
    outer loop
      vertex 9.47224 -8.15 16
      vertex 9.57059 -8.34944 0
      vertex 9.57059 -8.34944 16
    endloop
  endfacet
  facet normal 0.99786 -0.0653848 0
    outer loop
      vertex 6.3 -9 16
      vertex 6.31454 -8.7781 0
      vertex 6.31454 -8.7781 16
    endloop
  endfacet
  facet normal 0.99786 -0.0653848 0
    outer loop
      vertex 6.31454 -8.7781 0
      vertex 6.3 -9 16
      vertex 6.3 -9 0
    endloop
  endfacet
  facet normal 0.321525 0.946901 -0
    outer loop
      vertex 7.56001 -10.6421 0
      vertex 7.34944 -10.5706 16
      vertex 7.56001 -10.6421 16
    endloop
  endfacet
  facet normal 0.321525 0.946901 0
    outer loop
      vertex 7.34944 -10.5706 16
      vertex 7.56001 -10.6421 0
      vertex 7.34944 -10.5706 0
    endloop
  endfacet
  facet normal 0.442314 -0.89686 0
    outer loop
      vertex 7.15 -7.52776 0
      vertex 7.34944 -7.4294 16
      vertex 7.15 -7.52776 16
    endloop
  endfacet
  facet normal 0.442314 -0.89686 0
    outer loop
      vertex 7.34944 -7.4294 16
      vertex 7.15 -7.52776 0
      vertex 7.34944 -7.4294 0
    endloop
  endfacet
  facet normal 0.555572 -0.831469 0
    outer loop
      vertex 6.96511 -7.6513 0
      vertex 7.15 -7.52776 16
      vertex 6.96511 -7.6513 16
    endloop
  endfacet
  facet normal 0.555572 -0.831469 0
    outer loop
      vertex 7.15 -7.52776 16
      vertex 6.96511 -7.6513 0
      vertex 7.15 -7.52776 0
    endloop
  endfacet
  facet normal 0.831469 -0.555572 0
    outer loop
      vertex 6.52776 -8.15 16
      vertex 6.6513 -7.96511 0
      vertex 6.6513 -7.96511 16
    endloop
  endfacet
  facet normal 0.831469 -0.555572 0
    outer loop
      vertex 6.6513 -7.96511 0
      vertex 6.52776 -8.15 16
      vertex 6.52776 -8.15 0
    endloop
  endfacet
  facet normal 0.555447 0.831552 -0
    outer loop
      vertex 7.15 -10.4722 0
      vertex 6.96511 -10.3487 16
      vertex 7.15 -10.4722 16
    endloop
  endfacet
  facet normal 0.555447 0.831552 0
    outer loop
      vertex 6.96511 -10.3487 16
      vertex 7.15 -10.4722 0
      vertex 6.96511 -10.3487 0
    endloop
  endfacet
  facet normal -0.598437 0.354023 0.718708
    outer loop
      vertex 8.5987 53.8276 6.81381
      vertex 8.5898 53.8924 6.77448
      vertex 8.024 53.7303 6.38321
    endloop
  endfacet
  facet normal -0.598428 0.666274 -0.44493
    outer loop
      vertex 8.66496 53.3458 8.7037
      vertex 8.024 52.8845 8.875
      vertex 8.024 53.0116 9.06533
    endloop
  endfacet
  facet normal -0.598381 0.666072 -0.445296
    outer loop
      vertex 8.024 52.8845 8.875
      vertex 8.66496 53.3458 8.7037
      vertex 8.67074 53.3037 8.63296
    endloop
  endfacet
  facet normal -0.598394 -0.66668 -0.444368
    outer loop
      vertex 8.35266 55.617 8.8799
      vertex 8.35623 55.5911 8.91395
      vertex 8.024 55.7884 9.06533
    endloop
  endfacet
  facet normal -0.598411 -0.0524312 0.799472
    outer loop
      vertex 8.52 54.4 6.62126
      vertex 8.51127 54.4635 6.61889
      vertex 8.024 54.4 6.25
    endloop
  endfacet
  facet normal -0.598409 -0.0523999 0.799475
    outer loop
      vertex 8.024 54.4 6.25
      vertex 8.49492 54.5824 6.61444
      vertex 8.024 54.6284 6.26497
    endloop
  endfacet
  facet normal -0.598418 -0.0523675 0.79947
    outer loop
      vertex 8.49492 54.5824 6.61444
      vertex 8.024 54.4 6.25
      vertex 8.51127 54.4635 6.61889
    endloop
  endfacet
  facet normal -0.598413 -0.0523792 -0.799474
    outer loop
      vertex 8.024 54.4 9.75
      vertex 8.50363 54.5191 9.38319
      vertex 8.52 54.4 9.37874
    endloop
  endfacet
  facet normal -0.598409 -0.0524 -0.799476
    outer loop
      vertex 8.50363 54.5191 9.38319
      vertex 8.024 54.4 9.75
      vertex 8.024 54.6284 9.73503
    endloop
  endfacet
  facet normal -0.598403 0.445209 0.66611
    outer loop
      vertex 8.024 53.525 6.48446
      vertex 8.6286 53.6102 6.97066
      vertex 8.61859 53.683 6.91301
    endloop
  endfacet
  facet normal -0.598416 0.445153 0.666136
    outer loop
      vertex 8.6286 53.6102 6.97066
      vertex 8.024 53.525 6.48446
      vertex 8.024 53.3347 6.61163
    endloop
  endfacet
  facet normal -0.598375 -0.799494 -0.0525016
    outer loop
      vertex 8.024 56.15 8
      vertex 8.31031 55.925 8.16315
      vertex 8.024 56.135 8.22842
    endloop
  endfacet
  facet normal -0.598455 -0.799448 -0.0522952
    outer loop
      vertex 8.31031 55.925 8.16315
      vertex 8.024 56.15 8
      vertex 8.30867 55.9369 8
    endloop
  endfacet
  facet normal -0.598298 -0.799595 0.0518399
    outer loop
      vertex 8.31069 55.9223 7.79959
      vertex 8.31031 55.925 7.83685
      vertex 8.024 56.135 7.77158
    endloop
  endfacet
  facet normal -0.598402 -0.156267 -0.785809
    outer loop
      vertex 8.46959 54.7666 9.36821
      vertex 8.4778 54.7069 9.37383
      vertex 8.024 54.8529 9.69037
    endloop
  endfacet
  facet normal -0.598358 -0.758229 0.258953
    outer loop
      vertex 8.31856 55.865 7.56772
      vertex 8.31667 55.8788 7.60376
      vertex 8.024 56.0904 7.54707
    endloop
  endfacet
  facet normal -0.598382 0.528292 -0.602368
    outer loop
      vertex 8.63724 53.5473 8.96565
      vertex 8.64496 53.4912 8.90878
      vertex 8.024 53.1626 9.23744
    endloop
  endfacet
  facet normal -0.598419 -0.528586 -0.602072
    outer loop
      vertex 8.37543 55.4514 9.05144
      vertex 8.38062 55.4137 9.07938
      vertex 8.024 55.6374 9.23744
    endloop
  endfacet
  facet normal -0.598395 -0.601838 0.528881
    outer loop
      vertex 8.36056 55.5595 7.05499
      vertex 8.35623 55.5911 7.08605
      vertex 8.024 55.7884 6.93467
    endloop
  endfacet
  facet normal -0.598427 0.527972 0.602604
    outer loop
      vertex 8.024 53.3347 6.61163
      vertex 8.63724 53.5473 7.03435
      vertex 8.6286 53.6102 6.97066
    endloop
  endfacet
  facet normal -0.59838 0.528281 0.602379
    outer loop
      vertex 8.63724 53.5473 7.03435
      vertex 8.024 53.3347 6.61163
      vertex 8.024 53.1626 6.76256
    endloop
  endfacet
  facet normal -0.598534 -0.758596 0.257468
    outer loop
      vertex 8.024 56.0904 7.54707
      vertex 8.32645 55.8076 7.41694
      vertex 8.31856 55.865 7.56772
    endloop
  endfacet
  facet normal -0.598492 -0.758596 0.257566
    outer loop
      vertex 8.32645 55.8076 7.41694
      vertex 8.024 56.0904 7.54707
      vertex 8.024 56.0168 7.3303
    endloop
  endfacet
  facet normal -0.598391 -0.354384 0.718568
    outer loop
      vertex 8.024 55.0697 6.38321
      vertex 8.42007 55.1268 6.7412
      vertex 8.024 55.275 6.48446
    endloop
  endfacet
  facet normal -0.598386 -0.3544 0.718564
    outer loop
      vertex 8.42007 55.1268 6.7412
      vertex 8.024 55.0697 6.38321
      vertex 8.43755 54.9997 6.69307
    endloop
  endfacet
  facet normal -0.598412 0.0523998 -0.799473
    outer loop
      vertex 8.024 54.4 9.75
      vertex 8.53538 54.2882 9.3599
      vertex 8.024 54.1716 9.73503
    endloop
  endfacet
  facet normal -0.598412 0.0524016 -0.799473
    outer loop
      vertex 8.53538 54.2882 9.3599
      vertex 8.024 54.4 9.75
      vertex 8.52 54.4 9.37874
    endloop
  endfacet
  facet normal -0.598262 -0.719003 0.353719
    outer loop
      vertex 8.33976 55.7109 7.24317
      vertex 8.33703 55.7307 7.2788
      vertex 8.024 55.9155 7.125
    endloop
  endfacet
  facet normal -0.598381 0.602272 -0.528401
    outer loop
      vertex 8.64496 53.4912 8.90878
      vertex 8.024 53.0116 9.06533
      vertex 8.024 53.1626 9.23744
    endloop
  endfacet
  facet normal -0.598413 0.602356 -0.52827
    outer loop
      vertex 8.024 53.0116 9.06533
      vertex 8.64496 53.4912 8.90878
      vertex 8.65217 53.4387 8.84075
    endloop
  endfacet
  facet normal -0.598381 -0.354442 0.718548
    outer loop
      vertex 8.44448 54.9493 6.67398
      vertex 8.43755 54.9997 6.69307
      vertex 8.024 55.0697 6.38321
    endloop
  endfacet
  facet normal -0.598382 0.799477 0.0526743
    outer loop
      vertex 8.69126 53.1544 7.92369
      vertex 8.69055 53.1596 7.8367
      vertex 8.024 52.665 7.77158
    endloop
  endfacet
  facet normal -0.598455 -0.799448 0.0522952
    outer loop
      vertex 8.024 56.15 8
      vertex 8.31031 55.925 7.83685
      vertex 8.30867 55.9369 8
    endloop
  endfacet
  facet normal -0.598375 -0.799494 0.0525016
    outer loop
      vertex 8.31031 55.925 7.83685
      vertex 8.024 56.15 8
      vertex 8.024 56.135 7.77158
    endloop
  endfacet
  facet normal -0.598494 -0.602351 0.528183
    outer loop
      vertex 8.024 55.7884 6.93467
      vertex 8.37543 55.4514 6.94856
      vertex 8.36056 55.5595 7.05499
    endloop
  endfacet
  facet normal -0.598411 -0.602256 0.528387
    outer loop
      vertex 8.37543 55.4514 6.94856
      vertex 8.024 55.7884 6.93467
      vertex 8.024 55.6374 6.76256
    endloop
  endfacet
  facet normal -0.598379 0.66654 0.444597
    outer loop
      vertex 8.66496 53.3458 7.2963
      vertex 8.65905 53.3887 7.22403
      vertex 8.024 53.0116 6.93467
    endloop
  endfacet
  facet normal -0.598395 -0.601838 -0.528881
    outer loop
      vertex 8.35623 55.5911 8.91395
      vertex 8.36056 55.5595 8.94501
      vertex 8.024 55.7884 9.06533
    endloop
  endfacet
  facet normal -0.598394 0.602259 -0.528402
    outer loop
      vertex 8.65217 53.4387 8.84075
      vertex 8.65905 53.3887 8.77597
      vertex 8.024 53.0116 9.06533
    endloop
  endfacet
  facet normal -0.59841 -0.0524075 -0.799474
    outer loop
      vertex 8.49492 54.5824 9.38556
      vertex 8.50363 54.5191 9.38319
      vertex 8.024 54.6284 9.73503
    endloop
  endfacet
  facet normal -0.598418 0.354375 -0.71855
    outer loop
      vertex 8.024 53.7303 9.61679
      vertex 8.61015 53.7444 9.13559
      vertex 8.024 53.525 9.51554
    endloop
  endfacet
  facet normal -0.598382 0.354537 -0.718501
    outer loop
      vertex 8.61015 53.7444 9.13559
      vertex 8.024 53.7303 9.61679
      vertex 8.5987 53.8276 9.18618
    endloop
  endfacet
  facet normal -0.598358 -0.758229 -0.258953
    outer loop
      vertex 8.31667 55.8788 8.39624
      vertex 8.31856 55.865 8.43228
      vertex 8.024 56.0904 8.45293
    endloop
  endfacet
  facet normal -0.598362 0.785754 -0.156697
    outer loop
      vertex 8.68844 53.175 8.24858
      vertex 8.69055 53.1596 8.1633
      vertex 8.024 52.665 8.22842
    endloop
  endfacet
  facet normal -0.598416 0.445153 -0.666136
    outer loop
      vertex 8.024 53.525 9.51554
      vertex 8.6286 53.6102 9.02934
      vertex 8.024 53.3347 9.38837
    endloop
  endfacet
  facet normal -0.598403 0.445209 -0.66611
    outer loop
      vertex 8.6286 53.6102 9.02934
      vertex 8.024 53.525 9.51554
      vertex 8.61859 53.683 9.08699
    endloop
  endfacet
  facet normal -0.598423 0.445055 0.666195
    outer loop
      vertex 8.61859 53.683 6.91301
      vertex 8.61015 53.7444 6.86441
      vertex 8.024 53.525 6.48446
    endloop
  endfacet
  facet normal -0.598386 -0.3544 -0.718564
    outer loop
      vertex 8.024 55.0697 9.61679
      vertex 8.42007 55.1268 9.2588
      vertex 8.43755 54.9997 9.30693
    endloop
  endfacet
  facet normal -0.598391 -0.354384 -0.718568
    outer loop
      vertex 8.42007 55.1268 9.2588
      vertex 8.024 55.0697 9.61679
      vertex 8.024 55.275 9.51554
    endloop
  endfacet
  facet normal -0.598434 0.35411 -0.718667
    outer loop
      vertex 8.5898 53.8924 9.22552
      vertex 8.5987 53.8276 9.18618
      vertex 8.024 53.7303 9.61679
    endloop
  endfacet
  facet normal -0.598365 0.354612 0.718478
    outer loop
      vertex 8.024 53.7303 6.38321
      vertex 8.61015 53.7444 6.86441
      vertex 8.5987 53.8276 6.81381
    endloop
  endfacet
  facet normal -0.598418 0.354375 0.71855
    outer loop
      vertex 8.61015 53.7444 6.86441
      vertex 8.024 53.7303 6.38321
      vertex 8.024 53.525 6.48446
    endloop
  endfacet
  facet normal -0.598417 0.758657 0.257559
    outer loop
      vertex 8.67994 53.2368 7.51819
      vertex 8.024 52.7096 7.54707
      vertex 8.6831 53.2138 7.59328
    endloop
  endfacet
  facet normal -0.598412 0.758652 0.257585
    outer loop
      vertex 8.024 52.7096 7.54707
      vertex 8.67994 53.2368 7.51819
      vertex 8.024 52.7832 7.3303
    endloop
  endfacet
  facet normal -0.598412 -0.785837 0.156086
    outer loop
      vertex 8.024 56.135 7.77158
      vertex 8.31667 55.8788 7.60376
      vertex 8.31181 55.9141 7.76285
    endloop
  endfacet
  facet normal -0.598401 -0.785841 0.156111
    outer loop
      vertex 8.31667 55.8788 7.60376
      vertex 8.024 56.135 7.77158
      vertex 8.024 56.0904 7.54707
    endloop
  endfacet
  facet normal -0.598262 -0.719003 -0.353719
    outer loop
      vertex 8.33703 55.7307 8.7212
      vertex 8.33976 55.7109 8.75683
      vertex 8.024 55.9155 8.875
    endloop
  endfacet
  facet normal -0.598384 -0.257369 -0.758748
    outer loop
      vertex 8.44448 54.9493 9.32602
      vertex 8.45205 54.8942 9.33874
      vertex 8.024 55.0697 9.61679
    endloop
  endfacet
  facet normal -0.598405 0.0524001 0.799478
    outer loop
      vertex 8.024 54.1716 6.26497
      vertex 8.52905 54.3342 6.63234
      vertex 8.024 54.4 6.25
    endloop
  endfacet
  facet normal -0.598403 0.0523862 0.799481
    outer loop
      vertex 8.52905 54.3342 6.63234
      vertex 8.024 54.1716 6.26497
      vertex 8.54442 54.2224 6.65117
    endloop
  endfacet
  facet normal -0.598415 0.0523184 0.799477
    outer loop
      vertex 8.52905 54.3342 6.63234
      vertex 8.52 54.4 6.62126
      vertex 8.024 54.4 6.25
    endloop
  endfacet
  facet normal -0.598412 -0.528158 -0.602455
    outer loop
      vertex 8.024 55.4653 9.38837
      vertex 8.38062 55.4137 9.07938
      vertex 8.39688 55.2954 9.16694
    endloop
  endfacet
  facet normal -0.59837 -0.528286 -0.602385
    outer loop
      vertex 8.38062 55.4137 9.07938
      vertex 8.024 55.4653 9.38837
      vertex 8.024 55.6374 9.23744
    endloop
  endfacet
  facet normal -0.598394 -0.66668 0.444368
    outer loop
      vertex 8.35623 55.5911 7.08605
      vertex 8.35266 55.617 7.1201
      vertex 8.024 55.7884 6.93467
    endloop
  endfacet
  facet normal -0.598394 0.602259 0.528402
    outer loop
      vertex 8.65905 53.3887 7.22403
      vertex 8.65217 53.4387 7.15925
      vertex 8.024 53.0116 6.93467
    endloop
  endfacet
  facet normal -0.598402 -0.156267 0.785809
    outer loop
      vertex 8.4778 54.7069 6.62617
      vertex 8.46959 54.7666 6.63179
      vertex 8.024 54.8529 6.30963
    endloop
  endfacet
  facet normal -0.598408 -0.156319 0.785794
    outer loop
      vertex 8.024 54.6284 6.26497
      vertex 8.4778 54.7069 6.62617
      vertex 8.024 54.8529 6.30963
    endloop
  endfacet
  facet normal -0.598408 -0.156322 0.785794
    outer loop
      vertex 8.4778 54.7069 6.62617
      vertex 8.024 54.6284 6.26497
      vertex 8.49492 54.5824 6.61444
    endloop
  endfacet
  facet normal -0.598391 -0.445208 -0.666122
    outer loop
      vertex 8.024 55.275 9.51554
      vertex 8.39688 55.2954 9.16694
      vertex 8.41393 55.1714 9.2345
    endloop
  endfacet
  facet normal -0.59841 -0.445155 -0.66614
    outer loop
      vertex 8.39688 55.2954 9.16694
      vertex 8.024 55.275 9.51554
      vertex 8.024 55.4653 9.38837
    endloop
  endfacet
  facet normal -0.598379 0.66654 -0.444597
    outer loop
      vertex 8.65905 53.3887 8.77597
      vertex 8.66496 53.3458 8.7037
      vertex 8.024 53.0116 9.06533
    endloop
  endfacet
  facet normal -0.598412 0.758652 -0.257585
    outer loop
      vertex 8.67994 53.2368 8.48181
      vertex 8.024 52.7096 8.45293
      vertex 8.024 52.7832 8.6697
    endloop
  endfacet
  facet normal -0.598417 0.758657 -0.257559
    outer loop
      vertex 8.024 52.7096 8.45293
      vertex 8.67994 53.2368 8.48181
      vertex 8.6831 53.2138 8.40672
    endloop
  endfacet
  facet normal -0.598411 -0.602256 -0.528387
    outer loop
      vertex 8.024 55.7884 9.06533
      vertex 8.37543 55.4514 9.05144
      vertex 8.024 55.6374 9.23744
    endloop
  endfacet
  facet normal -0.598494 -0.602351 -0.528183
    outer loop
      vertex 8.37543 55.4514 9.05144
      vertex 8.024 55.7884 9.06533
      vertex 8.36056 55.5595 8.94501
    endloop
  endfacet
  facet normal -0.598391 0.718498 -0.354525
    outer loop
      vertex 8.67074 53.3037 8.63296
      vertex 8.024 52.7832 8.6697
      vertex 8.024 52.8845 8.875
    endloop
  endfacet
  facet normal -0.598323 0.71839 -0.35486
    outer loop
      vertex 8.024 52.7832 8.6697
      vertex 8.67074 53.3037 8.63296
      vertex 8.67522 53.2711 8.55941
    endloop
  endfacet
  facet normal -0.598395 0.156388 0.78579
    outer loop
      vertex 8.024 54.1716 6.26497
      vertex 8.55863 54.1191 6.68255
      vertex 8.54442 54.2224 6.65117
    endloop
  endfacet
  facet normal -0.598406 0.156319 0.785796
    outer loop
      vertex 8.55863 54.1191 6.68255
      vertex 8.024 54.1716 6.26497
      vertex 8.024 53.9471 6.30963
    endloop
  endfacet
  facet normal -0.59841 -0.445155 0.66614
    outer loop
      vertex 8.024 55.275 6.48446
      vertex 8.39688 55.2954 6.83306
      vertex 8.024 55.4653 6.61163
    endloop
  endfacet
  facet normal -0.598391 -0.445208 0.666122
    outer loop
      vertex 8.39688 55.2954 6.83306
      vertex 8.024 55.275 6.48446
      vertex 8.41393 55.1714 6.7655
    endloop
  endfacet
  facet normal -0.598406 0.799498 -0.0520867
    outer loop
      vertex 8.024 52.65 8
      vertex 8.69126 53.1544 8.07631
      vertex 8.69189 53.1499 8
    endloop
  endfacet
  facet normal -0.598362 0.799504 -0.0525022
    outer loop
      vertex 8.69126 53.1544 8.07631
      vertex 8.024 52.65 8
      vertex 8.024 52.665 8.22842
    endloop
  endfacet
  facet normal -0.598291 -0.785722 0.157127
    outer loop
      vertex 8.31181 55.9141 7.76285
      vertex 8.31069 55.9223 7.79959
      vertex 8.024 56.135 7.77158
    endloop
  endfacet
  facet normal -0.598362 0.785754 0.156697
    outer loop
      vertex 8.69055 53.1596 7.8367
      vertex 8.68844 53.175 7.75142
      vertex 8.024 52.665 7.77158
    endloop
  endfacet
  facet normal -0.59842 0.718698 -0.354071
    outer loop
      vertex 8.67522 53.2711 8.55941
      vertex 8.67994 53.2368 8.48181
      vertex 8.024 52.7832 8.6697
    endloop
  endfacet
  facet normal -0.598406 0.156319 -0.785796
    outer loop
      vertex 8.024 54.1716 9.73503
      vertex 8.55863 54.1191 9.31745
      vertex 8.024 53.9471 9.69037
    endloop
  endfacet
  facet normal -0.598395 0.156388 -0.78579
    outer loop
      vertex 8.55863 54.1191 9.31745
      vertex 8.024 54.1716 9.73503
      vertex 8.54442 54.2224 9.34883
    endloop
  endfacet
  facet normal -0.5984 0.156273 -0.785809
    outer loop
      vertex 8.55863 54.1191 9.31745
      vertex 8.56779 54.0524 9.29721
      vertex 8.024 53.9471 9.69037
    endloop
  endfacet
  facet normal -0.5984 0.052292 -0.799489
    outer loop
      vertex 8.53538 54.2882 9.3599
      vertex 8.54442 54.2224 9.34883
      vertex 8.024 54.1716 9.73503
    endloop
  endfacet
  facet normal -0.598291 -0.785722 -0.157127
    outer loop
      vertex 8.31069 55.9223 8.20041
      vertex 8.31181 55.9141 8.23715
      vertex 8.024 56.135 8.22842
    endloop
  endfacet
  facet normal -0.59839 0.785781 -0.15645
    outer loop
      vertex 8.024 52.665 8.22842
      vertex 8.68656 53.1887 8.32458
      vertex 8.68844 53.175 8.24858
    endloop
  endfacet
  facet normal -0.598456 0.785801 -0.156103
    outer loop
      vertex 8.68656 53.1887 8.32458
      vertex 8.024 52.665 8.22842
      vertex 8.024 52.7096 8.45293
    endloop
  endfacet
  facet normal -0.598283 -0.666045 0.445468
    outer loop
      vertex 8.024 55.9155 7.125
      vertex 8.35266 55.617 7.1201
      vertex 8.33976 55.7109 7.24317
    endloop
  endfacet
  facet normal -0.598474 -0.666246 0.444911
    outer loop
      vertex 8.35266 55.617 7.1201
      vertex 8.024 55.9155 7.125
      vertex 8.024 55.7884 6.93467
    endloop
  endfacet
  facet normal -0.598406 0.799498 0.0520867
    outer loop
      vertex 8.69126 53.1544 7.92369
      vertex 8.024 52.65 8
      vertex 8.69189 53.1499 8
    endloop
  endfacet
  facet normal -0.598362 0.799504 0.0525022
    outer loop
      vertex 8.024 52.65 8
      vertex 8.69126 53.1544 7.92369
      vertex 8.024 52.665 7.77158
    endloop
  endfacet
  facet normal 1 0 0
    outer loop
      vertex 8.024 56.135 8.22842
      vertex 8.024 56.135 7.77158
      vertex 8.024 56.15 8
    endloop
  endfacet
  facet normal 1 0 0
    outer loop
      vertex 8.024 56.0904 8.45293
      vertex 8.024 56.135 7.77158
      vertex 8.024 56.135 8.22842
    endloop
  endfacet
  facet normal 1 0 0
    outer loop
      vertex 8.024 56.0904 8.45293
      vertex 8.024 56.0904 7.54707
      vertex 8.024 56.135 7.77158
    endloop
  endfacet
  facet normal 1 0 0
    outer loop
      vertex 8.024 56.0168 8.6697
      vertex 8.024 56.0904 7.54707
      vertex 8.024 56.0904 8.45293
    endloop
  endfacet
  facet normal 1 0 0
    outer loop
      vertex 8.024 56.0168 8.6697
      vertex 8.024 56.0168 7.3303
      vertex 8.024 56.0904 7.54707
    endloop
  endfacet
  facet normal 1 0 0
    outer loop
      vertex 8.024 55.9155 8.875
      vertex 8.024 56.0168 7.3303
      vertex 8.024 56.0168 8.6697
    endloop
  endfacet
  facet normal 1 0 0
    outer loop
      vertex 8.024 55.9155 8.875
      vertex 8.024 55.9155 7.125
      vertex 8.024 56.0168 7.3303
    endloop
  endfacet
  facet normal 1 0 0
    outer loop
      vertex 8.024 55.7884 9.06533
      vertex 8.024 55.9155 7.125
      vertex 8.024 55.9155 8.875
    endloop
  endfacet
  facet normal 1 0 0
    outer loop
      vertex 8.024 55.7884 9.06533
      vertex 8.024 55.7884 6.93467
      vertex 8.024 55.9155 7.125
    endloop
  endfacet
  facet normal 1 0 0
    outer loop
      vertex 8.024 55.6374 9.23744
      vertex 8.024 55.7884 6.93467
      vertex 8.024 55.7884 9.06533
    endloop
  endfacet
  facet normal 1 0 0
    outer loop
      vertex 8.024 55.6374 9.23744
      vertex 8.024 55.6374 6.76256
      vertex 8.024 55.7884 6.93467
    endloop
  endfacet
  facet normal 1 0 0
    outer loop
      vertex 8.024 55.4653 9.38837
      vertex 8.024 55.6374 6.76256
      vertex 8.024 55.6374 9.23744
    endloop
  endfacet
  facet normal 1 0 0
    outer loop
      vertex 8.024 55.4653 9.38837
      vertex 8.024 55.4653 6.61163
      vertex 8.024 55.6374 6.76256
    endloop
  endfacet
  facet normal 1 0 0
    outer loop
      vertex 8.024 55.275 9.51554
      vertex 8.024 55.4653 6.61163
      vertex 8.024 55.4653 9.38837
    endloop
  endfacet
  facet normal 1 0 0
    outer loop
      vertex 8.024 55.275 9.51554
      vertex 8.024 55.275 6.48446
      vertex 8.024 55.4653 6.61163
    endloop
  endfacet
  facet normal 1 0 0
    outer loop
      vertex 8.024 55.0697 9.61679
      vertex 8.024 55.275 6.48446
      vertex 8.024 55.275 9.51554
    endloop
  endfacet
  facet normal 1 0 0
    outer loop
      vertex 8.024 55.0697 9.61679
      vertex 8.024 55.0697 6.38321
      vertex 8.024 55.275 6.48446
    endloop
  endfacet
  facet normal 1 0 0
    outer loop
      vertex 8.024 54.8529 9.69037
      vertex 8.024 55.0697 6.38321
      vertex 8.024 55.0697 9.61679
    endloop
  endfacet
  facet normal 1 0 0
    outer loop
      vertex 8.024 54.8529 9.69037
      vertex 8.024 54.8529 6.30963
      vertex 8.024 55.0697 6.38321
    endloop
  endfacet
  facet normal 1 0 0
    outer loop
      vertex 8.024 54.6284 9.73503
      vertex 8.024 54.8529 6.30963
      vertex 8.024 54.8529 9.69037
    endloop
  endfacet
  facet normal 1 0 0
    outer loop
      vertex 8.024 54.6284 9.73503
      vertex 8.024 54.6284 6.26497
      vertex 8.024 54.8529 6.30963
    endloop
  endfacet
  facet normal 1 0 0
    outer loop
      vertex 8.024 54.4 9.75
      vertex 8.024 54.6284 6.26497
      vertex 8.024 54.6284 9.73503
    endloop
  endfacet
  facet normal 1 0 0
    outer loop
      vertex 8.024 54.4 9.75
      vertex 8.024 54.4 6.25
      vertex 8.024 54.6284 6.26497
    endloop
  endfacet
  facet normal 1 -0 0
    outer loop
      vertex 8.024 54.1716 9.73503
      vertex 8.024 54.4 6.25
      vertex 8.024 54.4 9.75
    endloop
  endfacet
  facet normal 1 0 0
    outer loop
      vertex 8.024 54.1716 9.73503
      vertex 8.024 54.1716 6.26497
      vertex 8.024 54.4 6.25
    endloop
  endfacet
  facet normal 1 -0 0
    outer loop
      vertex 8.024 53.9471 9.69037
      vertex 8.024 54.1716 6.26497
      vertex 8.024 54.1716 9.73503
    endloop
  endfacet
  facet normal 1 0 0
    outer loop
      vertex 8.024 53.9471 9.69037
      vertex 8.024 53.9471 6.30963
      vertex 8.024 54.1716 6.26497
    endloop
  endfacet
  facet normal 1 -0 0
    outer loop
      vertex 8.024 53.7303 9.61679
      vertex 8.024 53.9471 6.30963
      vertex 8.024 53.9471 9.69037
    endloop
  endfacet
  facet normal 1 0 0
    outer loop
      vertex 8.024 53.7303 9.61679
      vertex 8.024 53.7303 6.38321
      vertex 8.024 53.9471 6.30963
    endloop
  endfacet
  facet normal 1 -0 0
    outer loop
      vertex 8.024 53.525 9.51554
      vertex 8.024 53.7303 6.38321
      vertex 8.024 53.7303 9.61679
    endloop
  endfacet
  facet normal 1 0 0
    outer loop
      vertex 8.024 53.525 9.51554
      vertex 8.024 53.525 6.48446
      vertex 8.024 53.7303 6.38321
    endloop
  endfacet
  facet normal 1 -0 0
    outer loop
      vertex 8.024 53.3347 9.38837
      vertex 8.024 53.525 6.48446
      vertex 8.024 53.525 9.51554
    endloop
  endfacet
  facet normal 1 0 0
    outer loop
      vertex 8.024 53.3347 9.38837
      vertex 8.024 53.3347 6.61163
      vertex 8.024 53.525 6.48446
    endloop
  endfacet
  facet normal 1 -0 0
    outer loop
      vertex 8.024 53.1626 9.23744
      vertex 8.024 53.3347 6.61163
      vertex 8.024 53.3347 9.38837
    endloop
  endfacet
  facet normal 1 0 0
    outer loop
      vertex 8.024 53.1626 9.23744
      vertex 8.024 53.1626 6.76256
      vertex 8.024 53.3347 6.61163
    endloop
  endfacet
  facet normal 1 -0 0
    outer loop
      vertex 8.024 53.0116 9.06533
      vertex 8.024 53.1626 6.76256
      vertex 8.024 53.1626 9.23744
    endloop
  endfacet
  facet normal 1 0 0
    outer loop
      vertex 8.024 53.0116 9.06533
      vertex 8.024 53.0116 6.93467
      vertex 8.024 53.1626 6.76256
    endloop
  endfacet
  facet normal 1 -0 0
    outer loop
      vertex 8.024 52.8845 8.875
      vertex 8.024 53.0116 6.93467
      vertex 8.024 53.0116 9.06533
    endloop
  endfacet
  facet normal 1 0 0
    outer loop
      vertex 8.024 52.8845 8.875
      vertex 8.024 52.8845 7.125
      vertex 8.024 53.0116 6.93467
    endloop
  endfacet
  facet normal 1 -0 0
    outer loop
      vertex 8.024 52.7832 8.6697
      vertex 8.024 52.8845 7.125
      vertex 8.024 52.8845 8.875
    endloop
  endfacet
  facet normal 1 0 0
    outer loop
      vertex 8.024 52.7832 8.6697
      vertex 8.024 52.7832 7.3303
      vertex 8.024 52.8845 7.125
    endloop
  endfacet
  facet normal 1 -0 0
    outer loop
      vertex 8.024 52.7096 8.45293
      vertex 8.024 52.7832 7.3303
      vertex 8.024 52.7832 8.6697
    endloop
  endfacet
  facet normal 1 0 0
    outer loop
      vertex 8.024 52.7096 8.45293
      vertex 8.024 52.7096 7.54707
      vertex 8.024 52.7832 7.3303
    endloop
  endfacet
  facet normal 1 -0 0
    outer loop
      vertex 8.024 52.665 8.22842
      vertex 8.024 52.7096 7.54707
      vertex 8.024 52.7096 8.45293
    endloop
  endfacet
  facet normal 1 0 0
    outer loop
      vertex 8.024 52.665 8.22842
      vertex 8.024 52.665 7.77158
      vertex 8.024 52.7096 7.54707
    endloop
  endfacet
  facet normal 1 0 -0
    outer loop
      vertex 8.024 52.665 7.77158
      vertex 8.024 52.665 8.22842
      vertex 8.024 52.65 8
    endloop
  endfacet
  facet normal -0.59839 0.785781 0.15645
    outer loop
      vertex 8.68656 53.1887 7.67542
      vertex 8.024 52.665 7.77158
      vertex 8.68844 53.175 7.75142
    endloop
  endfacet
  facet normal -0.598456 0.785801 0.156103
    outer loop
      vertex 8.024 52.665 7.77158
      vertex 8.68656 53.1887 7.67542
      vertex 8.024 52.7096 7.54707
    endloop
  endfacet
  facet normal -0.598399 -0.257494 0.758693
    outer loop
      vertex 8.024 54.8529 6.30963
      vertex 8.45205 54.8942 6.66126
      vertex 8.024 55.0697 6.38321
    endloop
  endfacet
  facet normal -0.598402 -0.257482 0.758695
    outer loop
      vertex 8.45205 54.8942 6.66126
      vertex 8.024 54.8529 6.30963
      vertex 8.46959 54.7666 6.63179
    endloop
  endfacet
  facet normal -0.598371 -0.718512 -0.354531
    outer loop
      vertex 8.024 56.0168 8.6697
      vertex 8.33703 55.7307 8.7212
      vertex 8.024 55.9155 8.875
    endloop
  endfacet
  facet normal -0.598492 -0.718583 -0.354184
    outer loop
      vertex 8.33703 55.7307 8.7212
      vertex 8.024 56.0168 8.6697
      vertex 8.32645 55.8076 8.58306
    endloop
  endfacet
  facet normal -0.598323 0.71839 0.35486
    outer loop
      vertex 8.67074 53.3037 7.36704
      vertex 8.024 52.7832 7.3303
      vertex 8.67522 53.2711 7.44059
    endloop
  endfacet
  facet normal -0.598391 0.718498 0.354525
    outer loop
      vertex 8.024 52.7832 7.3303
      vertex 8.67074 53.3037 7.36704
      vertex 8.024 52.8845 7.125
    endloop
  endfacet
  facet normal -0.598408 -0.156322 -0.785794
    outer loop
      vertex 8.024 54.6284 9.73503
      vertex 8.4778 54.7069 9.37383
      vertex 8.49492 54.5824 9.38556
    endloop
  endfacet
  facet normal -0.598408 -0.156319 -0.785794
    outer loop
      vertex 8.4778 54.7069 9.37383
      vertex 8.024 54.6284 9.73503
      vertex 8.024 54.8529 9.69037
    endloop
  endfacet
  facet normal -0.598474 -0.666246 -0.444911
    outer loop
      vertex 8.024 55.9155 8.875
      vertex 8.35266 55.617 8.8799
      vertex 8.024 55.7884 9.06533
    endloop
  endfacet
  facet normal -0.598283 -0.666045 -0.445468
    outer loop
      vertex 8.35266 55.617 8.8799
      vertex 8.024 55.9155 8.875
      vertex 8.33976 55.7109 8.75683
    endloop
  endfacet
  facet normal -0.598426 0.257631 0.758626
    outer loop
      vertex 8.5898 53.8924 6.77448
      vertex 8.5807 53.9586 6.74482
      vertex 8.024 53.7303 6.38321
    endloop
  endfacet
  facet normal -0.598394 0.257585 0.758666
    outer loop
      vertex 8.024 53.9471 6.30963
      vertex 8.5807 53.9586 6.74482
      vertex 8.56779 54.0524 6.70279
    endloop
  endfacet
  facet normal -0.598408 0.257492 0.758687
    outer loop
      vertex 8.5807 53.9586 6.74482
      vertex 8.024 53.9471 6.30963
      vertex 8.024 53.7303 6.38321
    endloop
  endfacet
  facet normal -0.59838 0.528281 -0.602379
    outer loop
      vertex 8.024 53.3347 9.38837
      vertex 8.63724 53.5473 8.96565
      vertex 8.024 53.1626 9.23744
    endloop
  endfacet
  facet normal -0.598427 0.527972 -0.602604
    outer loop
      vertex 8.63724 53.5473 8.96565
      vertex 8.024 53.3347 9.38837
      vertex 8.6286 53.6102 9.02934
    endloop
  endfacet
  facet normal -0.598413 0.602356 0.52827
    outer loop
      vertex 8.64496 53.4912 7.09122
      vertex 8.024 53.0116 6.93467
      vertex 8.65217 53.4387 7.15925
    endloop
  endfacet
  facet normal -0.598381 0.602272 0.528401
    outer loop
      vertex 8.024 53.0116 6.93467
      vertex 8.64496 53.4912 7.09122
      vertex 8.024 53.1626 6.76256
    endloop
  endfacet
  facet normal -0.598474 0.758776 -0.257073
    outer loop
      vertex 8.6831 53.2138 8.40672
      vertex 8.68656 53.1887 8.32458
      vertex 8.024 52.7096 8.45293
    endloop
  endfacet
  facet normal -0.598381 0.666072 0.445296
    outer loop
      vertex 8.66496 53.3458 7.2963
      vertex 8.024 52.8845 7.125
      vertex 8.67074 53.3037 7.36704
    endloop
  endfacet
  facet normal -0.598428 0.666274 0.44493
    outer loop
      vertex 8.024 52.8845 7.125
      vertex 8.66496 53.3458 7.2963
      vertex 8.024 53.0116 6.93467
    endloop
  endfacet
  facet normal -0.59842 0.718698 0.354071
    outer loop
      vertex 8.67994 53.2368 7.51819
      vertex 8.67522 53.2711 7.44059
      vertex 8.024 52.7832 7.3303
    endloop
  endfacet
  facet normal -0.598474 0.758776 0.257073
    outer loop
      vertex 8.68656 53.1887 7.67542
      vertex 8.6831 53.2138 7.59328
      vertex 8.024 52.7096 7.54707
    endloop
  endfacet
  facet normal -0.598401 -0.785841 -0.156111
    outer loop
      vertex 8.024 56.135 8.22842
      vertex 8.31667 55.8788 8.39624
      vertex 8.024 56.0904 8.45293
    endloop
  endfacet
  facet normal -0.598412 -0.785837 -0.156086
    outer loop
      vertex 8.31667 55.8788 8.39624
      vertex 8.024 56.135 8.22842
      vertex 8.31181 55.9141 8.23715
    endloop
  endfacet
  facet normal -0.598298 -0.799595 -0.0518399
    outer loop
      vertex 8.31031 55.925 8.16315
      vertex 8.31069 55.9223 8.20041
      vertex 8.024 56.135 8.22842
    endloop
  endfacet
  facet normal -0.59838 -0.445286 -0.666079
    outer loop
      vertex 8.41393 55.1714 9.2345
      vertex 8.42007 55.1268 9.2588
      vertex 8.024 55.275 9.51554
    endloop
  endfacet
  facet normal -0.598382 0.528292 0.602368
    outer loop
      vertex 8.64496 53.4912 7.09122
      vertex 8.63724 53.5473 7.03435
      vertex 8.024 53.1626 6.76256
    endloop
  endfacet
  facet normal -0.598492 -0.718583 0.354184
    outer loop
      vertex 8.024 56.0168 7.3303
      vertex 8.33703 55.7307 7.2788
      vertex 8.32645 55.8076 7.41694
    endloop
  endfacet
  facet normal -0.598371 -0.718512 0.354531
    outer loop
      vertex 8.33703 55.7307 7.2788
      vertex 8.024 56.0168 7.3303
      vertex 8.024 55.9155 7.125
    endloop
  endfacet
  facet normal -0.59837 -0.528286 0.602385
    outer loop
      vertex 8.024 55.4653 6.61163
      vertex 8.38062 55.4137 6.92062
      vertex 8.024 55.6374 6.76256
    endloop
  endfacet
  facet normal -0.598412 -0.528158 0.602455
    outer loop
      vertex 8.38062 55.4137 6.92062
      vertex 8.024 55.4653 6.61163
      vertex 8.39688 55.2954 6.83306
    endloop
  endfacet
  facet normal -0.598384 -0.257369 0.758748
    outer loop
      vertex 8.45205 54.8942 6.66126
      vertex 8.44448 54.9493 6.67398
      vertex 8.024 55.0697 6.38321
    endloop
  endfacet
  facet normal -0.5984 0.156273 0.785809
    outer loop
      vertex 8.56779 54.0524 6.70279
      vertex 8.55863 54.1191 6.68255
      vertex 8.024 53.9471 6.30963
    endloop
  endfacet
  facet normal -0.598492 -0.758596 -0.257566
    outer loop
      vertex 8.024 56.0904 8.45293
      vertex 8.32645 55.8076 8.58306
      vertex 8.024 56.0168 8.6697
    endloop
  endfacet
  facet normal -0.598534 -0.758596 -0.257468
    outer loop
      vertex 8.32645 55.8076 8.58306
      vertex 8.024 56.0904 8.45293
      vertex 8.31856 55.865 8.43228
    endloop
  endfacet
  facet normal -0.598381 -0.354442 -0.718548
    outer loop
      vertex 8.43755 54.9997 9.30693
      vertex 8.44448 54.9493 9.32602
      vertex 8.024 55.0697 9.61679
    endloop
  endfacet
  facet normal -0.598419 -0.528586 0.602072
    outer loop
      vertex 8.38062 55.4137 6.92062
      vertex 8.37543 55.4514 6.94856
      vertex 8.024 55.6374 6.76256
    endloop
  endfacet
  facet normal -0.59838 -0.445286 0.666079
    outer loop
      vertex 8.42007 55.1268 6.7412
      vertex 8.41393 55.1714 6.7655
      vertex 8.024 55.275 6.48446
    endloop
  endfacet
  facet normal -0.598382 0.799477 -0.0526743
    outer loop
      vertex 8.69055 53.1596 8.1633
      vertex 8.69126 53.1544 8.07631
      vertex 8.024 52.665 8.22842
    endloop
  endfacet
  facet normal -0.598423 0.445055 -0.666195
    outer loop
      vertex 8.61015 53.7444 9.13559
      vertex 8.61859 53.683 9.08699
      vertex 8.024 53.525 9.51554
    endloop
  endfacet
  facet normal -0.598408 0.257492 -0.758687
    outer loop
      vertex 8.024 53.9471 9.69037
      vertex 8.5807 53.9586 9.25518
      vertex 8.024 53.7303 9.61679
    endloop
  endfacet
  facet normal -0.598394 0.257585 -0.758666
    outer loop
      vertex 8.5807 53.9586 9.25518
      vertex 8.024 53.9471 9.69037
      vertex 8.56779 54.0524 9.29721
    endloop
  endfacet
  facet normal -0.598426 0.257631 -0.758626
    outer loop
      vertex 8.5807 53.9586 9.25518
      vertex 8.5898 53.8924 9.22552
      vertex 8.024 53.7303 9.61679
    endloop
  endfacet
  facet normal -0.598402 -0.257482 -0.758695
    outer loop
      vertex 8.024 54.8529 9.69037
      vertex 8.45205 54.8942 9.33874
      vertex 8.46959 54.7666 9.36821
    endloop
  endfacet
  facet normal -0.598399 -0.257494 -0.758693
    outer loop
      vertex 8.45205 54.8942 9.33874
      vertex 8.024 54.8529 9.69037
      vertex 8.024 55.0697 9.61679
    endloop
  endfacet
  facet normal -0.619592 0.347347 0.703887
    outer loop
      vertex 7.061 60.9303 6.38321
      vertex 7.61991 60.9461 6.86739
      vertex 7.60861 61.0283 6.81688
    endloop
  endfacet
  facet normal -0.619632 0.347169 0.703939
    outer loop
      vertex 7.61991 60.9461 6.86739
      vertex 7.061 60.9303 6.38321
      vertex 7.061 60.725 6.48446
    endloop
  endfacet
  facet normal -0.619731 -0.652068 0.436739
    outer loop
      vertex 7.36537 62.7973 7.08125
      vertex 7.3619 62.8226 7.1141
      vertex 7.061 62.9884 6.93467
    endloop
  endfacet
  facet normal -0.619628 -0.0512767 0.783219
    outer loop
      vertex 7.53 61.6 6.62104
      vertex 7.52129 61.6634 6.6183
      vertex 7.061 61.6 6.25
    endloop
  endfacet
  facet normal -0.619625 -0.0513343 0.783217
    outer loop
      vertex 7.061 61.6 6.25
      vertex 7.5049 61.7826 6.61315
      vertex 7.061 61.8284 6.26497
    endloop
  endfacet
  facet normal -0.619618 -0.0513587 0.783221
    outer loop
      vertex 7.5049 61.7826 6.61315
      vertex 7.061 61.6 6.25
      vertex 7.52129 61.6634 6.6183
    endloop
  endfacet
  facet normal -0.619561 0.436382 0.652469
    outer loop
      vertex 7.061 60.725 6.48446
      vertex 7.63826 60.8127 6.97395
      vertex 7.6284 60.8843 6.9167
    endloop
  endfacet
  facet normal -0.619625 0.436103 0.652594
    outer loop
      vertex 7.63826 60.8127 6.97395
      vertex 7.061 60.725 6.48446
      vertex 7.061 60.5347 6.61163
    endloop
  endfacet
  facet normal -0.619632 -0.783227 0.0511083
    outer loop
      vertex 7.31929 63.1324 7.79825
      vertex 7.31893 63.135 7.83373
      vertex 7.061 63.335 7.77158
    endloop
  endfacet
  facet normal -0.619644 0.43575 0.652811
    outer loop
      vertex 7.6284 60.8843 6.9167
      vertex 7.61991 60.9461 6.86739
      vertex 7.061 60.725 6.48446
    endloop
  endfacet
  facet normal -0.619597 -0.743174 0.252571
    outer loop
      vertex 7.32716 63.0752 7.56679
      vertex 7.32535 63.0884 7.60119
      vertex 7.061 63.2904 7.54707
    endloop
  endfacet
  facet normal -0.61962 0.153202 0.769805
    outer loop
      vertex 7.061 61.3716 6.26497
      vertex 7.56854 61.3197 6.68382
      vertex 7.5544 61.4225 6.65198
    endloop
  endfacet
  facet normal -0.61963 0.153139 0.76981
    outer loop
      vertex 7.56854 61.3197 6.68382
      vertex 7.061 61.3716 6.26497
      vertex 7.061 61.1471 6.30963
    endloop
  endfacet
  facet normal -0.619638 -0.518036 -0.589651
    outer loop
      vertex 7.38476 62.6563 9.05632
      vertex 7.38984 62.6194 9.0834
      vertex 7.061 62.8374 9.23744
    endloop
  endfacet
  facet normal -0.619681 -0.435904 -0.652673
    outer loop
      vertex 7.061 62.475 9.51554
      vertex 7.40639 62.499 9.17158
      vertex 7.42369 62.3731 9.23924
    endloop
  endfacet
  facet normal -0.619603 -0.436113 -0.652609
    outer loop
      vertex 7.40639 62.499 9.17158
      vertex 7.061 62.475 9.51554
      vertex 7.061 62.6653 9.38837
    endloop
  endfacet
  facet normal -0.619625 0.517451 0.590177
    outer loop
      vertex 7.061 60.5347 6.61163
      vertex 7.64674 60.751 7.03695
      vertex 7.63826 60.8127 6.97395
    endloop
  endfacet
  facet normal -0.619613 0.51753 0.590121
    outer loop
      vertex 7.64674 60.751 7.03695
      vertex 7.061 60.5347 6.61163
      vertex 7.061 60.3626 6.76256
    endloop
  endfacet
  facet normal -0.619652 -0.347162 0.703925
    outer loop
      vertex 7.061 62.2697 6.38321
      vertex 7.42974 62.3291 6.7371
      vertex 7.061 62.475 6.48446
    endloop
  endfacet
  facet normal -0.619637 -0.347207 0.703916
    outer loop
      vertex 7.42974 62.3291 6.7371
      vertex 7.061 62.2697 6.38321
      vertex 7.44743 62.2005 6.68924
    endloop
  endfacet
  facet normal -0.619633 0.0513339 -0.783211
    outer loop
      vertex 7.061 61.6 9.75
      vertex 7.54536 61.4883 9.35948
      vertex 7.061 61.3716 9.73503
    endloop
  endfacet
  facet normal -0.619637 0.0513112 -0.783209
    outer loop
      vertex 7.54536 61.4883 9.35948
      vertex 7.061 61.6 9.75
      vertex 7.53 61.6 9.37895
    endloop
  endfacet
  facet normal -0.619714 -0.74316 -0.252325
    outer loop
      vertex 7.061 63.2904 8.45293
      vertex 7.33525 63.0163 8.58666
      vertex 7.061 63.2168 8.6697
    endloop
  endfacet
  facet normal -0.619594 -0.743169 -0.252591
    outer loop
      vertex 7.33525 63.0163 8.58666
      vertex 7.061 63.2904 8.45293
      vertex 7.32716 63.0752 8.43321
    endloop
  endfacet
  facet normal -0.61965 0.346876 -0.704067
    outer loop
      vertex 7.59966 61.0934 9.22307
      vertex 7.60861 61.0283 9.18312
      vertex 7.061 60.9303 9.61679
    endloop
  endfacet
  facet normal -0.619659 -0.769913 0.152503
    outer loop
      vertex 7.32037 63.1246 7.76326
      vertex 7.31929 63.1324 7.79825
      vertex 7.061 63.335 7.77158
    endloop
  endfacet
  facet normal -0.619582 0.783254 0.0512884
    outer loop
      vertex 7.7004 60.3607 7.92564
      vertex 7.69968 60.3659 7.83753
      vertex 7.061 59.865 7.77158
    endloop
  endfacet
  facet normal -0.619564 -0.783243 0.0516811
    outer loop
      vertex 7.061 63.35 8
      vertex 7.31893 63.135 7.83373
      vertex 7.31725 63.1473 8
    endloop
  endfacet
  facet normal -0.61967 -0.783176 0.05143
    outer loop
      vertex 7.31893 63.135 7.83373
      vertex 7.061 63.35 8
      vertex 7.061 63.335 7.77158
    endloop
  endfacet
  facet normal -0.619744 -0.703942 0.346962
    outer loop
      vertex 7.061 63.2168 7.3303
      vertex 7.34872 62.9184 7.23881
      vertex 7.33784 62.9975 7.37986
    endloop
  endfacet
  facet normal -0.619588 -0.703902 0.347322
    outer loop
      vertex 7.34872 62.9184 7.23881
      vertex 7.061 63.2168 7.3303
      vertex 7.061 63.1155 7.125
    endloop
  endfacet
  facet normal -0.619658 -0.58999 0.517625
    outer loop
      vertex 7.061 62.8374 6.76256
      vertex 7.36959 62.7666 7.05128
      vertex 7.061 62.9884 6.93467
    endloop
  endfacet
  facet normal -0.619614 -0.590101 0.517552
    outer loop
      vertex 7.36959 62.7666 7.05128
      vertex 7.061 62.8374 6.76256
      vertex 7.38476 62.6563 6.94368
    endloop
  endfacet
  facet normal -0.619627 0.252255 -0.743257
    outer loop
      vertex 7.061 61.1471 9.69037
      vertex 7.59053 61.1598 9.25323
      vertex 7.061 60.9303 9.61679
    endloop
  endfacet
  facet normal -0.619636 0.252194 -0.74327
    outer loop
      vertex 7.59053 61.1598 9.25323
      vertex 7.061 61.1471 9.69037
      vertex 7.57773 61.2529 9.29549
    endloop
  endfacet
  facet normal -0.61957 0.743098 0.252862
    outer loop
      vertex 7.68918 60.4424 7.52049
      vertex 7.061 59.9096 7.54707
      vertex 7.69225 60.42 7.59384
    endloop
  endfacet
  facet normal -0.619672 0.743191 0.252336
    outer loop
      vertex 7.061 59.9096 7.54707
      vertex 7.68918 60.4424 7.52049
      vertex 7.061 59.9832 7.3303
    endloop
  endfacet
  facet normal -0.619646 0.590147 -0.517461
    outer loop
      vertex 7.66156 60.6432 8.8384
      vertex 7.66847 60.5929 8.77276
      vertex 7.061 60.2116 9.06533
    endloop
  endfacet
  facet normal -0.619572 0.769803 -0.153409
    outer loop
      vertex 7.061 59.865 8.22842
      vertex 7.69573 60.3947 8.32296
      vertex 7.69756 60.3814 8.24883
    endloop
  endfacet
  facet normal -0.619663 0.769825 -0.15293
    outer loop
      vertex 7.69573 60.3947 8.32296
      vertex 7.061 59.865 8.22842
      vertex 7.061 59.9096 8.45293
    endloop
  endfacet
  facet normal -0.619575 0.769805 0.153389
    outer loop
      vertex 7.69573 60.3947 7.67703
      vertex 7.061 59.865 7.77158
      vertex 7.69756 60.3814 7.75117
    endloop
  endfacet
  facet normal -0.619661 0.769826 0.15293
    outer loop
      vertex 7.061 59.865 7.77158
      vertex 7.69573 60.3947 7.67703
      vertex 7.061 59.9096 7.54707
    endloop
  endfacet
  facet normal -0.619658 -0.58999 -0.517625
    outer loop
      vertex 7.36959 62.7666 8.94872
      vertex 7.061 62.8374 9.23744
      vertex 7.061 62.9884 9.06533
    endloop
  endfacet
  facet normal -0.619614 -0.590101 -0.517552
    outer loop
      vertex 7.061 62.8374 9.23744
      vertex 7.36959 62.7666 8.94872
      vertex 7.38476 62.6563 9.05632
    endloop
  endfacet
  facet normal -0.619625 0.436103 -0.652594
    outer loop
      vertex 7.061 60.725 9.51554
      vertex 7.63826 60.8127 9.02605
      vertex 7.061 60.5347 9.38837
    endloop
  endfacet
  facet normal -0.619576 0.436314 -0.652499
    outer loop
      vertex 7.63826 60.8127 9.02605
      vertex 7.061 60.725 9.51554
      vertex 7.6284 60.8843 9.08329
    endloop
  endfacet
  facet normal -0.61965 0.346876 0.704067
    outer loop
      vertex 7.60861 61.0283 6.81688
      vertex 7.59966 61.0934 6.77693
      vertex 7.061 60.9303 6.38321
    endloop
  endfacet
  facet normal -0.61963 0.517629 -0.590016
    outer loop
      vertex 7.64674 60.751 8.96305
      vertex 7.6545 60.6946 8.90542
      vertex 7.061 60.3626 9.23744
    endloop
  endfacet
  facet normal -0.619655 -0.436104 0.652565
    outer loop
      vertex 7.42974 62.3291 6.7371
      vertex 7.42369 62.3731 6.76076
      vertex 7.061 62.475 6.48446
    endloop
  endfacet
  facet normal -0.61963 0.153139 -0.76981
    outer loop
      vertex 7.061 61.3716 9.73503
      vertex 7.56854 61.3197 9.31618
      vertex 7.061 61.1471 9.69037
    endloop
  endfacet
  facet normal -0.61962 0.153202 -0.769805
    outer loop
      vertex 7.56854 61.3197 9.31618
      vertex 7.061 61.3716 9.73503
      vertex 7.5544 61.4225 9.34802
    endloop
  endfacet
  facet normal -0.619639 -0.0512485 -0.783212
    outer loop
      vertex 7.061 61.6 9.75
      vertex 7.51359 61.7194 9.38412
      vertex 7.53 61.6 9.37895
    endloop
  endfacet
  facet normal -0.619623 -0.0513345 -0.783219
    outer loop
      vertex 7.51359 61.7194 9.38412
      vertex 7.061 61.6 9.75
      vertex 7.061 61.8284 9.73503
    endloop
  endfacet
  facet normal -0.61961 -0.76987 0.152919
    outer loop
      vertex 7.061 63.335 7.77158
      vertex 7.32535 63.0884 7.60119
      vertex 7.32037 63.1246 7.76326
    endloop
  endfacet
  facet normal -0.619601 -0.769873 0.152939
    outer loop
      vertex 7.32535 63.0884 7.60119
      vertex 7.061 63.335 7.77158
      vertex 7.061 63.2904 7.54707
    endloop
  endfacet
  facet normal -0.61959 -0.652736 0.435939
    outer loop
      vertex 7.061 63.1155 7.125
      vertex 7.3619 62.8226 7.1141
      vertex 7.34872 62.9184 7.23881
    endloop
  endfacet
  facet normal -0.619605 -0.65275 0.435898
    outer loop
      vertex 7.3619 62.8226 7.1141
      vertex 7.061 63.1155 7.125
      vertex 7.061 62.9884 6.93467
    endloop
  endfacet
  facet normal -0.619642 0.252375 -0.743203
    outer loop
      vertex 7.59053 61.1598 9.25323
      vertex 7.59966 61.0934 9.22307
      vertex 7.061 60.9303 9.61679
    endloop
  endfacet
  facet normal -0.619637 -0.347207 -0.703916
    outer loop
      vertex 7.061 62.2697 9.61679
      vertex 7.42974 62.3291 9.2629
      vertex 7.44743 62.2005 9.31076
    endloop
  endfacet
  facet normal -0.619652 -0.347162 -0.703925
    outer loop
      vertex 7.42974 62.3291 9.2629
      vertex 7.061 62.2697 9.61679
      vertex 7.061 62.475 9.51554
    endloop
  endfacet
  facet normal -0.619659 -0.769913 -0.152503
    outer loop
      vertex 7.31929 63.1324 8.20175
      vertex 7.32037 63.1246 8.23674
      vertex 7.061 63.335 8.22842
    endloop
  endfacet
  facet normal -0.619625 -0.252258 -0.743257
    outer loop
      vertex 7.061 62.0529 9.69037
      vertex 7.4618 62.096 9.34161
      vertex 7.47951 61.9672 9.37056
    endloop
  endfacet
  facet normal -0.619626 -0.252255 -0.743257
    outer loop
      vertex 7.4618 62.096 9.34161
      vertex 7.061 62.0529 9.69037
      vertex 7.061 62.2697 9.61679
    endloop
  endfacet
  facet normal -0.619634 0.0513339 0.783211
    outer loop
      vertex 7.061 61.3716 6.26497
      vertex 7.53905 61.5342 6.63252
      vertex 7.061 61.6 6.25
    endloop
  endfacet
  facet normal -0.619628 0.0512993 0.783218
    outer loop
      vertex 7.53905 61.5342 6.63252
      vertex 7.061 61.3716 6.26497
      vertex 7.5544 61.4225 6.65198
    endloop
  endfacet
  facet normal -0.619623 0.0514239 0.783213
    outer loop
      vertex 7.53905 61.5342 6.63252
      vertex 7.53 61.6 6.62104
      vertex 7.061 61.6 6.25
    endloop
  endfacet
  facet normal -0.619557 -0.517559 -0.590154
    outer loop
      vertex 7.38984 62.6194 9.0834
      vertex 7.061 62.6653 9.38837
      vertex 7.061 62.8374 9.23744
    endloop
  endfacet
  facet normal -0.619598 -0.517439 -0.590216
    outer loop
      vertex 7.061 62.6653 9.38837
      vertex 7.38984 62.6194 9.0834
      vertex 7.40639 62.499 9.17158
    endloop
  endfacet
  facet normal -0.61962 -0.153031 0.769839
    outer loop
      vertex 7.48767 61.9078 6.6242
      vertex 7.47951 61.9672 6.62944
      vertex 7.061 62.0529 6.30963
    endloop
  endfacet
  facet normal -0.619632 0.347169 -0.703939
    outer loop
      vertex 7.061 60.9303 9.61679
      vertex 7.61991 60.9461 9.13261
      vertex 7.061 60.725 9.51554
    endloop
  endfacet
  facet normal -0.619592 0.347347 -0.703887
    outer loop
      vertex 7.61991 60.9461 9.13261
      vertex 7.061 60.9303 9.61679
      vertex 7.60861 61.0283 9.18312
    endloop
  endfacet
  facet normal -0.619684 0.704123 0.346703
    outer loop
      vertex 7.68485 60.4738 7.44898
      vertex 7.061 59.9832 7.3303
      vertex 7.68918 60.4424 7.52049
    endloop
  endfacet
  facet normal -0.619612 0.703885 0.347314
    outer loop
      vertex 7.061 59.9832 7.3303
      vertex 7.68485 60.4738 7.44898
      vertex 7.061 60.0845 7.125
    endloop
  endfacet
  facet normal -0.619643 -0.347152 -0.703937
    outer loop
      vertex 7.44743 62.2005 9.31076
      vertex 7.45429 62.1506 9.32933
      vertex 7.061 62.2697 9.61679
    endloop
  endfacet
  facet normal -0.619626 -0.252255 0.743257
    outer loop
      vertex 7.061 62.0529 6.30963
      vertex 7.4618 62.096 6.65839
      vertex 7.061 62.2697 6.38321
    endloop
  endfacet
  facet normal -0.619625 -0.252258 0.743257
    outer loop
      vertex 7.4618 62.096 6.65839
      vertex 7.061 62.0529 6.30963
      vertex 7.47951 61.9672 6.62944
    endloop
  endfacet
  facet normal -0.619633 -0.153139 0.769808
    outer loop
      vertex 7.061 61.8284 6.26497
      vertex 7.48767 61.9078 6.6242
      vertex 7.061 62.0529 6.30963
    endloop
  endfacet
  facet normal -0.619617 -0.153214 0.769805
    outer loop
      vertex 7.48767 61.9078 6.6242
      vertex 7.061 61.8284 6.26497
      vertex 7.5049 61.7826 6.61315
    endloop
  endfacet
  facet normal -0.619743 -0.652003 -0.43682
    outer loop
      vertex 7.3619 62.8226 8.8859
      vertex 7.36537 62.7973 8.91874
      vertex 7.061 62.9884 9.06533
    endloop
  endfacet
  facet normal -0.619642 0.43582 -0.652767
    outer loop
      vertex 7.61991 60.9461 9.13261
      vertex 7.6284 60.8843 9.08329
      vertex 7.061 60.725 9.51554
    endloop
  endfacet
  facet normal -0.61965 0.65251 -0.436193
    outer loop
      vertex 7.66847 60.5929 8.77276
      vertex 7.67443 60.5496 8.69952
      vertex 7.061 60.2116 9.06533
    endloop
  endfacet
  facet normal -0.619672 0.743191 -0.252336
    outer loop
      vertex 7.68918 60.4424 8.47951
      vertex 7.061 59.9096 8.45293
      vertex 7.061 59.9832 8.6697
    endloop
  endfacet
  facet normal -0.61957 0.743098 -0.252862
    outer loop
      vertex 7.061 59.9096 8.45293
      vertex 7.68918 60.4424 8.47951
      vertex 7.69225 60.42 8.40616
    endloop
  endfacet
  facet normal -0.619603 -0.436113 0.652609
    outer loop
      vertex 7.061 62.475 6.48446
      vertex 7.40639 62.499 6.82842
      vertex 7.061 62.6653 6.61163
    endloop
  endfacet
  facet normal -0.619681 -0.435904 0.652673
    outer loop
      vertex 7.40639 62.499 6.82842
      vertex 7.061 62.475 6.48446
      vertex 7.42369 62.3731 6.76076
    endloop
  endfacet
  facet normal -0.619642 -0.252381 0.743201
    outer loop
      vertex 7.4618 62.096 6.65839
      vertex 7.45429 62.1506 6.67067
      vertex 7.061 62.2697 6.38321
    endloop
  endfacet
  facet normal -0.619608 0.78323 -0.0513445
    outer loop
      vertex 7.061 59.85 8
      vertex 7.7004 60.3607 8.07436
      vertex 7.701 60.3563 8
    endloop
  endfacet
  facet normal -0.619599 0.783231 -0.0514336
    outer loop
      vertex 7.7004 60.3607 8.07436
      vertex 7.061 59.85 8
      vertex 7.061 59.865 8.22842
    endloop
  endfacet
  facet normal -0.619576 0.769806 0.153375
    outer loop
      vertex 7.69968 60.3659 7.83753
      vertex 7.69756 60.3814 7.75117
      vertex 7.061 59.865 7.77158
    endloop
  endfacet
  facet normal -0.619632 0.589937 -0.517717
    outer loop
      vertex 7.66156 60.6432 8.8384
      vertex 7.061 60.3626 9.23744
      vertex 7.6545 60.6946 8.90542
    endloop
  endfacet
  facet normal -0.61962 0.590013 -0.517645
    outer loop
      vertex 7.061 60.3626 9.23744
      vertex 7.66156 60.6432 8.8384
      vertex 7.061 60.2116 9.06533
    endloop
  endfacet
  facet normal -0.619627 0.0512807 -0.783219
    outer loop
      vertex 7.54536 61.4883 9.35948
      vertex 7.5544 61.4225 9.34802
      vertex 7.061 61.3716 9.73503
    endloop
  endfacet
  facet normal -0.619705 -0.703822 -0.347276
    outer loop
      vertex 7.33525 63.0163 8.58666
      vertex 7.33784 62.9975 8.62014
      vertex 7.061 63.2168 8.6697
    endloop
  endfacet
  facet normal -0.619701 -0.590208 0.517326
    outer loop
      vertex 7.36959 62.7666 7.05128
      vertex 7.36537 62.7973 7.08125
      vertex 7.061 62.9884 6.93467
    endloop
  endfacet
  facet normal -0.619591 0.703981 0.347158
    outer loop
      vertex 7.68485 60.4738 7.44898
      vertex 7.68007 60.5086 7.36988
      vertex 7.061 60.0845 7.125
    endloop
  endfacet
  facet normal -0.619608 0.78323 0.0513445
    outer loop
      vertex 7.7004 60.3607 7.92564
      vertex 7.061 59.85 8
      vertex 7.701 60.3563 8
    endloop
  endfacet
  facet normal -0.619599 0.783231 0.0514336
    outer loop
      vertex 7.061 59.85 8
      vertex 7.7004 60.3607 7.92564
      vertex 7.061 59.865 7.77158
    endloop
  endfacet
  facet normal -0.61967 -0.783176 -0.05143
    outer loop
      vertex 7.061 63.35 8
      vertex 7.31893 63.135 8.16627
      vertex 7.061 63.335 8.22842
    endloop
  endfacet
  facet normal -0.619564 -0.783243 -0.0516811
    outer loop
      vertex 7.31893 63.135 8.16627
      vertex 7.061 63.35 8
      vertex 7.31725 63.1473 8
    endloop
  endfacet
  facet normal -0.619605 -0.743191 -0.252503
    outer loop
      vertex 7.32535 63.0884 8.3988
      vertex 7.32716 63.0752 8.43321
      vertex 7.061 63.2904 8.45293
    endloop
  endfacet
  facet normal -0.619675 0.743309 0.25198
    outer loop
      vertex 7.69573 60.3947 7.67703
      vertex 7.69225 60.42 7.59384
      vertex 7.061 59.9096 7.54707
    endloop
  endfacet
  facet normal -0.619643 -0.347152 0.703937
    outer loop
      vertex 7.45429 62.1506 6.67067
      vertex 7.44743 62.2005 6.68924
      vertex 7.061 62.2697 6.38321
    endloop
  endfacet
  facet normal 1 0 0
    outer loop
      vertex 7.061 63.335 8.22842
      vertex 7.061 63.335 7.77158
      vertex 7.061 63.35 8
    endloop
  endfacet
  facet normal 1 0 0
    outer loop
      vertex 7.061 63.2904 8.45293
      vertex 7.061 63.335 7.77158
      vertex 7.061 63.335 8.22842
    endloop
  endfacet
  facet normal 1 0 0
    outer loop
      vertex 7.061 63.2904 8.45293
      vertex 7.061 63.2904 7.54707
      vertex 7.061 63.335 7.77158
    endloop
  endfacet
  facet normal 1 0 0
    outer loop
      vertex 7.061 63.2168 8.6697
      vertex 7.061 63.2904 7.54707
      vertex 7.061 63.2904 8.45293
    endloop
  endfacet
  facet normal 1 0 0
    outer loop
      vertex 7.061 63.2168 8.6697
      vertex 7.061 63.2168 7.3303
      vertex 7.061 63.2904 7.54707
    endloop
  endfacet
  facet normal 1 0 0
    outer loop
      vertex 7.061 63.1155 8.875
      vertex 7.061 63.2168 7.3303
      vertex 7.061 63.2168 8.6697
    endloop
  endfacet
  facet normal 1 0 0
    outer loop
      vertex 7.061 63.1155 8.875
      vertex 7.061 63.1155 7.125
      vertex 7.061 63.2168 7.3303
    endloop
  endfacet
  facet normal 1 0 0
    outer loop
      vertex 7.061 62.9884 9.06533
      vertex 7.061 63.1155 7.125
      vertex 7.061 63.1155 8.875
    endloop
  endfacet
  facet normal 1 0 0
    outer loop
      vertex 7.061 62.9884 9.06533
      vertex 7.061 62.9884 6.93467
      vertex 7.061 63.1155 7.125
    endloop
  endfacet
  facet normal 1 0 0
    outer loop
      vertex 7.061 62.8374 9.23744
      vertex 7.061 62.9884 6.93467
      vertex 7.061 62.9884 9.06533
    endloop
  endfacet
  facet normal 1 0 0
    outer loop
      vertex 7.061 62.8374 9.23744
      vertex 7.061 62.8374 6.76256
      vertex 7.061 62.9884 6.93467
    endloop
  endfacet
  facet normal 1 0 0
    outer loop
      vertex 7.061 62.6653 9.38837
      vertex 7.061 62.8374 6.76256
      vertex 7.061 62.8374 9.23744
    endloop
  endfacet
  facet normal 1 0 0
    outer loop
      vertex 7.061 62.6653 9.38837
      vertex 7.061 62.6653 6.61163
      vertex 7.061 62.8374 6.76256
    endloop
  endfacet
  facet normal 1 0 0
    outer loop
      vertex 7.061 62.475 9.51554
      vertex 7.061 62.6653 6.61163
      vertex 7.061 62.6653 9.38837
    endloop
  endfacet
  facet normal 1 0 0
    outer loop
      vertex 7.061 62.475 9.51554
      vertex 7.061 62.475 6.48446
      vertex 7.061 62.6653 6.61163
    endloop
  endfacet
  facet normal 1 0 0
    outer loop
      vertex 7.061 62.2697 9.61679
      vertex 7.061 62.475 6.48446
      vertex 7.061 62.475 9.51554
    endloop
  endfacet
  facet normal 1 0 0
    outer loop
      vertex 7.061 62.2697 9.61679
      vertex 7.061 62.2697 6.38321
      vertex 7.061 62.475 6.48446
    endloop
  endfacet
  facet normal 1 0 0
    outer loop
      vertex 7.061 62.0529 9.69037
      vertex 7.061 62.2697 6.38321
      vertex 7.061 62.2697 9.61679
    endloop
  endfacet
  facet normal 1 0 0
    outer loop
      vertex 7.061 62.0529 9.69037
      vertex 7.061 62.0529 6.30963
      vertex 7.061 62.2697 6.38321
    endloop
  endfacet
  facet normal 1 0 0
    outer loop
      vertex 7.061 61.8284 9.73503
      vertex 7.061 62.0529 6.30963
      vertex 7.061 62.0529 9.69037
    endloop
  endfacet
  facet normal 1 0 0
    outer loop
      vertex 7.061 61.8284 9.73503
      vertex 7.061 61.8284 6.26497
      vertex 7.061 62.0529 6.30963
    endloop
  endfacet
  facet normal 1 0 0
    outer loop
      vertex 7.061 61.6 9.75
      vertex 7.061 61.8284 6.26497
      vertex 7.061 61.8284 9.73503
    endloop
  endfacet
  facet normal 1 0 0
    outer loop
      vertex 7.061 61.6 9.75
      vertex 7.061 61.6 6.25
      vertex 7.061 61.8284 6.26497
    endloop
  endfacet
  facet normal 1 -0 0
    outer loop
      vertex 7.061 61.3716 9.73503
      vertex 7.061 61.6 6.25
      vertex 7.061 61.6 9.75
    endloop
  endfacet
  facet normal 1 0 0
    outer loop
      vertex 7.061 61.3716 9.73503
      vertex 7.061 61.3716 6.26497
      vertex 7.061 61.6 6.25
    endloop
  endfacet
  facet normal 1 -0 0
    outer loop
      vertex 7.061 61.1471 9.69037
      vertex 7.061 61.3716 6.26497
      vertex 7.061 61.3716 9.73503
    endloop
  endfacet
  facet normal 1 0 0
    outer loop
      vertex 7.061 61.1471 9.69037
      vertex 7.061 61.1471 6.30963
      vertex 7.061 61.3716 6.26497
    endloop
  endfacet
  facet normal 1 -0 0
    outer loop
      vertex 7.061 60.9303 9.61679
      vertex 7.061 61.1471 6.30963
      vertex 7.061 61.1471 9.69037
    endloop
  endfacet
  facet normal 1 0 0
    outer loop
      vertex 7.061 60.9303 9.61679
      vertex 7.061 60.9303 6.38321
      vertex 7.061 61.1471 6.30963
    endloop
  endfacet
  facet normal 1 -0 0
    outer loop
      vertex 7.061 60.725 9.51554
      vertex 7.061 60.9303 6.38321
      vertex 7.061 60.9303 9.61679
    endloop
  endfacet
  facet normal 1 0 0
    outer loop
      vertex 7.061 60.725 9.51554
      vertex 7.061 60.725 6.48446
      vertex 7.061 60.9303 6.38321
    endloop
  endfacet
  facet normal 1 -0 0
    outer loop
      vertex 7.061 60.5347 9.38837
      vertex 7.061 60.725 6.48446
      vertex 7.061 60.725 9.51554
    endloop
  endfacet
  facet normal 1 0 0
    outer loop
      vertex 7.061 60.5347 9.38837
      vertex 7.061 60.5347 6.61163
      vertex 7.061 60.725 6.48446
    endloop
  endfacet
  facet normal 1 -0 0
    outer loop
      vertex 7.061 60.3626 9.23744
      vertex 7.061 60.5347 6.61163
      vertex 7.061 60.5347 9.38837
    endloop
  endfacet
  facet normal 1 0 0
    outer loop
      vertex 7.061 60.3626 9.23744
      vertex 7.061 60.3626 6.76256
      vertex 7.061 60.5347 6.61163
    endloop
  endfacet
  facet normal 1 -0 0
    outer loop
      vertex 7.061 60.2116 9.06533
      vertex 7.061 60.3626 6.76256
      vertex 7.061 60.3626 9.23744
    endloop
  endfacet
  facet normal 1 0 0
    outer loop
      vertex 7.061 60.2116 9.06533
      vertex 7.061 60.2116 6.93467
      vertex 7.061 60.3626 6.76256
    endloop
  endfacet
  facet normal 1 -0 0
    outer loop
      vertex 7.061 60.0845 8.875
      vertex 7.061 60.2116 6.93467
      vertex 7.061 60.2116 9.06533
    endloop
  endfacet
  facet normal 1 0 0
    outer loop
      vertex 7.061 60.0845 8.875
      vertex 7.061 60.0845 7.125
      vertex 7.061 60.2116 6.93467
    endloop
  endfacet
  facet normal 1 -0 0
    outer loop
      vertex 7.061 59.9832 8.6697
      vertex 7.061 60.0845 7.125
      vertex 7.061 60.0845 8.875
    endloop
  endfacet
  facet normal 1 0 0
    outer loop
      vertex 7.061 59.9832 8.6697
      vertex 7.061 59.9832 7.3303
      vertex 7.061 60.0845 7.125
    endloop
  endfacet
  facet normal 1 -0 0
    outer loop
      vertex 7.061 59.9096 8.45293
      vertex 7.061 59.9832 7.3303
      vertex 7.061 59.9832 8.6697
    endloop
  endfacet
  facet normal 1 0 0
    outer loop
      vertex 7.061 59.9096 8.45293
      vertex 7.061 59.9096 7.54707
      vertex 7.061 59.9832 7.3303
    endloop
  endfacet
  facet normal 1 -0 0
    outer loop
      vertex 7.061 59.865 8.22842
      vertex 7.061 59.9096 7.54707
      vertex 7.061 59.9096 8.45293
    endloop
  endfacet
  facet normal 1 0 0
    outer loop
      vertex 7.061 59.865 8.22842
      vertex 7.061 59.865 7.77158
      vertex 7.061 59.9096 7.54707
    endloop
  endfacet
  facet normal 1 0 -0
    outer loop
      vertex 7.061 59.865 7.77158
      vertex 7.061 59.865 8.22842
      vertex 7.061 59.85 8
    endloop
  endfacet
  facet normal -0.61965 0.65251 0.436193
    outer loop
      vertex 7.67443 60.5496 7.30048
      vertex 7.66847 60.5929 7.22724
      vertex 7.061 60.2116 6.93467
    endloop
  endfacet
  facet normal -0.619598 0.652714 0.435962
    outer loop
      vertex 7.67443 60.5496 7.30048
      vertex 7.061 60.0845 7.125
      vertex 7.68007 60.5086 7.36988
    endloop
  endfacet
  facet normal -0.619606 0.652749 0.435898
    outer loop
      vertex 7.061 60.0845 7.125
      vertex 7.67443 60.5496 7.30048
      vertex 7.061 60.2116 6.93467
    endloop
  endfacet
  facet normal -0.619582 0.783254 -0.0512884
    outer loop
      vertex 7.69968 60.3659 8.16247
      vertex 7.7004 60.3607 8.07436
      vertex 7.061 59.865 8.22842
    endloop
  endfacet
  facet normal -0.619645 0.25247 0.743168
    outer loop
      vertex 7.59966 61.0934 6.77693
      vertex 7.59053 61.1598 6.74676
      vertex 7.061 60.9303 6.38321
    endloop
  endfacet
  facet normal -0.619612 0.703885 -0.347314
    outer loop
      vertex 7.68485 60.4738 8.55102
      vertex 7.061 59.9832 8.6697
      vertex 7.061 60.0845 8.875
    endloop
  endfacet
  facet normal -0.619684 0.704123 -0.346703
    outer loop
      vertex 7.061 59.9832 8.6697
      vertex 7.68485 60.4738 8.55102
      vertex 7.68918 60.4424 8.47951
    endloop
  endfacet
  facet normal -0.619638 0.252124 0.743292
    outer loop
      vertex 7.061 61.1471 6.30963
      vertex 7.59053 61.1598 6.74676
      vertex 7.57773 61.2529 6.70451
    endloop
  endfacet
  facet normal -0.619618 0.252257 0.743263
    outer loop
      vertex 7.59053 61.1598 6.74676
      vertex 7.061 61.1471 6.30963
      vertex 7.061 60.9303 6.38321
    endloop
  endfacet
  facet normal -0.619625 0.517451 -0.590177
    outer loop
      vertex 7.64674 60.751 8.96305
      vertex 7.061 60.5347 9.38837
      vertex 7.63826 60.8127 9.02605
    endloop
  endfacet
  facet normal -0.619613 0.51753 -0.590121
    outer loop
      vertex 7.061 60.5347 9.38837
      vertex 7.64674 60.751 8.96305
      vertex 7.061 60.3626 9.23744
    endloop
  endfacet
  facet normal -0.619591 0.703981 -0.347158
    outer loop
      vertex 7.68007 60.5086 8.63012
      vertex 7.68485 60.4738 8.55102
      vertex 7.061 60.0845 8.875
    endloop
  endfacet
  facet normal -0.619606 0.652749 -0.435898
    outer loop
      vertex 7.67443 60.5496 8.69952
      vertex 7.061 60.0845 8.875
      vertex 7.061 60.2116 9.06533
    endloop
  endfacet
  facet normal -0.619598 0.652714 -0.435962
    outer loop
      vertex 7.061 60.0845 8.875
      vertex 7.67443 60.5496 8.69952
      vertex 7.68007 60.5086 8.63012
    endloop
  endfacet
  facet normal -0.619679 0.743316 -0.251952
    outer loop
      vertex 7.69225 60.42 8.40616
      vertex 7.69573 60.3947 8.32296
      vertex 7.061 59.9096 8.45293
    endloop
  endfacet
  facet normal -0.619632 0.589937 0.517717
    outer loop
      vertex 7.061 60.3626 6.76256
      vertex 7.66156 60.6432 7.1616
      vertex 7.6545 60.6946 7.09458
    endloop
  endfacet
  facet normal -0.61962 0.590013 0.517645
    outer loop
      vertex 7.66156 60.6432 7.1616
      vertex 7.061 60.3626 6.76256
      vertex 7.061 60.2116 6.93467
    endloop
  endfacet
  facet normal -0.619604 -0.76987 -0.152938
    outer loop
      vertex 7.061 63.335 8.22842
      vertex 7.32535 63.0884 8.3988
      vertex 7.061 63.2904 8.45293
    endloop
  endfacet
  facet normal -0.619609 -0.769869 -0.152928
    outer loop
      vertex 7.32535 63.0884 8.3988
      vertex 7.061 63.335 8.22842
      vertex 7.32037 63.1246 8.23674
    endloop
  endfacet
  facet normal -0.619715 -0.590281 -0.517225
    outer loop
      vertex 7.36537 62.7973 8.91874
      vertex 7.36959 62.7666 8.94872
      vertex 7.061 62.9884 9.06533
    endloop
  endfacet
  facet normal -0.619605 -0.65275 -0.435898
    outer loop
      vertex 7.061 63.1155 8.875
      vertex 7.3619 62.8226 8.8859
      vertex 7.061 62.9884 9.06533
    endloop
  endfacet
  facet normal -0.61959 -0.652736 -0.435939
    outer loop
      vertex 7.3619 62.8226 8.8859
      vertex 7.061 63.1155 8.875
      vertex 7.34872 62.9184 8.76119
    endloop
  endfacet
  facet normal -0.619594 -0.743169 0.252591
    outer loop
      vertex 7.061 63.2904 7.54707
      vertex 7.33525 63.0163 7.41334
      vertex 7.32716 63.0752 7.56679
    endloop
  endfacet
  facet normal -0.619714 -0.74316 0.252325
    outer loop
      vertex 7.33525 63.0163 7.41334
      vertex 7.061 63.2904 7.54707
      vertex 7.061 63.2168 7.3303
    endloop
  endfacet
  facet normal -0.619705 -0.703822 0.347276
    outer loop
      vertex 7.33784 62.9975 7.37986
      vertex 7.33525 63.0163 7.41334
      vertex 7.061 63.2168 7.3303
    endloop
  endfacet
  facet normal -0.61963 0.517629 0.590016
    outer loop
      vertex 7.6545 60.6946 7.09458
      vertex 7.64674 60.751 7.03695
      vertex 7.061 60.3626 6.76256
    endloop
  endfacet
  facet normal -0.619617 -0.153214 -0.769805
    outer loop
      vertex 7.061 61.8284 9.73503
      vertex 7.48767 61.9078 9.3758
      vertex 7.5049 61.7826 9.38685
    endloop
  endfacet
  facet normal -0.619633 -0.153139 -0.769808
    outer loop
      vertex 7.48767 61.9078 9.3758
      vertex 7.061 61.8284 9.73503
      vertex 7.061 62.0529 9.69037
    endloop
  endfacet
  facet normal -0.619635 0.153183 0.769797
    outer loop
      vertex 7.57773 61.2529 6.70451
      vertex 7.56854 61.3197 6.68382
      vertex 7.061 61.1471 6.30963
    endloop
  endfacet
  facet normal -0.619638 -0.518036 0.589651
    outer loop
      vertex 7.38984 62.6194 6.9166
      vertex 7.38476 62.6563 6.94368
      vertex 7.061 62.8374 6.76256
    endloop
  endfacet
  facet normal -0.619655 -0.436104 -0.652565
    outer loop
      vertex 7.42369 62.3731 9.23924
      vertex 7.42974 62.3291 9.2629
      vertex 7.061 62.475 9.51554
    endloop
  endfacet
  facet normal -0.619588 -0.703902 -0.347322
    outer loop
      vertex 7.061 63.2168 8.6697
      vertex 7.34872 62.9184 8.76119
      vertex 7.061 63.1155 8.875
    endloop
  endfacet
  facet normal -0.619744 -0.703942 -0.346962
    outer loop
      vertex 7.34872 62.9184 8.76119
      vertex 7.061 63.2168 8.6697
      vertex 7.33784 62.9975 8.62014
    endloop
  endfacet
  facet normal -0.619557 -0.517559 0.590154
    outer loop
      vertex 7.061 62.6653 6.61163
      vertex 7.38984 62.6194 6.9166
      vertex 7.061 62.8374 6.76256
    endloop
  endfacet
  facet normal -0.619598 -0.517439 0.590216
    outer loop
      vertex 7.38984 62.6194 6.9166
      vertex 7.061 62.6653 6.61163
      vertex 7.40639 62.499 6.82842
    endloop
  endfacet
  facet normal -0.619646 0.590147 0.517461
    outer loop
      vertex 7.66847 60.5929 7.22724
      vertex 7.66156 60.6432 7.1616
      vertex 7.061 60.2116 6.93467
    endloop
  endfacet
  facet normal -0.619632 -0.783227 -0.0511083
    outer loop
      vertex 7.31893 63.135 8.16627
      vertex 7.31929 63.1324 8.20175
      vertex 7.061 63.335 8.22842
    endloop
  endfacet
  facet normal -0.619576 0.769806 -0.153375
    outer loop
      vertex 7.69756 60.3814 8.24883
      vertex 7.69968 60.3659 8.16247
      vertex 7.061 59.865 8.22842
    endloop
  endfacet
  facet normal -0.619626 -0.0513667 -0.783214
    outer loop
      vertex 7.5049 61.7826 9.38685
      vertex 7.51359 61.7194 9.38412
      vertex 7.061 61.8284 9.73503
    endloop
  endfacet
  facet normal -0.619635 0.153183 -0.769797
    outer loop
      vertex 7.56854 61.3197 9.31618
      vertex 7.57773 61.2529 9.29549
      vertex 7.061 61.1471 9.69037
    endloop
  endfacet
  facet normal -0.61962 -0.153031 -0.769839
    outer loop
      vertex 7.47951 61.9672 9.37056
      vertex 7.48767 61.9078 9.3758
      vertex 7.061 62.0529 9.69037
    endloop
  endfacet
  facet normal -0.619642 -0.252381 -0.743201
    outer loop
      vertex 7.45429 62.1506 9.32933
      vertex 7.4618 62.096 9.34161
      vertex 7.061 62.2697 9.61679
    endloop
  endfacet
  facet normal -0.641946 -0.576358 -0.505685
    outer loop
      vertex 6.37439 70.0044 8.92418
      vertex 6.37849 69.9746 8.95294
      vertex 6.098 70.1884 9.06533
    endloop
  endfacet
  facet normal -0.641929 -0.637656 0.425819
    outer loop
      vertex 6.098 70.1884 6.93467
      vertex 6.3608 70.1032 7.20326
      vertex 6.098 70.3155 7.125
    endloop
  endfacet
  facet normal -0.641953 -0.637606 0.425858
    outer loop
      vertex 6.3608 70.1032 7.20326
      vertex 6.098 70.1884 6.93467
      vertex 6.37439 70.0044 7.07582
    endloop
  endfacet
  facet normal -0.641895 -0.0501213 -0.765153
    outer loop
      vertex 6.51487 68.9828 9.3883
      vertex 6.52354 68.9197 9.38516
      vertex 6.098 69.0284 9.73503
    endloop
  endfacet
  facet normal -0.64191 -0.0500276 0.765147
    outer loop
      vertex 6.54 68.8 6.62081
      vertex 6.5313 68.8633 6.61765
      vertex 6.098 68.8 6.25
    endloop
  endfacet
  facet normal -0.641896 -0.0501501 0.76515
    outer loop
      vertex 6.098 68.8 6.25
      vertex 6.51487 68.9828 6.6117
      vertex 6.098 69.0284 6.26497
    endloop
  endfacet
  facet normal -0.641894 -0.0501563 0.765151
    outer loop
      vertex 6.51487 68.9828 6.6117
      vertex 6.098 68.8 6.25
      vertex 6.5313 68.8633 6.61765
    endloop
  endfacet
  facet normal -0.641907 -0.0501076 -0.765144
    outer loop
      vertex 6.098 68.8 9.75
      vertex 6.52354 68.9197 9.38516
      vertex 6.54 68.8 9.37919
    endloop
  endfacet
  facet normal -0.641899 -0.05015 -0.765148
    outer loop
      vertex 6.52354 68.9197 9.38516
      vertex 6.098 68.8 9.75
      vertex 6.098 69.0284 9.73503
    endloop
  endfacet
  facet normal -0.641844 0.765149 0.0508219
    outer loop
      vertex 6.70944 67.5677 7.92781
      vertex 6.098 67.05 8
      vertex 6.71003 67.5634 8
    endloop
  endfacet
  facet normal -0.641902 0.765138 0.0502455
    outer loop
      vertex 6.098 67.05 8
      vertex 6.70944 67.5677 7.92781
      vertex 6.098 67.065 7.77158
    endloop
  endfacet
  facet normal -0.641891 0.752099 -0.149408
    outer loop
      vertex 6.70696 67.5857 8.23332
      vertex 6.098 67.065 8.22842
      vertex 6.098 67.1096 8.45293
    endloop
  endfacet
  facet normal -0.641846 0.752051 -0.149845
    outer loop
      vertex 6.098 67.065 8.22842
      vertex 6.70696 67.5857 8.23332
      vertex 6.70872 67.5729 8.16154
    endloop
  endfacet
  facet normal -0.641961 0.726124 -0.246229
    outer loop
      vertex 6.7013 67.6269 8.40553
      vertex 6.70481 67.6014 8.32118
      vertex 6.098 67.1096 8.45293
    endloop
  endfacet
  facet normal -0.641947 -0.576367 -0.505673
    outer loop
      vertex 6.37849 69.9746 8.95294
      vertex 6.098 70.0374 9.23744
      vertex 6.098 70.1884 9.06533
    endloop
  endfacet
  facet normal -0.641914 -0.576448 -0.505622
    outer loop
      vertex 6.098 70.0374 9.23744
      vertex 6.37849 69.9746 8.95294
      vertex 6.394 69.8618 9.06185
    endloop
  endfacet
  facet normal -0.641893 0.246497 0.726094
    outer loop
      vertex 6.098 68.3471 6.30963
      vertex 6.60034 68.3612 6.74893
      vertex 6.58766 68.4534 6.70642
    endloop
  endfacet
  facet normal -0.641903 0.246434 0.726107
    outer loop
      vertex 6.60034 68.3612 6.74893
      vertex 6.098 68.3471 6.30963
      vertex 6.098 68.1303 6.38321
    endloop
  endfacet
  facet normal -0.641897 0.149613 0.752054
    outer loop
      vertex 6.58766 68.4534 6.70642
      vertex 6.57845 68.5203 6.68525
      vertex 6.098 68.3471 6.30963
    endloop
  endfacet
  facet normal -0.641916 -0.687596 -0.339346
    outer loop
      vertex 6.3439 70.2262 8.59075
      vertex 6.34637 70.2082 8.62255
      vertex 6.098 70.4168 8.6697
    endloop
  endfacet
  facet normal -0.641946 -0.576358 0.505685
    outer loop
      vertex 6.37849 69.9746 7.04706
      vertex 6.37439 70.0044 7.07582
      vertex 6.098 70.1884 6.93467
    endloop
  endfacet
  facet normal -0.64187 0.505373 -0.576715
    outer loop
      vertex 6.098 67.5626 9.23744
      vertex 6.65575 67.9582 8.96334
      vertex 6.66398 67.8983 8.90169
    endloop
  endfacet
  facet normal -0.641907 0.505579 -0.576493
    outer loop
      vertex 6.65575 67.9582 8.96334
      vertex 6.098 67.5626 9.23744
      vertex 6.098 67.7347 9.38837
    endloop
  endfacet
  facet normal -0.642097 -0.751623 0.150911
    outer loop
      vertex 6.33385 70.2992 7.59828
      vertex 6.33282 70.3068 7.63175
      vertex 6.098 70.4904 7.54707
    endloop
  endfacet
  facet normal -0.641896 -0.149529 0.752071
    outer loop
      vertex 6.49753 69.1088 6.62198
      vertex 6.48941 69.1679 6.6268
      vertex 6.098 69.2529 6.30963
    endloop
  endfacet
  facet normal -0.641955 -0.725736 -0.24739
    outer loop
      vertex 6.34213 70.2391 8.5575
      vertex 6.3439 70.2262 8.59075
      vertex 6.098 70.4168 8.6697
    endloop
  endfacet
  facet normal -0.641897 0.687637 -0.339297
    outer loop
      vertex 6.69414 67.679 8.54671
      vertex 6.098 67.1832 8.6697
      vertex 6.098 67.2845 8.875
    endloop
  endfacet
  facet normal -0.641902 0.687654 -0.339255
    outer loop
      vertex 6.098 67.1832 8.6697
      vertex 6.69414 67.679 8.54671
      vertex 6.69833 67.6485 8.47696
    endloop
  endfacet
  facet normal -0.641828 -0.765201 0.0502496
    outer loop
      vertex 6.098 70.535 7.77158
      vertex 6.32597 70.3566 7.96672
      vertex 6.098 70.55 8
    endloop
  endfacet
  facet normal -0.641798 -0.765229 0.0501887
    outer loop
      vertex 6.32597 70.3566 7.96672
      vertex 6.098 70.535 7.77158
      vertex 6.3277 70.344 7.79673
    endloop
  endfacet
  facet normal -0.641896 -0.426097 0.637503
    outer loop
      vertex 6.43938 69.5318 6.73248
      vertex 6.43342 69.5751 6.75542
      vertex 6.098 69.675 6.48446
    endloop
  endfacet
  facet normal -0.642062 -0.726111 0.246007
    outer loop
      vertex 6.098 70.4904 7.54707
      vertex 6.34213 70.2391 7.4425
      vertex 6.33385 70.2992 7.59828
    endloop
  endfacet
  facet normal -0.641845 -0.726122 0.24654
    outer loop
      vertex 6.34213 70.2391 7.4425
      vertex 6.098 70.4904 7.54707
      vertex 6.098 70.4168 7.3303
    endloop
  endfacet
  facet normal -0.641904 -0.426039 0.637534
    outer loop
      vertex 6.43342 69.5751 6.75542
      vertex 6.098 69.8653 6.61163
      vertex 6.098 69.675 6.48446
    endloop
  endfacet
  facet normal -0.641878 -0.425973 0.637605
    outer loop
      vertex 6.098 69.8653 6.61163
      vertex 6.43342 69.5751 6.75542
      vertex 6.41584 69.703 6.82317
    endloop
  endfacet
  facet normal -0.64195 0.576606 -0.505397
    outer loop
      vertex 6.67088 67.8482 8.83578
      vertex 6.67784 67.7976 8.76921
      vertex 6.098 67.4116 9.06533
    endloop
  endfacet
  facet normal -0.641896 0.339207 -0.687683
    outer loop
      vertex 6.6095 68.2945 9.22034
      vertex 6.6185 68.2291 9.17968
      vertex 6.098 68.1303 9.61679
    endloop
  endfacet
  facet normal -0.641869 -0.246089 0.726254
    outer loop
      vertex 6.47152 69.298 6.65515
      vertex 6.46408 69.3522 6.66694
      vertex 6.098 69.4697 6.38321
    endloop
  endfacet
  facet normal -0.641909 0.149526 0.75206
    outer loop
      vertex 6.098 68.5716 6.26497
      vertex 6.57845 68.5203 6.68525
      vertex 6.56439 68.6227 6.65289
    endloop
  endfacet
  facet normal -0.641896 0.149607 0.752055
    outer loop
      vertex 6.57845 68.5203 6.68525
      vertex 6.098 68.5716 6.26497
      vertex 6.098 68.3471 6.30963
    endloop
  endfacet
  facet normal -0.641972 0.751898 0.150069
    outer loop
      vertex 6.70696 67.5857 7.76668
      vertex 6.70481 67.6014 7.67882
      vertex 6.098 67.1096 7.54707
    endloop
  endfacet
  facet normal -0.641902 0.687654 0.339255
    outer loop
      vertex 6.69414 67.679 7.45329
      vertex 6.098 67.1832 7.3303
      vertex 6.69833 67.6485 7.52304
    endloop
  endfacet
  facet normal -0.641897 0.687637 0.339297
    outer loop
      vertex 6.098 67.1832 7.3303
      vertex 6.69414 67.679 7.45329
      vertex 6.098 67.2845 7.125
    endloop
  endfacet
  facet normal -0.641796 -0.752127 0.149674
    outer loop
      vertex 6.098 70.535 7.77158
      vertex 6.33282 70.3068 7.63175
      vertex 6.3277 70.344 7.79673
    endloop
  endfacet
  facet normal -0.641912 -0.752082 0.149405
    outer loop
      vertex 6.33282 70.3068 7.63175
      vertex 6.098 70.535 7.77158
      vertex 6.098 70.4904 7.54707
    endloop
  endfacet
  facet normal -0.641838 0.765227 -0.0497068
    outer loop
      vertex 6.70872 67.5729 8.16154
      vertex 6.70944 67.5677 8.07219
      vertex 6.098 67.065 8.22842
    endloop
  endfacet
  facet normal -0.641897 0.246389 0.726127
    outer loop
      vertex 6.6095 68.2945 6.77966
      vertex 6.60034 68.3612 6.74893
      vertex 6.098 68.1303 6.38321
    endloop
  endfacet
  facet normal -0.6419 -0.339161 0.687702
    outer loop
      vertex 6.098 69.4697 6.38321
      vertex 6.43938 69.5318 6.73248
      vertex 6.098 69.675 6.48446
    endloop
  endfacet
  facet normal -0.641907 -0.339141 0.687705
    outer loop
      vertex 6.43938 69.5318 6.73248
      vertex 6.098 69.4697 6.38321
      vertex 6.45729 69.4015 6.68494
    endloop
  endfacet
  facet normal -0.641873 -0.505678 -0.576445
    outer loop
      vertex 6.41075 69.74 9.15004
      vertex 6.41584 69.703 9.17683
      vertex 6.098 69.8653 9.38837
    endloop
  endfacet
  facet normal -0.641845 -0.726122 -0.24654
    outer loop
      vertex 6.098 70.4904 8.45293
      vertex 6.34213 70.2391 8.5575
      vertex 6.098 70.4168 8.6697
    endloop
  endfacet
  facet normal -0.642062 -0.726111 -0.246007
    outer loop
      vertex 6.34213 70.2391 8.5575
      vertex 6.098 70.4904 8.45293
      vertex 6.33385 70.2992 8.40172
    endloop
  endfacet
  facet normal -0.641897 0.246389 -0.726127
    outer loop
      vertex 6.60034 68.3612 9.25107
      vertex 6.6095 68.2945 9.22034
      vertex 6.098 68.1303 9.61679
    endloop
  endfacet
  facet normal -0.641889 0.339204 0.687691
    outer loop
      vertex 6.098 68.1303 6.38321
      vertex 6.62965 68.148 6.87072
      vertex 6.6185 68.2291 6.82031
    endloop
  endfacet
  facet normal -0.641898 0.339162 0.687703
    outer loop
      vertex 6.62965 68.148 6.87072
      vertex 6.098 68.1303 6.38321
      vertex 6.098 67.925 6.48446
    endloop
  endfacet
  facet normal -0.641873 -0.505678 0.576445
    outer loop
      vertex 6.41584 69.703 6.82317
      vertex 6.41075 69.74 6.84996
      vertex 6.098 69.8653 6.61163
    endloop
  endfacet
  facet normal -0.641902 0.0501498 -0.765145
    outer loop
      vertex 6.098 68.8 9.75
      vertex 6.55534 68.6884 9.35901
      vertex 6.098 68.5716 9.73503
    endloop
  endfacet
  facet normal -0.641906 0.0501231 -0.765143
    outer loop
      vertex 6.55534 68.6884 9.35901
      vertex 6.098 68.8 9.75
      vertex 6.54 68.8 9.37919
    endloop
  endfacet
  facet normal -0.641942 -0.637807 -0.425574
    outer loop
      vertex 6.37103 70.0288 8.89268
      vertex 6.37439 70.0044 8.92418
      vertex 6.098 70.1884 9.06533
    endloop
  endfacet
  facet normal -0.641837 0.765228 0.0497013
    outer loop
      vertex 6.70944 67.5677 7.92781
      vertex 6.70872 67.5729 7.83845
      vertex 6.098 67.065 7.77158
    endloop
  endfacet
  facet normal -0.641883 -0.339329 -0.687635
    outer loop
      vertex 6.45729 69.4015 9.31506
      vertex 6.46408 69.3522 9.33305
      vertex 6.098 69.4697 9.61679
    endloop
  endfacet
  facet normal -0.641899 -0.246489 -0.726091
    outer loop
      vertex 6.098 69.2529 9.69037
      vertex 6.47152 69.298 9.34485
      vertex 6.48941 69.1679 9.3732
    endloop
  endfacet
  facet normal -0.641913 -0.246431 -0.726098
    outer loop
      vertex 6.47152 69.298 9.34485
      vertex 6.098 69.2529 9.69037
      vertex 6.098 69.4697 9.61679
    endloop
  endfacet
  facet normal 1 0 0
    outer loop
      vertex 6.098 70.535 8.22842
      vertex 6.098 70.535 7.77158
      vertex 6.098 70.55 8
    endloop
  endfacet
  facet normal 1 0 0
    outer loop
      vertex 6.098 70.4904 8.45293
      vertex 6.098 70.535 7.77158
      vertex 6.098 70.535 8.22842
    endloop
  endfacet
  facet normal 1 0 0
    outer loop
      vertex 6.098 70.4904 8.45293
      vertex 6.098 70.4904 7.54707
      vertex 6.098 70.535 7.77158
    endloop
  endfacet
  facet normal 1 0 0
    outer loop
      vertex 6.098 70.4168 8.6697
      vertex 6.098 70.4904 7.54707
      vertex 6.098 70.4904 8.45293
    endloop
  endfacet
  facet normal 1 0 0
    outer loop
      vertex 6.098 70.4168 8.6697
      vertex 6.098 70.4168 7.3303
      vertex 6.098 70.4904 7.54707
    endloop
  endfacet
  facet normal 1 0 0
    outer loop
      vertex 6.098 70.3155 8.875
      vertex 6.098 70.4168 7.3303
      vertex 6.098 70.4168 8.6697
    endloop
  endfacet
  facet normal 1 0 0
    outer loop
      vertex 6.098 70.3155 8.875
      vertex 6.098 70.3155 7.125
      vertex 6.098 70.4168 7.3303
    endloop
  endfacet
  facet normal 1 0 0
    outer loop
      vertex 6.098 70.1884 9.06533
      vertex 6.098 70.3155 7.125
      vertex 6.098 70.3155 8.875
    endloop
  endfacet
  facet normal 1 0 0
    outer loop
      vertex 6.098 70.1884 9.06533
      vertex 6.098 70.1884 6.93467
      vertex 6.098 70.3155 7.125
    endloop
  endfacet
  facet normal 1 0 0
    outer loop
      vertex 6.098 70.0374 9.23744
      vertex 6.098 70.1884 6.93467
      vertex 6.098 70.1884 9.06533
    endloop
  endfacet
  facet normal 1 0 0
    outer loop
      vertex 6.098 70.0374 9.23744
      vertex 6.098 70.0374 6.76256
      vertex 6.098 70.1884 6.93467
    endloop
  endfacet
  facet normal 1 0 0
    outer loop
      vertex 6.098 69.8653 9.38837
      vertex 6.098 70.0374 6.76256
      vertex 6.098 70.0374 9.23744
    endloop
  endfacet
  facet normal 1 0 0
    outer loop
      vertex 6.098 69.8653 9.38837
      vertex 6.098 69.8653 6.61163
      vertex 6.098 70.0374 6.76256
    endloop
  endfacet
  facet normal 1 0 0
    outer loop
      vertex 6.098 69.675 9.51554
      vertex 6.098 69.8653 6.61163
      vertex 6.098 69.8653 9.38837
    endloop
  endfacet
  facet normal 1 0 0
    outer loop
      vertex 6.098 69.675 9.51554
      vertex 6.098 69.675 6.48446
      vertex 6.098 69.8653 6.61163
    endloop
  endfacet
  facet normal 1 0 0
    outer loop
      vertex 6.098 69.4697 9.61679
      vertex 6.098 69.675 6.48446
      vertex 6.098 69.675 9.51554
    endloop
  endfacet
  facet normal 1 0 0
    outer loop
      vertex 6.098 69.4697 9.61679
      vertex 6.098 69.4697 6.38321
      vertex 6.098 69.675 6.48446
    endloop
  endfacet
  facet normal 1 0 0
    outer loop
      vertex 6.098 69.2529 9.69037
      vertex 6.098 69.4697 6.38321
      vertex 6.098 69.4697 9.61679
    endloop
  endfacet
  facet normal 1 0 0
    outer loop
      vertex 6.098 69.2529 9.69037
      vertex 6.098 69.2529 6.30963
      vertex 6.098 69.4697 6.38321
    endloop
  endfacet
  facet normal 1 0 0
    outer loop
      vertex 6.098 69.0284 9.73503
      vertex 6.098 69.2529 6.30963
      vertex 6.098 69.2529 9.69037
    endloop
  endfacet
  facet normal 1 0 0
    outer loop
      vertex 6.098 69.0284 9.73503
      vertex 6.098 69.0284 6.26497
      vertex 6.098 69.2529 6.30963
    endloop
  endfacet
  facet normal 1 0 0
    outer loop
      vertex 6.098 68.8 9.75
      vertex 6.098 69.0284 6.26497
      vertex 6.098 69.0284 9.73503
    endloop
  endfacet
  facet normal 1 0 0
    outer loop
      vertex 6.098 68.8 9.75
      vertex 6.098 68.8 6.25
      vertex 6.098 69.0284 6.26497
    endloop
  endfacet
  facet normal 1 -0 0
    outer loop
      vertex 6.098 68.5716 9.73503
      vertex 6.098 68.8 6.25
      vertex 6.098 68.8 9.75
    endloop
  endfacet
  facet normal 1 0 0
    outer loop
      vertex 6.098 68.5716 9.73503
      vertex 6.098 68.5716 6.26497
      vertex 6.098 68.8 6.25
    endloop
  endfacet
  facet normal 1 -0 0
    outer loop
      vertex 6.098 68.3471 9.69037
      vertex 6.098 68.5716 6.26497
      vertex 6.098 68.5716 9.73503
    endloop
  endfacet
  facet normal 1 0 0
    outer loop
      vertex 6.098 68.3471 9.69037
      vertex 6.098 68.3471 6.30963
      vertex 6.098 68.5716 6.26497
    endloop
  endfacet
  facet normal 1 -0 0
    outer loop
      vertex 6.098 68.1303 9.61679
      vertex 6.098 68.3471 6.30963
      vertex 6.098 68.3471 9.69037
    endloop
  endfacet
  facet normal 1 0 0
    outer loop
      vertex 6.098 68.1303 9.61679
      vertex 6.098 68.1303 6.38321
      vertex 6.098 68.3471 6.30963
    endloop
  endfacet
  facet normal 1 -0 0
    outer loop
      vertex 6.098 67.925 9.51554
      vertex 6.098 68.1303 6.38321
      vertex 6.098 68.1303 9.61679
    endloop
  endfacet
  facet normal 1 0 0
    outer loop
      vertex 6.098 67.925 9.51554
      vertex 6.098 67.925 6.48446
      vertex 6.098 68.1303 6.38321
    endloop
  endfacet
  facet normal 1 -0 0
    outer loop
      vertex 6.098 67.7347 9.38837
      vertex 6.098 67.925 6.48446
      vertex 6.098 67.925 9.51554
    endloop
  endfacet
  facet normal 1 0 0
    outer loop
      vertex 6.098 67.7347 9.38837
      vertex 6.098 67.7347 6.61163
      vertex 6.098 67.925 6.48446
    endloop
  endfacet
  facet normal 1 -0 0
    outer loop
      vertex 6.098 67.5626 9.23744
      vertex 6.098 67.7347 6.61163
      vertex 6.098 67.7347 9.38837
    endloop
  endfacet
  facet normal 1 0 0
    outer loop
      vertex 6.098 67.5626 9.23744
      vertex 6.098 67.5626 6.76256
      vertex 6.098 67.7347 6.61163
    endloop
  endfacet
  facet normal 1 -0 0
    outer loop
      vertex 6.098 67.4116 9.06533
      vertex 6.098 67.5626 6.76256
      vertex 6.098 67.5626 9.23744
    endloop
  endfacet
  facet normal 1 0 0
    outer loop
      vertex 6.098 67.4116 9.06533
      vertex 6.098 67.4116 6.93467
      vertex 6.098 67.5626 6.76256
    endloop
  endfacet
  facet normal 1 -0 0
    outer loop
      vertex 6.098 67.2845 8.875
      vertex 6.098 67.4116 6.93467
      vertex 6.098 67.4116 9.06533
    endloop
  endfacet
  facet normal 1 0 0
    outer loop
      vertex 6.098 67.2845 8.875
      vertex 6.098 67.2845 7.125
      vertex 6.098 67.4116 6.93467
    endloop
  endfacet
  facet normal 1 -0 0
    outer loop
      vertex 6.098 67.1832 8.6697
      vertex 6.098 67.2845 7.125
      vertex 6.098 67.2845 8.875
    endloop
  endfacet
  facet normal 1 0 0
    outer loop
      vertex 6.098 67.1832 8.6697
      vertex 6.098 67.1832 7.3303
      vertex 6.098 67.2845 7.125
    endloop
  endfacet
  facet normal 1 -0 0
    outer loop
      vertex 6.098 67.1096 8.45293
      vertex 6.098 67.1832 7.3303
      vertex 6.098 67.1832 8.6697
    endloop
  endfacet
  facet normal 1 0 0
    outer loop
      vertex 6.098 67.1096 8.45293
      vertex 6.098 67.1096 7.54707
      vertex 6.098 67.1832 7.3303
    endloop
  endfacet
  facet normal 1 -0 0
    outer loop
      vertex 6.098 67.065 8.22842
      vertex 6.098 67.1096 7.54707
      vertex 6.098 67.1096 8.45293
    endloop
  endfacet
  facet normal 1 0 0
    outer loop
      vertex 6.098 67.065 8.22842
      vertex 6.098 67.065 7.77158
      vertex 6.098 67.1096 7.54707
    endloop
  endfacet
  facet normal 1 0 -0
    outer loop
      vertex 6.098 67.065 7.77158
      vertex 6.098 67.065 8.22842
      vertex 6.098 67.05 8
    endloop
  endfacet
  facet normal -0.641844 0.765149 -0.0508219
    outer loop
      vertex 6.098 67.05 8
      vertex 6.70944 67.5677 8.07219
      vertex 6.71003 67.5634 8
    endloop
  endfacet
  facet normal -0.641902 0.765138 -0.0502455
    outer loop
      vertex 6.70944 67.5677 8.07219
      vertex 6.098 67.05 8
      vertex 6.098 67.065 8.22842
    endloop
  endfacet
  facet normal -0.641872 0.576609 -0.505493
    outer loop
      vertex 6.67088 67.8482 8.83578
      vertex 6.098 67.5626 9.23744
      vertex 6.66398 67.8983 8.90169
    endloop
  endfacet
  facet normal -0.641906 0.576392 -0.505696
    outer loop
      vertex 6.098 67.5626 9.23744
      vertex 6.67088 67.8482 8.83578
      vertex 6.098 67.4116 9.06533
    endloop
  endfacet
  facet normal -0.641912 -0.752082 -0.149405
    outer loop
      vertex 6.098 70.535 8.22842
      vertex 6.33282 70.3068 8.36825
      vertex 6.098 70.4904 8.45293
    endloop
  endfacet
  facet normal -0.641796 -0.752127 -0.149674
    outer loop
      vertex 6.33282 70.3068 8.36825
      vertex 6.098 70.535 8.22842
      vertex 6.3277 70.344 8.20327
    endloop
  endfacet
  facet normal -0.641896 0.0501502 0.76515
    outer loop
      vertex 6.098 68.5716 6.26497
      vertex 6.54906 68.7341 6.63272
      vertex 6.098 68.8 6.25
    endloop
  endfacet
  facet normal -0.641905 0.0502015 0.765139
    outer loop
      vertex 6.54906 68.7341 6.63272
      vertex 6.098 68.5716 6.26497
      vertex 6.56439 68.6227 6.65289
    endloop
  endfacet
  facet normal -0.641909 0.0500333 0.765146
    outer loop
      vertex 6.54906 68.7341 6.63272
      vertex 6.54 68.8 6.62081
      vertex 6.098 68.8 6.25
    endloop
  endfacet
  facet normal -0.642097 -0.751623 -0.150911
    outer loop
      vertex 6.33282 70.3068 8.36825
      vertex 6.33385 70.2992 8.40172
      vertex 6.098 70.4904 8.45293
    endloop
  endfacet
  facet normal -0.641947 -0.576367 0.505673
    outer loop
      vertex 6.098 70.0374 6.76256
      vertex 6.37849 69.9746 7.04706
      vertex 6.098 70.1884 6.93467
    endloop
  endfacet
  facet normal -0.641914 -0.576448 0.505622
    outer loop
      vertex 6.37849 69.9746 7.04706
      vertex 6.098 70.0374 6.76256
      vertex 6.394 69.8618 6.93815
    endloop
  endfacet
  facet normal -0.641886 -0.149693 -0.752047
    outer loop
      vertex 6.098 69.0284 9.73503
      vertex 6.49753 69.1088 9.37802
      vertex 6.51487 68.9828 9.3883
    endloop
  endfacet
  facet normal -0.641905 -0.149606 -0.752048
    outer loop
      vertex 6.49753 69.1088 9.37802
      vertex 6.098 69.0284 9.73503
      vertex 6.098 69.2529 9.69037
    endloop
  endfacet
  facet normal -0.641913 -0.505644 -0.57643
    outer loop
      vertex 6.41075 69.74 9.15004
      vertex 6.098 70.0374 9.23744
      vertex 6.394 69.8618 9.06185
    endloop
  endfacet
  facet normal -0.641885 -0.505591 -0.576507
    outer loop
      vertex 6.098 70.0374 9.23744
      vertex 6.41075 69.74 9.15004
      vertex 6.098 69.8653 9.38837
    endloop
  endfacet
  facet normal -0.641913 -0.246431 0.726098
    outer loop
      vertex 6.098 69.2529 6.30963
      vertex 6.47152 69.298 6.65515
      vertex 6.098 69.4697 6.38321
    endloop
  endfacet
  facet normal -0.641899 -0.246489 0.726091
    outer loop
      vertex 6.47152 69.298 6.65515
      vertex 6.098 69.2529 6.30963
      vertex 6.48941 69.1679 6.6268
    endloop
  endfacet
  facet normal -0.641905 -0.149606 0.752048
    outer loop
      vertex 6.098 69.0284 6.26497
      vertex 6.49753 69.1088 6.62198
      vertex 6.098 69.2529 6.30963
    endloop
  endfacet
  facet normal -0.641886 -0.149693 0.752047
    outer loop
      vertex 6.49753 69.1088 6.62198
      vertex 6.098 69.0284 6.26497
      vertex 6.51487 68.9828 6.6117
    endloop
  endfacet
  facet normal -0.641896 -0.149529 -0.752071
    outer loop
      vertex 6.48941 69.1679 9.3732
      vertex 6.49753 69.1088 9.37802
      vertex 6.098 69.2529 9.69037
    endloop
  endfacet
  facet normal -0.641903 0.425845 -0.637665
    outer loop
      vertex 6.63941 68.077 9.07204
      vertex 6.098 67.925 9.51554
      vertex 6.62965 68.148 9.12928
    endloop
  endfacet
  facet normal -0.641873 0.426054 -0.637556
    outer loop
      vertex 6.098 67.925 9.51554
      vertex 6.63941 68.077 9.07204
      vertex 6.098 67.7347 9.38837
    endloop
  endfacet
  facet normal -0.641965 0.63723 -0.426402
    outer loop
      vertex 6.67784 67.7976 8.76921
      vertex 6.68384 67.7539 8.69487
      vertex 6.098 67.4116 9.06533
    endloop
  endfacet
  facet normal -0.641898 0.339162 -0.687703
    outer loop
      vertex 6.098 68.1303 9.61679
      vertex 6.62965 68.148 9.12928
      vertex 6.098 67.925 9.51554
    endloop
  endfacet
  facet normal -0.641906 0.33913 -0.687712
    outer loop
      vertex 6.62965 68.148 9.12928
      vertex 6.098 68.1303 9.61679
      vertex 6.6185 68.2291 9.17968
    endloop
  endfacet
  facet normal -0.641896 0.149607 -0.752055
    outer loop
      vertex 6.098 68.5716 9.73503
      vertex 6.57845 68.5203 9.31475
      vertex 6.098 68.3471 9.69037
    endloop
  endfacet
  facet normal -0.641909 0.149526 -0.75206
    outer loop
      vertex 6.57845 68.5203 9.31475
      vertex 6.098 68.5716 9.73503
      vertex 6.56439 68.6227 9.34711
    endloop
  endfacet
  facet normal -0.641905 0.426267 -0.637381
    outer loop
      vertex 6.63941 68.077 9.07204
      vertex 6.64787 68.0155 9.02239
      vertex 6.098 67.7347 9.38837
    endloop
  endfacet
  facet normal -0.641908 0.726072 -0.246524
    outer loop
      vertex 6.69833 67.6485 8.47696
      vertex 6.098 67.1096 8.45293
      vertex 6.098 67.1832 8.6697
    endloop
  endfacet
  facet normal -0.641957 0.726116 -0.246265
    outer loop
      vertex 6.098 67.1096 8.45293
      vertex 6.69833 67.6485 8.47696
      vertex 6.7013 67.6269 8.40553
    endloop
  endfacet
  facet normal -0.641957 0.726116 0.246265
    outer loop
      vertex 6.69833 67.6485 7.52304
      vertex 6.098 67.1096 7.54707
      vertex 6.7013 67.6269 7.59447
    endloop
  endfacet
  facet normal -0.641908 0.726072 0.246524
    outer loop
      vertex 6.098 67.1096 7.54707
      vertex 6.69833 67.6485 7.52304
      vertex 6.098 67.1832 7.3303
    endloop
  endfacet
  facet normal -0.641878 -0.425973 -0.637605
    outer loop
      vertex 6.43342 69.5751 9.24458
      vertex 6.098 69.8653 9.38837
      vertex 6.41584 69.703 9.17683
    endloop
  endfacet
  facet normal -0.641904 -0.426039 -0.637534
    outer loop
      vertex 6.098 69.8653 9.38837
      vertex 6.43342 69.5751 9.24458
      vertex 6.098 69.675 9.51554
    endloop
  endfacet
  facet normal -0.641899 0.687629 0.339311
    outer loop
      vertex 6.69414 67.679 7.45329
      vertex 6.68932 67.7141 7.37304
      vertex 6.098 67.2845 7.125
    endloop
  endfacet
  facet normal -0.641955 -0.725736 0.24739
    outer loop
      vertex 6.3439 70.2262 7.40925
      vertex 6.34213 70.2391 7.4425
      vertex 6.098 70.4168 7.3303
    endloop
  endfacet
  facet normal -0.641909 0.637808 0.425623
    outer loop
      vertex 6.68932 67.7141 7.37304
      vertex 6.68337 67.7573 7.29933
      vertex 6.098 67.2845 7.125
    endloop
  endfacet
  facet normal -0.641868 -0.33945 0.687589
    outer loop
      vertex 6.46408 69.3522 6.66694
      vertex 6.45729 69.4015 6.68494
      vertex 6.098 69.4697 6.38321
    endloop
  endfacet
  facet normal -0.64191 0.637819 -0.425605
    outer loop
      vertex 6.098 67.2845 8.875
      vertex 6.68384 67.7539 8.69487
      vertex 6.68932 67.7141 8.62696
    endloop
  endfacet
  facet normal -0.64188 0.637691 -0.425842
    outer loop
      vertex 6.68384 67.7539 8.69487
      vertex 6.098 67.2845 8.875
      vertex 6.098 67.4116 9.06533
    endloop
  endfacet
  facet normal -0.641885 -0.505591 0.576507
    outer loop
      vertex 6.41075 69.74 6.84996
      vertex 6.098 70.0374 6.76256
      vertex 6.098 69.8653 6.61163
    endloop
  endfacet
  facet normal -0.641913 -0.505644 0.57643
    outer loop
      vertex 6.098 70.0374 6.76256
      vertex 6.41075 69.74 6.84996
      vertex 6.394 69.8618 6.93815
    endloop
  endfacet
  facet normal -0.641907 -0.339141 -0.687705
    outer loop
      vertex 6.098 69.4697 9.61679
      vertex 6.43938 69.5318 9.26752
      vertex 6.45729 69.4015 9.31506
    endloop
  endfacet
  facet normal -0.6419 -0.339161 -0.687702
    outer loop
      vertex 6.43938 69.5318 9.26752
      vertex 6.098 69.4697 9.61679
      vertex 6.098 69.675 9.51554
    endloop
  endfacet
  facet normal -0.641972 0.751898 -0.150069
    outer loop
      vertex 6.70481 67.6014 8.32118
      vertex 6.70696 67.5857 8.23332
      vertex 6.098 67.1096 8.45293
    endloop
  endfacet
  facet normal -0.641899 0.339125 0.687721
    outer loop
      vertex 6.6185 68.2291 6.82031
      vertex 6.6095 68.2945 6.77966
      vertex 6.098 68.1303 6.38321
    endloop
  endfacet
  facet normal -0.641872 0.576609 0.505493
    outer loop
      vertex 6.098 67.5626 6.76256
      vertex 6.67088 67.8482 7.16422
      vertex 6.66398 67.8983 7.09831
    endloop
  endfacet
  facet normal -0.641906 0.576392 0.505696
    outer loop
      vertex 6.67088 67.8482 7.16422
      vertex 6.098 67.5626 6.76256
      vertex 6.098 67.4116 6.93467
    endloop
  endfacet
  facet normal -0.641885 -0.246213 -0.726197
    outer loop
      vertex 6.46408 69.3522 9.33305
      vertex 6.47152 69.298 9.34485
      vertex 6.098 69.4697 9.61679
    endloop
  endfacet
  facet normal -0.641798 -0.765229 -0.0501887
    outer loop
      vertex 6.098 70.535 8.22842
      vertex 6.32597 70.3566 8.03328
      vertex 6.3277 70.344 8.20327
    endloop
  endfacet
  facet normal -0.641828 -0.765201 -0.0502496
    outer loop
      vertex 6.32597 70.3566 8.03328
      vertex 6.098 70.535 8.22842
      vertex 6.098 70.55 8
    endloop
  endfacet
  facet normal -0.641887 0.505722 -0.576391
    outer loop
      vertex 6.64787 68.0155 9.02239
      vertex 6.65575 67.9582 8.96334
      vertex 6.098 67.7347 9.38837
    endloop
  endfacet
  facet normal -0.641903 0.425845 0.637665
    outer loop
      vertex 6.098 67.925 6.48446
      vertex 6.63941 68.077 6.92796
      vertex 6.62965 68.148 6.87072
    endloop
  endfacet
  facet normal -0.641873 0.426054 0.637556
    outer loop
      vertex 6.63941 68.077 6.92796
      vertex 6.098 67.925 6.48446
      vertex 6.098 67.7347 6.61163
    endloop
  endfacet
  facet normal -0.64195 0.576606 0.505397
    outer loop
      vertex 6.67784 67.7976 7.23079
      vertex 6.67088 67.8482 7.16422
      vertex 6.098 67.4116 6.93467
    endloop
  endfacet
  facet normal -0.641896 -0.426097 -0.637503
    outer loop
      vertex 6.43342 69.5751 9.24458
      vertex 6.43938 69.5318 9.26752
      vertex 6.098 69.675 9.51554
    endloop
  endfacet
  facet normal -0.641803 -0.637488 -0.426261
    outer loop
      vertex 6.37103 70.0288 8.89268
      vertex 6.098 70.3155 8.875
      vertex 6.35754 70.127 8.76613
    endloop
  endfacet
  facet normal -0.641976 -0.637624 -0.425797
    outer loop
      vertex 6.098 70.3155 8.875
      vertex 6.37103 70.0288 8.89268
      vertex 6.098 70.1884 9.06533
    endloop
  endfacet
  facet normal -0.641809 -0.687704 -0.33933
    outer loop
      vertex 6.098 70.4168 8.6697
      vertex 6.35754 70.127 8.76613
      vertex 6.098 70.3155 8.875
    endloop
  endfacet
  facet normal -0.64196 -0.687728 -0.338994
    outer loop
      vertex 6.35754 70.127 8.76613
      vertex 6.098 70.4168 8.6697
      vertex 6.34637 70.2082 8.62255
    endloop
  endfacet
  facet normal -0.641903 0.246434 -0.726107
    outer loop
      vertex 6.098 68.3471 9.69037
      vertex 6.60034 68.3612 9.25107
      vertex 6.098 68.1303 9.61679
    endloop
  endfacet
  facet normal -0.641893 0.246497 -0.726094
    outer loop
      vertex 6.60034 68.3612 9.25107
      vertex 6.098 68.3471 9.69037
      vertex 6.58766 68.4534 9.29358
    endloop
  endfacet
  facet normal -0.641897 0.149613 -0.752054
    outer loop
      vertex 6.57845 68.5203 9.31475
      vertex 6.58766 68.4534 9.29358
      vertex 6.098 68.3471 9.69037
    endloop
  endfacet
  facet normal -0.642019 -0.765146 -0.0486197
    outer loop
      vertex 6.32563 70.359 8
      vertex 6.32597 70.3566 8.03328
      vertex 6.098 70.55 8
    endloop
  endfacet
  facet normal -0.641904 0.0501669 -0.765142
    outer loop
      vertex 6.55534 68.6884 9.35901
      vertex 6.56439 68.6227 9.34711
      vertex 6.098 68.5716 9.73503
    endloop
  endfacet
  facet normal -0.641887 0.505722 0.576391
    outer loop
      vertex 6.65575 67.9582 7.03666
      vertex 6.64787 68.0155 6.97761
      vertex 6.098 67.7347 6.61163
    endloop
  endfacet
  facet normal -0.641907 0.505579 0.576493
    outer loop
      vertex 6.098 67.5626 6.76256
      vertex 6.65575 67.9582 7.03666
      vertex 6.098 67.7347 6.61163
    endloop
  endfacet
  facet normal -0.64187 0.505373 0.576715
    outer loop
      vertex 6.65575 67.9582 7.03666
      vertex 6.098 67.5626 6.76256
      vertex 6.66398 67.8983 7.09831
    endloop
  endfacet
  facet normal -0.641967 0.637195 0.426452
    outer loop
      vertex 6.098 67.4116 6.93467
      vertex 6.68337 67.7573 7.29933
      vertex 6.67784 67.7976 7.23079
    endloop
  endfacet
  facet normal -0.64188 0.637691 0.425842
    outer loop
      vertex 6.68337 67.7573 7.29933
      vertex 6.098 67.4116 6.93467
      vertex 6.098 67.2845 7.125
    endloop
  endfacet
  facet normal -0.642019 -0.765146 0.0486197
    outer loop
      vertex 6.32597 70.3566 7.96672
      vertex 6.32563 70.359 8
      vertex 6.098 70.55 8
    endloop
  endfacet
  facet normal -0.64196 -0.687728 0.338994
    outer loop
      vertex 6.098 70.4168 7.3303
      vertex 6.35754 70.127 7.23387
      vertex 6.34637 70.2082 7.37745
    endloop
  endfacet
  facet normal -0.641809 -0.687704 0.33933
    outer loop
      vertex 6.35754 70.127 7.23387
      vertex 6.098 70.4168 7.3303
      vertex 6.098 70.3155 7.125
    endloop
  endfacet
  facet normal -0.641776 -0.637043 0.426966
    outer loop
      vertex 6.3608 70.1032 7.20326
      vertex 6.35754 70.127 7.23387
      vertex 6.098 70.3155 7.125
    endloop
  endfacet
  facet normal -0.641916 -0.687596 0.339346
    outer loop
      vertex 6.34637 70.2082 7.37745
      vertex 6.3439 70.2262 7.40925
      vertex 6.098 70.4168 7.3303
    endloop
  endfacet
  facet normal -0.641961 0.726124 0.246229
    outer loop
      vertex 6.70481 67.6014 7.67882
      vertex 6.7013 67.6269 7.59447
      vertex 6.098 67.1096 7.54707
    endloop
  endfacet
  facet normal -0.641899 0.687629 -0.339311
    outer loop
      vertex 6.68932 67.7141 8.62696
      vertex 6.69414 67.679 8.54671
      vertex 6.098 67.2845 8.875
    endloop
  endfacet
  facet normal -0.641905 0.426267 0.637381
    outer loop
      vertex 6.64787 68.0155 6.97761
      vertex 6.63941 68.077 6.92796
      vertex 6.098 67.7347 6.61163
    endloop
  endfacet
  facet normal -0.641844 0.752048 0.149866
    outer loop
      vertex 6.70696 67.5857 7.76668
      vertex 6.098 67.065 7.77158
      vertex 6.70872 67.5729 7.83845
    endloop
  endfacet
  facet normal -0.641891 0.752099 0.149408
    outer loop
      vertex 6.098 67.065 7.77158
      vertex 6.70696 67.5857 7.76668
      vertex 6.098 67.1096 7.54707
    endloop
  endfacet
  facet normal -0.980784 0 0.195095
    outer loop
      vertex -0.042592 -12 7.67648
      vertex -0.0106936 77 7.83684
      vertex -0.042592 77 7.67648
    endloop
  endfacet
  facet normal -0.980784 0 0.195095
    outer loop
      vertex -0.0106936 77 7.83684
      vertex -0.042592 -12 7.67648
      vertex -0.0106936 -12 7.83684
    endloop
  endfacet
  facet normal -0.997859 0 0.0654003
    outer loop
      vertex -0.0106936 -12 7.83684
      vertex 0 77 8
      vertex -0.0106936 77 7.83684
    endloop
  endfacet
  facet normal -0.997859 0 0.0654003
    outer loop
      vertex 0 77 8
      vertex -0.0106936 -12 7.83684
      vertex 0 -12 8
    endloop
  endfacet
  facet normal -0.980784 0 -0.195095
    outer loop
      vertex -0.0106936 -12 8.16316
      vertex -0.042592 77 8.32352
      vertex -0.0106936 77 8.16316
    endloop
  endfacet
  facet normal -0.980784 -0 -0.195095
    outer loop
      vertex -0.042592 77 8.32352
      vertex -0.0106936 -12 8.16316
      vertex -0.042592 -12 8.32352
    endloop
  endfacet
  facet normal -0.442454 0 0.896791
    outer loop
      vertex -0.652241 76.2346 6.90403
      vertex -0.625 -12 6.91747
      vertex -0.625 76.3149 6.91747
    endloop
  endfacet
  facet normal -0.442283 6.5323e-08 0.896875
    outer loop
      vertex -0.767949 76 6.84697
      vertex -0.625 -12 6.91747
      vertex -0.652241 76.2346 6.90403
    endloop
  endfacet
  facet normal -0.441674 1.29662e-06 0.897176
    outer loop
      vertex -0.771646 75.9945 6.84515
      vertex -0.625 -12 6.91747
      vertex -0.767949 76 6.84697
    endloop
  endfacet
  facet normal -0.442299 0 0.896867
    outer loop
      vertex -0.625 -12 6.91747
      vertex -0.771646 75.9945 6.84515
      vertex -0.771646 -12 6.84515
    endloop
  endfacet
  facet normal 0.997861 0 -0.0653783
    outer loop
      vertex -2.48931 -12 8.16316
      vertex -2.5 75 8
      vertex -2.48931 75.0007 8.16316
    endloop
  endfacet
  facet normal 0.997861 0 -0.0653783
    outer loop
      vertex -2.5 75 8
      vertex -2.48931 -12 8.16316
      vertex -2.5 -12 8
    endloop
  endfacet
  facet normal -0.659351 0 -0.751835
    outer loop
      vertex -0.489048 -12 8.99169
      vertex -0.366116 77 8.88388
      vertex -0.366116 -12 8.88388
    endloop
  endfacet
  facet normal -0.659351 0 -0.751835
    outer loop
      vertex -0.366116 77 8.88388
      vertex -0.489048 -12 8.99169
      vertex -0.489048 77 8.99169
    endloop
  endfacet
  facet normal -0.896877 0 0.44228
    outer loop
      vertex -0.167468 -12 7.375
      vertex -0.09515 77 7.52165
      vertex -0.167468 77 7.375
    endloop
  endfacet
  facet normal -0.896877 0 0.44228
    outer loop
      vertex -0.09515 77 7.52165
      vertex -0.167468 -12 7.375
      vertex -0.09515 -12 7.52165
    endloop
  endfacet
  facet normal 0.0654383 0 -0.997857
    outer loop
      vertex -1.25 -12 9.25
      vertex -1.28248 75.4133 9.24787
      vertex -1.25 75.4418 9.25
    endloop
  endfacet
  facet normal 0.0653783 0 -0.997861
    outer loop
      vertex -1.41316 75.326 9.23931
      vertex -1.25 -12 9.25
      vertex -1.41316 -12 9.23931
    endloop
  endfacet
  facet normal 0.0653635 -2.79115e-08 -0.997862
    outer loop
      vertex -1.25 -12 9.25
      vertex -1.41316 75.326 9.23931
      vertex -1.28248 75.4133 9.24787
    endloop
  endfacet
  facet normal 0.831466 0 0.555575
    outer loop
      vertex -2.24169 -12 7.23905
      vertex -2.33253 75.011 7.375
      vertex -2.33253 -12 7.375
    endloop
  endfacet
  facet normal 0.831466 0 0.555575
    outer loop
      vertex -2.33253 75.011 7.375
      vertex -2.24169 -12 7.23905
      vertex -2.24169 75.0169 7.23905
    endloop
  endfacet
  facet normal -0.321423 0 -0.946936
    outer loop
      vertex -0.771646 -12 9.15485
      vertex -0.913293 75.7825 9.20293
      vertex -0.771646 75.9945 9.15485
    endloop
  endfacet
  facet normal -0.321452 -0 -0.946926
    outer loop
      vertex -0.926476 75.7674 9.20741
      vertex -0.771646 -12 9.15485
      vertex -0.926476 -12 9.20741
    endloop
  endfacet
  facet normal -0.321759 -6.04267e-07 -0.946822
    outer loop
      vertex -0.771646 -12 9.15485
      vertex -0.926476 75.7674 9.20741
      vertex -0.913293 75.7825 9.20293
    endloop
  endfacet
  facet normal 0.321452 0 0.946926
    outer loop
      vertex -1.72835 75.1553 6.84515
      vertex -1.57352 -12 6.79259
      vertex -1.57352 75.2317 6.79259
    endloop
  endfacet
  facet normal 0.321452 0 0.946926
    outer loop
      vertex -1.57352 -12 6.79259
      vertex -1.72835 75.1553 6.84515
      vertex -1.72835 -12 6.84515
    endloop
  endfacet
  facet normal -0.442189 0 -0.896922
    outer loop
      vertex -0.625 -12 9.08253
      vertex -0.652241 76.2346 9.09596
      vertex -0.625 76.3149 9.08253
    endloop
  endfacet
  facet normal -0.442346 -6.01736e-08 -0.896845
    outer loop
      vertex -0.625 -12 9.08253
      vertex -0.767949 76 9.15303
      vertex -0.652241 76.2346 9.09596
    endloop
  endfacet
  facet normal -0.442299 -0 -0.896867
    outer loop
      vertex -0.771646 75.9945 9.15485
      vertex -0.625 -12 9.08253
      vertex -0.771646 -12 9.15485
    endloop
  endfacet
  facet normal -0.441674 1.29662e-06 -0.897176
    outer loop
      vertex -0.625 -12 9.08253
      vertex -0.771646 75.9945 9.15485
      vertex -0.767949 76 9.15303
    endloop
  endfacet
  facet normal -0.751833 0 -0.659354
    outer loop
      vertex -0.258307 -12 8.76095
      vertex -0.366116 77 8.88388
      vertex -0.258307 77 8.76095
    endloop
  endfacet
  facet normal -0.751833 -0 -0.659354
    outer loop
      vertex -0.366116 77 8.88388
      vertex -0.258307 -12 8.76095
      vertex -0.366116 -12 8.88388
    endloop
  endfacet
  facet normal 0.751814 0 -0.659375
    outer loop
      vertex -2.13388 -12 8.88388
      vertex -2.23895 75.0171 8.76408
      vertex -2.13388 75.038 8.88388
    endloop
  endfacet
  facet normal 0.752428 1.70464e-06 -0.658675
    outer loop
      vertex -2.13388 -12 8.88388
      vertex -2.24169 75.0169 8.76095
      vertex -2.23895 75.0171 8.76408
    endloop
  endfacet
  facet normal 0.75183 0 -0.659357
    outer loop
      vertex -2.24169 75.0169 8.76095
      vertex -2.13388 -12 8.88388
      vertex -2.24169 -12 8.76095
    endloop
  endfacet
  facet normal 0.555593 0 -0.831454
    outer loop
      vertex -1.875 -12 9.08253
      vertex -1.98236 75.0681 9.01079
      vertex -1.875 75.1046 9.08253
    endloop
  endfacet
  facet normal 0.555575 0 -0.831466
    outer loop
      vertex -2.01095 75.0625 8.99169
      vertex -1.875 -12 9.08253
      vertex -2.01095 -12 8.99169
    endloop
  endfacet
  facet normal 0.555505 -1.5716e-07 -0.831513
    outer loop
      vertex -1.875 -12 9.08253
      vertex -2.01095 75.0625 8.99169
      vertex -1.98236 75.0681 9.01079
    endloop
  endfacet
  facet normal 0.442639 0 0.8967
    outer loop
      vertex -1.73463 75.1522 6.84825
      vertex -1.72835 -12 6.84515
      vertex -1.72835 75.1553 6.84515
    endloop
  endfacet
  facet normal 0.442274 -3.26529e-08 0.89688
    outer loop
      vertex -1.875 75.1046 6.91747
      vertex -1.72835 -12 6.84515
      vertex -1.73463 75.1522 6.84825
    endloop
  endfacet
  facet normal 0.44229 0 0.896872
    outer loop
      vertex -1.72835 -12 6.84515
      vertex -1.875 75.1046 6.91747
      vertex -1.875 -12 6.91747
    endloop
  endfacet
  facet normal -0.0653783 -0 -0.997861
    outer loop
      vertex -1.25 75.4418 9.25
      vertex -1.08684 -12 9.23931
      vertex -1.25 -12 9.25
    endloop
  endfacet
  facet normal -0.0653783 0 -0.997861
    outer loop
      vertex -1.08684 -12 9.23931
      vertex -1.25 75.4418 9.25
      vertex -1.08684 75.5849 9.23931
    endloop
  endfacet
  facet normal 0.321452 0 -0.946926
    outer loop
      vertex -1.72835 75.1553 9.15485
      vertex -1.57352 -12 9.20741
      vertex -1.72835 -12 9.15485
    endloop
  endfacet
  facet normal 0.321452 0 -0.946926
    outer loop
      vertex -1.57352 -12 9.20741
      vertex -1.72835 75.1553 9.15485
      vertex -1.57352 75.2317 9.20741
    endloop
  endfacet
  facet normal 0.946926 0 -0.321452
    outer loop
      vertex -2.40485 -12 8.47835
      vertex -2.45741 75.0028 8.32352
      vertex -2.40485 75.0062 8.47835
    endloop
  endfacet
  facet normal 0.946926 0 -0.321452
    outer loop
      vertex -2.45741 75.0028 8.32352
      vertex -2.40485 -12 8.47835
      vertex -2.45741 -12 8.32352
    endloop
  endfacet
  facet normal 0.659357 0 0.75183
    outer loop
      vertex -2.13388 75.038 7.11612
      vertex -2.01095 -12 7.00831
      vertex -2.01095 75.0625 7.00831
    endloop
  endfacet
  facet normal 0.659357 0 0.75183
    outer loop
      vertex -2.01095 -12 7.00831
      vertex -2.13388 75.038 7.11612
      vertex -2.13388 -12 7.11612
    endloop
  endfacet
  facet normal -0.896877 0 -0.44228
    outer loop
      vertex -0.09515 -12 8.47835
      vertex -0.167468 77 8.625
      vertex -0.09515 77 8.47835
    endloop
  endfacet
  facet normal -0.896877 -0 -0.44228
    outer loop
      vertex -0.167468 77 8.625
      vertex -0.09515 -12 8.47835
      vertex -0.167468 -12 8.625
    endloop
  endfacet
  facet normal -0.997859 0 -0.0654003
    outer loop
      vertex 0 -12 8
      vertex -0.0106936 77 8.16316
      vertex 0 77 8
    endloop
  endfacet
  facet normal -0.997859 -0 -0.0654003
    outer loop
      vertex -0.0106936 77 8.16316
      vertex 0 -12 8
      vertex -0.0106936 -12 8.16316
    endloop
  endfacet
  facet normal -0.321423 0 0.946936
    outer loop
      vertex -0.913293 75.7825 6.79707
      vertex -0.771646 -12 6.84515
      vertex -0.771646 75.9945 6.84515
    endloop
  endfacet
  facet normal -0.321759 -6.04267e-07 0.946822
    outer loop
      vertex -0.926476 75.7674 6.79259
      vertex -0.771646 -12 6.84515
      vertex -0.913293 75.7825 6.79707
    endloop
  endfacet
  facet normal -0.321452 0 0.946926
    outer loop
      vertex -0.771646 -12 6.84515
      vertex -0.926476 75.7674 6.79259
      vertex -0.926476 -12 6.79259
    endloop
  endfacet
  facet normal -0.659351 0 0.751835
    outer loop
      vertex -0.489048 77 7.00831
      vertex -0.366116 -12 7.11612
      vertex -0.366116 77 7.11612
    endloop
  endfacet
  facet normal -0.659351 0 0.751835
    outer loop
      vertex -0.366116 -12 7.11612
      vertex -0.489048 77 7.00831
      vertex -0.489048 -12 7.00831
    endloop
  endfacet
  facet normal 0.19516 0 0.980771
    outer loop
      vertex -1.5 75.268 6.77797
      vertex -1.41316 -12 6.76069
      vertex -1.41316 75.326 6.76069
    endloop
  endfacet
  facet normal 0.195039 -1.26024e-07 0.980796
    outer loop
      vertex -1.57352 75.2317 6.79259
      vertex -1.41316 -12 6.76069
      vertex -1.5 75.268 6.77797
    endloop
  endfacet
  facet normal 0.195105 0 0.980782
    outer loop
      vertex -1.41316 -12 6.76069
      vertex -1.57352 75.2317 6.79259
      vertex -1.57352 -12 6.79259
    endloop
  endfacet
  facet normal -0.831469 0 0.555571
    outer loop
      vertex -0.258307 -12 7.23905
      vertex -0.167468 77 7.375
      vertex -0.258307 77 7.23905
    endloop
  endfacet
  facet normal -0.831469 0 0.555571
    outer loop
      vertex -0.167468 77 7.375
      vertex -0.258307 -12 7.23905
      vertex -0.167468 -12 7.375
    endloop
  endfacet
  facet normal -0.195093 0 -0.980785
    outer loop
      vertex -0.926476 -12 9.20741
      vertex -1.08579 75.5858 9.2391
      vertex -0.926476 75.7674 9.20741
    endloop
  endfacet
  facet normal -0.1951 -0 -0.980783
    outer loop
      vertex -1.08684 75.5849 9.23931
      vertex -0.926476 -12 9.20741
      vertex -1.08684 -12 9.23931
    endloop
  endfacet
  facet normal -0.196115 -1.9316e-06 -0.980581
    outer loop
      vertex -0.926476 -12 9.20741
      vertex -1.08684 75.5849 9.23931
      vertex -1.08579 75.5858 9.2391
    endloop
  endfacet
  facet normal 0.980782 0 0.195105
    outer loop
      vertex -2.45741 -12 7.67648
      vertex -2.48931 75.0007 7.83684
      vertex -2.48931 -12 7.83684
    endloop
  endfacet
  facet normal 0.980782 0 0.195105
    outer loop
      vertex -2.48931 75.0007 7.83684
      vertex -2.45741 -12 7.67648
      vertex -2.45741 75.0028 7.67648
    endloop
  endfacet
  facet normal 0.997861 -0 0.0653783
    outer loop
      vertex -2.5 -12 8
      vertex -2.48931 75.0007 7.83684
      vertex -2.5 75 8
    endloop
  endfacet
  facet normal 0.997861 0 0.0653783
    outer loop
      vertex -2.48931 75.0007 7.83684
      vertex -2.5 -12 8
      vertex -2.48931 -12 7.83684
    endloop
  endfacet
  facet normal -0.0653783 0 0.997861
    outer loop
      vertex -1.25 75.4418 6.75
      vertex -1.08684 -12 6.76069
      vertex -1.08684 75.5849 6.76069
    endloop
  endfacet
  facet normal -0.0653783 0 0.997861
    outer loop
      vertex -1.08684 -12 6.76069
      vertex -1.25 75.4418 6.75
      vertex -1.25 -12 6.75
    endloop
  endfacet
  facet normal -0.94693 0 -0.321441
    outer loop
      vertex -0.042592 -12 8.32352
      vertex -0.09515 77 8.47835
      vertex -0.042592 77 8.32352
    endloop
  endfacet
  facet normal -0.94693 -0 -0.321441
    outer loop
      vertex -0.09515 77 8.47835
      vertex -0.042592 -12 8.32352
      vertex -0.09515 -12 8.47835
    endloop
  endfacet
  facet normal 0.896872 0 -0.44229
    outer loop
      vertex -2.33253 -12 8.625
      vertex -2.40485 75.0062 8.47835
      vertex -2.33253 75.011 8.625
    endloop
  endfacet
  facet normal 0.896872 0 -0.44229
    outer loop
      vertex -2.40485 75.0062 8.47835
      vertex -2.33253 -12 8.625
      vertex -2.40485 -12 8.47835
    endloop
  endfacet
  facet normal -0.831469 0 -0.555571
    outer loop
      vertex -0.167468 -12 8.625
      vertex -0.258307 77 8.76095
      vertex -0.167468 77 8.625
    endloop
  endfacet
  facet normal -0.831469 -0 -0.555571
    outer loop
      vertex -0.258307 77 8.76095
      vertex -0.167468 -12 8.625
      vertex -0.258307 -12 8.76095
    endloop
  endfacet
  facet normal -0.555681 1.8561e-05 0.831396
    outer loop
      vertex -0.51711 76.7389 6.98956
      vertex -0.489048 77 7.00831
      vertex -0.5 77 7.00099
    endloop
  endfacet
  facet normal -0.555561 0 0.831475
    outer loop
      vertex -0.489048 77 7.00831
      vertex -0.51711 76.7389 6.98956
      vertex -0.489048 -12 7.00831
    endloop
  endfacet
  facet normal -0.555542 8.85332e-09 0.831488
    outer loop
      vertex -0.568148 76.4824 6.95546
      vertex -0.489048 -12 7.00831
      vertex -0.51711 76.7389 6.98956
    endloop
  endfacet
  facet normal -0.555597 -6.27753e-08 0.831451
    outer loop
      vertex -0.625 76.3149 6.91747
      vertex -0.489048 -12 7.00831
      vertex -0.568148 76.4824 6.95546
    endloop
  endfacet
  facet normal -0.555569 0 0.83147
    outer loop
      vertex -0.489048 -12 7.00831
      vertex -0.625 76.3149 6.91747
      vertex -0.625 -12 6.91747
    endloop
  endfacet
  facet normal 0.946926 0 0.321452
    outer loop
      vertex -2.40485 -12 7.52165
      vertex -2.45741 75.0028 7.67648
      vertex -2.45741 -12 7.67648
    endloop
  endfacet
  facet normal 0.946926 0 0.321452
    outer loop
      vertex -2.45741 75.0028 7.67648
      vertex -2.40485 -12 7.52165
      vertex -2.40485 75.0062 7.52165
    endloop
  endfacet
  facet normal 0.831466 0 -0.555575
    outer loop
      vertex -2.24169 -12 8.76095
      vertex -2.33253 75.011 8.625
      vertex -2.24169 75.0169 8.76095
    endloop
  endfacet
  facet normal 0.831466 0 -0.555575
    outer loop
      vertex -2.33253 75.011 8.625
      vertex -2.24169 -12 8.76095
      vertex -2.33253 -12 8.625
    endloop
  endfacet
  facet normal -0.555561 0 -0.831475
    outer loop
      vertex -0.51711 76.7389 9.01044
      vertex -0.489048 77 8.99169
      vertex -0.489048 -12 8.99169
    endloop
  endfacet
  facet normal -0.555681 1.8561e-05 -0.831396
    outer loop
      vertex -0.489048 77 8.99169
      vertex -0.51711 76.7389 9.01044
      vertex -0.5 77 8.99901
    endloop
  endfacet
  facet normal -0.555542 8.85332e-09 -0.831488
    outer loop
      vertex -0.489048 -12 8.99169
      vertex -0.568148 76.4824 9.04454
      vertex -0.51711 76.7389 9.01044
    endloop
  endfacet
  facet normal -0.555569 -0 -0.83147
    outer loop
      vertex -0.625 76.3149 9.08253
      vertex -0.489048 -12 8.99169
      vertex -0.625 -12 9.08253
    endloop
  endfacet
  facet normal -0.555597 -6.27753e-08 -0.831451
    outer loop
      vertex -0.489048 -12 8.99169
      vertex -0.625 76.3149 9.08253
      vertex -0.568148 76.4824 9.04454
    endloop
  endfacet
  facet normal 0.0654383 0 0.997857
    outer loop
      vertex -1.28248 75.4133 6.75213
      vertex -1.25 -12 6.75
      vertex -1.25 75.4418 6.75
    endloop
  endfacet
  facet normal 0.0653635 -2.79115e-08 0.997862
    outer loop
      vertex -1.41316 75.326 6.76069
      vertex -1.25 -12 6.75
      vertex -1.28248 75.4133 6.75213
    endloop
  endfacet
  facet normal 0.0653783 0 0.997861
    outer loop
      vertex -1.25 -12 6.75
      vertex -1.41316 75.326 6.76069
      vertex -1.41316 -12 6.76069
    endloop
  endfacet
  facet normal -0.195093 0 0.980785
    outer loop
      vertex -1.08579 75.5858 6.7609
      vertex -0.926476 -12 6.79259
      vertex -0.926476 75.7674 6.79259
    endloop
  endfacet
  facet normal -0.196115 -1.9316e-06 0.980581
    outer loop
      vertex -1.08684 75.5849 6.76069
      vertex -0.926476 -12 6.79259
      vertex -1.08579 75.5858 6.7609
    endloop
  endfacet
  facet normal -0.1951 0 0.980783
    outer loop
      vertex -0.926476 -12 6.79259
      vertex -1.08684 75.5849 6.76069
      vertex -1.08684 -12 6.76069
    endloop
  endfacet
  facet normal -0.751833 0 0.659354
    outer loop
      vertex -0.366116 -12 7.11612
      vertex -0.258307 77 7.23905
      vertex -0.366116 77 7.11612
    endloop
  endfacet
  facet normal -0.751833 0 0.659354
    outer loop
      vertex -0.258307 77 7.23905
      vertex -0.366116 -12 7.11612
      vertex -0.258307 -12 7.23905
    endloop
  endfacet
  facet normal 0.55554 0 0.83149
    outer loop
      vertex -1.98236 75.0681 6.9892
      vertex -1.875 -12 6.91747
      vertex -1.875 75.1046 6.91747
    endloop
  endfacet
  facet normal 0.555706 2.96807e-07 0.831379
    outer loop
      vertex -2.01095 75.0625 7.00831
      vertex -1.875 -12 6.91747
      vertex -1.98236 75.0681 6.9892
    endloop
  endfacet
  facet normal 0.555575 0 0.831466
    outer loop
      vertex -1.875 -12 6.91747
      vertex -2.01095 75.0625 7.00831
      vertex -2.01095 -12 7.00831
    endloop
  endfacet
  facet normal -0.94693 0 0.321441
    outer loop
      vertex -0.09515 -12 7.52165
      vertex -0.042592 77 7.67648
      vertex -0.09515 77 7.52165
    endloop
  endfacet
  facet normal -0.94693 0 0.321441
    outer loop
      vertex -0.042592 77 7.67648
      vertex -0.09515 -12 7.52165
      vertex -0.042592 -12 7.67648
    endloop
  endfacet
  facet normal 0.442639 0 -0.8967
    outer loop
      vertex -1.72835 -12 9.15485
      vertex -1.73463 75.1522 9.15175
      vertex -1.72835 75.1553 9.15485
    endloop
  endfacet
  facet normal 0.44229 0 -0.896872
    outer loop
      vertex -1.875 75.1046 9.08253
      vertex -1.72835 -12 9.15485
      vertex -1.875 -12 9.08253
    endloop
  endfacet
  facet normal 0.442274 -3.26529e-08 -0.89688
    outer loop
      vertex -1.72835 -12 9.15485
      vertex -1.875 75.1046 9.08253
      vertex -1.73463 75.1522 9.15175
    endloop
  endfacet
  facet normal 0.980782 0 -0.195105
    outer loop
      vertex -2.45741 -12 8.32352
      vertex -2.48931 75.0007 8.16316
      vertex -2.45741 75.0028 8.32352
    endloop
  endfacet
  facet normal 0.980782 0 -0.195105
    outer loop
      vertex -2.48931 75.0007 8.16316
      vertex -2.45741 -12 8.32352
      vertex -2.48931 -12 8.16316
    endloop
  endfacet
  facet normal 0.19516 0 -0.980771
    outer loop
      vertex -1.41316 -12 9.23931
      vertex -1.5 75.268 9.22203
      vertex -1.41316 75.326 9.23931
    endloop
  endfacet
  facet normal 0.195105 0 -0.980782
    outer loop
      vertex -1.57352 75.2317 9.20741
      vertex -1.41316 -12 9.23931
      vertex -1.57352 -12 9.20741
    endloop
  endfacet
  facet normal 0.195039 -1.26024e-07 -0.980796
    outer loop
      vertex -1.41316 -12 9.23931
      vertex -1.57352 75.2317 9.20741
      vertex -1.5 75.268 9.22203
    endloop
  endfacet
  facet normal 0.659357 0 -0.75183
    outer loop
      vertex -2.13388 75.038 8.88388
      vertex -2.01095 -12 8.99169
      vertex -2.13388 -12 8.88388
    endloop
  endfacet
  facet normal 0.659357 0 -0.75183
    outer loop
      vertex -2.01095 -12 8.99169
      vertex -2.13388 75.038 8.88388
      vertex -2.01095 75.0625 8.99169
    endloop
  endfacet
  facet normal 0.75183 0 0.659357
    outer loop
      vertex -2.13388 -12 7.11612
      vertex -2.24169 75.0169 7.23905
      vertex -2.24169 -12 7.23905
    endloop
  endfacet
  facet normal 0.752428 1.70464e-06 0.658675
    outer loop
      vertex -2.24169 75.0169 7.23905
      vertex -2.13388 -12 7.11612
      vertex -2.23895 75.0171 7.23592
    endloop
  endfacet
  facet normal 0.751814 0 0.659375
    outer loop
      vertex -2.23895 75.0171 7.23592
      vertex -2.13388 -12 7.11612
      vertex -2.13388 75.038 7.11612
    endloop
  endfacet
  facet normal 0.896872 0 0.44229
    outer loop
      vertex -2.33253 -12 7.375
      vertex -2.40485 75.0062 7.52165
      vertex -2.40485 -12 7.52165
    endloop
  endfacet
  facet normal 0.896872 0 0.44229
    outer loop
      vertex -2.40485 75.0062 7.52165
      vertex -2.33253 -12 7.375
      vertex -2.33253 75.011 7.375
    endloop
  endfacet
  facet normal -0.321884 0.946779 0
    outer loop
      vertex -1.875 75.1046 6.91747
      vertex -1.98236 75.0681 5.66683
      vertex -1.98236 75.0681 6.9892
    endloop
  endfacet
  facet normal -0.321172 0.947021 -6.81553e-05
    outer loop
      vertex -1.73463 75.1522 6.84825
      vertex -1.98236 75.0681 5.66683
      vertex -1.875 75.1046 6.91747
    endloop
  endfacet
  facet normal -0.321833 0.946796 8.64813e-05
    outer loop
      vertex -1.73463 75.1522 6.84825
      vertex -1.88411 75.1015 5.63348
      vertex -1.98236 75.0681 5.66683
    endloop
  endfacet
  facet normal -0.321203 0.94701 0
    outer loop
      vertex -1.88411 75.1015 5.63348
      vertex -1.73463 75.1522 6.84825
      vertex -1.73463 75.1522 5.60375
    endloop
  endfacet
  facet normal -0.321203 0.94701 0
    outer loop
      vertex -1.73463 75.1522 9.15175
      vertex -1.88411 75.1015 10.3665
      vertex -1.73463 75.1522 10.3962
    endloop
  endfacet
  facet normal -0.321833 0.946796 -8.64879e-05
    outer loop
      vertex -1.88411 75.1015 10.3665
      vertex -1.73463 75.1522 9.15175
      vertex -1.98236 75.0681 10.3332
    endloop
  endfacet
  facet normal -0.321172 0.947021 6.81537e-05
    outer loop
      vertex -1.875 75.1046 9.08253
      vertex -1.98236 75.0681 10.3332
      vertex -1.73463 75.1522 9.15175
    endloop
  endfacet
  facet normal -0.321884 0.946779 0
    outer loop
      vertex -1.98236 75.0681 10.3332
      vertex -1.875 75.1046 9.08253
      vertex -1.98236 75.0681 9.01079
    endloop
  endfacet
  facet normal -0.980773 0.195153 0
    outer loop
      vertex -0.568148 76.4824 6.95546
      vertex -0.51711 76.7389 5.66701
      vertex -0.568148 76.4824 5.64969
    endloop
  endfacet
  facet normal -0.980773 0.195153 0
    outer loop
      vertex -0.51711 76.7389 5.66701
      vertex -0.568148 76.4824 6.95546
      vertex -0.51711 76.7389 6.98956
    endloop
  endfacet
  facet normal -0.980773 0.195153 0
    outer loop
      vertex -0.568148 76.4824 9.04454
      vertex -0.51711 76.7389 10.333
      vertex -0.51711 76.7389 9.01044
    endloop
  endfacet
  facet normal -0.980773 0.195153 0
    outer loop
      vertex -0.51711 76.7389 10.333
      vertex -0.568148 76.4824 9.04454
      vertex -0.568148 76.4824 10.3503
    endloop
  endfacet
  facet normal -0.99786 0.0653902 0
    outer loop
      vertex -0.51711 76.7389 6.98956
      vertex -0.5 77 5.67282
      vertex -0.51711 76.7389 5.66701
    endloop
  endfacet
  facet normal -0.99786 0.0653902 0
    outer loop
      vertex -0.5 77 5.67282
      vertex -0.51711 76.7389 6.98956
      vertex -0.5 77 7.00099
    endloop
  endfacet
  facet normal -0.99786 0.0653902 0
    outer loop
      vertex -0.51711 76.7389 9.01044
      vertex -0.5 77 10.3272
      vertex -0.5 77 8.99901
    endloop
  endfacet
  facet normal -0.99786 0.0653902 0
    outer loop
      vertex -0.5 77 10.3272
      vertex -0.51711 76.7389 9.01044
      vertex -0.51711 76.7389 10.333
    endloop
  endfacet
  facet normal -0.555407 0.831579 0
    outer loop
      vertex -1.41316 75.326 6.76069
      vertex -1.5 75.268 5.56639
      vertex -1.5 75.268 6.77797
    endloop
  endfacet
  facet normal -0.555492 0.831522 8.97197e-06
    outer loop
      vertex -1.28248 75.4133 6.75213
      vertex -1.5 75.268 5.56639
      vertex -1.41316 75.326 6.76069
    endloop
  endfacet
  facet normal -0.555459 0.831544 0
    outer loop
      vertex -1.5 75.268 5.56639
      vertex -1.28248 75.4133 6.75213
      vertex -1.28248 75.4133 5.55213
    endloop
  endfacet
  facet normal -0.555459 0.831544 0
    outer loop
      vertex -1.28248 75.4133 9.24787
      vertex -1.5 75.268 10.4336
      vertex -1.28248 75.4133 10.4479
    endloop
  endfacet
  facet normal -0.555492 0.831522 -8.97204e-06
    outer loop
      vertex -1.41316 75.326 9.23931
      vertex -1.5 75.268 10.4336
      vertex -1.28248 75.4133 9.24787
    endloop
  endfacet
  facet normal -0.555407 0.831579 0
    outer loop
      vertex -1.5 75.268 10.4336
      vertex -1.41316 75.326 9.23931
      vertex -1.5 75.268 9.22203
    endloop
  endfacet
  facet normal -0.659378 0.751812 -1.30977e-05
    outer loop
      vertex -1.08684 75.5849 6.76069
      vertex -1.08579 75.5858 5.56076
      vertex -1.25 75.4418 6.75
    endloop
  endfacet
  facet normal -0.650791 0.759257 0
    outer loop
      vertex -1.08579 75.5858 5.56076
      vertex -1.08684 75.5849 6.76069
      vertex -1.08579 75.5858 6.7609
    endloop
  endfacet
  facet normal -0.659324 0.751859 0
    outer loop
      vertex -1.25 75.4418 5.55
      vertex -1.25 75.4418 6.75
      vertex -1.08579 75.5858 5.56076
    endloop
  endfacet
  facet normal -0.659553 0.751658 0
    outer loop
      vertex -1.28248 75.4133 5.55213
      vertex -1.25 75.4418 6.75
      vertex -1.25 75.4418 5.55
    endloop
  endfacet
  facet normal -0.659553 0.751658 0
    outer loop
      vertex -1.25 75.4418 6.75
      vertex -1.28248 75.4133 5.55213
      vertex -1.28248 75.4133 6.75213
    endloop
  endfacet
  facet normal -0.659378 0.751812 1.30982e-05
    outer loop
      vertex -1.08579 75.5858 10.4392
      vertex -1.08684 75.5849 9.23931
      vertex -1.25 75.4418 9.25
    endloop
  endfacet
  facet normal -0.650791 0.759257 0
    outer loop
      vertex -1.08684 75.5849 9.23931
      vertex -1.08579 75.5858 10.4392
      vertex -1.08579 75.5858 9.2391
    endloop
  endfacet
  facet normal -0.659324 0.751859 0
    outer loop
      vertex -1.25 75.4418 9.25
      vertex -1.25 75.4418 10.45
      vertex -1.08579 75.5858 10.4392
    endloop
  endfacet
  facet normal -0.659553 0.751658 0
    outer loop
      vertex -1.25 75.4418 10.45
      vertex -1.25 75.4418 9.25
      vertex -1.28248 75.4133 10.4479
    endloop
  endfacet
  facet normal -0.659553 0.751658 0
    outer loop
      vertex -1.28248 75.4133 10.4479
      vertex -1.25 75.4418 9.25
      vertex -1.28248 75.4133 9.24787
    endloop
  endfacet
  facet normal -0.946965 0.321336 -4.83654e-06
    outer loop
      vertex -0.652241 76.2346 6.90403
      vertex -0.568148 76.4824 5.64969
      vertex -0.615892 76.3417 5.63348
    endloop
  endfacet
  facet normal -0.946941 0.321406 0
    outer loop
      vertex -0.568148 76.4824 5.64969
      vertex -0.625 76.3149 6.91747
      vertex -0.568148 76.4824 6.95546
    endloop
  endfacet
  facet normal -0.946948 0.321388 0
    outer loop
      vertex -0.652241 76.2346 6.90403
      vertex -0.615892 76.3417 5.63348
      vertex -0.652241 76.2346 5.62625
    endloop
  endfacet
  facet normal -0.946991 0.321261 -2.137e-05
    outer loop
      vertex -0.568148 76.4824 5.64969
      vertex -0.652241 76.2346 6.90403
      vertex -0.625 76.3149 6.91747
    endloop
  endfacet
  facet normal -0.946941 0.321406 0
    outer loop
      vertex -0.625 76.3149 9.08253
      vertex -0.568148 76.4824 10.3503
      vertex -0.568148 76.4824 9.04454
    endloop
  endfacet
  facet normal -0.946991 0.321261 2.13705e-05
    outer loop
      vertex -0.652241 76.2346 9.09596
      vertex -0.568148 76.4824 10.3503
      vertex -0.625 76.3149 9.08253
    endloop
  endfacet
  facet normal -0.946965 0.321336 4.83661e-06
    outer loop
      vertex -0.568148 76.4824 10.3503
      vertex -0.652241 76.2346 9.09596
      vertex -0.615892 76.3417 10.3665
    endloop
  endfacet
  facet normal -0.946948 0.321388 0
    outer loop
      vertex -0.615892 76.3417 10.3665
      vertex -0.652241 76.2346 9.09596
      vertex -0.652241 76.2346 10.3737
    endloop
  endfacet
  facet normal -0.195093 0.980785 0
    outer loop
      vertex -2.13388 75.038 7.11612
      vertex -2.23895 75.0171 5.76183
      vertex -2.23895 75.0171 7.23592
    endloop
  endfacet
  facet normal -0.195433 0.980717 2.74563e-05
    outer loop
      vertex -2.01095 75.0625 7.00831
      vertex -2.23895 75.0171 5.76183
      vertex -2.13388 75.038 7.11612
    endloop
  endfacet
  facet normal -0.192555 0.981286 -0.000519817
    outer loop
      vertex -1.98236 75.0681 6.9892
      vertex -2.23895 75.0171 5.76183
      vertex -2.01095 75.0625 7.00831
    endloop
  endfacet
  facet normal -0.194742 0.980854 -4.45858e-05
    outer loop
      vertex -1.98236 75.0681 6.9892
      vertex -2.18757 75.0273 5.7365
      vertex -2.23895 75.0171 5.76183
    endloop
  endfacet
  facet normal -0.195004 0.980802 0
    outer loop
      vertex -2.18757 75.0273 5.7365
      vertex -1.98236 75.0681 6.9892
      vertex -1.98236 75.0681 5.66683
    endloop
  endfacet
  facet normal -0.195004 0.980802 0
    outer loop
      vertex -1.98236 75.0681 9.01079
      vertex -2.18757 75.0273 10.2635
      vertex -1.98236 75.0681 10.3332
    endloop
  endfacet
  facet normal -0.194742 0.980855 4.45894e-05
    outer loop
      vertex -2.18757 75.0273 10.2635
      vertex -1.98236 75.0681 9.01079
      vertex -2.23895 75.0171 10.2382
    endloop
  endfacet
  facet normal -0.192554 0.981286 0.000519835
    outer loop
      vertex -2.01095 75.0625 8.99169
      vertex -2.23895 75.0171 10.2382
      vertex -1.98236 75.0681 9.01079
    endloop
  endfacet
  facet normal -0.195433 0.980717 -2.74557e-05
    outer loop
      vertex -2.13388 75.038 8.88388
      vertex -2.23895 75.0171 10.2382
      vertex -2.01095 75.0625 8.99169
    endloop
  endfacet
  facet normal -0.195093 0.980785 0
    outer loop
      vertex -2.23895 75.0171 10.2382
      vertex -2.13388 75.038 8.88388
      vertex -2.23895 75.0171 8.76408
    endloop
  endfacet
  facet normal 0.195199 0.980764 -0.000286657
    outer loop
      vertex -2.76105 75.0171 9.92654
      vertex -3.01764 75.0681 9.69224
      vertex -2.98241 75.0611 9.73241
    endloop
  endfacet
  facet normal 0.194947 0.980814 0
    outer loop
      vertex -2.76105 75.0171 9.92654
      vertex -3.01764 75.0681 6.30776
      vertex -3.01764 75.0681 9.69224
    endloop
  endfacet
  facet normal 0.194947 0.980814 -0
    outer loop
      vertex -2.76105 75.0171 6.07346
      vertex -3.01764 75.0681 6.30776
      vertex -2.76105 75.0171 9.92654
    endloop
  endfacet
  facet normal 0.195199 0.980764 0.000286657
    outer loop
      vertex -3.01764 75.0681 6.30776
      vertex -2.76105 75.0171 6.07346
      vertex -2.98241 75.0611 6.26759
    endloop
  endfacet
  facet normal -0.896848 0.442338 0
    outer loop
      vertex -0.767949 76 6.84697
      vertex -0.652241 76.2346 5.62625
      vertex -0.767949 76 5.60324
    endloop
  endfacet
  facet normal -0.896848 0.442338 0
    outer loop
      vertex -0.652241 76.2346 5.62625
      vertex -0.767949 76 6.84697
      vertex -0.652241 76.2346 6.90403
    endloop
  endfacet
  facet normal -0.896848 0.442338 0
    outer loop
      vertex -0.767949 76 9.15303
      vertex -0.652241 76.2346 10.3737
      vertex -0.652241 76.2346 9.09596
    endloop
  endfacet
  facet normal -0.896848 0.442338 0
    outer loop
      vertex -0.652241 76.2346 10.3737
      vertex -0.767949 76 9.15303
      vertex -0.767949 76 10.3968
    endloop
  endfacet
  facet normal -0.0655229 0.997851 0
    outer loop
      vertex -2.23895 75.0171 8.76408
      vertex -2.475 75.0016 10.1218
      vertex -2.23895 75.0171 10.2382
    endloop
  endfacet
  facet normal -0.0640414 0.997947 0.000258673
    outer loop
      vertex -2.475 75.0016 10.1218
      vertex -2.23895 75.0171 8.76408
      vertex -2.5 75 10.1051
    endloop
  endfacet
  facet normal -0.0714474 0.997444 -0.00118943
    outer loop
      vertex -2.24169 75.0169 8.76095
      vertex -2.5 75 10.1051
      vertex -2.23895 75.0171 8.76408
    endloop
  endfacet
  facet normal -0.0649184 0.997891 7.08781e-05
    outer loop
      vertex -2.33253 75.011 8.625
      vertex -2.5 75 10.1051
      vertex -2.24169 75.0169 8.76095
    endloop
  endfacet
  facet normal -0.0660984 0.997813 -6.32048e-05
    outer loop
      vertex -2.40485 75.0062 8.47835
      vertex -2.5 75 10.1051
      vertex -2.33253 75.011 8.625
    endloop
  endfacet
  facet normal -0.064622 0.99791 2.35156e-05
    outer loop
      vertex -2.45741 75.0028 8.32352
      vertex -2.5 75 10.1051
      vertex -2.40485 75.0062 8.47835
    endloop
  endfacet
  facet normal -0.0656792 0.997841 -1.86521e-06
    outer loop
      vertex -2.48931 75.0007 8.16316
      vertex -2.5 75 10.1051
      vertex -2.45741 75.0028 8.32352
    endloop
  endfacet
  facet normal -0.0653418 0.997863 0
    outer loop
      vertex -2.5 75 10.1051
      vertex -2.48931 75.0007 8.16316
      vertex -2.5 75 8
    endloop
  endfacet
  facet normal -0.0653418 0.997863 0
    outer loop
      vertex -2.48931 75.0007 7.83684
      vertex -2.5 75 5.89494
      vertex -2.5 75 8
    endloop
  endfacet
  facet normal -0.0656792 0.997841 1.86524e-06
    outer loop
      vertex -2.45741 75.0028 7.67648
      vertex -2.5 75 5.89494
      vertex -2.48931 75.0007 7.83684
    endloop
  endfacet
  facet normal -0.064622 0.99791 -2.35161e-05
    outer loop
      vertex -2.40485 75.0062 7.52165
      vertex -2.5 75 5.89494
      vertex -2.45741 75.0028 7.67648
    endloop
  endfacet
  facet normal -0.0660984 0.997813 6.32062e-05
    outer loop
      vertex -2.33253 75.011 7.375
      vertex -2.5 75 5.89494
      vertex -2.40485 75.0062 7.52165
    endloop
  endfacet
  facet normal -0.0649184 0.997891 -7.08797e-05
    outer loop
      vertex -2.24169 75.0169 7.23905
      vertex -2.5 75 5.89494
      vertex -2.33253 75.011 7.375
    endloop
  endfacet
  facet normal -0.0714473 0.997444 0.00118946
    outer loop
      vertex -2.23895 75.0171 7.23592
      vertex -2.5 75 5.89494
      vertex -2.24169 75.0169 7.23905
    endloop
  endfacet
  facet normal -0.0640414 0.997947 -0.00025868
    outer loop
      vertex -2.23895 75.0171 7.23592
      vertex -2.475 75.0016 5.87824
      vertex -2.5 75 5.89494
    endloop
  endfacet
  facet normal -0.0655229 0.997851 0
    outer loop
      vertex -2.475 75.0016 5.87824
      vertex -2.23895 75.0171 7.23592
      vertex -2.23895 75.0171 5.76183
    endloop
  endfacet
  facet normal -0.442639 0.8967 0
    outer loop
      vertex -1.72835 75.1553 6.84515
      vertex -1.73463 75.1522 5.60375
      vertex -1.73463 75.1522 6.84825
    endloop
  endfacet
  facet normal -0.442505 0.896766 -8.43035e-07
    outer loop
      vertex -1.57352 75.2317 6.79259
      vertex -1.73463 75.1522 5.60375
      vertex -1.72835 75.1553 6.84515
    endloop
  endfacet
  facet normal -0.442714 0.896663 3.44943e-05
    outer loop
      vertex -1.5 75.268 6.77797
      vertex -1.73463 75.1522 5.60375
      vertex -1.57352 75.2317 6.79259
    endloop
  endfacet
  facet normal -0.442341 0.896847 -5.81686e-05
    outer loop
      vertex -1.5 75.268 6.77797
      vertex -1.56979 75.2335 5.57096
      vertex -1.73463 75.1522 5.60375
    endloop
  endfacet
  facet normal -0.44315 0.896447 0
    outer loop
      vertex -1.56979 75.2335 5.57096
      vertex -1.5 75.268 6.77797
      vertex -1.5 75.268 5.56639
    endloop
  endfacet
  facet normal -0.44315 0.896447 0
    outer loop
      vertex -1.5 75.268 9.22203
      vertex -1.56979 75.2335 10.429
      vertex -1.5 75.268 10.4336
    endloop
  endfacet
  facet normal -0.442341 0.896847 5.81703e-05
    outer loop
      vertex -1.56979 75.2335 10.429
      vertex -1.5 75.268 9.22203
      vertex -1.73463 75.1522 10.3962
    endloop
  endfacet
  facet normal -0.442714 0.896663 -3.44958e-05
    outer loop
      vertex -1.57352 75.2317 9.20741
      vertex -1.73463 75.1522 10.3962
      vertex -1.5 75.268 9.22203
    endloop
  endfacet
  facet normal -0.442505 0.896766 8.43069e-07
    outer loop
      vertex -1.72835 75.1553 9.15485
      vertex -1.73463 75.1522 10.3962
      vertex -1.57352 75.2317 9.20741
    endloop
  endfacet
  facet normal -0.442639 0.8967 0
    outer loop
      vertex -1.73463 75.1522 10.3962
      vertex -1.72835 75.1553 9.15485
      vertex -1.73463 75.1522 9.15175
    endloop
  endfacet
  facet normal -0.829932 0.557865 0
    outer loop
      vertex -0.767949 76 5.60324
      vertex -0.771646 75.9945 6.84515
      vertex -0.767949 76 6.84697
    endloop
  endfacet
  facet normal -0.831443 0.55561 0
    outer loop
      vertex -0.913293 75.7825 6.79707
      vertex -0.767949 76 5.60324
      vertex -0.913293 75.7825 5.57433
    endloop
  endfacet
  facet normal -0.831481 0.555554 -1.48455e-05
    outer loop
      vertex -0.767949 76 5.60324
      vertex -0.913293 75.7825 6.79707
      vertex -0.771646 75.9945 6.84515
    endloop
  endfacet
  facet normal -0.829932 0.557865 0
    outer loop
      vertex -0.771646 75.9945 9.15485
      vertex -0.767949 76 10.3968
      vertex -0.767949 76 9.15303
    endloop
  endfacet
  facet normal -0.831481 0.555554 1.48451e-05
    outer loop
      vertex -0.913293 75.7825 9.20293
      vertex -0.767949 76 10.3968
      vertex -0.771646 75.9945 9.15485
    endloop
  endfacet
  facet normal -0.831443 0.55561 0
    outer loop
      vertex -0.767949 76 10.3968
      vertex -0.913293 75.7825 9.20293
      vertex -0.913293 75.7825 10.4257
    endloop
  endfacet
  facet normal 0.0623494 0.998045 0.00442565
    outer loop
      vertex -2.5 75 10.1051
      vertex -2.76105 75.0171 9.92654
      vertex -2.74146 75.0158 9.94372
    endloop
  endfacet
  facet normal 0.0653646 0.997861 -0
    outer loop
      vertex -2.5 75 8
      vertex -2.76105 75.0171 9.92654
      vertex -2.5 75 10.1051
    endloop
  endfacet
  facet normal 0.0653646 0.997861 0
    outer loop
      vertex -2.5 75 8
      vertex -2.76105 75.0171 6.07346
      vertex -2.76105 75.0171 9.92654
    endloop
  endfacet
  facet normal 0.0661245 0.997811 -0.000103407
    outer loop
      vertex -2.5 75 8
      vertex -2.74146 75.0158 6.05628
      vertex -2.76105 75.0171 6.07346
    endloop
  endfacet
  facet normal 0.0652956 0.997866 0
    outer loop
      vertex -2.74146 75.0158 6.05628
      vertex -2.5 75 8
      vertex -2.5 75 5.89494
    endloop
  endfacet
  facet normal 0.44224 0.896897 0.000233569
    outer loop
      vertex -3.26537 75.1522 9.38423
      vertex -3.5 75.268 8.96496
      vertex -3.37176 75.2047 9.225
    endloop
  endfacet
  facet normal 0.442575 0.896731 0
    outer loop
      vertex -3.26537 75.1522 9.38423
      vertex -3.5 75.268 7.03504
      vertex -3.5 75.268 8.96496
    endloop
  endfacet
  facet normal 0.442575 0.896731 -0
    outer loop
      vertex -3.26537 75.1522 6.61577
      vertex -3.5 75.268 7.03504
      vertex -3.26537 75.1522 9.38423
    endloop
  endfacet
  facet normal 0.44224 0.896897 -0.000233569
    outer loop
      vertex -3.5 75.268 7.03504
      vertex -3.26537 75.1522 6.61577
      vertex -3.37176 75.2047 6.775
    endloop
  endfacet
  facet normal 0.322854 0.946448 -0.00124771
    outer loop
      vertex -3.01764 75.0681 9.69224
      vertex -3.26537 75.1522 9.38423
      vertex -3.19372 75.1279 9.49146
    endloop
  endfacet
  facet normal 0.321463 0.946922 0
    outer loop
      vertex -3.01764 75.0681 9.69224
      vertex -3.26537 75.1522 6.61577
      vertex -3.26537 75.1522 9.38423
    endloop
  endfacet
  facet normal 0.321463 0.946922 -0
    outer loop
      vertex -3.01764 75.0681 6.30776
      vertex -3.26537 75.1522 6.61577
      vertex -3.01764 75.0681 9.69224
    endloop
  endfacet
  facet normal 0.322853 0.946448 0.00124702
    outer loop
      vertex -3.26537 75.1522 6.61577
      vertex -3.01764 75.0681 6.30776
      vertex -3.19372 75.1279 6.50853
    endloop
  endfacet
  facet normal 0.553212 0.83304 0.00105846
    outer loop
      vertex -3.5 75.268 8.96496
      vertex -3.61652 75.3458 8.63411
      vertex -3.5135 75.277 8.93757
    endloop
  endfacet
  facet normal 0.554628 0.832098 0.000338272
    outer loop
      vertex -3.5 75.268 8.96496
      vertex -3.67904 75.3876 8.31979
      vertex -3.61652 75.3458 8.63411
    endloop
  endfacet
  facet normal 0.555484 0.831527 -4.86758e-06
    outer loop
      vertex -3.5 75.268 8.96496
      vertex -3.7 75.4016 8
      vertex -3.67904 75.3876 8.31979
    endloop
  endfacet
  facet normal 0.555459 0.831544 2.5287e-06
    outer loop
      vertex -3.5 75.268 8.96496
      vertex -3.67904 75.3876 7.68021
      vertex -3.7 75.4016 8
    endloop
  endfacet
  facet normal 0.555667 0.831405 -3.94404e-05
    outer loop
      vertex -3.5 75.268 8.96496
      vertex -3.61652 75.3458 7.36589
      vertex -3.67904 75.3876 7.68021
    endloop
  endfacet
  facet normal 0.555293 0.831655 -0
    outer loop
      vertex -3.5 75.268 7.03504
      vertex -3.61652 75.3458 7.36589
      vertex -3.5 75.268 8.96496
    endloop
  endfacet
  facet normal 0.553214 0.833038 -0.00105749
    outer loop
      vertex -3.61652 75.3458 7.36589
      vertex -3.5 75.268 7.03504
      vertex -3.5135 75.277 7.06242
    endloop
  endfacet
  facet normal -0.753306 0.657671 0
    outer loop
      vertex -0.913293 75.7825 5.57433
      vertex -0.926476 75.7674 6.79259
      vertex -0.913293 75.7825 6.79707
    endloop
  endfacet
  facet normal -0.752002 0.65916 -5.16426e-05
    outer loop
      vertex -1.08579 75.5858 6.7609
      vertex -0.913293 75.7825 5.57433
      vertex -0.93021 75.7632 5.57096
    endloop
  endfacet
  facet normal -0.751831 0.659356 0
    outer loop
      vertex -1.08579 75.5858 6.7609
      vertex -0.93021 75.7632 5.57096
      vertex -1.08579 75.5858 5.56076
    endloop
  endfacet
  facet normal -0.75173 0.659471 3.93593e-05
    outer loop
      vertex -0.913293 75.7825 5.57433
      vertex -1.08579 75.5858 6.7609
      vertex -0.926476 75.7674 6.79259
    endloop
  endfacet
  facet normal -0.753306 0.657671 0
    outer loop
      vertex -0.926476 75.7674 9.20741
      vertex -0.913293 75.7825 10.4257
      vertex -0.913293 75.7825 9.20293
    endloop
  endfacet
  facet normal -0.75173 0.659471 -3.93584e-05
    outer loop
      vertex -1.08579 75.5858 9.2391
      vertex -0.913293 75.7825 10.4257
      vertex -0.926476 75.7674 9.20741
    endloop
  endfacet
  facet normal -0.752002 0.65916 5.16715e-05
    outer loop
      vertex -0.913293 75.7825 10.4257
      vertex -1.08579 75.5858 9.2391
      vertex -0.93021 75.7632 10.429
    endloop
  endfacet
  facet normal -0.751831 0.659356 0
    outer loop
      vertex -0.93021 75.7632 10.429
      vertex -1.08579 75.5858 9.2391
      vertex -1.08579 75.5858 10.4392
    endloop
  endfacet
endsolid OpenSCAD_Model
