solid OpenSCAD_Model
  facet normal 0 0 -1
    outer loop
      vertex 1.79999 48.9559 0
      vertex 6.63602 49.4235 0
      vertex 1.79999 48.1277 0
    endloop
  endfacet
  facet normal -0 0 -1
    outer loop
      vertex 6.63602 49.4235 0
      vertex 1.79999 48.9559 0
      vertex 6.50194 50.2158 0
    endloop
  endfacet
  facet normal 0 0 -1
    outer loop
      vertex 1.79999 42.0809 0
      vertex 7.74902 42.8467 0
      vertex 1.79999 41.2527 0
    endloop
  endfacet
  facet normal -0 0 -1
    outer loop
      vertex 7.74902 42.8467 0
      vertex 1.79999 42.0809 0
      vertex 7.61493 43.639 0
    endloop
  endfacet
  facet normal 0 0 -1
    outer loop
      vertex 1.79999 35.2059 0
      vertex 8.86201 36.2699 0
      vertex 1.79999 34.3777 0
    endloop
  endfacet
  facet normal -0 0 -1
    outer loop
      vertex 8.86201 36.2699 0
      vertex 1.79999 35.2059 0
      vertex 8.72794 37.0622 0
    endloop
  endfacet
  facet normal 0 0 -1
    outer loop
      vertex 9.64207 -8.56001 0
      vertex 16 -12 0
      vertex 9.68546 -8.7781 0
    endloop
  endfacet
  facet normal 0 0 -1
    outer loop
      vertex 16 -12 0
      vertex 9.68546 -3.82189 0
      vertex 9.7 -3.6 0
    endloop
  endfacet
  facet normal 0 0 -1
    outer loop
      vertex 9.57059 -8.34944 0
      vertex 16 -12 0
      vertex 9.64207 -8.56001 0
    endloop
  endfacet
  facet normal 0 0 -1
    outer loop
      vertex 16 -12 0
      vertex 9.64207 -4.03999 0
      vertex 9.68546 -3.82189 0
    endloop
  endfacet
  facet normal 0 0 -1
    outer loop
      vertex 9.57059 -4.25056 0
      vertex 16 -12 0
      vertex 9.57059 -8.34944 0
    endloop
  endfacet
  facet normal 0 0 -1
    outer loop
      vertex 16 -12 0
      vertex 9.57059 -4.25056 0
      vertex 9.64207 -4.03999 0
    endloop
  endfacet
  facet normal 0 0 -1
    outer loop
      vertex 9.47224 -8.15 0
      vertex 9.57059 -4.25056 0
      vertex 9.57059 -8.34944 0
    endloop
  endfacet
  facet normal 0 0 -1
    outer loop
      vertex 9.47224 -8.15 0
      vertex 9.47224 -4.45 0
      vertex 9.57059 -4.25056 0
    endloop
  endfacet
  facet normal 0 0 -1
    outer loop
      vertex 9.3487 -7.96511 0
      vertex 9.47224 -4.45 0
      vertex 9.47224 -8.15 0
    endloop
  endfacet
  facet normal 0 0 -1
    outer loop
      vertex 9.3487 -7.96511 0
      vertex 9.3487 -4.63489 0
      vertex 9.47224 -4.45 0
    endloop
  endfacet
  facet normal 0 0 -1
    outer loop
      vertex 9.20208 -7.79792 0
      vertex 9.3487 -4.63489 0
      vertex 9.3487 -7.96511 0
    endloop
  endfacet
  facet normal 0 0 -1
    outer loop
      vertex 9.20208 -7.79792 0
      vertex 9.20208 -4.80208 0
      vertex 9.3487 -4.63489 0
    endloop
  endfacet
  facet normal 0 0 -1
    outer loop
      vertex 9.03489 -7.6513 0
      vertex 9.20208 -4.80208 0
      vertex 9.20208 -7.79792 0
    endloop
  endfacet
  facet normal 0 0 -1
    outer loop
      vertex 9.03489 -7.6513 0
      vertex 9.03489 -4.9487 0
      vertex 9.20208 -4.80208 0
    endloop
  endfacet
  facet normal 0 0 -1
    outer loop
      vertex 8.85 -7.52776 0
      vertex 9.03489 -4.9487 0
      vertex 9.03489 -7.6513 0
    endloop
  endfacet
  facet normal 0 0 -1
    outer loop
      vertex 8.85 -7.52776 0
      vertex 8.85 -5.07224 0
      vertex 9.03489 -4.9487 0
    endloop
  endfacet
  facet normal 0 0 -1
    outer loop
      vertex 8.65056 -7.4294 0
      vertex 8.85 -5.07224 0
      vertex 8.85 -7.52776 0
    endloop
  endfacet
  facet normal 0 0 -1
    outer loop
      vertex 8.65056 -7.4294 0
      vertex 8.65056 -5.1706 0
      vertex 8.85 -5.07224 0
    endloop
  endfacet
  facet normal 0 0 -1
    outer loop
      vertex 8.43999 -7.35793 0
      vertex 8.65056 -5.1706 0
      vertex 8.65056 -7.4294 0
    endloop
  endfacet
  facet normal 0 0 -1
    outer loop
      vertex 8.43999 -7.35793 0
      vertex 8.43999 -5.24207 0
      vertex 8.65056 -5.1706 0
    endloop
  endfacet
  facet normal 0 0 -1
    outer loop
      vertex 8.22189 -7.31454 0
      vertex 8.43999 -5.24207 0
      vertex 8.43999 -7.35793 0
    endloop
  endfacet
  facet normal 0 0 -1
    outer loop
      vertex 8.22189 -7.31454 0
      vertex 8.22189 -5.28546 0
      vertex 8.43999 -5.24207 0
    endloop
  endfacet
  facet normal 0 0 -1
    outer loop
      vertex 8 -7.3 0
      vertex 8.22189 -5.28546 0
      vertex 8.22189 -7.31454 0
    endloop
  endfacet
  facet normal 0 0 -1
    outer loop
      vertex 8 -7.3 0
      vertex 8 -5.3 0
      vertex 8.22189 -5.28546 0
    endloop
  endfacet
  facet normal 0 0 -1
    outer loop
      vertex 7.7781 -7.31454 0
      vertex 8 -5.3 0
      vertex 8 -7.3 0
    endloop
  endfacet
  facet normal 0 0 -1
    outer loop
      vertex 7.7781 -7.31454 0
      vertex 7.7781 -5.28546 0
      vertex 8 -5.3 0
    endloop
  endfacet
  facet normal 0 0 -1
    outer loop
      vertex 7.56001 -7.35793 0
      vertex 7.7781 -5.28546 0
      vertex 7.7781 -7.31454 0
    endloop
  endfacet
  facet normal 0 0 -1
    outer loop
      vertex 7.56001 -7.35793 0
      vertex 7.56001 -5.24207 0
      vertex 7.7781 -5.28546 0
    endloop
  endfacet
  facet normal 0 0 -1
    outer loop
      vertex 7.34944 -7.4294 0
      vertex 7.56001 -5.24207 0
      vertex 7.56001 -7.35793 0
    endloop
  endfacet
  facet normal 0 0 -1
    outer loop
      vertex 7.34944 -7.4294 0
      vertex 7.34944 -5.1706 0
      vertex 7.56001 -5.24207 0
    endloop
  endfacet
  facet normal 0 0 -1
    outer loop
      vertex 7.15 -7.52776 0
      vertex 7.34944 -5.1706 0
      vertex 7.34944 -7.4294 0
    endloop
  endfacet
  facet normal 0 0 -1
    outer loop
      vertex 7.15 -7.52776 0
      vertex 7.15 -5.07224 0
      vertex 7.34944 -5.1706 0
    endloop
  endfacet
  facet normal 0 0 -1
    outer loop
      vertex 6.96511 -7.6513 0
      vertex 7.15 -5.07224 0
      vertex 7.15 -7.52776 0
    endloop
  endfacet
  facet normal 0 0 -1
    outer loop
      vertex 6.96511 -7.6513 0
      vertex 6.96511 -4.9487 0
      vertex 7.15 -5.07224 0
    endloop
  endfacet
  facet normal 0 0 -1
    outer loop
      vertex 6.79792 -7.79792 0
      vertex 6.96511 -4.9487 0
      vertex 6.96511 -7.6513 0
    endloop
  endfacet
  facet normal 0 0 -1
    outer loop
      vertex 6.79792 -7.79792 0
      vertex 6.79792 -4.80208 0
      vertex 6.96511 -4.9487 0
    endloop
  endfacet
  facet normal 0 0 -1
    outer loop
      vertex 6.6513 -7.96511 0
      vertex 6.79792 -4.80208 0
      vertex 6.79792 -7.79792 0
    endloop
  endfacet
  facet normal 0 0 -1
    outer loop
      vertex 6.6513 -7.96511 0
      vertex 6.6513 -4.63489 0
      vertex 6.79792 -4.80208 0
    endloop
  endfacet
  facet normal 0 0 -1
    outer loop
      vertex 6.52776 -8.15 0
      vertex 6.6513 -4.63489 0
      vertex 6.6513 -7.96511 0
    endloop
  endfacet
  facet normal 0 0 -1
    outer loop
      vertex 6.52776 -8.15 0
      vertex 6.52776 -4.45 0
      vertex 6.6513 -4.63489 0
    endloop
  endfacet
  facet normal 0 0 -1
    outer loop
      vertex 6.4294 -8.34944 0
      vertex 6.52776 -4.45 0
      vertex 6.52776 -8.15 0
    endloop
  endfacet
  facet normal 0 0 -1
    outer loop
      vertex 6.4294 -8.34944 0
      vertex 6.4294 -4.25056 0
      vertex 6.52776 -4.45 0
    endloop
  endfacet
  facet normal 0 0 -1
    outer loop
      vertex 0 -12 0
      vertex 6.4294 -8.34944 0
      vertex 6.35793 -8.56001 0
    endloop
  endfacet
  facet normal -0 0 -1
    outer loop
      vertex 6.4294 -8.34944 0
      vertex 0 -12 0
      vertex 6.4294 -4.25056 0
    endloop
  endfacet
  facet normal 0 0 -1
    outer loop
      vertex 0 -12 0
      vertex 6.35793 -8.56001 0
      vertex 6.31454 -8.7781 0
    endloop
  endfacet
  facet normal -0 0 -1
    outer loop
      vertex 6.4294 -4.25056 0
      vertex 0 -12 0
      vertex 6.35793 -4.03999 0
    endloop
  endfacet
  facet normal 0 0 -1
    outer loop
      vertex 0 -12 0
      vertex 6.31454 -8.7781 0
      vertex 6.3 -9 0
    endloop
  endfacet
  facet normal 0 -0 -1
    outer loop
      vertex 1.79999 0.00999451 0
      vertex 6.35793 -4.03999 0
      vertex 0 -12 0
    endloop
  endfacet
  facet normal 0 0 -1
    outer loop
      vertex 1.79999 28.3309 0
      vertex 9.97501 29.6932 0
      vertex 1.79999 27.5027 0
    endloop
  endfacet
  facet normal -0 0 -1
    outer loop
      vertex 9.97501 29.6932 0
      vertex 1.79999 28.3309 0
      vertex 9.84093 30.4855 0
    endloop
  endfacet
  facet normal 0 0 -1
    outer loop
      vertex 1.79999 21.4559 0
      vertex 11.088 23.1164 0
      vertex 1.79999 20.6277 0
    endloop
  endfacet
  facet normal -0 0 -1
    outer loop
      vertex 11.088 23.1164 0
      vertex 1.79999 21.4559 0
      vertex 10.9539 23.9087 0
    endloop
  endfacet
  facet normal 0 0 -1
    outer loop
      vertex 1.79999 14.5809 0
      vertex 12.201 16.5396 0
      vertex 1.79999 13.7527 0
    endloop
  endfacet
  facet normal -0 0 -1
    outer loop
      vertex 12.201 16.5396 0
      vertex 1.79999 14.5809 0
      vertex 12.0669 17.3319 0
    endloop
  endfacet
  facet normal 0 0 -1
    outer loop
      vertex 1.79999 7.7059 0
      vertex 13.314 9.96284 0
      vertex 1.79999 6.87769 0
    endloop
  endfacet
  facet normal -0 0 -1
    outer loop
      vertex 13.314 9.96284 0
      vertex 1.79999 7.7059 0
      vertex 13.1799 10.7551 0
    endloop
  endfacet
  facet normal 0 0 -1
    outer loop
      vertex 16 -12 0
      vertex 15.9983 0.00999451 0
      vertex 16 0.00999451 0
    endloop
  endfacet
  facet normal 0 0 -1
    outer loop
      vertex 16 -12 0
      vertex 14.9983 0.00999451 0
      vertex 15.9983 0.00999451 0
    endloop
  endfacet
  facet normal 0 0 -1
    outer loop
      vertex 9.68546 -8.7781 0
      vertex 16 -12 0
      vertex 9.7 -9 0
    endloop
  endfacet
  facet normal 0 0 -1
    outer loop
      vertex 16 -12 0
      vertex 9.68546 -9.22189 0
      vertex 9.7 -9 0
    endloop
  endfacet
  facet normal 0 0 -1
    outer loop
      vertex 16 -12 0
      vertex 9.64207 -9.43999 0
      vertex 9.68546 -9.22189 0
    endloop
  endfacet
  facet normal 0 0 -1
    outer loop
      vertex 16 -12 0
      vertex 9.57059 -9.65056 0
      vertex 9.64207 -9.43999 0
    endloop
  endfacet
  facet normal 0 0 -1
    outer loop
      vertex 16 -12 0
      vertex 9.47224 -9.85 0
      vertex 9.57059 -9.65056 0
    endloop
  endfacet
  facet normal 0 0 -1
    outer loop
      vertex 16 -12 0
      vertex 9.3487 -10.0349 0
      vertex 9.47224 -9.85 0
    endloop
  endfacet
  facet normal 0 0 -1
    outer loop
      vertex 16 -12 0
      vertex 9.20208 -10.2021 0
      vertex 9.3487 -10.0349 0
    endloop
  endfacet
  facet normal 0 0 -1
    outer loop
      vertex 16 -12 0
      vertex 9.03489 -10.3487 0
      vertex 9.20208 -10.2021 0
    endloop
  endfacet
  facet normal 0 0 -1
    outer loop
      vertex 16 -12 0
      vertex 8.85 -10.4722 0
      vertex 9.03489 -10.3487 0
    endloop
  endfacet
  facet normal 0 0 -1
    outer loop
      vertex 16 -12 0
      vertex 8.65056 -10.5706 0
      vertex 8.85 -10.4722 0
    endloop
  endfacet
  facet normal 0 0 -1
    outer loop
      vertex 16 -12 0
      vertex 8.43999 -10.6421 0
      vertex 8.65056 -10.5706 0
    endloop
  endfacet
  facet normal 0 0 -1
    outer loop
      vertex 16 -12 0
      vertex 8.22189 -10.6855 0
      vertex 8.43999 -10.6421 0
    endloop
  endfacet
  facet normal 0 0 -1
    outer loop
      vertex 16 -12 0
      vertex 8 -10.7 0
      vertex 8.22189 -10.6855 0
    endloop
  endfacet
  facet normal 0 0 -1
    outer loop
      vertex 0 -12 0
      vertex 8 -10.7 0
      vertex 16 -12 0
    endloop
  endfacet
  facet normal 0 0 -1
    outer loop
      vertex 6.35793 -4.03999 0
      vertex 1.79999 0.00999451 0
      vertex 6.31454 -3.82189 0
    endloop
  endfacet
  facet normal 0 0 -1
    outer loop
      vertex 0 -12 0
      vertex 6.3 -9 0
      vertex 6.31454 -9.22189 0
    endloop
  endfacet
  facet normal 0 0 -1
    outer loop
      vertex 0 -12 0
      vertex 6.31454 -9.22189 0
      vertex 6.35793 -9.43999 0
    endloop
  endfacet
  facet normal 0 0 -1
    outer loop
      vertex 0 -12 0
      vertex 6.35793 -9.43999 0
      vertex 6.4294 -9.65056 0
    endloop
  endfacet
  facet normal 0 0 -1
    outer loop
      vertex 0 -12 0
      vertex 1.79999 6.87769 0
      vertex 1.79999 0.00999451 0
    endloop
  endfacet
  facet normal -0 0 -1
    outer loop
      vertex 1.79999 6.87769 0
      vertex 0 -12 0
      vertex 1.79999 7.7059 0
    endloop
  endfacet
  facet normal -0 0 -1
    outer loop
      vertex 1.79999 7.7059 0
      vertex 0 -12 0
      vertex 1.79999 13.7527 0
    endloop
  endfacet
  facet normal -0 0 -1
    outer loop
      vertex 1.79999 13.7527 0
      vertex 0 -12 0
      vertex 1.79999 14.5809 0
    endloop
  endfacet
  facet normal -0 0 -1
    outer loop
      vertex 1.79999 14.5809 0
      vertex 0 -12 0
      vertex 1.79999 20.6277 0
    endloop
  endfacet
  facet normal -0 0 -1
    outer loop
      vertex 1.79999 20.6277 0
      vertex 0 -12 0
      vertex 1.79999 21.4559 0
    endloop
  endfacet
  facet normal -0 0 -1
    outer loop
      vertex 1.79999 21.4559 0
      vertex 0 -12 0
      vertex 1.79999 27.5027 0
    endloop
  endfacet
  facet normal -0 0 -1
    outer loop
      vertex 1.79999 27.5027 0
      vertex 0 -12 0
      vertex 1.79999 28.3309 0
    endloop
  endfacet
  facet normal 0 0 -1
    outer loop
      vertex 0 65 0
      vertex 1.79999 28.3309 0
      vertex 0 -12 0
    endloop
  endfacet
  facet normal 0 0 -1
    outer loop
      vertex 1.79999 28.3309 0
      vertex 0 65 0
      vertex 1.79999 34.3777 0
    endloop
  endfacet
  facet normal 0 0 -1
    outer loop
      vertex 1.79999 34.3777 0
      vertex 0 65 0
      vertex 1.79999 35.2059 0
    endloop
  endfacet
  facet normal 0 0 -1
    outer loop
      vertex 1.79999 35.2059 0
      vertex 0 65 0
      vertex 1.79999 41.2527 0
    endloop
  endfacet
  facet normal 0 0 -1
    outer loop
      vertex 1.79999 41.2527 0
      vertex 0 65 0
      vertex 1.79999 42.0809 0
    endloop
  endfacet
  facet normal 0 0 -1
    outer loop
      vertex 1.79999 42.0809 0
      vertex 0 65 0
      vertex 1.79999 48.1277 0
    endloop
  endfacet
  facet normal 0 0 -1
    outer loop
      vertex 1.79999 48.1277 0
      vertex 0 65 0
      vertex 1.79999 48.9559 0
    endloop
  endfacet
  facet normal 0 0 -1
    outer loop
      vertex 6.31454 -3.82189 0
      vertex 1.79999 0.00999451 0
      vertex 6.3 -3.6 0
    endloop
  endfacet
  facet normal -0 0 -1
    outer loop
      vertex 6.52776 -9.85 0
      vertex 0 -12 0
      vertex 6.4294 -9.65056 0
    endloop
  endfacet
  facet normal -0 0 -1
    outer loop
      vertex 6.6513 -10.0349 0
      vertex 0 -12 0
      vertex 6.52776 -9.85 0
    endloop
  endfacet
  facet normal -0 0 -1
    outer loop
      vertex 6.79792 -10.2021 0
      vertex 0 -12 0
      vertex 6.6513 -10.0349 0
    endloop
  endfacet
  facet normal -0 0 -1
    outer loop
      vertex 6.96511 -10.3487 0
      vertex 0 -12 0
      vertex 6.79792 -10.2021 0
    endloop
  endfacet
  facet normal -0 0 -1
    outer loop
      vertex 7.15 -10.4722 0
      vertex 0 -12 0
      vertex 6.96511 -10.3487 0
    endloop
  endfacet
  facet normal -0 0 -1
    outer loop
      vertex 7.34944 -10.5706 0
      vertex 0 -12 0
      vertex 7.15 -10.4722 0
    endloop
  endfacet
  facet normal -0 0 -1
    outer loop
      vertex 7.56001 -10.6421 0
      vertex 0 -12 0
      vertex 7.34944 -10.5706 0
    endloop
  endfacet
  facet normal -0 0 -1
    outer loop
      vertex 7.7781 -10.6855 0
      vertex 0 -12 0
      vertex 7.56001 -10.6421 0
    endloop
  endfacet
  facet normal -0 0 -1
    outer loop
      vertex 8 -10.7 0
      vertex 0 -12 0
      vertex 7.7781 -10.6855 0
    endloop
  endfacet
  facet normal 0 0 -1
    outer loop
      vertex 13.314 9.96284 0
      vertex 15.9983 0.00999451 0
      vertex 14.9983 0.00999451 0
    endloop
  endfacet
  facet normal 0 0 -1
    outer loop
      vertex 13.1799 10.7551 0
      vertex 15.9983 0.00999451 0
      vertex 13.314 9.96284 0
    endloop
  endfacet
  facet normal 0 0 -1
    outer loop
      vertex 12.201 16.5396 0
      vertex 15.9983 0.00999451 0
      vertex 13.1799 10.7551 0
    endloop
  endfacet
  facet normal 0 0 -1
    outer loop
      vertex 12.0669 17.3319 0
      vertex 15.9983 0.00999451 0
      vertex 12.201 16.5396 0
    endloop
  endfacet
  facet normal 0 0 -1
    outer loop
      vertex 11.088 23.1164 0
      vertex 15.9983 0.00999451 0
      vertex 12.0669 17.3319 0
    endloop
  endfacet
  facet normal 0 0 -1
    outer loop
      vertex 10.9539 23.9087 0
      vertex 15.9983 0.00999451 0
      vertex 11.088 23.1164 0
    endloop
  endfacet
  facet normal 0 0 -1
    outer loop
      vertex 9.97501 29.6932 0
      vertex 15.9983 0.00999451 0
      vertex 10.9539 23.9087 0
    endloop
  endfacet
  facet normal 0 0 -1
    outer loop
      vertex 9.84093 30.4855 0
      vertex 15.9983 0.00999451 0
      vertex 9.97501 29.6932 0
    endloop
  endfacet
  facet normal 0 0 -1
    outer loop
      vertex 8.86201 36.2699 0
      vertex 15.9983 0.00999451 0
      vertex 9.84093 30.4855 0
    endloop
  endfacet
  facet normal 0 0 -1
    outer loop
      vertex 8.72794 37.0622 0
      vertex 15.9983 0.00999451 0
      vertex 8.86201 36.2699 0
    endloop
  endfacet
  facet normal 0 0 -1
    outer loop
      vertex 5 65 0
      vertex 8.72794 37.0622 0
      vertex 7.74902 42.8467 0
    endloop
  endfacet
  facet normal 0 0 -1
    outer loop
      vertex 5 65 0
      vertex 7.74902 42.8467 0
      vertex 7.61493 43.639 0
    endloop
  endfacet
  facet normal 0 0 -1
    outer loop
      vertex 5 65 0
      vertex 7.61493 43.639 0
      vertex 6.63602 49.4235 0
    endloop
  endfacet
  facet normal 0 0 -1
    outer loop
      vertex 5 65 0
      vertex 6.63602 49.4235 0
      vertex 6.50194 50.2158 0
    endloop
  endfacet
  facet normal 0 0 -1
    outer loop
      vertex 5 65 0
      vertex 6.50194 50.2158 0
      vertex 5.01538 59 0
    endloop
  endfacet
  facet normal 0 0 -1
    outer loop
      vertex 8.72794 37.0622 0
      vertex 5 65 0
      vertex 15.9983 0.00999451 0
    endloop
  endfacet
  facet normal 0 0 -1
    outer loop
      vertex 1.79999 59 0
      vertex 5 65 0
      vertex 5.01538 59 0
    endloop
  endfacet
  facet normal 0 0 -1
    outer loop
      vertex 1.79999 59 0
      vertex 0 65 0
      vertex 5 65 0
    endloop
  endfacet
  facet normal 0 0 -1
    outer loop
      vertex 1.79999 48.9559 0
      vertex 0 65 0
      vertex 1.79999 59 0
    endloop
  endfacet
  facet normal 0 0 -1
    outer loop
      vertex 16 -12 0
      vertex 9.7 -3.6 0
      vertex 14.9983 0.00999451 0
    endloop
  endfacet
  facet normal 0 0 -1
    outer loop
      vertex 9.68546 -3.37811 0
      vertex 14.9983 0.00999451 0
      vertex 9.7 -3.6 0
    endloop
  endfacet
  facet normal 0 0 -1
    outer loop
      vertex 9.64207 -3.16001 0
      vertex 14.9983 0.00999451 0
      vertex 9.68546 -3.37811 0
    endloop
  endfacet
  facet normal 0 0 -1
    outer loop
      vertex 9.57059 -2.94944 0
      vertex 14.9983 0.00999451 0
      vertex 9.64207 -3.16001 0
    endloop
  endfacet
  facet normal 0 0 -1
    outer loop
      vertex 9.47224 -2.75 0
      vertex 14.9983 0.00999451 0
      vertex 9.57059 -2.94944 0
    endloop
  endfacet
  facet normal 0 0 -1
    outer loop
      vertex 9.3487 -2.56511 0
      vertex 14.9983 0.00999451 0
      vertex 9.47224 -2.75 0
    endloop
  endfacet
  facet normal 0 0 -1
    outer loop
      vertex 9.20208 -2.39792 0
      vertex 14.9983 0.00999451 0
      vertex 9.3487 -2.56511 0
    endloop
  endfacet
  facet normal 0 0 -1
    outer loop
      vertex 9.03489 -2.2513 0
      vertex 14.9983 0.00999451 0
      vertex 9.20208 -2.39792 0
    endloop
  endfacet
  facet normal 0 0 -1
    outer loop
      vertex 8.85 -2.12776 0
      vertex 14.9983 0.00999451 0
      vertex 9.03489 -2.2513 0
    endloop
  endfacet
  facet normal 0 0 -1
    outer loop
      vertex 8.65056 -2.0294 0
      vertex 14.9983 0.00999451 0
      vertex 8.85 -2.12776 0
    endloop
  endfacet
  facet normal 0 0 -1
    outer loop
      vertex 8.43999 -1.95793 0
      vertex 14.9983 0.00999451 0
      vertex 8.65056 -2.0294 0
    endloop
  endfacet
  facet normal 0 0 -1
    outer loop
      vertex 8.22189 -1.91454 0
      vertex 14.9983 0.00999451 0
      vertex 8.43999 -1.95793 0
    endloop
  endfacet
  facet normal 0 0 -1
    outer loop
      vertex 8 -1.9 0
      vertex 14.9983 0.00999451 0
      vertex 8.22189 -1.91454 0
    endloop
  endfacet
  facet normal 0 0 -1
    outer loop
      vertex 1.79999 0.00999451 0
      vertex 8 -1.9 0
      vertex 7.7781 -1.91454 0
    endloop
  endfacet
  facet normal 0 0 -1
    outer loop
      vertex 1.79999 0.00999451 0
      vertex 7.7781 -1.91454 0
      vertex 7.56001 -1.95793 0
    endloop
  endfacet
  facet normal 0 0 -1
    outer loop
      vertex 8 -1.9 0
      vertex 1.79999 0.00999451 0
      vertex 14.9983 0.00999451 0
    endloop
  endfacet
  facet normal 0 0 -1
    outer loop
      vertex 7.34944 -2.0294 0
      vertex 1.79999 0.00999451 0
      vertex 7.56001 -1.95793 0
    endloop
  endfacet
  facet normal 0 0 -1
    outer loop
      vertex 7.15 -2.12776 0
      vertex 1.79999 0.00999451 0
      vertex 7.34944 -2.0294 0
    endloop
  endfacet
  facet normal 0 0 -1
    outer loop
      vertex 6.96511 -2.2513 0
      vertex 1.79999 0.00999451 0
      vertex 7.15 -2.12776 0
    endloop
  endfacet
  facet normal 0 0 -1
    outer loop
      vertex 6.79792 -2.39792 0
      vertex 1.79999 0.00999451 0
      vertex 6.96511 -2.2513 0
    endloop
  endfacet
  facet normal 0 0 -1
    outer loop
      vertex 6.6513 -2.56511 0
      vertex 1.79999 0.00999451 0
      vertex 6.79792 -2.39792 0
    endloop
  endfacet
  facet normal 0 0 -1
    outer loop
      vertex 6.52776 -2.75 0
      vertex 1.79999 0.00999451 0
      vertex 6.6513 -2.56511 0
    endloop
  endfacet
  facet normal 0 0 -1
    outer loop
      vertex 6.4294 -2.94944 0
      vertex 1.79999 0.00999451 0
      vertex 6.52776 -2.75 0
    endloop
  endfacet
  facet normal 0 0 -1
    outer loop
      vertex 6.35793 -3.16001 0
      vertex 1.79999 0.00999451 0
      vertex 6.4294 -2.94944 0
    endloop
  endfacet
  facet normal 0 0 -1
    outer loop
      vertex 6.31454 -3.37811 0
      vertex 1.79999 0.00999451 0
      vertex 6.35793 -3.16001 0
    endloop
  endfacet
  facet normal 0 0 -1
    outer loop
      vertex 1.79999 0.00999451 0
      vertex 6.31454 -3.37811 0
      vertex 6.3 -3.6 0
    endloop
  endfacet
  facet normal 0 0 1
    outer loop
      vertex 14.9983 0.00999451 16
      vertex 9.64207 -4.03999 16
      vertex 16 -12 16
    endloop
  endfacet
  facet normal 0 0 1
    outer loop
      vertex 16 -12 16
      vertex 9.68546 -8.7781 16
      vertex 9.7 -9 16
    endloop
  endfacet
  facet normal -0 0 1
    outer loop
      vertex 9.57059 -4.25056 16
      vertex 16 -12 16
      vertex 9.64207 -4.03999 16
    endloop
  endfacet
  facet normal 0 0 1
    outer loop
      vertex 16 -12 16
      vertex 9.64207 -8.56001 16
      vertex 9.68546 -8.7781 16
    endloop
  endfacet
  facet normal -0 0 1
    outer loop
      vertex 9.57059 -8.34944 16
      vertex 16 -12 16
      vertex 9.57059 -4.25056 16
    endloop
  endfacet
  facet normal 0 0 1
    outer loop
      vertex 16 -12 16
      vertex 9.57059 -8.34944 16
      vertex 9.64207 -8.56001 16
    endloop
  endfacet
  facet normal -0 0 1
    outer loop
      vertex 9.47224 -4.45 16
      vertex 9.57059 -8.34944 16
      vertex 9.57059 -4.25056 16
    endloop
  endfacet
  facet normal 0 0 1
    outer loop
      vertex 9.47224 -4.45 16
      vertex 9.47224 -8.15 16
      vertex 9.57059 -8.34944 16
    endloop
  endfacet
  facet normal -0 0 1
    outer loop
      vertex 9.3487 -4.63489 16
      vertex 9.47224 -8.15 16
      vertex 9.47224 -4.45 16
    endloop
  endfacet
  facet normal 0 0 1
    outer loop
      vertex 9.3487 -4.63489 16
      vertex 9.3487 -7.96511 16
      vertex 9.47224 -8.15 16
    endloop
  endfacet
  facet normal -0 0 1
    outer loop
      vertex 9.20208 -4.80208 16
      vertex 9.3487 -7.96511 16
      vertex 9.3487 -4.63489 16
    endloop
  endfacet
  facet normal 0 0 1
    outer loop
      vertex 9.20208 -4.80208 16
      vertex 9.20208 -7.79792 16
      vertex 9.3487 -7.96511 16
    endloop
  endfacet
  facet normal -0 0 1
    outer loop
      vertex 9.03489 -4.9487 16
      vertex 9.20208 -7.79792 16
      vertex 9.20208 -4.80208 16
    endloop
  endfacet
  facet normal 0 0 1
    outer loop
      vertex 9.03489 -4.9487 16
      vertex 9.03489 -7.6513 16
      vertex 9.20208 -7.79792 16
    endloop
  endfacet
  facet normal -0 0 1
    outer loop
      vertex 8.85 -5.07224 16
      vertex 9.03489 -7.6513 16
      vertex 9.03489 -4.9487 16
    endloop
  endfacet
  facet normal 0 0 1
    outer loop
      vertex 8.85 -5.07224 16
      vertex 8.85 -7.52776 16
      vertex 9.03489 -7.6513 16
    endloop
  endfacet
  facet normal -0 0 1
    outer loop
      vertex 8.65056 -5.1706 16
      vertex 8.85 -7.52776 16
      vertex 8.85 -5.07224 16
    endloop
  endfacet
  facet normal 0 0 1
    outer loop
      vertex 8.65056 -5.1706 16
      vertex 8.65056 -7.4294 16
      vertex 8.85 -7.52776 16
    endloop
  endfacet
  facet normal -0 0 1
    outer loop
      vertex 8.43999 -5.24207 16
      vertex 8.65056 -7.4294 16
      vertex 8.65056 -5.1706 16
    endloop
  endfacet
  facet normal 0 0 1
    outer loop
      vertex 8.43999 -5.24207 16
      vertex 8.43999 -7.35793 16
      vertex 8.65056 -7.4294 16
    endloop
  endfacet
  facet normal -0 0 1
    outer loop
      vertex 8.22189 -5.28546 16
      vertex 8.43999 -7.35793 16
      vertex 8.43999 -5.24207 16
    endloop
  endfacet
  facet normal 0 0 1
    outer loop
      vertex 8.22189 -5.28546 16
      vertex 8.22189 -7.31454 16
      vertex 8.43999 -7.35793 16
    endloop
  endfacet
  facet normal -0 0 1
    outer loop
      vertex 8 -5.3 16
      vertex 8.22189 -7.31454 16
      vertex 8.22189 -5.28546 16
    endloop
  endfacet
  facet normal 0 0 1
    outer loop
      vertex 8 -5.3 16
      vertex 8 -7.3 16
      vertex 8.22189 -7.31454 16
    endloop
  endfacet
  facet normal 0 0 1
    outer loop
      vertex 7.7781 -5.28546 16
      vertex 8 -7.3 16
      vertex 8 -5.3 16
    endloop
  endfacet
  facet normal 0 0 1
    outer loop
      vertex 7.7781 -5.28546 16
      vertex 7.7781 -7.31454 16
      vertex 8 -7.3 16
    endloop
  endfacet
  facet normal 0 0 1
    outer loop
      vertex 7.56001 -5.24207 16
      vertex 7.7781 -7.31454 16
      vertex 7.7781 -5.28546 16
    endloop
  endfacet
  facet normal 0 0 1
    outer loop
      vertex 7.56001 -5.24207 16
      vertex 7.56001 -7.35793 16
      vertex 7.7781 -7.31454 16
    endloop
  endfacet
  facet normal 0 0 1
    outer loop
      vertex 7.34944 -5.1706 16
      vertex 7.56001 -7.35793 16
      vertex 7.56001 -5.24207 16
    endloop
  endfacet
  facet normal 0 0 1
    outer loop
      vertex 7.34944 -5.1706 16
      vertex 7.34944 -7.4294 16
      vertex 7.56001 -7.35793 16
    endloop
  endfacet
  facet normal 0 0 1
    outer loop
      vertex 7.15 -5.07224 16
      vertex 7.34944 -7.4294 16
      vertex 7.34944 -5.1706 16
    endloop
  endfacet
  facet normal 0 0 1
    outer loop
      vertex 7.15 -5.07224 16
      vertex 7.15 -7.52776 16
      vertex 7.34944 -7.4294 16
    endloop
  endfacet
  facet normal 0 0 1
    outer loop
      vertex 6.96511 -4.9487 16
      vertex 7.15 -7.52776 16
      vertex 7.15 -5.07224 16
    endloop
  endfacet
  facet normal 0 0 1
    outer loop
      vertex 6.96511 -4.9487 16
      vertex 6.96511 -7.6513 16
      vertex 7.15 -7.52776 16
    endloop
  endfacet
  facet normal 0 0 1
    outer loop
      vertex 6.79792 -4.80208 16
      vertex 6.96511 -7.6513 16
      vertex 6.96511 -4.9487 16
    endloop
  endfacet
  facet normal 0 0 1
    outer loop
      vertex 6.79792 -4.80208 16
      vertex 6.79792 -7.79792 16
      vertex 6.96511 -7.6513 16
    endloop
  endfacet
  facet normal 0 0 1
    outer loop
      vertex 6.6513 -4.63489 16
      vertex 6.79792 -7.79792 16
      vertex 6.79792 -4.80208 16
    endloop
  endfacet
  facet normal 0 0 1
    outer loop
      vertex 6.6513 -4.63489 16
      vertex 6.6513 -7.96511 16
      vertex 6.79792 -7.79792 16
    endloop
  endfacet
  facet normal 0 0 1
    outer loop
      vertex 6.52776 -4.45 16
      vertex 6.6513 -7.96511 16
      vertex 6.6513 -4.63489 16
    endloop
  endfacet
  facet normal 0 0 1
    outer loop
      vertex 6.52776 -4.45 16
      vertex 6.52776 -8.15 16
      vertex 6.6513 -7.96511 16
    endloop
  endfacet
  facet normal 0 0 1
    outer loop
      vertex 6.4294 -4.25056 16
      vertex 6.52776 -8.15 16
      vertex 6.52776 -4.45 16
    endloop
  endfacet
  facet normal 0 0 1
    outer loop
      vertex 6.4294 -4.25056 16
      vertex 6.4294 -8.34944 16
      vertex 6.52776 -8.15 16
    endloop
  endfacet
  facet normal 0 0 1
    outer loop
      vertex 0 -12 16
      vertex 6.4294 -4.25056 16
      vertex 6.35793 -4.03999 16
    endloop
  endfacet
  facet normal 0 0 1
    outer loop
      vertex 6.4294 -4.25056 16
      vertex 0 -12 16
      vertex 6.4294 -8.34944 16
    endloop
  endfacet
  facet normal 0 0 1
    outer loop
      vertex 1.79999 0.00999451 16
      vertex 6.35793 -4.03999 16
      vertex 6.31454 -3.82189 16
    endloop
  endfacet
  facet normal 0 0 1
    outer loop
      vertex 6.4294 -8.34944 16
      vertex 0 -12 16
      vertex 6.35793 -8.56001 16
    endloop
  endfacet
  facet normal 0 0 1
    outer loop
      vertex 1.79999 0.00999451 16
      vertex 6.31454 -3.82189 16
      vertex 6.3 -3.6 16
    endloop
  endfacet
  facet normal 0 0 1
    outer loop
      vertex 6.35793 -8.56001 16
      vertex 0 -12 16
      vertex 6.31454 -8.7781 16
    endloop
  endfacet
  facet normal 0 0 1
    outer loop
      vertex 14.9983 0.00999451 16
      vertex 9.68546 -3.37811 16
      vertex 9.7 -3.6 16
    endloop
  endfacet
  facet normal 0 0 1
    outer loop
      vertex 14.9983 0.00999451 16
      vertex 9.64207 -3.16001 16
      vertex 9.68546 -3.37811 16
    endloop
  endfacet
  facet normal 0 0 1
    outer loop
      vertex 14.9983 0.00999451 16
      vertex 9.57059 -2.94944 16
      vertex 9.64207 -3.16001 16
    endloop
  endfacet
  facet normal 0 0 1
    outer loop
      vertex 14.9983 0.00999451 16
      vertex 9.47224 -2.75 16
      vertex 9.57059 -2.94944 16
    endloop
  endfacet
  facet normal 0 0 1
    outer loop
      vertex 14.9983 0.00999451 16
      vertex 9.3487 -2.56511 16
      vertex 9.47224 -2.75 16
    endloop
  endfacet
  facet normal 0 0 1
    outer loop
      vertex 14.9983 0.00999451 16
      vertex 9.20208 -2.39792 16
      vertex 9.3487 -2.56511 16
    endloop
  endfacet
  facet normal 0 0 1
    outer loop
      vertex 14.9983 0.00999451 16
      vertex 9.03489 -2.2513 16
      vertex 9.20208 -2.39792 16
    endloop
  endfacet
  facet normal 0 0 1
    outer loop
      vertex 14.9983 0.00999451 16
      vertex 8.85 -2.12776 16
      vertex 9.03489 -2.2513 16
    endloop
  endfacet
  facet normal 0 0 1
    outer loop
      vertex 14.9983 0.00999451 16
      vertex 8.65056 -2.0294 16
      vertex 8.85 -2.12776 16
    endloop
  endfacet
  facet normal 0 0 1
    outer loop
      vertex 14.9983 0.00999451 16
      vertex 8.43999 -1.95793 16
      vertex 8.65056 -2.0294 16
    endloop
  endfacet
  facet normal 0 0 1
    outer loop
      vertex 14.9983 0.00999451 16
      vertex 8.22189 -1.91454 16
      vertex 8.43999 -1.95793 16
    endloop
  endfacet
  facet normal 0 0 1
    outer loop
      vertex 14.9983 0.00999451 16
      vertex 8 -1.9 16
      vertex 8.22189 -1.91454 16
    endloop
  endfacet
  facet normal -0 0 1
    outer loop
      vertex 1.79999 0.00999451 16
      vertex 8 -1.9 16
      vertex 14.9983 0.00999451 16
    endloop
  endfacet
  facet normal 0 0 1
    outer loop
      vertex 8 -1.9 16
      vertex 1.79999 0.00999451 16
      vertex 7.7781 -1.91454 16
    endloop
  endfacet
  facet normal 0 0 1
    outer loop
      vertex 6.35793 -4.03999 16
      vertex 1.79999 0.00999451 16
      vertex 0 -12 16
    endloop
  endfacet
  facet normal 0 0 1
    outer loop
      vertex 6.31454 -3.37811 16
      vertex 1.79999 0.00999451 16
      vertex 6.3 -3.6 16
    endloop
  endfacet
  facet normal 0 0 1
    outer loop
      vertex 6.35793 -3.16001 16
      vertex 1.79999 0.00999451 16
      vertex 6.31454 -3.37811 16
    endloop
  endfacet
  facet normal 0 0 1
    outer loop
      vertex 6.4294 -2.94944 16
      vertex 1.79999 0.00999451 16
      vertex 6.35793 -3.16001 16
    endloop
  endfacet
  facet normal 0 0 1
    outer loop
      vertex 6.52776 -2.75 16
      vertex 1.79999 0.00999451 16
      vertex 6.4294 -2.94944 16
    endloop
  endfacet
  facet normal 0 0 1
    outer loop
      vertex 6.6513 -2.56511 16
      vertex 1.79999 0.00999451 16
      vertex 6.52776 -2.75 16
    endloop
  endfacet
  facet normal 0 0 1
    outer loop
      vertex 6.79792 -2.39792 16
      vertex 1.79999 0.00999451 16
      vertex 6.6513 -2.56511 16
    endloop
  endfacet
  facet normal 0 0 1
    outer loop
      vertex 6.96511 -2.2513 16
      vertex 1.79999 0.00999451 16
      vertex 6.79792 -2.39792 16
    endloop
  endfacet
  facet normal 0 0 1
    outer loop
      vertex 7.15 -2.12776 16
      vertex 1.79999 0.00999451 16
      vertex 6.96511 -2.2513 16
    endloop
  endfacet
  facet normal 0 0 1
    outer loop
      vertex 7.34944 -2.0294 16
      vertex 1.79999 0.00999451 16
      vertex 7.15 -2.12776 16
    endloop
  endfacet
  facet normal 0 0 1
    outer loop
      vertex 7.56001 -1.95793 16
      vertex 1.79999 0.00999451 16
      vertex 7.34944 -2.0294 16
    endloop
  endfacet
  facet normal 0 0 1
    outer loop
      vertex 7.7781 -1.91454 16
      vertex 1.79999 0.00999451 16
      vertex 7.56001 -1.95793 16
    endloop
  endfacet
  facet normal 0 0 1
    outer loop
      vertex 15.9983 0.00999451 16
      vertex 13.314 9.96284 16
      vertex 14.9983 0.00999451 16
    endloop
  endfacet
  facet normal 0 0 1
    outer loop
      vertex 15.9983 0.00999451 16
      vertex 13.1799 10.7551 16
      vertex 13.314 9.96284 16
    endloop
  endfacet
  facet normal 0 0 1
    outer loop
      vertex 15.9983 0.00999451 16
      vertex 12.201 16.5396 16
      vertex 13.1799 10.7551 16
    endloop
  endfacet
  facet normal 0 0 1
    outer loop
      vertex 15.9983 0.00999451 16
      vertex 12.0669 17.3319 16
      vertex 12.201 16.5396 16
    endloop
  endfacet
  facet normal 0 0 1
    outer loop
      vertex 15.9983 0.00999451 16
      vertex 11.088 23.1164 16
      vertex 12.0669 17.3319 16
    endloop
  endfacet
  facet normal 0 0 1
    outer loop
      vertex 15.9983 0.00999451 16
      vertex 10.9539 23.9087 16
      vertex 11.088 23.1164 16
    endloop
  endfacet
  facet normal 0 0 1
    outer loop
      vertex 15.9983 0.00999451 16
      vertex 9.97501 29.6932 16
      vertex 10.9539 23.9087 16
    endloop
  endfacet
  facet normal 0 0 1
    outer loop
      vertex 15.9983 0.00999451 16
      vertex 9.84093 30.4855 16
      vertex 9.97501 29.6932 16
    endloop
  endfacet
  facet normal 0 0 1
    outer loop
      vertex 15.9983 0.00999451 16
      vertex 8.86201 36.2699 16
      vertex 9.84093 30.4855 16
    endloop
  endfacet
  facet normal 0 0 1
    outer loop
      vertex 15.9983 0.00999451 16
      vertex 8.72794 37.0622 16
      vertex 8.86201 36.2699 16
    endloop
  endfacet
  facet normal 0 0 1
    outer loop
      vertex 5 65 16
      vertex 8.72794 37.0622 16
      vertex 15.9983 0.00999451 16
    endloop
  endfacet
  facet normal 0 0 1
    outer loop
      vertex 8.72794 37.0622 16
      vertex 5 65 16
      vertex 7.74902 42.8467 16
    endloop
  endfacet
  facet normal 0 0 1
    outer loop
      vertex 7.74902 42.8467 16
      vertex 5 65 16
      vertex 7.61493 43.639 16
    endloop
  endfacet
  facet normal 0 0 1
    outer loop
      vertex 7.61493 43.639 16
      vertex 5 65 16
      vertex 6.63602 49.4235 16
    endloop
  endfacet
  facet normal 0 0 1
    outer loop
      vertex 6.63602 49.4235 16
      vertex 5 65 16
      vertex 6.50194 50.2158 16
    endloop
  endfacet
  facet normal 0 0 1
    outer loop
      vertex 6.50194 50.2158 16
      vertex 5 65 16
      vertex 5.01538 59 16
    endloop
  endfacet
  facet normal 0 0 1
    outer loop
      vertex 5 65 16
      vertex 1.79999 59 16
      vertex 5.01538 59 16
    endloop
  endfacet
  facet normal 0 0 1
    outer loop
      vertex 0 65 16
      vertex 1.79999 48.9559 16
      vertex 1.79999 59 16
    endloop
  endfacet
  facet normal 0 0 1
    outer loop
      vertex 1.79999 48.9559 16
      vertex 0 65 16
      vertex 1.79999 48.1277 16
    endloop
  endfacet
  facet normal 0 0 1
    outer loop
      vertex 1.79999 48.1277 16
      vertex 0 65 16
      vertex 1.79999 42.0809 16
    endloop
  endfacet
  facet normal 0 0 1
    outer loop
      vertex 1.79999 42.0809 16
      vertex 0 65 16
      vertex 1.79999 41.2527 16
    endloop
  endfacet
  facet normal 0 0 1
    outer loop
      vertex 1.79999 41.2527 16
      vertex 0 65 16
      vertex 1.79999 35.2059 16
    endloop
  endfacet
  facet normal 0 0 1
    outer loop
      vertex 1.79999 35.2059 16
      vertex 0 65 16
      vertex 1.79999 34.3777 16
    endloop
  endfacet
  facet normal 0 0 1
    outer loop
      vertex 1.79999 34.3777 16
      vertex 0 65 16
      vertex 1.79999 28.3309 16
    endloop
  endfacet
  facet normal 0 0 1
    outer loop
      vertex 1.79999 28.3309 16
      vertex 0 65 16
      vertex 1.79999 27.5027 16
    endloop
  endfacet
  facet normal 0 0 1
    outer loop
      vertex 1.79999 27.5027 16
      vertex 0 65 16
      vertex 1.79999 21.4559 16
    endloop
  endfacet
  facet normal 0 0 1
    outer loop
      vertex 0 -12 16
      vertex 1.79999 21.4559 16
      vertex 0 65 16
    endloop
  endfacet
  facet normal 0 0 1
    outer loop
      vertex 1.79999 21.4559 16
      vertex 0 -12 16
      vertex 1.79999 20.6277 16
    endloop
  endfacet
  facet normal 0 0 1
    outer loop
      vertex 1.79999 20.6277 16
      vertex 0 -12 16
      vertex 1.79999 14.5809 16
    endloop
  endfacet
  facet normal 0 0 1
    outer loop
      vertex 1.79999 14.5809 16
      vertex 0 -12 16
      vertex 1.79999 13.7527 16
    endloop
  endfacet
  facet normal 0 0 1
    outer loop
      vertex 1.79999 13.7527 16
      vertex 0 -12 16
      vertex 1.79999 7.7059 16
    endloop
  endfacet
  facet normal 0 0 1
    outer loop
      vertex 1.79999 7.7059 16
      vertex 0 -12 16
      vertex 1.79999 6.87769 16
    endloop
  endfacet
  facet normal -0 0 1
    outer loop
      vertex 0 65 16
      vertex 1.79999 59 16
      vertex 5 65 16
    endloop
  endfacet
  facet normal -0 0 1
    outer loop
      vertex 15.9983 0.00999451 16
      vertex 16 -12 16
      vertex 16 0.00999451 16
    endloop
  endfacet
  facet normal -0 0 1
    outer loop
      vertex 14.9983 0.00999451 16
      vertex 16 -12 16
      vertex 15.9983 0.00999451 16
    endloop
  endfacet
  facet normal 0 0 1
    outer loop
      vertex 9.68546 -3.82189 16
      vertex 14.9983 0.00999451 16
      vertex 9.7 -3.6 16
    endloop
  endfacet
  facet normal 0 0 1
    outer loop
      vertex 9.64207 -4.03999 16
      vertex 14.9983 0.00999451 16
      vertex 9.68546 -3.82189 16
    endloop
  endfacet
  facet normal -0 0 1
    outer loop
      vertex 9.68546 -9.22189 16
      vertex 16 -12 16
      vertex 9.7 -9 16
    endloop
  endfacet
  facet normal -0 0 1
    outer loop
      vertex 9.64207 -9.43999 16
      vertex 16 -12 16
      vertex 9.68546 -9.22189 16
    endloop
  endfacet
  facet normal -0 0 1
    outer loop
      vertex 9.57059 -9.65056 16
      vertex 16 -12 16
      vertex 9.64207 -9.43999 16
    endloop
  endfacet
  facet normal -0 0 1
    outer loop
      vertex 9.47224 -9.85 16
      vertex 16 -12 16
      vertex 9.57059 -9.65056 16
    endloop
  endfacet
  facet normal -0 0 1
    outer loop
      vertex 9.3487 -10.0349 16
      vertex 16 -12 16
      vertex 9.47224 -9.85 16
    endloop
  endfacet
  facet normal -0 0 1
    outer loop
      vertex 9.20208 -10.2021 16
      vertex 16 -12 16
      vertex 9.3487 -10.0349 16
    endloop
  endfacet
  facet normal -0 0 1
    outer loop
      vertex 9.03489 -10.3487 16
      vertex 16 -12 16
      vertex 9.20208 -10.2021 16
    endloop
  endfacet
  facet normal -0 0 1
    outer loop
      vertex 8.85 -10.4722 16
      vertex 16 -12 16
      vertex 9.03489 -10.3487 16
    endloop
  endfacet
  facet normal -0 0 1
    outer loop
      vertex 8.65056 -10.5706 16
      vertex 16 -12 16
      vertex 8.85 -10.4722 16
    endloop
  endfacet
  facet normal -0 0 1
    outer loop
      vertex 8.43999 -10.6421 16
      vertex 16 -12 16
      vertex 8.65056 -10.5706 16
    endloop
  endfacet
  facet normal -0 0 1
    outer loop
      vertex 8.22189 -10.6855 16
      vertex 16 -12 16
      vertex 8.43999 -10.6421 16
    endloop
  endfacet
  facet normal -0 0 1
    outer loop
      vertex 8 -10.7 16
      vertex 16 -12 16
      vertex 8.22189 -10.6855 16
    endloop
  endfacet
  facet normal 0 0 1
    outer loop
      vertex 0 -12 16
      vertex 8 -10.7 16
      vertex 7.7781 -10.6855 16
    endloop
  endfacet
  facet normal 0 0 1
    outer loop
      vertex 6.31454 -8.7781 16
      vertex 0 -12 16
      vertex 6.3 -9 16
    endloop
  endfacet
  facet normal 0 0 1
    outer loop
      vertex 6.3 -9 16
      vertex 0 -12 16
      vertex 6.31454 -9.22189 16
    endloop
  endfacet
  facet normal 0 0 1
    outer loop
      vertex 6.31454 -9.22189 16
      vertex 0 -12 16
      vertex 6.35793 -9.43999 16
    endloop
  endfacet
  facet normal 0 0 1
    outer loop
      vertex 8 -10.7 16
      vertex 0 -12 16
      vertex 16 -12 16
    endloop
  endfacet
  facet normal 0 0 1
    outer loop
      vertex 7.56001 -10.6421 16
      vertex 0 -12 16
      vertex 7.7781 -10.6855 16
    endloop
  endfacet
  facet normal 0 0 1
    outer loop
      vertex 7.34944 -10.5706 16
      vertex 0 -12 16
      vertex 7.56001 -10.6421 16
    endloop
  endfacet
  facet normal 0 0 1
    outer loop
      vertex 7.15 -10.4722 16
      vertex 0 -12 16
      vertex 7.34944 -10.5706 16
    endloop
  endfacet
  facet normal 0 0 1
    outer loop
      vertex 6.96511 -10.3487 16
      vertex 0 -12 16
      vertex 7.15 -10.4722 16
    endloop
  endfacet
  facet normal 0 0 1
    outer loop
      vertex 6.79792 -10.2021 16
      vertex 0 -12 16
      vertex 6.96511 -10.3487 16
    endloop
  endfacet
  facet normal 0 0 1
    outer loop
      vertex 6.6513 -10.0349 16
      vertex 0 -12 16
      vertex 6.79792 -10.2021 16
    endloop
  endfacet
  facet normal 0 0 1
    outer loop
      vertex 6.52776 -9.85 16
      vertex 0 -12 16
      vertex 6.6513 -10.0349 16
    endloop
  endfacet
  facet normal 0 0 1
    outer loop
      vertex 6.4294 -9.65056 16
      vertex 0 -12 16
      vertex 6.52776 -9.85 16
    endloop
  endfacet
  facet normal 0 0 1
    outer loop
      vertex 6.35793 -9.43999 16
      vertex 0 -12 16
      vertex 6.4294 -9.65056 16
    endloop
  endfacet
  facet normal 0 0 1
    outer loop
      vertex 1.79999 6.87769 16
      vertex 0 -12 16
      vertex 1.79999 0.00999451 16
    endloop
  endfacet
  facet normal 0 0 1
    outer loop
      vertex 1.79999 7.7059 16
      vertex 13.314 9.96284 16
      vertex 13.1799 10.7551 16
    endloop
  endfacet
  facet normal 0 0 1
    outer loop
      vertex 13.314 9.96284 16
      vertex 1.79999 7.7059 16
      vertex 1.79999 6.87769 16
    endloop
  endfacet
  facet normal 0 0 1
    outer loop
      vertex 1.79999 14.5809 16
      vertex 12.201 16.5396 16
      vertex 12.0669 17.3319 16
    endloop
  endfacet
  facet normal 0 0 1
    outer loop
      vertex 12.201 16.5396 16
      vertex 1.79999 14.5809 16
      vertex 1.79999 13.7527 16
    endloop
  endfacet
  facet normal 0 0 1
    outer loop
      vertex 1.79999 21.4559 16
      vertex 11.088 23.1164 16
      vertex 10.9539 23.9087 16
    endloop
  endfacet
  facet normal 0 0 1
    outer loop
      vertex 11.088 23.1164 16
      vertex 1.79999 21.4559 16
      vertex 1.79999 20.6277 16
    endloop
  endfacet
  facet normal 0 0 1
    outer loop
      vertex 1.79999 28.3309 16
      vertex 9.97501 29.6932 16
      vertex 9.84093 30.4855 16
    endloop
  endfacet
  facet normal 0 0 1
    outer loop
      vertex 9.97501 29.6932 16
      vertex 1.79999 28.3309 16
      vertex 1.79999 27.5027 16
    endloop
  endfacet
  facet normal 0 0 1
    outer loop
      vertex 1.79999 35.2059 16
      vertex 8.86201 36.2699 16
      vertex 8.72794 37.0622 16
    endloop
  endfacet
  facet normal 0 0 1
    outer loop
      vertex 8.86201 36.2699 16
      vertex 1.79999 35.2059 16
      vertex 1.79999 34.3777 16
    endloop
  endfacet
  facet normal 0 0 1
    outer loop
      vertex 1.79999 42.0809 16
      vertex 7.74902 42.8467 16
      vertex 7.61493 43.639 16
    endloop
  endfacet
  facet normal 0 0 1
    outer loop
      vertex 7.74902 42.8467 16
      vertex 1.79999 42.0809 16
      vertex 1.79999 41.2527 16
    endloop
  endfacet
  facet normal 0 0 1
    outer loop
      vertex 1.79999 48.9559 16
      vertex 6.63602 49.4235 16
      vertex 6.50194 50.2158 16
    endloop
  endfacet
  facet normal 0 0 1
    outer loop
      vertex 6.63602 49.4235 16
      vertex 1.79999 48.9559 16
      vertex 1.79999 48.1277 16
    endloop
  endfacet
  facet normal 1 -0 0
    outer loop
      vertex 16 -12 16
      vertex 16 0.00999451 0
      vertex 16 0.00999451 16
    endloop
  endfacet
  facet normal 1 0 0
    outer loop
      vertex 16 0.00999451 0
      vertex 16 -12 16
      vertex 16 -12 0
    endloop
  endfacet
  facet normal 0 1 -0
    outer loop
      vertex 16 0.00999451 0
      vertex 15.9983 0.00999451 16
      vertex 16 0.00999451 16
    endloop
  endfacet
  facet normal 0 1 0
    outer loop
      vertex 15.9983 0.00999451 16
      vertex 16 0.00999451 0
      vertex 15.9983 0.00999451 0
    endloop
  endfacet
  facet normal 0.985981 0.166858 0
    outer loop
      vertex 5 65 16
      vertex 6.27314 57.4769 8
      vertex 5 65 0
    endloop
  endfacet
  facet normal 0.985984 0.166838 2.00408e-05
    outer loop
      vertex 5 65 16
      vertex 6.27537 57.4637 8.17519
      vertex 6.27314 57.4769 8
    endloop
  endfacet
  facet normal 0.985941 0.167092 -0.00023222
    outer loop
      vertex 5 65 16
      vertex 6.27575 57.4615 8.20557
      vertex 6.27537 57.4637 8.17519
    endloop
  endfacet
  facet normal 0.986016 0.166653 0.000204455
    outer loop
      vertex 5 65 16
      vertex 6.27691 57.4546 8.23555
      vertex 6.27575 57.4615 8.20557
    endloop
  endfacet
  facet normal 0.985983 0.166843 1.43113e-05
    outer loop
      vertex 5 65 16
      vertex 6.28349 57.4157 8.40614
      vertex 6.27691 57.4546 8.23555
    endloop
  endfacet
  facet normal 0.985954 0.167018 -0.000165389
    outer loop
      vertex 5 65 16
      vertex 6.28546 57.4041 8.43586
      vertex 6.28349 57.4157 8.40614
    endloop
  endfacet
  facet normal 0.985975 0.166894 -3.72804e-05
    outer loop
      vertex 5 65 16
      vertex 6.29613 57.3411 8.59691
      vertex 6.28546 57.4041 8.43586
    endloop
  endfacet
  facet normal 0.985987 0.166825 3.70875e-05
    outer loop
      vertex 5 65 16
      vertex 6.31032 57.2572 8.74323
      vertex 6.29613 57.3411 8.59691
    endloop
  endfacet
  facet normal 0.985996 0.166769 9.76184e-05
    outer loop
      vertex 5 65 16
      vertex 6.31326 57.2398 8.77354
      vertex 6.31032 57.2572 8.74323
    endloop
  endfacet
  facet normal 0.985981 0.166855 3.12087e-06
    outer loop
      vertex 5 65 16
      vertex 6.33047 57.1381 8.90275
      vertex 6.31326 57.2398 8.77354
    endloop
  endfacet
  facet normal 0.98597 0.166924 -7.54875e-05
    outer loop
      vertex 5 65 16
      vertex 6.3344 57.1149 8.93225
      vertex 6.33047 57.1381 8.90275
    endloop
  endfacet
  facet normal 0.985951 0.167035 -0.000203021
    outer loop
      vertex 5 65 16
      vertex 6.3392 57.0866 8.95921
      vertex 6.3344 57.1149 8.93225
    endloop
  endfacet
  facet normal 0.985982 0.16685 1.12327e-05
    outer loop
      vertex 5 65 16
      vertex 6.35893 56.97 9.06997
      vertex 6.3392 57.0866 8.95921
    endloop
  endfacet
  facet normal 0.985987 0.166824 4.22082e-05
    outer loop
      vertex 5 65 16
      vertex 6.3648 56.9353 9.09463
      vertex 6.35893 56.97 9.06997
    endloop
  endfacet
  facet normal 0.985986 0.166827 3.86475e-05
    outer loop
      vertex 5 65 16
      vertex 6.3862 56.8088 9.18441
      vertex 6.3648 56.9353 9.09463
    endloop
  endfacet
  facet normal 0.985975 0.166893 -4.3205e-05
    outer loop
      vertex 5 65 16
      vertex 6.40836 56.6779 9.25216
      vertex 6.3862 56.8088 9.18441
    endloop
  endfacet
  facet normal 0.985977 0.16688 -2.65849e-05
    outer loop
      vertex 5 65 16
      vertex 6.41552 56.6356 9.27405
      vertex 6.40836 56.6779 9.25216
    endloop
  endfacet
  facet normal 0.985993 0.166789 8.94524e-05
    outer loop
      vertex 5 65 16
      vertex 6.43798 56.5028 9.32096
      vertex 6.41552 56.6356 9.27405
    endloop
  endfacet
  facet normal 0.985953 0.167026 -0.000220329
    outer loop
      vertex 5 65 16
      vertex 6.4462 56.4543 9.33811
      vertex 6.43798 56.5028 9.32096
    endloop
  endfacet
  facet normal 0.98599 0.166804 7.23814e-05
    outer loop
      vertex 5 65 16
      vertex 6.45525 56.4008 9.34919
      vertex 6.4462 56.4543 9.33811
    endloop
  endfacet
  facet normal 0.985989 0.16681 6.45635e-05
    outer loop
      vertex 5 65 16
      vertex 6.47758 56.2688 9.3765
      vertex 6.45525 56.4008 9.34919
    endloop
  endfacet
  facet normal 0.98594 0.167099 -0.000328018
    outer loop
      vertex 5 65 16
      vertex 6.48753 56.2101 9.38068
      vertex 6.47758 56.2688 9.3765
    endloop
  endfacet
  facet normal 0.98598 0.166864 -6.08923e-06
    outer loop
      vertex 5 65 16
      vertex 6.50904 56.083 9.38971
      vertex 6.48753 56.2101 9.38068
    endloop
  endfacet
  facet normal 0.986032 0.166553 0.000424969
    outer loop
      vertex 5 65 16
      vertex 6.5197 56.0199 9.38592
      vertex 6.50904 56.083 9.38971
    endloop
  endfacet
  facet normal 0.985967 0.166939 -0.000113721
    outer loop
      vertex 5 65 16
      vertex 6.54 55.9 9.37871
      vertex 6.5197 56.0199 9.38592
    endloop
  endfacet
  facet normal 0.985984 0.16684 2.54522e-05
    outer loop
      vertex 5 65 16
      vertex 6.5588 55.7889 9.35747
      vertex 6.54 55.9 9.37871
    endloop
  endfacet
  facet normal 0.986012 0.166676 0.000259844
    outer loop
      vertex 5 65 16
      vertex 6.56996 55.7229 9.34486
      vertex 6.5588 55.7889 9.35747
    endloop
  endfacet
  facet normal 0.985981 0.16686 -4.65629e-06
    outer loop
      vertex 7.44525 50.5508 9.34919
      vertex 6.56996 55.7229 9.34486
      vertex 5 65 16
    endloop
  endfacet
  facet normal 0.98598 0.166861 0.000354312
    outer loop
      vertex 7.4362 50.6043 9.33811
      vertex 6.56996 55.7229 9.34486
      vertex 7.44525 50.5508 9.34919
    endloop
  endfacet
  facet normal 0.985981 0.166859 3.30199e-05
    outer loop
      vertex 6.5871 55.6217 9.31178
      vertex 7.4362 50.6043 9.33811
      vertex 6.59849 55.5544 9.28978
    endloop
  endfacet
  facet normal 0.985982 0.166852 -0.000727236
    outer loop
      vertex 7.42798 50.6528 9.32096
      vertex 6.59849 55.5544 9.28978
      vertex 7.4362 50.6043 9.33811
    endloop
  endfacet
  facet normal 0.985981 0.166858 0.000289672
    outer loop
      vertex 7.40552 50.7856 9.27405
      vertex 6.59849 55.5544 9.28978
      vertex 7.42798 50.6528 9.32096
    endloop
  endfacet
  facet normal 0.985981 0.166859 -0.000215265
    outer loop
      vertex 6.59849 55.5544 9.28978
      vertex 7.40552 50.7856 9.27405
      vertex 6.61383 55.4637 9.247
    endloop
  endfacet
  facet normal 0.985981 0.166855 2.58978e-06
    outer loop
      vertex 7.30326 51.3898 8.77354
      vertex 6.69966 54.9566 8.83137
      vertex 6.69152 55.0047 8.89534
    endloop
  endfacet
  facet normal 0.985981 0.166855 0.000112182
    outer loop
      vertex 7.27349 51.5657 8.40614
      vertex 6.7366 54.7383 8.40448
      vertex 6.73314 54.7587 8.47273
    endloop
  endfacet
  facet normal 0.985981 0.166857 3.32599e-05
    outer loop
      vertex 7.26353 51.6246 8.03018
      vertex 6.7466 54.6792 8.06862
      vertex 6.7457 54.6845 8.16002
    endloop
  endfacet
  facet normal 0.985981 0.166859 -9.95052e-05
    outer loop
      vertex 6.7466 54.6792 8.06862
      vertex 7.26353 51.6246 8.03018
      vertex 6.74727 54.6752 8
    endloop
  endfacet
  facet normal 0.985981 0.16686 6.73548e-05
    outer loop
      vertex 7.26575 51.6115 8.20557
      vertex 6.7457 54.6845 8.16002
      vertex 6.74302 54.7003 8.24958
    endloop
  endfacet
  facet normal 0.98598 0.166861 3.2673e-05
    outer loop
      vertex 7.26575 51.6115 8.20557
      vertex 6.74302 54.7003 8.24958
      vertex 6.74097 54.7124 8.31821
    endloop
  endfacet
  facet normal 0.985981 0.166855 -0.000148357
    outer loop
      vertex 6.7366 54.7383 8.40448
      vertex 7.27349 51.5657 8.40614
      vertex 6.74097 54.7124 8.31821
    endloop
  endfacet
  facet normal 0.985981 0.166856 -4.53548e-05
    outer loop
      vertex 7.2841 51.503 8.56633
      vertex 6.73314 54.7587 8.47273
      vertex 6.72717 54.794 8.55424
    endloop
  endfacet
  facet normal 0.985981 0.16686 -2.33492e-05
    outer loop
      vertex 7.28613 51.4911 8.59691
      vertex 6.72717 54.794 8.55424
      vertex 6.72223 54.8232 8.6217
    endloop
  endfacet
  facet normal 0.985981 0.166859 9.22361e-05
    outer loop
      vertex 7.28897 51.4743 8.62619
      vertex 6.72223 54.8232 8.6217
      vertex 6.71581 54.8611 8.68706
    endloop
  endfacet
  facet normal 0.985981 0.166856 -8.82219e-05
    outer loop
      vertex 7.30326 51.3898 8.77354
      vertex 6.71581 54.8611 8.68706
      vertex 6.70832 54.9054 8.76322
    endloop
  endfacet
  facet normal 0.985981 0.166856 -6.50103e-05
    outer loop
      vertex 6.69966 54.9566 8.83137
      vertex 7.30326 51.3898 8.77354
      vertex 6.70832 54.9054 8.76322
    endloop
  endfacet
  facet normal 0.985981 0.166855 -6.04061e-05
    outer loop
      vertex 7.3244 51.2649 8.93225
      vertex 6.69152 55.0047 8.89534
      vertex 6.68181 55.0621 8.95524
    endloop
  endfacet
  facet normal 0.985982 0.166853 0.000341817
    outer loop
      vertex 7.3244 51.2649 8.93225
      vertex 6.68181 55.0621 8.95524
      vertex 6.67194 55.1203 9.01608
    endloop
  endfacet
  facet normal 0.98598 0.166862 -3.15038e-05
    outer loop
      vertex 7.34893 51.12 9.06997
      vertex 6.67194 55.1203 9.01608
      vertex 6.6604 55.1885 9.07193
    endloop
  endfacet
  facet normal 0.98598 0.166862 -9.27793e-05
    outer loop
      vertex 7.34893 51.12 9.06997
      vertex 6.6604 55.1885 9.07193
      vertex 6.64976 55.2514 9.12341
    endloop
  endfacet
  facet normal 0.98598 0.166861 0.000136819
    outer loop
      vertex 6.61383 55.4637 9.247
      vertex 7.40552 50.7856 9.27405
      vertex 6.62519 55.3966 9.21532
    endloop
  endfacet
  facet normal 0.985981 0.16686 -2.5036e-05
    outer loop
      vertex 6.74727 54.6752 8
      vertex 7.26353 51.6246 8.03018
      vertex 7.26314 51.6269 8
    endloop
  endfacet
  facet normal 0.985981 0.166859 -1.72243e-05
    outer loop
      vertex 6.7457 54.6845 8.16002
      vertex 7.26575 51.6115 8.20557
      vertex 7.26353 51.6246 8.03018
    endloop
  endfacet
  facet normal 0.98598 0.166861 3.62818e-05
    outer loop
      vertex 6.74097 54.7124 8.31821
      vertex 7.27231 51.5727 8.37558
      vertex 7.26575 51.6115 8.20557
    endloop
  endfacet
  facet normal 0.98598 0.166863 0.00014998
    outer loop
      vertex 6.74097 54.7124 8.31821
      vertex 7.27349 51.5657 8.40614
      vertex 7.27231 51.5727 8.37558
    endloop
  endfacet
  facet normal 0.985981 0.166857 4.23523e-06
    outer loop
      vertex 6.73314 54.7587 8.47273
      vertex 7.2841 51.503 8.56633
      vertex 7.27349 51.5657 8.40614
    endloop
  endfacet
  facet normal 0.985981 0.166854 -0.000522577
    outer loop
      vertex 6.72717 54.794 8.55424
      vertex 7.28613 51.4911 8.59691
      vertex 7.2841 51.503 8.56633
    endloop
  endfacet
  facet normal 0.985981 0.166859 0.000104213
    outer loop
      vertex 6.72223 54.8232 8.6217
      vertex 7.28897 51.4743 8.62619
      vertex 7.28613 51.4911 8.59691
    endloop
  endfacet
  facet normal 0.985981 0.16686 6.77569e-05
    outer loop
      vertex 6.71581 54.8611 8.68706
      vertex 7.30326 51.3898 8.77354
      vertex 7.28897 51.4743 8.62619
    endloop
  endfacet
  facet normal 0.985981 0.166855 3.14424e-06
    outer loop
      vertex 6.69152 55.0047 8.89534
      vertex 7.32047 51.2881 8.90275
      vertex 7.30326 51.3898 8.77354
    endloop
  endfacet
  facet normal 0.985981 0.166855 -0.000131485
    outer loop
      vertex 6.69152 55.0047 8.89534
      vertex 7.3244 51.2649 8.93225
      vertex 7.32047 51.2881 8.90275
    endloop
  endfacet
  facet normal 0.985979 0.166868 -0.000383044
    outer loop
      vertex 6.67194 55.1203 9.01608
      vertex 7.3292 51.2366 8.95921
      vertex 7.3244 51.2649 8.93225
    endloop
  endfacet
  facet normal 0.98598 0.166863 2.50903e-05
    outer loop
      vertex 6.67194 55.1203 9.01608
      vertex 7.34893 51.12 9.06997
      vertex 7.3292 51.2366 8.95921
    endloop
  endfacet
  facet normal 0.985981 0.16686 5.35284e-05
    outer loop
      vertex 6.64976 55.2514 9.12341
      vertex 7.37013 50.9947 9.15895
      vertex 7.34893 51.12 9.06997
    endloop
  endfacet
  facet normal 0.98598 0.166861 0.000212792
    outer loop
      vertex 6.64976 55.2514 9.12341
      vertex 7.3762 50.9588 9.18441
      vertex 7.37013 50.9947 9.15895
    endloop
  endfacet
  facet normal 0.985981 0.166857 -0.000118521
    outer loop
      vertex 6.63638 55.3305 9.17348
      vertex 7.3762 50.9588 9.18441
      vertex 6.64976 55.2514 9.12341
    endloop
  endfacet
  facet normal 0.985981 0.166857 9.2464e-05
    outer loop
      vertex 6.62519 55.3966 9.21532
      vertex 7.3762 50.9588 9.18441
      vertex 6.63638 55.3305 9.17348
    endloop
  endfacet
  facet normal 0.985981 0.166859 -0.000111439
    outer loop
      vertex 7.3762 50.9588 9.18441
      vertex 6.62519 55.3966 9.21532
      vertex 7.39836 50.8279 9.25216
    endloop
  endfacet
  facet normal 0.985981 0.166859 -6.81119e-05
    outer loop
      vertex 7.39836 50.8279 9.25216
      vertex 6.62519 55.3966 9.21532
      vertex 7.40552 50.7856 9.27405
    endloop
  endfacet
  facet normal 0.98598 0.166861 0.000405266
    outer loop
      vertex 6.56996 55.7229 9.34486
      vertex 7.4362 50.6043 9.33811
      vertex 6.5871 55.6217 9.31178
    endloop
  endfacet
  facet normal 0.985988 0.166816 9.48118e-05
    outer loop
      vertex 5 65 16
      vertex 7.46758 50.4188 9.3765
      vertex 7.44525 50.5508 9.34919
    endloop
  endfacet
  facet normal 0.985942 0.167086 -0.000517347
    outer loop
      vertex 5 65 16
      vertex 7.47753 50.3601 9.38068
      vertex 7.46758 50.4188 9.3765
    endloop
  endfacet
  facet normal 0.98598 0.166863 -1.03164e-05
    outer loop
      vertex 5 65 16
      vertex 7.49904 50.233 9.38971
      vertex 7.47753 50.3601 9.38068
    endloop
  endfacet
  facet normal 0.986035 0.166534 0.000745935
    outer loop
      vertex 5 65 16
      vertex 7.5097 50.1699 9.38592
      vertex 7.49904 50.233 9.38971
    endloop
  endfacet
  facet normal 0.985966 0.166944 -0.000198313
    outer loop
      vertex 5 65 16
      vertex 7.53 50.05 9.37871
      vertex 7.5097 50.1699 9.38592
    endloop
  endfacet
  facet normal 0.985981 0.166857 3.12711e-06
    outer loop
      vertex 8.45758 44.5688 9.3765
      vertex 7.53 50.05 9.37871
      vertex 5 65 16
    endloop
  endfacet
  facet normal 0.985981 0.166857 -6.43147e-05
    outer loop
      vertex 7.53 50.05 9.37871
      vertex 8.45758 44.5688 9.3765
      vertex 7.5488 49.9389 9.35747
    endloop
  endfacet
  facet normal 0.985981 0.166855 -0.000702809
    outer loop
      vertex 7.5488 49.9389 9.35747
      vertex 8.45758 44.5688 9.3765
      vertex 7.55996 49.8729 9.34486
    endloop
  endfacet
  facet normal 0.98598 0.166861 0.000317405
    outer loop
      vertex 8.43525 44.7008 9.34919
      vertex 7.55996 49.8729 9.34486
      vertex 8.45758 44.5688 9.3765
    endloop
  endfacet
  facet normal 0.985981 0.166859 -0.000215265
    outer loop
      vertex 8.39552 44.9356 9.27405
      vertex 7.60383 49.6137 9.247
      vertex 7.58849 49.7044 9.28978
    endloop
  endfacet
  facet normal 0.98598 0.166861 -2.96123e-06
    outer loop
      vertex 8.33893 45.27 9.06997
      vertex 7.65142 49.3325 9.06699
      vertex 7.63976 49.4014 9.12341
    endloop
  endfacet
  facet normal 0.985981 0.166856 0.000177614
    outer loop
      vertex 8.25575 45.7615 8.20557
      vertex 7.73366 48.8466 8.22831
      vertex 7.73097 48.8624 8.31821
    endloop
  endfacet
  facet normal 0.985981 0.16686 -9.95482e-05
    outer loop
      vertex 7.7366 48.8292 8.06862
      vertex 8.25314 45.7769 8
      vertex 7.73727 48.8252 8
    endloop
  endfacet
  facet normal 0.985981 0.166857 3.32935e-05
    outer loop
      vertex 7.7357 48.8345 8.16002
      vertex 8.25314 45.7769 8
      vertex 7.7366 48.8292 8.06862
    endloop
  endfacet
  facet normal 0.985981 0.166858 -0.00011099
    outer loop
      vertex 7.73366 48.8466 8.22831
      vertex 8.25575 45.7615 8.20557
      vertex 7.7357 48.8345 8.16002
    endloop
  endfacet
  facet normal 0.985981 0.166855 -0.000148357
    outer loop
      vertex 8.26349 45.7157 8.40614
      vertex 7.73097 48.8624 8.31821
      vertex 7.7266 48.8883 8.40448
    endloop
  endfacet
  facet normal 0.985981 0.166855 0.000112182
    outer loop
      vertex 8.26349 45.7157 8.40614
      vertex 7.7266 48.8883 8.40448
      vertex 7.72314 48.9087 8.47273
    endloop
  endfacet
  facet normal 0.985981 0.166858 -1.13696e-05
    outer loop
      vertex 8.27612 45.6411 8.59691
      vertex 7.72314 48.9087 8.47273
      vertex 7.71825 48.9376 8.53952
    endloop
  endfacet
  facet normal 0.985981 0.166858 -5.5059e-05
    outer loop
      vertex 8.27612 45.6411 8.59691
      vertex 7.71825 48.9376 8.53952
      vertex 7.71223 48.9732 8.6217
    endloop
  endfacet
  facet normal 0.985981 0.166857 9.38982e-05
    outer loop
      vertex 8.27612 45.6411 8.59691
      vertex 7.71223 48.9732 8.6217
      vertex 7.70581 49.0111 8.68706
    endloop
  endfacet
  facet normal 0.985981 0.166858 -8.94202e-05
    outer loop
      vertex 8.29032 45.5572 8.74323
      vertex 7.70581 49.0111 8.68706
      vertex 7.69832 49.0554 8.76322
    endloop
  endfacet
  facet normal 0.985981 0.166856 -6.50103e-05
    outer loop
      vertex 8.29326 45.5398 8.77354
      vertex 7.69832 49.0554 8.76322
      vertex 7.68966 49.1066 8.83137
    endloop
  endfacet
  facet normal 0.985981 0.166855 2.58978e-06
    outer loop
      vertex 8.29326 45.5398 8.77354
      vertex 7.68966 49.1066 8.83137
      vertex 7.68152 49.1547 8.89534
    endloop
  endfacet
  facet normal 0.985982 0.166854 4.22833e-05
    outer loop
      vertex 8.31439 45.4149 8.93225
      vertex 7.68152 49.1547 8.89534
      vertex 7.67177 49.2123 8.95549
    endloop
  endfacet
  facet normal 0.985982 0.166853 0.000243469
    outer loop
      vertex 8.31439 45.4149 8.93225
      vertex 7.67177 49.2123 8.95549
      vertex 7.66194 49.2703 9.01608
    endloop
  endfacet
  facet normal 0.98598 0.166861 -0.000122038
    outer loop
      vertex 7.65142 49.3325 9.06699
      vertex 8.33893 45.27 9.06997
      vertex 7.66194 49.2703 9.01608
    endloop
  endfacet
  facet normal 0.985981 0.166857 -0.000118521
    outer loop
      vertex 8.3662 45.1088 9.18441
      vertex 7.63976 49.4014 9.12341
      vertex 7.62638 49.4805 9.17348
    endloop
  endfacet
  facet normal 0.985981 0.166857 9.2464e-05
    outer loop
      vertex 8.3662 45.1088 9.18441
      vertex 7.62638 49.4805 9.17348
      vertex 7.61519 49.5466 9.21532
    endloop
  endfacet
  facet normal 0.98598 0.166861 0.000136819
    outer loop
      vertex 7.60383 49.6137 9.247
      vertex 8.39552 44.9356 9.27405
      vertex 7.61519 49.5466 9.21532
    endloop
  endfacet
  facet normal 0.98598 0.166861 0.000354312
    outer loop
      vertex 8.4262 44.7543 9.33811
      vertex 7.55996 49.8729 9.34486
      vertex 8.43525 44.7008 9.34919
    endloop
  endfacet
  facet normal 0.985981 0.166857 2.15614e-05
    outer loop
      vertex 7.7357 48.8345 8.16002
      vertex 8.25537 45.7637 8.17519
      vertex 8.25314 45.7769 8
    endloop
  endfacet
  facet normal 0.985981 0.166856 -0.000249832
    outer loop
      vertex 7.7357 48.8345 8.16002
      vertex 8.25575 45.7615 8.20557
      vertex 8.25537 45.7637 8.17519
    endloop
  endfacet
  facet normal 0.98598 0.166861 3.62818e-05
    outer loop
      vertex 7.73097 48.8624 8.31821
      vertex 8.26231 45.7227 8.37558
      vertex 8.25575 45.7615 8.20557
    endloop
  endfacet
  facet normal 0.98598 0.166863 0.00014998
    outer loop
      vertex 7.73097 48.8624 8.31821
      vertex 8.26349 45.7157 8.40614
      vertex 8.26231 45.7227 8.37558
    endloop
  endfacet
  facet normal 0.98598 0.166862 -0.000228283
    outer loop
      vertex 7.72314 48.9087 8.47273
      vertex 8.26546 45.7041 8.43586
      vertex 8.26349 45.7157 8.40614
    endloop
  endfacet
  facet normal 0.985981 0.166859 9.74524e-06
    outer loop
      vertex 7.72314 48.9087 8.47273
      vertex 8.27612 45.6411 8.59691
      vertex 8.26546 45.7041 8.43586
    endloop
  endfacet
  facet normal 0.985981 0.166859 -9.82905e-06
    outer loop
      vertex 7.70581 49.0111 8.68706
      vertex 8.29032 45.5572 8.74323
      vertex 8.27612 45.6411 8.59691
    endloop
  endfacet
  facet normal 0.985981 0.166857 0.000149151
    outer loop
      vertex 7.69832 49.0554 8.76322
      vertex 8.29326 45.5398 8.77354
      vertex 8.29032 45.5572 8.74323
    endloop
  endfacet
  facet normal 0.985981 0.166855 3.14424e-06
    outer loop
      vertex 7.68152 49.1547 8.89534
      vertex 8.31047 45.4381 8.90275
      vertex 8.29326 45.5398 8.77354
    endloop
  endfacet
  facet normal 0.985981 0.166855 0.000203271
    outer loop
      vertex 7.68152 49.1547 8.89534
      vertex 8.31439 45.4149 8.93225
      vertex 8.31047 45.4381 8.90275
    endloop
  endfacet
  facet normal 0.985978 0.166873 -0.000743226
    outer loop
      vertex 7.66194 49.2703 9.01608
      vertex 8.3192 45.3866 8.95921
      vertex 8.31439 45.4149 8.93225
    endloop
  endfacet
  facet normal 0.98598 0.166863 2.50903e-05
    outer loop
      vertex 7.66194 49.2703 9.01608
      vertex 8.33893 45.27 9.06997
      vertex 8.3192 45.3866 8.95921
    endloop
  endfacet
  facet normal 0.985981 0.16686 5.35284e-05
    outer loop
      vertex 7.63976 49.4014 9.12341
      vertex 8.36013 45.1447 9.15895
      vertex 8.33893 45.27 9.06997
    endloop
  endfacet
  facet normal 0.98598 0.166861 0.000212792
    outer loop
      vertex 7.63976 49.4014 9.12341
      vertex 8.3662 45.1088 9.18441
      vertex 8.36013 45.1447 9.15895
    endloop
  endfacet
  facet normal 0.98598 0.166862 -0.000668243
    outer loop
      vertex 7.61519 49.5466 9.21532
      vertex 8.37317 45.0677 9.20572
      vertex 8.3662 45.1088 9.18441
    endloop
  endfacet
  facet normal 0.98598 0.166861 8.25941e-05
    outer loop
      vertex 7.61519 49.5466 9.21532
      vertex 8.39552 44.9356 9.27405
      vertex 8.37317 45.0677 9.20572
    endloop
  endfacet
  facet normal 0.985981 0.166858 0.000289672
    outer loop
      vertex 7.58849 49.7044 9.28978
      vertex 8.41798 44.8028 9.32096
      vertex 8.39552 44.9356 9.27405
    endloop
  endfacet
  facet normal 0.985982 0.166852 -0.000727236
    outer loop
      vertex 7.58849 49.7044 9.28978
      vertex 8.4262 44.7543 9.33811
      vertex 8.41798 44.8028 9.32096
    endloop
  endfacet
  facet normal 0.985981 0.166859 3.30199e-05
    outer loop
      vertex 7.5771 49.7717 9.31178
      vertex 8.4262 44.7543 9.33811
      vertex 7.58849 49.7044 9.28978
    endloop
  endfacet
  facet normal 0.98598 0.166861 0.000405266
    outer loop
      vertex 7.55996 49.8729 9.34486
      vertex 8.4262 44.7543 9.33811
      vertex 7.5771 49.7717 9.31178
    endloop
  endfacet
  facet normal 0.985967 0.166941 -0.000262359
    outer loop
      vertex 5 65 16
      vertex 8.46752 44.5101 9.38068
      vertex 8.45758 44.5688 9.3765
    endloop
  endfacet
  facet normal 0.98597 0.166925 -0.000212169
    outer loop
      vertex 5 65 16
      vertex 8.48904 44.383 9.38971
      vertex 8.46752 44.5101 9.38068
    endloop
  endfacet
  facet normal 0.986039 0.166513 0.00110889
    outer loop
      vertex 5 65 16
      vertex 8.4997 44.3199 9.38592
      vertex 8.48904 44.383 9.38971
    endloop
  endfacet
  facet normal 0.985965 0.166949 -0.000293987
    outer loop
      vertex 5 65 16
      vertex 8.52 44.2 9.37871
      vertex 8.4997 44.3199 9.38592
    endloop
  endfacet
  facet normal 0.985981 0.166858 4.10884e-07
    outer loop
      vertex 15.9983 0.00999451 16
      vertex 8.52 44.2 9.37871
      vertex 5 65 16
    endloop
  endfacet
  facet normal 0.985982 0.166852 -3.94734e-05
    outer loop
      vertex 8.52 44.2 9.37871
      vertex 15.9983 0.00999451 16
      vertex 8.5388 44.0889 9.35747
    endloop
  endfacet
  facet normal -0.991051 -0.0804954 -0.106481
    outer loop
      vertex 8.62976 43.5514 9.12341
      vertex 8.65194 43.4203 9.01608
      vertex 8.6404 43.4885 9.07193
    endloop
  endfacet
  facet normal 0.824977 -0.335388 0.454894
    outer loop
      vertex 8.65194 43.4203 9.01608
      vertex 8.67152 43.3047 8.89534
      vertex 8.66177 43.3623 8.95549
    endloop
  endfacet
  facet normal -0.960919 -0.265746 0.0775442
    outer loop
      vertex 8.67152 43.3047 8.89534
      vertex 8.68832 43.2054 8.76322
      vertex 8.67966 43.2566 8.83137
    endloop
  endfacet
  facet normal -0.996026 -0.0664313 -0.0593137
    outer loop
      vertex 8.68832 43.2054 8.76322
      vertex 8.70223 43.1232 8.6217
      vertex 8.69581 43.1611 8.68706
    endloop
  endfacet
  facet normal 0.978036 -0.180789 0.103731
    outer loop
      vertex 8.71314 43.0587 8.47273
      vertex 8.72097 43.0124 8.31821
      vertex 8.71754 43.0327 8.38593
    endloop
  endfacet
  facet normal -0.788738 0.613197 -0.0433762
    outer loop
      vertex 8.7257 42.9845 8.16002
      vertex 8.72727 42.9752 8
      vertex 8.72637 42.9805 8.09129
    endloop
  endfacet
  facet normal 0.985982 0.166854 -2.34385e-05
    outer loop
      vertex 8.7257 42.9845 8.16002
      vertex 15.9983 0.00999451 16
      vertex 8.72727 42.9752 8
    endloop
  endfacet
  facet normal 0.985984 0.166839 -0.000107551
    outer loop
      vertex 8.72366 42.9966 8.22831
      vertex 15.9983 0.00999451 16
      vertex 8.7257 42.9845 8.16002
    endloop
  endfacet
  facet normal 0.985976 0.166888 0.000171775
    outer loop
      vertex 8.72097 43.0124 8.31821
      vertex 15.9983 0.00999451 16
      vertex 8.72366 42.9966 8.22831
    endloop
  endfacet
  facet normal 0.985982 0.166853 -3.26122e-05
    outer loop
      vertex 8.71314 43.0587 8.47273
      vertex 15.9983 0.00999451 16
      vertex 8.72097 43.0124 8.31821
    endloop
  endfacet
  facet normal 0.985982 0.166851 -4.31986e-05
    outer loop
      vertex 8.70717 43.094 8.55424
      vertex 15.9983 0.00999451 16
      vertex 8.71314 43.0587 8.47273
    endloop
  endfacet
  facet normal 0.985982 0.166855 -2.08343e-05
    outer loop
      vertex 8.70223 43.1232 8.6217
      vertex 15.9983 0.00999451 16
      vertex 8.70717 43.094 8.55424
    endloop
  endfacet
  facet normal 0.985981 0.166857 -4.74268e-06
    outer loop
      vertex 8.68832 43.2054 8.76322
      vertex 15.9983 0.00999451 16
      vertex 8.70223 43.1232 8.6217
    endloop
  endfacet
  facet normal 0.985982 0.166853 -3.04133e-05
    outer loop
      vertex 8.67152 43.3047 8.89534
      vertex 15.9983 0.00999451 16
      vertex 8.68832 43.2054 8.76322
    endloop
  endfacet
  facet normal 0.985978 0.166877 0.000119739
    outer loop
      vertex 8.65194 43.4203 9.01608
      vertex 15.9983 0.00999451 16
      vertex 8.67152 43.3047 8.89534
    endloop
  endfacet
  facet normal 0.985982 0.166851 -4.72615e-05
    outer loop
      vertex 8.62976 43.5514 9.12341
      vertex 15.9983 0.00999451 16
      vertex 8.65194 43.4203 9.01608
    endloop
  endfacet
  facet normal 0.985979 0.166868 6.07738e-05
    outer loop
      vertex 8.61637 43.6305 9.17348
      vertex 15.9983 0.00999451 16
      vertex 8.62976 43.5514 9.12341
    endloop
  endfacet
  facet normal 0.985984 0.166841 -0.000116223
    outer loop
      vertex 8.60519 43.6966 9.21532
      vertex 15.9983 0.00999451 16
      vertex 8.61637 43.6305 9.17348
    endloop
  endfacet
  facet normal 0.985978 0.166874 0.000108372
    outer loop
      vertex 8.59383 43.7637 9.247
      vertex 15.9983 0.00999451 16
      vertex 8.60519 43.6966 9.21532
    endloop
  endfacet
  facet normal 0.985981 0.16686 1.34744e-05
    outer loop
      vertex 8.57848 43.8544 9.28978
      vertex 15.9983 0.00999451 16
      vertex 8.59383 43.7637 9.247
    endloop
  endfacet
  facet normal 0.98598 0.166862 2.35969e-05
    outer loop
      vertex 8.56709 43.9217 9.31178
      vertex 15.9983 0.00999451 16
      vertex 8.57848 43.8544 9.28978
    endloop
  endfacet
  facet normal 0.985979 0.16687 7.82798e-05
    outer loop
      vertex 8.54996 44.0229 9.34486
      vertex 15.9983 0.00999451 16
      vertex 8.56709 43.9217 9.31178
    endloop
  endfacet
  facet normal 0.985991 0.166799 -0.000403042
    outer loop
      vertex 8.5388 44.0889 9.35747
      vertex 15.9983 0.00999451 16
      vertex 8.54996 44.0229 9.34486
    endloop
  endfacet
  facet normal 0.985984 0.166838 -2.00408e-05
    outer loop
      vertex 6.27537 57.4637 7.82481
      vertex 5 65 0
      vertex 6.27314 57.4769 8
    endloop
  endfacet
  facet normal 0.985941 0.167092 0.00023222
    outer loop
      vertex 6.27575 57.4615 7.79443
      vertex 5 65 0
      vertex 6.27537 57.4637 7.82481
    endloop
  endfacet
  facet normal 0.986016 0.166653 -0.000204455
    outer loop
      vertex 6.27691 57.4546 7.76445
      vertex 5 65 0
      vertex 6.27575 57.4615 7.79443
    endloop
  endfacet
  facet normal 0.985983 0.166843 -1.43113e-05
    outer loop
      vertex 6.28349 57.4157 7.59386
      vertex 5 65 0
      vertex 6.27691 57.4546 7.76445
    endloop
  endfacet
  facet normal 0.985954 0.167018 0.000165389
    outer loop
      vertex 6.28546 57.4041 7.56414
      vertex 5 65 0
      vertex 6.28349 57.4157 7.59386
    endloop
  endfacet
  facet normal 0.985975 0.166894 3.72804e-05
    outer loop
      vertex 6.29613 57.3411 7.40309
      vertex 5 65 0
      vertex 6.28546 57.4041 7.56414
    endloop
  endfacet
  facet normal 0.985987 0.166825 -3.70875e-05
    outer loop
      vertex 6.31032 57.2572 7.25677
      vertex 5 65 0
      vertex 6.29613 57.3411 7.40309
    endloop
  endfacet
  facet normal 0.985996 0.166769 -9.76184e-05
    outer loop
      vertex 6.31326 57.2398 7.22646
      vertex 5 65 0
      vertex 6.31032 57.2572 7.25677
    endloop
  endfacet
  facet normal 0.985981 0.166855 -3.12087e-06
    outer loop
      vertex 6.33047 57.1381 7.09725
      vertex 5 65 0
      vertex 6.31326 57.2398 7.22646
    endloop
  endfacet
  facet normal 0.98597 0.166924 7.54875e-05
    outer loop
      vertex 6.3344 57.1149 7.06775
      vertex 5 65 0
      vertex 6.33047 57.1381 7.09725
    endloop
  endfacet
  facet normal 0.985951 0.167035 0.000203021
    outer loop
      vertex 6.3392 57.0866 7.04079
      vertex 5 65 0
      vertex 6.3344 57.1149 7.06775
    endloop
  endfacet
  facet normal 0.985982 0.16685 -1.12322e-05
    outer loop
      vertex 6.35893 56.97 6.93002
      vertex 5 65 0
      vertex 6.3392 57.0866 7.04079
    endloop
  endfacet
  facet normal 0.985987 0.166824 -4.2216e-05
    outer loop
      vertex 6.3648 56.9353 6.90537
      vertex 5 65 0
      vertex 6.35893 56.97 6.93002
    endloop
  endfacet
  facet normal 0.985986 0.166827 -3.86456e-05
    outer loop
      vertex 6.3862 56.8088 6.81558
      vertex 5 65 0
      vertex 6.3648 56.9353 6.90537
    endloop
  endfacet
  facet normal 0.985975 0.166893 4.32075e-05
    outer loop
      vertex 6.40836 56.6779 6.74784
      vertex 5 65 0
      vertex 6.3862 56.8088 6.81558
    endloop
  endfacet
  facet normal 0.985977 0.16688 2.65849e-05
    outer loop
      vertex 6.41552 56.6356 6.72595
      vertex 5 65 0
      vertex 6.40836 56.6779 6.74784
    endloop
  endfacet
  facet normal 0.985993 0.166789 -8.94524e-05
    outer loop
      vertex 6.43798 56.5028 6.67904
      vertex 5 65 0
      vertex 6.41552 56.6356 6.72595
    endloop
  endfacet
  facet normal 0.985953 0.167026 0.000220289
    outer loop
      vertex 6.4462 56.4543 6.66188
      vertex 5 65 0
      vertex 6.43798 56.5028 6.67904
    endloop
  endfacet
  facet normal 0.98599 0.166804 -7.23952e-05
    outer loop
      vertex 6.45525 56.4008 6.65081
      vertex 5 65 0
      vertex 6.4462 56.4543 6.66188
    endloop
  endfacet
  facet normal 0.985989 0.16681 -6.45585e-05
    outer loop
      vertex 6.47758 56.2688 6.62349
      vertex 5 65 0
      vertex 6.45525 56.4008 6.65081
    endloop
  endfacet
  facet normal 0.98594 0.167099 0.000328086
    outer loop
      vertex 6.48753 56.2101 6.61932
      vertex 5 65 0
      vertex 6.47758 56.2688 6.62349
    endloop
  endfacet
  facet normal 0.98598 0.166864 6.08923e-06
    outer loop
      vertex 6.50904 56.083 6.61029
      vertex 5 65 0
      vertex 6.48753 56.2101 6.61932
    endloop
  endfacet
  facet normal 0.986001 0.166738 -0.000168787
    outer loop
      vertex 6.5293 55.9632 6.61749
      vertex 5 65 0
      vertex 6.50904 56.083 6.61029
    endloop
  endfacet
  facet normal 0.985968 0.166935 0.000107872
    outer loop
      vertex 6.54 55.9 6.62129
      vertex 5 65 0
      vertex 6.5293 55.9632 6.61749
    endloop
  endfacet
  facet normal 0.986001 0.166737 -0.000171088
    outer loop
      vertex 6.55118 55.8339 6.63392
      vertex 5 65 0
      vertex 6.54 55.9 6.62129
    endloop
  endfacet
  facet normal 0.98599 0.166804 -7.5737e-05
    outer loop
      vertex 6.56996 55.7229 6.65514
      vertex 5 65 0
      vertex 6.55118 55.8339 6.63392
    endloop
  endfacet
  facet normal 0.98598 0.166861 -0.000405264
    outer loop
      vertex 7.4362 50.6043 6.66188
      vertex 6.56996 55.7229 6.65514
      vertex 6.5871 55.6217 6.68822
    endloop
  endfacet
  facet normal 0.985981 0.166859 -3.30197e-05
    outer loop
      vertex 7.4362 50.6043 6.66188
      vertex 6.5871 55.6217 6.68822
      vertex 6.59849 55.5544 6.71022
    endloop
  endfacet
  facet normal 0.985981 0.166859 0.000215265
    outer loop
      vertex 7.40552 50.7856 6.72595
      vertex 6.59849 55.5544 6.71022
      vertex 6.61383 55.4637 6.753
    endloop
  endfacet
  facet normal 0.98598 0.166861 -0.000136819
    outer loop
      vertex 7.40552 50.7856 6.72595
      vertex 6.61383 55.4637 6.753
      vertex 6.62519 55.3966 6.78468
    endloop
  endfacet
  facet normal 0.985981 0.166857 -9.24861e-05
    outer loop
      vertex 7.3762 50.9588 6.81558
      vertex 6.62519 55.3966 6.78468
      vertex 6.63638 55.3305 6.82651
    endloop
  endfacet
  facet normal 0.985981 0.166857 0.000118498
    outer loop
      vertex 7.3762 50.9588 6.81558
      vertex 6.63638 55.3305 6.82651
      vertex 6.64976 55.2514 6.87659
    endloop
  endfacet
  facet normal 0.985981 0.166856 6.50103e-05
    outer loop
      vertex 7.30326 51.3898 7.22646
      vertex 6.69966 54.9566 7.16863
      vertex 6.70832 54.9054 7.23678
    endloop
  endfacet
  facet normal 0.985981 0.166855 0.000148357
    outer loop
      vertex 7.27349 51.5657 7.59386
      vertex 6.7366 54.7383 7.59552
      vertex 6.74097 54.7124 7.68179
    endloop
  endfacet
  facet normal 0.985981 0.166859 9.95052e-05
    outer loop
      vertex 7.26353 51.6246 7.96982
      vertex 6.7466 54.6792 7.93138
      vertex 6.74727 54.6752 8
    endloop
  endfacet
  facet normal 0.985981 0.16686 2.5036e-05
    outer loop
      vertex 7.26353 51.6246 7.96982
      vertex 6.74727 54.6752 8
      vertex 7.26314 51.6269 8
    endloop
  endfacet
  facet normal 0.985981 0.166857 -3.32599e-05
    outer loop
      vertex 6.7466 54.6792 7.93138
      vertex 7.26353 51.6246 7.96982
      vertex 6.7457 54.6845 7.83998
    endloop
  endfacet
  facet normal 0.985981 0.166859 1.72243e-05
    outer loop
      vertex 7.26575 51.6115 7.79443
      vertex 6.7457 54.6845 7.83998
      vertex 7.26353 51.6246 7.96982
    endloop
  endfacet
  facet normal 0.985981 0.16686 -6.73548e-05
    outer loop
      vertex 6.7457 54.6845 7.83998
      vertex 7.26575 51.6115 7.79443
      vertex 6.74302 54.7003 7.75042
    endloop
  endfacet
  facet normal 0.98598 0.166861 -3.2673e-05
    outer loop
      vertex 6.74302 54.7003 7.75042
      vertex 7.26575 51.6115 7.79443
      vertex 6.74097 54.7124 7.68179
    endloop
  endfacet
  facet normal 0.98598 0.166861 -3.62818e-05
    outer loop
      vertex 7.27231 51.5727 7.62442
      vertex 6.74097 54.7124 7.68179
      vertex 7.26575 51.6115 7.79443
    endloop
  endfacet
  facet normal 0.98598 0.166863 -0.00014998
    outer loop
      vertex 7.27349 51.5657 7.59386
      vertex 6.74097 54.7124 7.68179
      vertex 7.27231 51.5727 7.62442
    endloop
  endfacet
  facet normal 0.985981 0.166855 -0.000112182
    outer loop
      vertex 6.7366 54.7383 7.59552
      vertex 7.27349 51.5657 7.59386
      vertex 6.73314 54.7587 7.52727
    endloop
  endfacet
  facet normal 0.985981 0.166857 -4.23523e-06
    outer loop
      vertex 7.2841 51.503 7.43367
      vertex 6.73314 54.7587 7.52727
      vertex 7.27349 51.5657 7.59386
    endloop
  endfacet
  facet normal 0.985981 0.166856 4.53548e-05
    outer loop
      vertex 6.73314 54.7587 7.52727
      vertex 7.2841 51.503 7.43367
      vertex 6.72717 54.794 7.44576
    endloop
  endfacet
  facet normal 0.985981 0.166854 0.000522577
    outer loop
      vertex 7.28613 51.4911 7.40309
      vertex 6.72717 54.794 7.44576
      vertex 7.2841 51.503 7.43367
    endloop
  endfacet
  facet normal 0.985981 0.16686 2.33492e-05
    outer loop
      vertex 6.72717 54.794 7.44576
      vertex 7.28613 51.4911 7.40309
      vertex 6.72223 54.8232 7.3783
    endloop
  endfacet
  facet normal 0.985981 0.166859 -0.000104213
    outer loop
      vertex 7.28897 51.4743 7.37381
      vertex 6.72223 54.8232 7.3783
      vertex 7.28613 51.4911 7.40309
    endloop
  endfacet
  facet normal 0.985981 0.166859 -9.22361e-05
    outer loop
      vertex 6.72223 54.8232 7.3783
      vertex 7.28897 51.4743 7.37381
      vertex 6.71581 54.8611 7.31294
    endloop
  endfacet
  facet normal 0.985981 0.16686 -6.77569e-05
    outer loop
      vertex 7.30326 51.3898 7.22646
      vertex 6.71581 54.8611 7.31294
      vertex 7.28897 51.4743 7.37381
    endloop
  endfacet
  facet normal 0.985981 0.166856 8.82219e-05
    outer loop
      vertex 6.71581 54.8611 7.31294
      vertex 7.30326 51.3898 7.22646
      vertex 6.70832 54.9054 7.23678
    endloop
  endfacet
  facet normal 0.985982 0.166855 -2.36944e-05
    outer loop
      vertex 7.30705 51.3674 7.19803
      vertex 6.69966 54.9566 7.16863
      vertex 7.30326 51.3898 7.22646
    endloop
  endfacet
  facet normal 0.985981 0.166855 -2.71787e-06
    outer loop
      vertex 6.69966 54.9566 7.16863
      vertex 7.30705 51.3674 7.19803
      vertex 6.69152 55.0047 7.10466
    endloop
  endfacet
  facet normal 0.985981 0.166856 3.12658e-05
    outer loop
      vertex 7.3244 51.2649 7.06775
      vertex 6.69152 55.0047 7.10466
      vertex 7.30705 51.3674 7.19803
    endloop
  endfacet
  facet normal 0.985981 0.166855 6.04061e-05
    outer loop
      vertex 6.69152 55.0047 7.10466
      vertex 7.3244 51.2649 7.06775
      vertex 6.68181 55.0621 7.04476
    endloop
  endfacet
  facet normal 0.985982 0.166853 -0.000341817
    outer loop
      vertex 6.68181 55.0621 7.04476
      vertex 7.3244 51.2649 7.06775
      vertex 6.67194 55.1203 6.98392
    endloop
  endfacet
  facet normal 0.985979 0.166868 0.000383044
    outer loop
      vertex 7.3292 51.2366 7.04079
      vertex 6.67194 55.1203 6.98392
      vertex 7.3244 51.2649 7.06775
    endloop
  endfacet
  facet normal 0.98598 0.166863 -2.5088e-05
    outer loop
      vertex 7.34893 51.12 6.93002
      vertex 6.67194 55.1203 6.98392
      vertex 7.3292 51.2366 7.04079
    endloop
  endfacet
  facet normal 0.98598 0.166862 3.15038e-05
    outer loop
      vertex 6.67194 55.1203 6.98392
      vertex 7.34893 51.12 6.93002
      vertex 6.6604 55.1885 6.92807
    endloop
  endfacet
  facet normal 0.98598 0.166862 9.2779e-05
    outer loop
      vertex 6.6604 55.1885 6.92807
      vertex 7.34893 51.12 6.93002
      vertex 6.64976 55.2514 6.87659
    endloop
  endfacet
  facet normal 0.985981 0.16686 -5.35345e-05
    outer loop
      vertex 7.37013 50.9947 6.84105
      vertex 6.64976 55.2514 6.87659
      vertex 7.34893 51.12 6.93002
    endloop
  endfacet
  facet normal 0.98598 0.166861 -0.000212707
    outer loop
      vertex 7.3762 50.9588 6.81558
      vertex 6.64976 55.2514 6.87659
      vertex 7.37013 50.9947 6.84105
    endloop
  endfacet
  facet normal 0.985981 0.166859 0.000111456
    outer loop
      vertex 6.62519 55.3966 6.78468
      vertex 7.3762 50.9588 6.81558
      vertex 7.39836 50.8279 6.74784
    endloop
  endfacet
  facet normal 0.985981 0.166859 6.81119e-05
    outer loop
      vertex 6.62519 55.3966 6.78468
      vertex 7.39836 50.8279 6.74784
      vertex 7.40552 50.7856 6.72595
    endloop
  endfacet
  facet normal 0.985981 0.166858 -0.000289672
    outer loop
      vertex 6.59849 55.5544 6.71022
      vertex 7.40552 50.7856 6.72595
      vertex 7.42798 50.6528 6.67904
    endloop
  endfacet
  facet normal 0.985982 0.166852 0.000726804
    outer loop
      vertex 6.59849 55.5544 6.71022
      vertex 7.42798 50.6528 6.67904
      vertex 7.4362 50.6043 6.66188
    endloop
  endfacet
  facet normal 0.98598 0.166861 -0.000354634
    outer loop
      vertex 6.56996 55.7229 6.65514
      vertex 7.4362 50.6043 6.66188
      vertex 7.44525 50.5508 6.65081
    endloop
  endfacet
  facet normal 0.985981 0.16686 4.65629e-06
    outer loop
      vertex 6.56996 55.7229 6.65514
      vertex 7.44525 50.5508 6.65081
      vertex 5 65 0
    endloop
  endfacet
  facet normal 0.985988 0.166816 -9.48011e-05
    outer loop
      vertex 7.46758 50.4188 6.62349
      vertex 5 65 0
      vertex 7.44525 50.5508 6.65081
    endloop
  endfacet
  facet normal 0.985942 0.167086 0.000517516
    outer loop
      vertex 7.47753 50.3601 6.61932
      vertex 5 65 0
      vertex 7.46758 50.4188 6.62349
    endloop
  endfacet
  facet normal 0.98598 0.166863 1.03164e-05
    outer loop
      vertex 7.49904 50.233 6.61029
      vertex 5 65 0
      vertex 7.47753 50.3601 6.61932
    endloop
  endfacet
  facet normal 0.986003 0.16673 -0.000295586
    outer loop
      vertex 7.5193 50.1132 6.61748
      vertex 5 65 0
      vertex 7.49904 50.233 6.61029
    endloop
  endfacet
  facet normal 0.985967 0.166939 0.00018819
    outer loop
      vertex 7.53 50.05 6.62129
      vertex 5 65 0
      vertex 7.5193 50.1132 6.61748
    endloop
  endfacet
  facet normal 0.985981 0.166857 0.000474164
    outer loop
      vertex 8.45758 44.5688 6.62349
      vertex 7.53 50.05 6.62129
      vertex 7.54118 49.9839 6.63392
    endloop
  endfacet
  facet normal 0.985981 0.166858 0.000210863
    outer loop
      vertex 8.45758 44.5688 6.62349
      vertex 7.54118 49.9839 6.63392
      vertex 7.55996 49.8729 6.65514
    endloop
  endfacet
  facet normal 0.98598 0.166861 -0.000405264
    outer loop
      vertex 8.4262 44.7543 6.66188
      vertex 7.55996 49.8729 6.65514
      vertex 7.5771 49.7717 6.68822
    endloop
  endfacet
  facet normal 0.985981 0.166859 -3.30197e-05
    outer loop
      vertex 8.4262 44.7543 6.66188
      vertex 7.5771 49.7717 6.68822
      vertex 7.58849 49.7044 6.71022
    endloop
  endfacet
  facet normal 0.98598 0.166861 -0.000136819
    outer loop
      vertex 8.39552 44.9356 6.72595
      vertex 7.60383 49.6137 6.753
      vertex 7.61519 49.5466 6.78468
    endloop
  endfacet
  facet normal 0.98598 0.166861 0.000122038
    outer loop
      vertex 8.33893 45.27 6.93002
      vertex 7.65142 49.3325 6.93301
      vertex 7.66194 49.2703 6.98392
    endloop
  endfacet
  facet normal 0.985981 0.166857 2.91792e-05
    outer loop
      vertex 8.29032 45.5572 7.25677
      vertex 7.70482 49.017 7.30288
      vertex 7.71223 48.9732 7.3783
    endloop
  endfacet
  facet normal 0.985981 0.166858 0.000110974
    outer loop
      vertex 8.25575 45.7615 7.79443
      vertex 7.73366 48.8466 7.77168
      vertex 7.7357 48.8345 7.83998
    endloop
  endfacet
  facet normal 0.985981 0.16686 9.95482e-05
    outer loop
      vertex 8.25314 45.7769 8
      vertex 7.7366 48.8292 7.93138
      vertex 7.73727 48.8252 8
    endloop
  endfacet
  facet normal 0.985981 0.166857 -3.32935e-05
    outer loop
      vertex 8.25314 45.7769 8
      vertex 7.7357 48.8345 7.83998
      vertex 7.7366 48.8292 7.93138
    endloop
  endfacet
  facet normal 0.985981 0.166857 -2.15614e-05
    outer loop
      vertex 8.25537 45.7637 7.82481
      vertex 7.7357 48.8345 7.83998
      vertex 8.25314 45.7769 8
    endloop
  endfacet
  facet normal 0.985981 0.166856 0.000249832
    outer loop
      vertex 8.25575 45.7615 7.79443
      vertex 7.7357 48.8345 7.83998
      vertex 8.25537 45.7637 7.82481
    endloop
  endfacet
  facet normal 0.985981 0.166856 -0.000177634
    outer loop
      vertex 7.73366 48.8466 7.77168
      vertex 8.25575 45.7615 7.79443
      vertex 7.73097 48.8624 7.68179
    endloop
  endfacet
  facet normal 0.98598 0.166861 -3.62818e-05
    outer loop
      vertex 8.26231 45.7227 7.62442
      vertex 7.73097 48.8624 7.68179
      vertex 8.25575 45.7615 7.79443
    endloop
  endfacet
  facet normal 0.98598 0.166863 -0.00014998
    outer loop
      vertex 8.26349 45.7157 7.59386
      vertex 7.73097 48.8624 7.68179
      vertex 8.26231 45.7227 7.62442
    endloop
  endfacet
  facet normal 0.985981 0.166855 0.000148357
    outer loop
      vertex 7.73097 48.8624 7.68179
      vertex 8.26349 45.7157 7.59386
      vertex 7.7266 48.8883 7.59552
    endloop
  endfacet
  facet normal 0.985981 0.166855 -0.000112182
    outer loop
      vertex 7.7266 48.8883 7.59552
      vertex 8.26349 45.7157 7.59386
      vertex 7.72314 48.9087 7.52727
    endloop
  endfacet
  facet normal 0.98598 0.166862 0.000228283
    outer loop
      vertex 8.26546 45.7041 7.56414
      vertex 7.72314 48.9087 7.52727
      vertex 8.26349 45.7157 7.59386
    endloop
  endfacet
  facet normal 0.985981 0.166859 -9.74524e-06
    outer loop
      vertex 8.27612 45.6411 7.40309
      vertex 7.72314 48.9087 7.52727
      vertex 8.26546 45.7041 7.56414
    endloop
  endfacet
  facet normal 0.985981 0.166858 1.13696e-05
    outer loop
      vertex 7.72314 48.9087 7.52727
      vertex 8.27612 45.6411 7.40309
      vertex 7.71825 48.9376 7.46048
    endloop
  endfacet
  facet normal 0.985981 0.166858 5.5059e-05
    outer loop
      vertex 7.71825 48.9376 7.46048
      vertex 8.27612 45.6411 7.40309
      vertex 7.71223 48.9732 7.3783
    endloop
  endfacet
  facet normal 0.985981 0.166857 1.09727e-05
    outer loop
      vertex 8.29032 45.5572 7.25677
      vertex 7.71223 48.9732 7.3783
      vertex 8.27612 45.6411 7.40309
    endloop
  endfacet
  facet normal 0.985981 0.166857 -2.35304e-05
    outer loop
      vertex 7.70482 49.017 7.30288
      vertex 8.29032 45.5572 7.25677
      vertex 7.69832 49.0554 7.23678
    endloop
  endfacet
  facet normal 0.985981 0.166857 -0.000149151
    outer loop
      vertex 8.29326 45.5398 7.22646
      vertex 7.69832 49.0554 7.23678
      vertex 8.29032 45.5572 7.25677
    endloop
  endfacet
  facet normal 0.985981 0.166856 6.50103e-05
    outer loop
      vertex 7.69832 49.0554 7.23678
      vertex 8.29326 45.5398 7.22646
      vertex 7.68966 49.1066 7.16863
    endloop
  endfacet
  facet normal 0.985982 0.166855 -2.36944e-05
    outer loop
      vertex 8.29705 45.5174 7.19803
      vertex 7.68966 49.1066 7.16863
      vertex 8.29326 45.5398 7.22646
    endloop
  endfacet
  facet normal 0.985981 0.166855 -2.71787e-06
    outer loop
      vertex 7.68966 49.1066 7.16863
      vertex 8.29705 45.5174 7.19803
      vertex 7.68152 49.1547 7.10466
    endloop
  endfacet
  facet normal 0.985982 0.166854 -4.29176e-05
    outer loop
      vertex 8.31439 45.4149 7.06775
      vertex 7.68152 49.1547 7.10466
      vertex 8.29705 45.5174 7.19803
    endloop
  endfacet
  facet normal 0.985982 0.166854 -4.22833e-05
    outer loop
      vertex 7.68152 49.1547 7.10466
      vertex 8.31439 45.4149 7.06775
      vertex 7.67177 49.2123 7.04451
    endloop
  endfacet
  facet normal 0.985982 0.166853 -0.000243469
    outer loop
      vertex 7.67177 49.2123 7.04451
      vertex 8.31439 45.4149 7.06775
      vertex 7.66194 49.2703 6.98392
    endloop
  endfacet
  facet normal 0.985978 0.166873 0.000743226
    outer loop
      vertex 8.3192 45.3866 7.04079
      vertex 7.66194 49.2703 6.98392
      vertex 8.31439 45.4149 7.06775
    endloop
  endfacet
  facet normal 0.98598 0.166863 -2.5088e-05
    outer loop
      vertex 8.33893 45.27 6.93002
      vertex 7.66194 49.2703 6.98392
      vertex 8.3192 45.3866 7.04079
    endloop
  endfacet
  facet normal 0.98598 0.166861 2.96122e-06
    outer loop
      vertex 7.65142 49.3325 6.93301
      vertex 8.33893 45.27 6.93002
      vertex 7.63976 49.4014 6.87659
    endloop
  endfacet
  facet normal 0.985981 0.16686 -5.35345e-05
    outer loop
      vertex 8.36013 45.1447 6.84105
      vertex 7.63976 49.4014 6.87659
      vertex 8.33893 45.27 6.93002
    endloop
  endfacet
  facet normal 0.98598 0.166861 -0.000212707
    outer loop
      vertex 8.3662 45.1088 6.81558
      vertex 7.63976 49.4014 6.87659
      vertex 8.36013 45.1447 6.84105
    endloop
  endfacet
  facet normal 0.985981 0.166857 0.000118498
    outer loop
      vertex 7.63976 49.4014 6.87659
      vertex 8.3662 45.1088 6.81558
      vertex 7.62638 49.4805 6.82651
    endloop
  endfacet
  facet normal 0.985981 0.166857 -9.24861e-05
    outer loop
      vertex 7.62638 49.4805 6.82651
      vertex 8.3662 45.1088 6.81558
      vertex 7.61519 49.5466 6.78468
    endloop
  endfacet
  facet normal 0.98598 0.166862 0.000668555
    outer loop
      vertex 8.37317 45.0677 6.79428
      vertex 7.61519 49.5466 6.78468
      vertex 8.3662 45.1088 6.81558
    endloop
  endfacet
  facet normal 0.98598 0.166861 -8.25941e-05
    outer loop
      vertex 8.39552 44.9356 6.72595
      vertex 7.61519 49.5466 6.78468
      vertex 8.37317 45.0677 6.79428
    endloop
  endfacet
  facet normal 0.985981 0.166859 0.000215265
    outer loop
      vertex 7.60383 49.6137 6.753
      vertex 8.39552 44.9356 6.72595
      vertex 7.58849 49.7044 6.71022
    endloop
  endfacet
  facet normal 0.985981 0.166858 -0.000289672
    outer loop
      vertex 8.41798 44.8028 6.67904
      vertex 7.58849 49.7044 6.71022
      vertex 8.39552 44.9356 6.72595
    endloop
  endfacet
  facet normal 0.985982 0.166852 0.000726804
    outer loop
      vertex 8.4262 44.7543 6.66188
      vertex 7.58849 49.7044 6.71022
      vertex 8.41798 44.8028 6.67904
    endloop
  endfacet
  facet normal 0.98598 0.166861 -0.000354634
    outer loop
      vertex 7.55996 49.8729 6.65514
      vertex 8.4262 44.7543 6.66188
      vertex 8.43525 44.7008 6.65081
    endloop
  endfacet
  facet normal 0.98598 0.166861 -0.000317289
    outer loop
      vertex 7.55996 49.8729 6.65514
      vertex 8.43525 44.7008 6.65081
      vertex 8.45758 44.5688 6.62349
    endloop
  endfacet
  facet normal 0.985981 0.166857 -3.1271e-06
    outer loop
      vertex 7.53 50.05 6.62129
      vertex 8.45758 44.5688 6.62349
      vertex 5 65 0
    endloop
  endfacet
  facet normal 0.985967 0.166941 0.000262473
    outer loop
      vertex 8.46752 44.5101 6.61932
      vertex 5 65 0
      vertex 8.45758 44.5688 6.62349
    endloop
  endfacet
  facet normal 0.98597 0.166925 0.000212169
    outer loop
      vertex 8.48904 44.383 6.61029
      vertex 5 65 0
      vertex 8.46752 44.5101 6.61932
    endloop
  endfacet
  facet normal 0.986004 0.166722 -0.00043898
    outer loop
      vertex 8.5093 44.2632 6.61748
      vertex 5 65 0
      vertex 8.48904 44.383 6.61029
    endloop
  endfacet
  facet normal 0.985966 0.166945 0.000279033
    outer loop
      vertex 8.52 44.2 6.62129
      vertex 5 65 0
      vertex 8.5093 44.2632 6.61748
    endloop
  endfacet
  facet normal 0.985988 0.166819 0.000268698
    outer loop
      vertex 15.9983 0.00999451 0
      vertex 8.52 44.2 6.62129
      vertex 8.53118 44.1339 6.63392
    endloop
  endfacet
  facet normal 0.985984 0.166841 0.000119882
    outer loop
      vertex 15.9983 0.00999451 0
      vertex 8.53118 44.1339 6.63392
      vertex 8.54996 44.0229 6.65514
    endloop
  endfacet
  facet normal -0.893846 0.121878 0.431492
    outer loop
      vertex 8.62976 43.5514 6.87659
      vertex 8.60519 43.6966 6.78468
      vertex 8.61637 43.6305 6.82651
    endloop
  endfacet
  facet normal -0.991051 -0.0804954 0.106481
    outer loop
      vertex 8.65194 43.4203 6.98392
      vertex 8.62976 43.5514 6.87659
      vertex 8.6404 43.4885 6.92807
    endloop
  endfacet
  facet normal 0.824977 -0.335388 -0.454894
    outer loop
      vertex 8.67152 43.3047 7.10466
      vertex 8.65194 43.4203 6.98392
      vertex 8.66177 43.3623 7.04451
    endloop
  endfacet
  facet normal -0.960919 -0.265746 -0.0775442
    outer loop
      vertex 8.68832 43.2054 7.23678
      vertex 8.67152 43.3047 7.10466
      vertex 8.67966 43.2566 7.16863
    endloop
  endfacet
  facet normal 0.978036 -0.180789 -0.103731
    outer loop
      vertex 8.72097 43.0124 7.68179
      vertex 8.71314 43.0587 7.52727
      vertex 8.71754 43.0327 7.61407
    endloop
  endfacet
  facet normal -0.788738 0.613197 0.0433762
    outer loop
      vertex 8.72727 42.9752 8
      vertex 8.7257 42.9845 7.83998
      vertex 8.72637 42.9805 7.90871
    endloop
  endfacet
  facet normal 0.985981 0.166858 -0
    outer loop
      vertex 15.9983 0.00999451 0
      vertex 8.72727 42.9752 8
      vertex 15.9983 0.00999451 16
    endloop
  endfacet
  facet normal 0.985982 0.166854 2.34385e-05
    outer loop
      vertex 8.72727 42.9752 8
      vertex 15.9983 0.00999451 0
      vertex 8.7257 42.9845 7.83998
    endloop
  endfacet
  facet normal 0.985984 0.166839 0.000107536
    outer loop
      vertex 8.7257 42.9845 7.83998
      vertex 15.9983 0.00999451 0
      vertex 8.72366 42.9966 7.77168
    endloop
  endfacet
  facet normal 0.985976 0.166888 -0.000171793
    outer loop
      vertex 8.72366 42.9966 7.77168
      vertex 15.9983 0.00999451 0
      vertex 8.72097 43.0124 7.68179
    endloop
  endfacet
  facet normal 0.985982 0.166853 3.26122e-05
    outer loop
      vertex 8.72097 43.0124 7.68179
      vertex 15.9983 0.00999451 0
      vertex 8.71314 43.0587 7.52727
    endloop
  endfacet
  facet normal 0.985982 0.166851 4.31986e-05
    outer loop
      vertex 8.71314 43.0587 7.52727
      vertex 15.9983 0.00999451 0
      vertex 8.70717 43.094 7.44576
    endloop
  endfacet
  facet normal 0.985982 0.166855 2.08343e-05
    outer loop
      vertex 8.70717 43.094 7.44576
      vertex 15.9983 0.00999451 0
      vertex 8.70223 43.1232 7.3783
    endloop
  endfacet
  facet normal 0.985982 0.166854 2.73096e-05
    outer loop
      vertex 8.70223 43.1232 7.3783
      vertex 15.9983 0.00999451 0
      vertex 8.69482 43.167 7.30288
    endloop
  endfacet
  facet normal 0.98598 0.166861 -2.10544e-05
    outer loop
      vertex 8.69482 43.167 7.30288
      vertex 15.9983 0.00999451 0
      vertex 8.68832 43.2054 7.23678
    endloop
  endfacet
  facet normal 0.985982 0.166853 3.04133e-05
    outer loop
      vertex 8.68832 43.2054 7.23678
      vertex 15.9983 0.00999451 0
      vertex 8.67152 43.3047 7.10466
    endloop
  endfacet
  facet normal 0.985978 0.166877 -0.000119739
    outer loop
      vertex 8.67152 43.3047 7.10466
      vertex 15.9983 0.00999451 0
      vertex 8.65194 43.4203 6.98392
    endloop
  endfacet
  facet normal 0.985982 0.166851 4.72615e-05
    outer loop
      vertex 8.65194 43.4203 6.98392
      vertex 15.9983 0.00999451 0
      vertex 8.62976 43.5514 6.87659
    endloop
  endfacet
  facet normal 0.985981 0.166855 1.96541e-05
    outer loop
      vertex 8.62976 43.5514 6.87659
      vertex 15.9983 0.00999451 0
      vertex 8.60519 43.6966 6.78468
    endloop
  endfacet
  facet normal 0.985978 0.166874 -0.000108372
    outer loop
      vertex 8.60519 43.6966 6.78468
      vertex 15.9983 0.00999451 0
      vertex 8.59383 43.7637 6.753
    endloop
  endfacet
  facet normal 0.985981 0.16686 -1.34744e-05
    outer loop
      vertex 8.59383 43.7637 6.753
      vertex 15.9983 0.00999451 0
      vertex 8.57848 43.8544 6.71022
    endloop
  endfacet
  facet normal 0.98598 0.166862 -2.35969e-05
    outer loop
      vertex 8.57848 43.8544 6.71022
      vertex 15.9983 0.00999451 0
      vertex 8.56709 43.9217 6.68822
    endloop
  endfacet
  facet normal 0.985979 0.16687 -7.82798e-05
    outer loop
      vertex 8.56709 43.9217 6.68822
      vertex 15.9983 0.00999451 0
      vertex 8.54996 44.0229 6.65514
    endloop
  endfacet
  facet normal 0.985981 0.166858 -4.10884e-07
    outer loop
      vertex 8.52 44.2 6.62129
      vertex 15.9983 0.00999451 0
      vertex 5 65 0
    endloop
  endfacet
  facet normal 0 1 0
    outer loop
      vertex 5 65 16
      vertex 0 65 8
      vertex 0 65 16
    endloop
  endfacet
  facet normal 0 1 -0
    outer loop
      vertex 5 65 0
      vertex 0 65 8
      vertex 5 65 16
    endloop
  endfacet
  facet normal 0 1 0
    outer loop
      vertex 0 65 8
      vertex 5 65 0
      vertex 0 65 0
    endloop
  endfacet
  facet normal -1 0 0
    outer loop
      vertex 0 65 0
      vertex 0 62 5.89494
      vertex 0 65 8
    endloop
  endfacet
  facet normal -1 0 0
    outer loop
      vertex 0 -12 0
      vertex 0 62 5.89494
      vertex 0 65 0
    endloop
  endfacet
  facet normal -1 -0 0
    outer loop
      vertex 0 62 5.89494
      vertex 0 -12 0
      vertex 0 -12 5.89494
    endloop
  endfacet
  facet normal -1 -0 0
    outer loop
      vertex 0 65 8
      vertex 0 62 5.89494
      vertex 0 62 8
    endloop
  endfacet
  facet normal -1 0 0
    outer loop
      vertex 0 62 10.1051
      vertex 0 65 8
      vertex 0 62 8
    endloop
  endfacet
  facet normal -1 0 0
    outer loop
      vertex 0 65 8
      vertex 0 62 10.1051
      vertex 0 65 16
    endloop
  endfacet
  facet normal -1 0 0
    outer loop
      vertex 0 -12 16
      vertex 0 62 10.1051
      vertex 0 -12 10.1051
    endloop
  endfacet
  facet normal -1 0 0
    outer loop
      vertex 0 62 10.1051
      vertex 0 -12 16
      vertex 0 65 16
    endloop
  endfacet
  facet normal 0 -1 0
    outer loop
      vertex -1.25 -12 9.25
      vertex -1.25 -12 10.45
      vertex -1.56979 -12 10.429
    endloop
  endfacet
  facet normal 0 -1 0
    outer loop
      vertex -1.41316 -12 9.23931
      vertex -1.56979 -12 10.429
      vertex -1.88411 -12 10.3665
    endloop
  endfacet
  facet normal 0 -1 0
    outer loop
      vertex -1.25 -12 10.45
      vertex -1.25 -12 9.25
      vertex -0.93021 -12 10.429
    endloop
  endfacet
  facet normal 0 -1 0
    outer loop
      vertex -1.57352 -12 9.20741
      vertex -1.88411 -12 10.3665
      vertex -2.18757 -12 10.2635
    endloop
  endfacet
  facet normal 0 -1 0
    outer loop
      vertex -1.08684 -12 9.23931
      vertex -0.93021 -12 10.429
      vertex -1.25 -12 9.25
    endloop
  endfacet
  facet normal 0 -1 0
    outer loop
      vertex -1.72835 -12 9.15485
      vertex -2.18757 -12 10.2635
      vertex -2.475 -12 10.1218
    endloop
  endfacet
  facet normal 0 -1 -0
    outer loop
      vertex -0.93021 -12 10.429
      vertex -1.08684 -12 9.23931
      vertex -0.615892 -12 10.3665
    endloop
  endfacet
  facet normal 0 -1 0
    outer loop
      vertex -0.926476 -12 9.20741
      vertex -0.615892 -12 10.3665
      vertex -1.08684 -12 9.23931
    endloop
  endfacet
  facet normal 0 -1 0
    outer loop
      vertex -1.875 -12 9.08253
      vertex -2.475 -12 10.1218
      vertex -2.74146 -12 9.94372
    endloop
  endfacet
  facet normal 0 -1 0
    outer loop
      vertex 0 -12 10.1051
      vertex 16 -12 16
      vertex 0 -12 16
    endloop
  endfacet
  facet normal 0 -1 0
    outer loop
      vertex -2.01095 -12 8.99169
      vertex -2.74146 -12 9.94372
      vertex -2.98241 -12 9.73241
    endloop
  endfacet
  facet normal 0 -1 0
    outer loop
      vertex -2.13388 -12 8.88388
      vertex -2.98241 -12 9.73241
      vertex -3.19372 -12 9.49146
    endloop
  endfacet
  facet normal 0 -1 0
    outer loop
      vertex -1.56979 -12 10.429
      vertex -1.41316 -12 9.23931
      vertex -1.25 -12 9.25
    endloop
  endfacet
  facet normal 0 -1 0
    outer loop
      vertex -0.771646 -12 9.15485
      vertex -0.312425 -12 10.2635
      vertex -0.926476 -12 9.20741
    endloop
  endfacet
  facet normal 0 -1 -0
    outer loop
      vertex -0.312425 -12 10.2635
      vertex -0.771646 -12 9.15485
      vertex -0.0249996 -12 10.1218
    endloop
  endfacet
  facet normal 0 -1 0
    outer loop
      vertex -0.625 -12 9.08253
      vertex -0.0249996 -12 10.1218
      vertex -0.771646 -12 9.15485
    endloop
  endfacet
  facet normal 0 -1 -0
    outer loop
      vertex -0.0249996 -12 10.1218
      vertex -0.625 -12 9.08253
      vertex 0 -12 10.1051
    endloop
  endfacet
  facet normal 0 -1 0
    outer loop
      vertex -0.489048 -12 8.99169
      vertex 0 -12 10.1051
      vertex -0.625 -12 9.08253
    endloop
  endfacet
  facet normal 0 -1 0
    outer loop
      vertex -0.366116 -12 8.88388
      vertex 0 -12 10.1051
      vertex -0.489048 -12 8.99169
    endloop
  endfacet
  facet normal 0 -1 0
    outer loop
      vertex -0.258307 -12 8.76095
      vertex 0 -12 10.1051
      vertex -0.366116 -12 8.88388
    endloop
  endfacet
  facet normal 0 -1 0
    outer loop
      vertex -0.167468 -12 8.625
      vertex 0 -12 10.1051
      vertex -0.258307 -12 8.76095
    endloop
  endfacet
  facet normal 0 -1 0
    outer loop
      vertex -0.09515 -12 8.47835
      vertex 0 -12 10.1051
      vertex -0.167468 -12 8.625
    endloop
  endfacet
  facet normal 0 -1 0
    outer loop
      vertex -0.042592 -12 8.32352
      vertex 0 -12 10.1051
      vertex -0.09515 -12 8.47835
    endloop
  endfacet
  facet normal 0 -1 0
    outer loop
      vertex -0.0106936 -12 8.16316
      vertex 0 -12 10.1051
      vertex -0.042592 -12 8.32352
    endloop
  endfacet
  facet normal 0 -1 -0
    outer loop
      vertex 0 -12 10.1051
      vertex -0.0106936 -12 8.16316
      vertex 16 -12 16
    endloop
  endfacet
  facet normal 0 -1 0
    outer loop
      vertex 0 -12 8
      vertex 16 -12 16
      vertex -0.0106936 -12 8.16316
    endloop
  endfacet
  facet normal 0 -1 0
    outer loop
      vertex 16 -12 0
      vertex 0 -12 8
      vertex -0.0106936 -12 7.83684
    endloop
  endfacet
  facet normal 0 -1 0
    outer loop
      vertex 0 -12 5.89494
      vertex -0.0106936 -12 7.83684
      vertex -0.042592 -12 7.67648
    endloop
  endfacet
  facet normal 0 -1 0
    outer loop
      vertex 0 -12 5.89494
      vertex -0.042592 -12 7.67648
      vertex -0.09515 -12 7.52165
    endloop
  endfacet
  facet normal 0 -1 0
    outer loop
      vertex 0 -12 5.89494
      vertex -0.09515 -12 7.52165
      vertex -0.167468 -12 7.375
    endloop
  endfacet
  facet normal 0 -1 0
    outer loop
      vertex 0 -12 5.89494
      vertex -0.167468 -12 7.375
      vertex -0.258307 -12 7.23905
    endloop
  endfacet
  facet normal 0 -1 0
    outer loop
      vertex 0 -12 5.89494
      vertex -0.258307 -12 7.23905
      vertex -0.366116 -12 7.11612
    endloop
  endfacet
  facet normal 0 -1 0
    outer loop
      vertex 0 -12 5.89494
      vertex -0.366116 -12 7.11612
      vertex -0.489048 -12 7.00831
    endloop
  endfacet
  facet normal 0 -1 0
    outer loop
      vertex 0 -12 5.89494
      vertex -0.489048 -12 7.00831
      vertex -0.625 -12 6.91747
    endloop
  endfacet
  facet normal 0 -1 0
    outer loop
      vertex -2.18757 -12 5.7365
      vertex -1.72835 -12 6.84515
      vertex -2.475 -12 5.87824
    endloop
  endfacet
  facet normal 0 -1 -0
    outer loop
      vertex -1.72835 -12 6.84515
      vertex -2.18757 -12 5.7365
      vertex -1.57352 -12 6.79259
    endloop
  endfacet
  facet normal 0 -1 0
    outer loop
      vertex -1.88411 -12 5.63348
      vertex -1.57352 -12 6.79259
      vertex -2.18757 -12 5.7365
    endloop
  endfacet
  facet normal 0 -1 -0
    outer loop
      vertex -1.57352 -12 6.79259
      vertex -1.88411 -12 5.63348
      vertex -1.41316 -12 6.76069
    endloop
  endfacet
  facet normal 0 -1 0
    outer loop
      vertex -1.56979 -12 5.57096
      vertex -1.41316 -12 6.76069
      vertex -1.88411 -12 5.63348
    endloop
  endfacet
  facet normal 0 -1 -0
    outer loop
      vertex -1.41316 -12 6.76069
      vertex -1.56979 -12 5.57096
      vertex -1.25 -12 6.75
    endloop
  endfacet
  facet normal 0 -1 0
    outer loop
      vertex -0.0249996 -12 5.87824
      vertex -0.625 -12 6.91747
      vertex -0.771646 -12 6.84515
    endloop
  endfacet
  facet normal 0 -1 0
    outer loop
      vertex -0.0106936 -12 7.83684
      vertex 0 -12 5.89494
      vertex 16 -12 0
    endloop
  endfacet
  facet normal 0 -1 0
    outer loop
      vertex 16 -12 0
      vertex 0 -12 5.89494
      vertex 0 -12 0
    endloop
  endfacet
  facet normal 0 -1 0
    outer loop
      vertex 0 -12 8
      vertex 16 -12 0
      vertex 16 -12 16
    endloop
  endfacet
  facet normal 0 -1 0
    outer loop
      vertex -1.25 -12 5.55
      vertex -1.25 -12 6.75
      vertex -1.56979 -12 5.57096
    endloop
  endfacet
  facet normal 0 -1 0
    outer loop
      vertex -1.25 -12 6.75
      vertex -1.25 -12 5.55
      vertex -1.08684 -12 6.76069
    endloop
  endfacet
  facet normal -0 -1 0
    outer loop
      vertex -0.0249996 -12 5.87824
      vertex -0.771646 -12 6.84515
      vertex -0.312425 -12 5.7365
    endloop
  endfacet
  facet normal 0 -1 0
    outer loop
      vertex -0.625 -12 6.91747
      vertex -0.0249996 -12 5.87824
      vertex 0 -12 5.89494
    endloop
  endfacet
  facet normal -0 -1 0
    outer loop
      vertex -0.93021 -12 5.57096
      vertex -1.08684 -12 6.76069
      vertex -1.25 -12 5.55
    endloop
  endfacet
  facet normal 0 -1 0
    outer loop
      vertex -0.771646 -12 6.84515
      vertex -0.615892 -12 5.63348
      vertex -0.312425 -12 5.7365
    endloop
  endfacet
  facet normal 0 -1 0
    outer loop
      vertex -1.08684 -12 6.76069
      vertex -0.93021 -12 5.57096
      vertex -0.926476 -12 6.79259
    endloop
  endfacet
  facet normal 0 -1 0
    outer loop
      vertex -0.926476 -12 6.79259
      vertex -0.615892 -12 5.63348
      vertex -0.771646 -12 6.84515
    endloop
  endfacet
  facet normal -0 -1 0
    outer loop
      vertex -0.615892 -12 5.63348
      vertex -0.926476 -12 6.79259
      vertex -0.93021 -12 5.57096
    endloop
  endfacet
  facet normal 0 -1 -0
    outer loop
      vertex -0.615892 -12 10.3665
      vertex -0.926476 -12 9.20741
      vertex -0.312425 -12 10.2635
    endloop
  endfacet
  facet normal 0 -1 0
    outer loop
      vertex -2.24169 -12 8.76095
      vertex -3.19372 -12 9.49146
      vertex -3.37176 -12 9.225
    endloop
  endfacet
  facet normal 0 -1 0
    outer loop
      vertex -1.88411 -12 10.3665
      vertex -1.57352 -12 9.20741
      vertex -1.41316 -12 9.23931
    endloop
  endfacet
  facet normal 0 -1 0
    outer loop
      vertex -2.18757 -12 10.2635
      vertex -1.72835 -12 9.15485
      vertex -1.57352 -12 9.20741
    endloop
  endfacet
  facet normal 0 -1 0
    outer loop
      vertex -2.475 -12 10.1218
      vertex -1.875 -12 9.08253
      vertex -1.72835 -12 9.15485
    endloop
  endfacet
  facet normal 0 -1 0
    outer loop
      vertex -2.74146 -12 9.94372
      vertex -2.01095 -12 8.99169
      vertex -1.875 -12 9.08253
    endloop
  endfacet
  facet normal 0 -1 0
    outer loop
      vertex -2.33253 -12 8.625
      vertex -3.37176 -12 9.225
      vertex -3.5135 -12 8.93757
    endloop
  endfacet
  facet normal 0 -1 0
    outer loop
      vertex -2.98241 -12 9.73241
      vertex -2.13388 -12 8.88388
      vertex -2.01095 -12 8.99169
    endloop
  endfacet
  facet normal 0 -1 0
    outer loop
      vertex -3.19372 -12 9.49146
      vertex -2.24169 -12 8.76095
      vertex -2.13388 -12 8.88388
    endloop
  endfacet
  facet normal 0 -1 0
    outer loop
      vertex -2.40485 -12 8.47835
      vertex -3.5135 -12 8.93757
      vertex -3.61652 -12 8.63411
    endloop
  endfacet
  facet normal 0 -1 0
    outer loop
      vertex -3.37176 -12 9.225
      vertex -2.33253 -12 8.625
      vertex -2.24169 -12 8.76095
    endloop
  endfacet
  facet normal 0 -1 0
    outer loop
      vertex -3.5135 -12 8.93757
      vertex -2.40485 -12 8.47835
      vertex -2.33253 -12 8.625
    endloop
  endfacet
  facet normal 0 -1 0
    outer loop
      vertex -3.61652 -12 8.63411
      vertex -2.45741 -12 8.32352
      vertex -2.40485 -12 8.47835
    endloop
  endfacet
  facet normal 0 -1 0
    outer loop
      vertex -3.67904 -12 8.31979
      vertex -2.45741 -12 8.32352
      vertex -3.61652 -12 8.63411
    endloop
  endfacet
  facet normal 0 -1 0
    outer loop
      vertex -3.67904 -12 8.31979
      vertex -2.48931 -12 8.16316
      vertex -2.45741 -12 8.32352
    endloop
  endfacet
  facet normal 0 -1 0
    outer loop
      vertex -3.7 -12 8
      vertex -2.48931 -12 8.16316
      vertex -3.67904 -12 8.31979
    endloop
  endfacet
  facet normal 0 -1 0
    outer loop
      vertex -3.7 -12 8
      vertex -2.5 -12 8
      vertex -2.48931 -12 8.16316
    endloop
  endfacet
  facet normal 0 -1 0
    outer loop
      vertex -3.7 -12 8
      vertex -2.48931 -12 7.83684
      vertex -2.5 -12 8
    endloop
  endfacet
  facet normal 0 -1 0
    outer loop
      vertex -3.67904 -12 7.68021
      vertex -2.48931 -12 7.83684
      vertex -3.7 -12 8
    endloop
  endfacet
  facet normal 0 -1 0
    outer loop
      vertex -3.67904 -12 7.68021
      vertex -2.45741 -12 7.67648
      vertex -2.48931 -12 7.83684
    endloop
  endfacet
  facet normal 0 -1 0
    outer loop
      vertex -3.61652 -12 7.36589
      vertex -2.45741 -12 7.67648
      vertex -3.67904 -12 7.68021
    endloop
  endfacet
  facet normal 0 -1 -0
    outer loop
      vertex -2.45741 -12 7.67648
      vertex -3.61652 -12 7.36589
      vertex -2.40485 -12 7.52165
    endloop
  endfacet
  facet normal 0 -1 0
    outer loop
      vertex -3.5135 -12 7.06242
      vertex -2.40485 -12 7.52165
      vertex -3.61652 -12 7.36589
    endloop
  endfacet
  facet normal 0 -1 -0
    outer loop
      vertex -2.40485 -12 7.52165
      vertex -3.5135 -12 7.06242
      vertex -2.33253 -12 7.375
    endloop
  endfacet
  facet normal 0 -1 0
    outer loop
      vertex -3.37176 -12 6.775
      vertex -2.33253 -12 7.375
      vertex -3.5135 -12 7.06242
    endloop
  endfacet
  facet normal 0 -1 -0
    outer loop
      vertex -2.33253 -12 7.375
      vertex -3.37176 -12 6.775
      vertex -2.24169 -12 7.23905
    endloop
  endfacet
  facet normal 0 -1 0
    outer loop
      vertex -3.19372 -12 6.50853
      vertex -2.24169 -12 7.23905
      vertex -3.37176 -12 6.775
    endloop
  endfacet
  facet normal 0 -1 -0
    outer loop
      vertex -2.24169 -12 7.23905
      vertex -3.19372 -12 6.50853
      vertex -2.13388 -12 7.11612
    endloop
  endfacet
  facet normal 0 -1 0
    outer loop
      vertex -2.98241 -12 6.26759
      vertex -2.13388 -12 7.11612
      vertex -3.19372 -12 6.50853
    endloop
  endfacet
  facet normal 0 -1 -0
    outer loop
      vertex -2.13388 -12 7.11612
      vertex -2.98241 -12 6.26759
      vertex -2.01095 -12 7.00831
    endloop
  endfacet
  facet normal 0 -1 0
    outer loop
      vertex -2.74146 -12 6.05628
      vertex -2.01095 -12 7.00831
      vertex -2.98241 -12 6.26759
    endloop
  endfacet
  facet normal 0 -1 -0
    outer loop
      vertex -2.01095 -12 7.00831
      vertex -2.74146 -12 6.05628
      vertex -1.875 -12 6.91747
    endloop
  endfacet
  facet normal 0 -1 0
    outer loop
      vertex -2.475 -12 5.87824
      vertex -1.875 -12 6.91747
      vertex -2.74146 -12 6.05628
    endloop
  endfacet
  facet normal 0 -1 -0
    outer loop
      vertex -1.875 -12 6.91747
      vertex -2.475 -12 5.87824
      vertex -1.72835 -12 6.84515
    endloop
  endfacet
  facet normal 0 -1 0
    outer loop
      vertex 1.79999 59 0
      vertex 5.01538 59 16
      vertex 1.79999 59 16
    endloop
  endfacet
  facet normal 0 -1 -0
    outer loop
      vertex 5.01538 59 16
      vertex 1.79999 59 0
      vertex 5.01538 59 0
    endloop
  endfacet
  facet normal -0.985981 -0.166859 0
    outer loop
      vertex 6.50194 50.2158 0
      vertex 5.01538 59 16
      vertex 5.01538 59 0
    endloop
  endfacet
  facet normal -0.985981 -0.166859 0
    outer loop
      vertex 5.01538 59 16
      vertex 6.50194 50.2158 0
      vertex 6.50194 50.2158 16
    endloop
  endfacet
  facet normal -0.258822 0.965925 0
    outer loop
      vertex 6.50194 50.2158 0
      vertex 1.79999 48.9559 16
      vertex 6.50194 50.2158 16
    endloop
  endfacet
  facet normal -0.258822 0.965925 0
    outer loop
      vertex 1.79999 48.9559 16
      vertex 6.50194 50.2158 0
      vertex 1.79999 48.9559 0
    endloop
  endfacet
  facet normal 1 -0 0
    outer loop
      vertex 1.79999 48.9559 16
      vertex 1.79999 59 0
      vertex 1.79999 59 16
    endloop
  endfacet
  facet normal 1 0 0
    outer loop
      vertex 1.79999 59 0
      vertex 1.79999 48.9559 16
      vertex 1.79999 48.9559 0
    endloop
  endfacet
  facet normal -0.985981 -0.166857 0
    outer loop
      vertex 7.61493 43.639 0
      vertex 6.63602 49.4235 16
      vertex 6.63602 49.4235 0
    endloop
  endfacet
  facet normal -0.985981 -0.166857 0
    outer loop
      vertex 6.63602 49.4235 16
      vertex 7.61493 43.639 0
      vertex 7.61493 43.639 16
    endloop
  endfacet
  facet normal -0.258818 0.965926 0
    outer loop
      vertex 7.61493 43.639 0
      vertex 1.79999 42.0809 16
      vertex 7.61493 43.639 16
    endloop
  endfacet
  facet normal -0.258818 0.965926 0
    outer loop
      vertex 1.79999 42.0809 16
      vertex 7.61493 43.639 0
      vertex 1.79999 42.0809 0
    endloop
  endfacet
  facet normal 1 -0 0
    outer loop
      vertex 1.79999 42.0809 16
      vertex 1.79999 48.1277 0
      vertex 1.79999 48.1277 16
    endloop
  endfacet
  facet normal 1 0 0
    outer loop
      vertex 1.79999 48.1277 0
      vertex 1.79999 42.0809 16
      vertex 1.79999 42.0809 0
    endloop
  endfacet
  facet normal 0.258817 -0.965926 0
    outer loop
      vertex 1.79999 48.1277 0
      vertex 6.63602 49.4235 16
      vertex 1.79999 48.1277 16
    endloop
  endfacet
  facet normal 0.258817 -0.965926 0
    outer loop
      vertex 6.63602 49.4235 16
      vertex 1.79999 48.1277 0
      vertex 6.63602 49.4235 0
    endloop
  endfacet
  facet normal -0.985981 -0.166859 0
    outer loop
      vertex 8.72794 37.0622 0
      vertex 7.74902 42.8467 16
      vertex 7.74902 42.8467 0
    endloop
  endfacet
  facet normal -0.985981 -0.166859 0
    outer loop
      vertex 7.74902 42.8467 16
      vertex 8.72794 37.0622 0
      vertex 8.72794 37.0622 16
    endloop
  endfacet
  facet normal -0.258814 0.965927 0
    outer loop
      vertex 8.72794 37.0622 0
      vertex 1.79999 35.2059 16
      vertex 8.72794 37.0622 16
    endloop
  endfacet
  facet normal -0.258814 0.965927 0
    outer loop
      vertex 1.79999 35.2059 16
      vertex 8.72794 37.0622 0
      vertex 1.79999 35.2059 0
    endloop
  endfacet
  facet normal 1 -0 0
    outer loop
      vertex 1.79999 35.2059 16
      vertex 1.79999 41.2527 0
      vertex 1.79999 41.2527 16
    endloop
  endfacet
  facet normal 1 0 0
    outer loop
      vertex 1.79999 41.2527 0
      vertex 1.79999 35.2059 16
      vertex 1.79999 35.2059 0
    endloop
  endfacet
  facet normal 0.258813 -0.965927 0
    outer loop
      vertex 1.79999 41.2527 0
      vertex 7.74902 42.8467 16
      vertex 1.79999 41.2527 16
    endloop
  endfacet
  facet normal 0.258813 -0.965927 0
    outer loop
      vertex 7.74902 42.8467 16
      vertex 1.79999 41.2527 0
      vertex 7.74902 42.8467 0
    endloop
  endfacet
  facet normal -0.98598 -0.166862 0
    outer loop
      vertex 9.84093 30.4855 0
      vertex 8.86201 36.2699 16
      vertex 8.86201 36.2699 0
    endloop
  endfacet
  facet normal -0.98598 -0.166862 0
    outer loop
      vertex 8.86201 36.2699 16
      vertex 9.84093 30.4855 0
      vertex 9.84093 30.4855 16
    endloop
  endfacet
  facet normal -0.258823 0.965925 0
    outer loop
      vertex 9.84093 30.4855 0
      vertex 1.79999 28.3309 16
      vertex 9.84093 30.4855 16
    endloop
  endfacet
  facet normal -0.258823 0.965925 0
    outer loop
      vertex 1.79999 28.3309 16
      vertex 9.84093 30.4855 0
      vertex 1.79999 28.3309 0
    endloop
  endfacet
  facet normal 1 -0 0
    outer loop
      vertex 1.79999 28.3309 16
      vertex 1.79999 34.3777 0
      vertex 1.79999 34.3777 16
    endloop
  endfacet
  facet normal 1 0 0
    outer loop
      vertex 1.79999 34.3777 0
      vertex 1.79999 28.3309 16
      vertex 1.79999 28.3309 0
    endloop
  endfacet
  facet normal 0.258811 -0.965928 0
    outer loop
      vertex 1.79999 34.3777 0
      vertex 8.86201 36.2699 16
      vertex 1.79999 34.3777 16
    endloop
  endfacet
  facet normal 0.258811 -0.965928 0
    outer loop
      vertex 8.86201 36.2699 16
      vertex 1.79999 34.3777 0
      vertex 8.86201 36.2699 0
    endloop
  endfacet
  facet normal -0.985982 -0.166854 0
    outer loop
      vertex 10.9539 23.9087 0
      vertex 9.97501 29.6932 16
      vertex 9.97501 29.6932 0
    endloop
  endfacet
  facet normal -0.985982 -0.166854 0
    outer loop
      vertex 9.97501 29.6932 16
      vertex 10.9539 23.9087 0
      vertex 10.9539 23.9087 16
    endloop
  endfacet
  facet normal -0.258821 0.965925 0
    outer loop
      vertex 10.9539 23.9087 0
      vertex 1.79999 21.4559 16
      vertex 10.9539 23.9087 16
    endloop
  endfacet
  facet normal -0.258821 0.965925 0
    outer loop
      vertex 1.79999 21.4559 16
      vertex 10.9539 23.9087 0
      vertex 1.79999 21.4559 0
    endloop
  endfacet
  facet normal 1 -0 0
    outer loop
      vertex 1.79999 21.4559 16
      vertex 1.79999 27.5027 0
      vertex 1.79999 27.5027 16
    endloop
  endfacet
  facet normal 1 0 0
    outer loop
      vertex 1.79999 27.5027 0
      vertex 1.79999 21.4559 16
      vertex 1.79999 21.4559 0
    endloop
  endfacet
  facet normal 0.25882 -0.965926 0
    outer loop
      vertex 1.79999 27.5027 0
      vertex 9.97501 29.6932 16
      vertex 1.79999 27.5027 16
    endloop
  endfacet
  facet normal 0.25882 -0.965926 0
    outer loop
      vertex 9.97501 29.6932 16
      vertex 1.79999 27.5027 0
      vertex 9.97501 29.6932 0
    endloop
  endfacet
  facet normal -0.985981 -0.166856 0
    outer loop
      vertex 12.0669 17.3319 0
      vertex 11.088 23.1164 16
      vertex 11.088 23.1164 0
    endloop
  endfacet
  facet normal -0.985981 -0.166856 0
    outer loop
      vertex 11.088 23.1164 16
      vertex 12.0669 17.3319 0
      vertex 12.0669 17.3319 16
    endloop
  endfacet
  facet normal -0.258818 0.965926 0
    outer loop
      vertex 12.0669 17.3319 0
      vertex 1.79999 14.5809 16
      vertex 12.0669 17.3319 16
    endloop
  endfacet
  facet normal -0.258818 0.965926 0
    outer loop
      vertex 1.79999 14.5809 16
      vertex 12.0669 17.3319 0
      vertex 1.79999 14.5809 0
    endloop
  endfacet
  facet normal 1 -0 0
    outer loop
      vertex 1.79999 14.5809 16
      vertex 1.79999 20.6277 0
      vertex 1.79999 20.6277 16
    endloop
  endfacet
  facet normal 1 0 0
    outer loop
      vertex 1.79999 20.6277 0
      vertex 1.79999 14.5809 16
      vertex 1.79999 14.5809 0
    endloop
  endfacet
  facet normal 0.258818 -0.965926 0
    outer loop
      vertex 1.79999 20.6277 0
      vertex 11.088 23.1164 16
      vertex 1.79999 20.6277 16
    endloop
  endfacet
  facet normal 0.258818 -0.965926 0
    outer loop
      vertex 11.088 23.1164 16
      vertex 1.79999 20.6277 0
      vertex 11.088 23.1164 0
    endloop
  endfacet
  facet normal -0.985981 -0.166856 0
    outer loop
      vertex 13.1799 10.7551 0
      vertex 12.201 16.5396 16
      vertex 12.201 16.5396 0
    endloop
  endfacet
  facet normal -0.985981 -0.166856 0
    outer loop
      vertex 12.201 16.5396 16
      vertex 13.1799 10.7551 0
      vertex 13.1799 10.7551 16
    endloop
  endfacet
  facet normal -0.258816 0.965927 0
    outer loop
      vertex 13.1799 10.7551 0
      vertex 1.79999 7.7059 16
      vertex 13.1799 10.7551 16
    endloop
  endfacet
  facet normal -0.258816 0.965927 0
    outer loop
      vertex 1.79999 7.7059 16
      vertex 13.1799 10.7551 0
      vertex 1.79999 7.7059 0
    endloop
  endfacet
  facet normal 1 -0 0
    outer loop
      vertex 1.79999 7.7059 16
      vertex 1.79999 13.7527 0
      vertex 1.79999 13.7527 16
    endloop
  endfacet
  facet normal 1 0 0
    outer loop
      vertex 1.79999 13.7527 0
      vertex 1.79999 7.7059 16
      vertex 1.79999 7.7059 0
    endloop
  endfacet
  facet normal 0.258815 -0.965927 0
    outer loop
      vertex 1.79999 13.7527 0
      vertex 12.201 16.5396 16
      vertex 1.79999 13.7527 16
    endloop
  endfacet
  facet normal 0.258815 -0.965927 0
    outer loop
      vertex 12.201 16.5396 16
      vertex 1.79999 13.7527 0
      vertex 12.201 16.5396 0
    endloop
  endfacet
  facet normal -0.985981 -0.166856 0
    outer loop
      vertex 14.9983 0.00999451 0
      vertex 13.314 9.96284 16
      vertex 13.314 9.96284 0
    endloop
  endfacet
  facet normal -0.985981 -0.166856 0
    outer loop
      vertex 13.314 9.96284 16
      vertex 14.9983 0.00999451 0
      vertex 14.9983 0.00999451 16
    endloop
  endfacet
  facet normal 0 1 -0
    outer loop
      vertex 14.9983 0.00999451 0
      vertex 1.79999 0.00999451 16
      vertex 14.9983 0.00999451 16
    endloop
  endfacet
  facet normal 0 1 0
    outer loop
      vertex 1.79999 0.00999451 16
      vertex 14.9983 0.00999451 0
      vertex 1.79999 0.00999451 0
    endloop
  endfacet
  facet normal 1 -0 0
    outer loop
      vertex 1.79999 0.00999451 16
      vertex 1.79999 6.87769 0
      vertex 1.79999 6.87769 16
    endloop
  endfacet
  facet normal 1 0 0
    outer loop
      vertex 1.79999 6.87769 0
      vertex 1.79999 0.00999451 16
      vertex 1.79999 0.00999451 0
    endloop
  endfacet
  facet normal 0.258818 -0.965926 0
    outer loop
      vertex 1.79999 6.87769 0
      vertex 13.314 9.96284 16
      vertex 1.79999 6.87769 16
    endloop
  endfacet
  facet normal 0.258818 -0.965926 0
    outer loop
      vertex 13.314 9.96284 16
      vertex 1.79999 6.87769 0
      vertex 13.314 9.96284 0
    endloop
  endfacet
  facet normal -0.997859 0 -0.0654027
    outer loop
      vertex -3.7 -12 8
      vertex -3.67904 60.3876 7.68021
      vertex -3.67904 -12 7.68021
    endloop
  endfacet
  facet normal -0.997859 0 -0.0654027
    outer loop
      vertex -3.67904 60.3876 7.68021
      vertex -3.7 -12 8
      vertex -3.7 60.4016 8
    endloop
  endfacet
  facet normal 0.442182 0 0.896925
    outer loop
      vertex -0.312425 62 10.2635
      vertex -0.0249996 -12 10.1218
      vertex -0.0249996 62 10.1218
    endloop
  endfacet
  facet normal 0.442182 0 0.896925
    outer loop
      vertex -0.0249996 -12 10.1218
      vertex -0.312425 62 10.2635
      vertex -0.312425 -12 10.2635
    endloop
  endfacet
  facet normal 0.195083 0 -0.980787
    outer loop
      vertex -0.615892 -12 5.63348
      vertex -0.652241 61.2346 5.62625
      vertex -0.615892 61.3417 5.63348
    endloop
  endfacet
  facet normal 0.195043 -2.06222e-08 -0.980795
    outer loop
      vertex -0.615892 -12 5.63348
      vertex -0.767949 61 5.60324
      vertex -0.652241 61.2346 5.62625
    endloop
  endfacet
  facet normal 0.195086 7.05245e-08 -0.980786
    outer loop
      vertex -0.615892 -12 5.63348
      vertex -0.913293 60.7825 5.57433
      vertex -0.767949 61 5.60324
    endloop
  endfacet
  facet normal 0.195085 0 -0.980786
    outer loop
      vertex -0.93021 60.7632 5.57096
      vertex -0.615892 -12 5.63348
      vertex -0.93021 -12 5.57096
    endloop
  endfacet
  facet normal 0.195368 1.26918e-06 -0.98073
    outer loop
      vertex -0.615892 -12 5.63348
      vertex -0.93021 60.7632 5.57096
      vertex -0.913293 60.7825 5.57433
    endloop
  endfacet
  facet normal 0.194305 0 0.980941
    outer loop
      vertex -0.652241 61.2346 10.3737
      vertex -0.615892 -12 10.3665
      vertex -0.615892 61.3417 10.3665
    endloop
  endfacet
  facet normal 0.195776 7.58901e-07 0.980649
    outer loop
      vertex -0.767949 61 10.3968
      vertex -0.615892 -12 10.3665
      vertex -0.652241 61.2346 10.3737
    endloop
  endfacet
  facet normal 0.195022 -8.7323e-07 0.980799
    outer loop
      vertex -0.913293 60.7825 10.4257
      vertex -0.615892 -12 10.3665
      vertex -0.767949 61 10.3968
    endloop
  endfacet
  facet normal 0.191479 -1.5919e-05 0.981497
    outer loop
      vertex -0.93021 60.7632 10.429
      vertex -0.615892 -12 10.3665
      vertex -0.913293 60.7825 10.4257
    endloop
  endfacet
  facet normal 0.195025 0 0.980798
    outer loop
      vertex -0.615892 -12 10.3665
      vertex -0.93021 60.7632 10.429
      vertex -0.93021 -12 10.429
    endloop
  endfacet
  facet normal 0.0654207 0 0.997858
    outer loop
      vertex -1.08579 60.5858 10.4392
      vertex -0.93021 -12 10.429
      vertex -0.93021 60.7632 10.429
    endloop
  endfacet
  facet normal 0.0656273 4.44704e-07 0.997844
    outer loop
      vertex -1.25 60.4418 10.45
      vertex -0.93021 -12 10.429
      vertex -1.08579 60.5858 10.4392
    endloop
  endfacet
  facet normal 0.065527 0 0.997851
    outer loop
      vertex -0.93021 -12 10.429
      vertex -1.25 60.4418 10.45
      vertex -1.25 -12 10.45
    endloop
  endfacet
  facet normal -0.65935 0 -0.751836
    outer loop
      vertex -2.98241 -12 6.26759
      vertex -2.74146 60.0158 6.05628
      vertex -2.74146 -12 6.05628
    endloop
  endfacet
  facet normal -0.659346 -2.23244e-08 -0.751839
    outer loop
      vertex -2.74146 60.0158 6.05628
      vertex -2.98241 -12 6.26759
      vertex -2.76105 60.0171 6.07346
    endloop
  endfacet
  facet normal -0.659351 0 -0.751836
    outer loop
      vertex -2.76105 60.0171 6.07346
      vertex -2.98241 -12 6.26759
      vertex -2.98241 60.0611 6.26759
    endloop
  endfacet
  facet normal -0.831483 0 -0.55555
    outer loop
      vertex -3.37176 -12 6.775
      vertex -3.19372 60.1279 6.50853
      vertex -3.19372 -12 6.50853
    endloop
  endfacet
  facet normal -0.831489 4.66254e-08 -0.555541
    outer loop
      vertex -3.19372 60.1279 6.50853
      vertex -3.37176 -12 6.775
      vertex -3.26537 60.1522 6.61577
    endloop
  endfacet
  facet normal -0.831479 0 -0.555555
    outer loop
      vertex -3.26537 60.1522 6.61577
      vertex -3.37176 -12 6.775
      vertex -3.37176 60.2047 6.775
    endloop
  endfacet
  facet normal 0.321459 0 -0.946924
    outer loop
      vertex -0.615892 61.3417 5.63348
      vertex -0.312425 62 5.7365
      vertex -0.312425 -12 5.7365
    endloop
  endfacet
  facet normal 0.321471 4.7553e-06 -0.94692
    outer loop
      vertex -0.312425 62 5.7365
      vertex -0.51711 61.7389 5.66701
      vertex -0.5 62 5.67282
    endloop
  endfacet
  facet normal 0.321517 -3.59278e-05 -0.946904
    outer loop
      vertex -0.312425 62 5.7365
      vertex -0.568148 61.4824 5.64969
      vertex -0.51711 61.7389 5.66701
    endloop
  endfacet
  facet normal 0.321459 0 -0.946924
    outer loop
      vertex -0.615892 61.3417 5.63348
      vertex -0.312425 -12 5.7365
      vertex -0.615892 -12 5.63348
    endloop
  endfacet
  facet normal 0.321358 5.15325e-05 -0.946958
    outer loop
      vertex -0.312425 62 5.7365
      vertex -0.615892 61.3417 5.63348
      vertex -0.568148 61.4824 5.64969
    endloop
  endfacet
  facet normal -0.442179 0 -0.896927
    outer loop
      vertex -2.18757 -12 5.7365
      vertex -2.23895 60.0171 5.76183
      vertex -2.18757 60.0273 5.7365
    endloop
  endfacet
  facet normal -0.442277 -0 -0.896879
    outer loop
      vertex -2.475 60.0016 5.87824
      vertex -2.18757 -12 5.7365
      vertex -2.475 -12 5.87824
    endloop
  endfacet
  facet normal -0.442298 -1.05474e-07 -0.896868
    outer loop
      vertex -2.18757 -12 5.7365
      vertex -2.475 60.0016 5.87824
      vertex -2.23895 60.0171 5.76183
    endloop
  endfacet
  facet normal -0.0645205 0 0.997916
    outer loop
      vertex -1.28248 60.4133 10.4479
      vertex -1.25 -12 10.45
      vertex -1.25 60.4418 10.45
    endloop
  endfacet
  facet normal -0.0655992 -4.85875e-07 0.997846
    outer loop
      vertex -1.5 60.2679 10.4336
      vertex -1.25 -12 10.45
      vertex -1.28248 60.4133 10.4479
    endloop
  endfacet
  facet normal -0.0657688 -1.07522e-06 0.997835
    outer loop
      vertex -1.56979 60.2335 10.429
      vertex -1.25 -12 10.45
      vertex -1.5 60.2679 10.4336
    endloop
  endfacet
  facet normal -0.065527 0 0.997851
    outer loop
      vertex -1.25 -12 10.45
      vertex -1.56979 60.2335 10.429
      vertex -1.56979 -12 10.429
    endloop
  endfacet
  facet normal -0.946921 0 0.321465
    outer loop
      vertex -3.61652 -12 8.63411
      vertex -3.5135 60.277 8.93757
      vertex -3.61652 60.3458 8.63411
    endloop
  endfacet
  facet normal -0.946921 0 0.321465
    outer loop
      vertex -3.5135 60.277 8.93757
      vertex -3.61652 -12 8.63411
      vertex -3.5135 -12 8.93757
    endloop
  endfacet
  facet normal 0.321561 -3.81262e-05 0.946889
    outer loop
      vertex -0.51711 61.7389 10.333
      vertex -0.312425 62 10.2635
      vertex -0.5 62 10.3272
    endloop
  endfacet
  facet normal 0.321686 -0.000147203 0.946846
    outer loop
      vertex -0.568148 61.4824 10.3503
      vertex -0.312425 62 10.2635
      vertex -0.51711 61.7389 10.333
    endloop
  endfacet
  facet normal 0.321642 -0.000123241 0.946861
    outer loop
      vertex -0.615892 61.3417 10.3665
      vertex -0.312425 62 10.2635
      vertex -0.568148 61.4824 10.3503
    endloop
  endfacet
  facet normal 0.321403 0 0.946943
    outer loop
      vertex -0.312425 62 10.2635
      vertex -0.615892 61.3417 10.3665
      vertex -0.312425 -12 10.2635
    endloop
  endfacet
  facet normal 0.321403 0 0.946943
    outer loop
      vertex -0.312425 -12 10.2635
      vertex -0.615892 61.3417 10.3665
      vertex -0.615892 -12 10.3665
    endloop
  endfacet
  facet normal -0.321428 0 -0.946934
    outer loop
      vertex -1.88411 -12 5.63348
      vertex -1.98236 60.0681 5.66683
      vertex -1.88411 60.1015 5.63348
    endloop
  endfacet
  facet normal -0.321465 -0 -0.946921
    outer loop
      vertex -2.18757 60.0273 5.7365
      vertex -1.88411 -12 5.63348
      vertex -2.18757 -12 5.7365
    endloop
  endfacet
  facet normal -0.321483 -8.475e-08 -0.946915
    outer loop
      vertex -1.88411 -12 5.63348
      vertex -2.18757 60.0273 5.7365
      vertex -1.98236 60.0681 5.66683
    endloop
  endfacet
  facet normal -0.555468 0 -0.831538
    outer loop
      vertex -2.475 -12 5.87824
      vertex -2.5 60 5.89494
      vertex -2.475 60.0016 5.87824
    endloop
  endfacet
  facet normal -0.555564 -4.84536e-08 -0.831474
    outer loop
      vertex -2.74146 -12 6.05628
      vertex -2.5 60 5.89494
      vertex -2.475 -12 5.87824
    endloop
  endfacet
  facet normal -0.555574 0 -0.831467
    outer loop
      vertex -2.5 60 5.89494
      vertex -2.74146 -12 6.05628
      vertex -2.74146 60.0158 6.05628
    endloop
  endfacet
  facet normal -0.946925 0 -0.321456
    outer loop
      vertex -3.61652 -12 7.36589
      vertex -3.5135 60.277 7.06242
      vertex -3.5135 -12 7.06242
    endloop
  endfacet
  facet normal -0.946925 0 -0.321456
    outer loop
      vertex -3.5135 60.277 7.06242
      vertex -3.61652 -12 7.36589
      vertex -3.61652 60.3458 7.36589
    endloop
  endfacet
  facet normal -0.195098 0 -0.980784
    outer loop
      vertex -1.56979 -12 5.57096
      vertex -1.73463 60.1522 5.60375
      vertex -1.56979 60.2335 5.57096
    endloop
  endfacet
  facet normal -0.195084 -0 -0.980787
    outer loop
      vertex -1.88411 60.1015 5.63348
      vertex -1.56979 -12 5.57096
      vertex -1.88411 -12 5.63348
    endloop
  endfacet
  facet normal -0.195069 6.86955e-08 -0.98079
    outer loop
      vertex -1.56979 -12 5.57096
      vertex -1.88411 60.1015 5.63348
      vertex -1.73463 60.1522 5.60375
    endloop
  endfacet
  facet normal 0.442282 0 -0.896876
    outer loop
      vertex -0.312425 -12 5.7365
      vertex -0.0249996 62 5.87824
      vertex -0.0249996 -12 5.87824
    endloop
  endfacet
  facet normal 0.442282 0 -0.896876
    outer loop
      vertex -0.0249996 62 5.87824
      vertex -0.312425 -12 5.7365
      vertex -0.312425 62 5.7365
    endloop
  endfacet
  facet normal -0.320995 0 0.947081
    outer loop
      vertex -1.98236 60.0681 10.3332
      vertex -1.88411 -12 10.3665
      vertex -1.88411 60.1015 10.3665
    endloop
  endfacet
  facet normal -0.321607 -9.30161e-07 0.946873
    outer loop
      vertex -2.18757 60.0273 10.2635
      vertex -1.88411 -12 10.3665
      vertex -1.98236 60.0681 10.3332
    endloop
  endfacet
  facet normal -0.321409 0 0.94694
    outer loop
      vertex -1.88411 -12 10.3665
      vertex -2.18757 60.0273 10.2635
      vertex -2.18757 -12 10.2635
    endloop
  endfacet
  facet normal -0.980787 0 -0.195084
    outer loop
      vertex -3.67904 -12 7.68021
      vertex -3.61652 60.3458 7.36589
      vertex -3.61652 -12 7.36589
    endloop
  endfacet
  facet normal -0.980787 0 -0.195084
    outer loop
      vertex -3.61652 60.3458 7.36589
      vertex -3.67904 -12 7.68021
      vertex -3.67904 60.3876 7.68021
    endloop
  endfacet
  facet normal -0.0654383 0 -0.997857
    outer loop
      vertex -1.25 -12 5.55
      vertex -1.28248 60.4133 5.55213
      vertex -1.25 60.4418 5.55
    endloop
  endfacet
  facet normal -0.0654168 9.67708e-09 -0.997858
    outer loop
      vertex -1.25 -12 5.55
      vertex -1.5 60.2679 5.56639
      vertex -1.28248 60.4133 5.55213
    endloop
  endfacet
  facet normal -0.0654027 -0 -0.997859
    outer loop
      vertex -1.56979 60.2335 5.57096
      vertex -1.25 -12 5.55
      vertex -1.56979 -12 5.57096
    endloop
  endfacet
  facet normal -0.0653424 2.6824e-07 -0.997863
    outer loop
      vertex -1.25 -12 5.55
      vertex -1.56979 60.2335 5.57096
      vertex -1.5 60.2679 5.56639
    endloop
  endfacet
  facet normal -0.195155 0 0.980772
    outer loop
      vertex -1.73463 60.1522 10.3962
      vertex -1.56979 -12 10.429
      vertex -1.56979 60.2335 10.429
    endloop
  endfacet
  facet normal -0.19488 6.53905e-07 0.980827
    outer loop
      vertex -1.88411 60.1015 10.3665
      vertex -1.56979 -12 10.429
      vertex -1.73463 60.1522 10.3962
    endloop
  endfacet
  facet normal -0.195024 0 0.980798
    outer loop
      vertex -1.56979 -12 10.429
      vertex -1.88411 60.1015 10.3665
      vertex -1.88411 -12 10.3665
    endloop
  endfacet
  facet normal -0.896967 0 0.442098
    outer loop
      vertex -3.5135 -12 8.93757
      vertex -3.5 60.2679 8.96496
      vertex -3.5135 60.277 8.93757
    endloop
  endfacet
  facet normal -0.896869 -9.32265e-08 0.442296
    outer loop
      vertex -3.5135 -12 8.93757
      vertex -3.37176 60.2047 9.225
      vertex -3.5 60.2679 8.96496
    endloop
  endfacet
  facet normal -0.896879 0 0.442277
    outer loop
      vertex -3.37176 60.2047 9.225
      vertex -3.5135 -12 8.93757
      vertex -3.37176 -12 9.225
    endloop
  endfacet
  facet normal -0.751839 0 0.659347
    outer loop
      vertex -3.19372 -12 9.49146
      vertex -3.01764 60.0681 9.69224
      vertex -3.19372 60.1279 9.49146
    endloop
  endfacet
  facet normal -0.751823 -8.97604e-08 0.659365
    outer loop
      vertex -3.19372 -12 9.49146
      vertex -2.98241 60.0611 9.73241
      vertex -3.01764 60.0681 9.69224
    endloop
  endfacet
  facet normal -0.751836 0 0.65935
    outer loop
      vertex -2.98241 60.0611 9.73241
      vertex -3.19372 -12 9.49146
      vertex -2.98241 -12 9.73241
    endloop
  endfacet
  facet normal -0.751822 0 -0.659366
    outer loop
      vertex -3.19372 -12 6.50853
      vertex -2.98241 60.0611 6.26759
      vertex -2.98241 -12 6.26759
    endloop
  endfacet
  facet normal -0.751823 1.68723e-09 -0.659365
    outer loop
      vertex -2.98241 60.0611 6.26759
      vertex -3.19372 -12 6.50853
      vertex -3.01764 60.0681 6.30776
    endloop
  endfacet
  facet normal -0.751822 0 -0.659366
    outer loop
      vertex -3.01764 60.0681 6.30776
      vertex -3.19372 -12 6.50853
      vertex -3.19372 60.1279 6.50853
    endloop
  endfacet
  facet normal 0.0654207 0 -0.997858
    outer loop
      vertex -0.93021 -12 5.57096
      vertex -1.08579 60.5858 5.56076
      vertex -0.93021 60.7632 5.57096
    endloop
  endfacet
  facet normal 0.0654027 0 -0.997859
    outer loop
      vertex -1.25 60.4418 5.55
      vertex -0.93021 -12 5.57096
      vertex -1.25 -12 5.55
    endloop
  endfacet
  facet normal 0.0653857 -7.5305e-08 -0.99786
    outer loop
      vertex -0.93021 -12 5.57096
      vertex -1.25 60.4418 5.55
      vertex -1.08579 60.5858 5.56076
    endloop
  endfacet
  facet normal 0.555474 0 -0.831534
    outer loop
      vertex -0.0249996 -12 5.87824
      vertex 0 62 5.89494
      vertex 0 -12 5.89494
    endloop
  endfacet
  facet normal 0.555474 0 -0.831534
    outer loop
      vertex 0 62 5.89494
      vertex -0.0249996 -12 5.87824
      vertex -0.0249996 62 5.87824
    endloop
  endfacet
  facet normal 0 1 -0
    outer loop
      vertex 0 62 5.89494
      vertex -0.0106936 62 7.83684
      vertex 0 62 8
    endloop
  endfacet
  facet normal 0 1 0
    outer loop
      vertex 0 62 5.89494
      vertex -0.042592 62 7.67648
      vertex -0.0106936 62 7.83684
    endloop
  endfacet
  facet normal 0 1 0
    outer loop
      vertex 0 62 5.89494
      vertex -0.09515 62 7.52165
      vertex -0.042592 62 7.67648
    endloop
  endfacet
  facet normal 0 1 0
    outer loop
      vertex 0 62 5.89494
      vertex -0.167468 62 7.375
      vertex -0.09515 62 7.52165
    endloop
  endfacet
  facet normal 0 1 0
    outer loop
      vertex 0 62 5.89494
      vertex -0.258307 62 7.23905
      vertex -0.167468 62 7.375
    endloop
  endfacet
  facet normal 0 1 0
    outer loop
      vertex 0 62 5.89494
      vertex -0.366116 62 7.11612
      vertex -0.258307 62 7.23905
    endloop
  endfacet
  facet normal 0 1 0
    outer loop
      vertex 0 62 5.89494
      vertex -0.489048 62 7.00831
      vertex -0.366116 62 7.11612
    endloop
  endfacet
  facet normal 0 1 0
    outer loop
      vertex 0 62 5.89494
      vertex -0.5 62 7.00099
      vertex -0.489048 62 7.00831
    endloop
  endfacet
  facet normal 0 1 -0
    outer loop
      vertex -0.0249996 62 5.87824
      vertex -0.5 62 7.00099
      vertex 0 62 5.89494
    endloop
  endfacet
  facet normal 0 1 -0
    outer loop
      vertex -0.312425 62 5.7365
      vertex -0.5 62 7.00099
      vertex -0.0249996 62 5.87824
    endloop
  endfacet
  facet normal 0 1 0
    outer loop
      vertex -0.5 62 7.00099
      vertex -0.312425 62 5.7365
      vertex -0.5 62 5.67282
    endloop
  endfacet
  facet normal 0 1 0
    outer loop
      vertex -0.5 62 8.99901
      vertex -0.312425 62 10.2635
      vertex -0.0249996 62 10.1218
    endloop
  endfacet
  facet normal 0 1 0
    outer loop
      vertex -0.5 62 8.99901
      vertex -0.0249996 62 10.1218
      vertex 0 62 10.1051
    endloop
  endfacet
  facet normal 0 1 0
    outer loop
      vertex -0.312425 62 10.2635
      vertex -0.5 62 8.99901
      vertex -0.5 62 10.3272
    endloop
  endfacet
  facet normal 0 1 0
    outer loop
      vertex 0 62 10.1051
      vertex -0.489048 62 8.99169
      vertex -0.5 62 8.99901
    endloop
  endfacet
  facet normal 0 1 0
    outer loop
      vertex 0 62 10.1051
      vertex -0.366116 62 8.88388
      vertex -0.489048 62 8.99169
    endloop
  endfacet
  facet normal 0 1 0
    outer loop
      vertex 0 62 10.1051
      vertex -0.258307 62 8.76095
      vertex -0.366116 62 8.88388
    endloop
  endfacet
  facet normal 0 1 0
    outer loop
      vertex 0 62 10.1051
      vertex -0.167468 62 8.625
      vertex -0.258307 62 8.76095
    endloop
  endfacet
  facet normal 0 1 0
    outer loop
      vertex 0 62 10.1051
      vertex -0.09515 62 8.47835
      vertex -0.167468 62 8.625
    endloop
  endfacet
  facet normal 0 1 0
    outer loop
      vertex 0 62 10.1051
      vertex -0.042592 62 8.32352
      vertex -0.09515 62 8.47835
    endloop
  endfacet
  facet normal 0 1 0
    outer loop
      vertex 0 62 10.1051
      vertex -0.0106936 62 8.16316
      vertex -0.042592 62 8.32352
    endloop
  endfacet
  facet normal -0 1 0
    outer loop
      vertex -0.0106936 62 8.16316
      vertex 0 62 10.1051
      vertex 0 62 8
    endloop
  endfacet
  facet normal -0.441758 0 0.897134
    outer loop
      vertex -2.23895 60.0171 10.2382
      vertex -2.18757 -12 10.2635
      vertex -2.18757 60.0273 10.2635
    endloop
  endfacet
  facet normal -0.442267 -4.51965e-07 0.896883
    outer loop
      vertex -2.475 60.0016 10.1218
      vertex -2.18757 -12 10.2635
      vertex -2.23895 60.0171 10.2382
    endloop
  endfacet
  facet normal -0.442176 0 0.896928
    outer loop
      vertex -2.18757 -12 10.2635
      vertex -2.475 60.0016 10.1218
      vertex -2.475 -12 10.1218
    endloop
  endfacet
  facet normal -0.831479 0 0.555555
    outer loop
      vertex -3.37176 -12 9.225
      vertex -3.26537 60.1522 9.38423
      vertex -3.37176 60.2047 9.225
    endloop
  endfacet
  facet normal -0.831465 -6.76494e-08 0.555577
    outer loop
      vertex -3.37176 -12 9.225
      vertex -3.19372 60.1279 9.49146
      vertex -3.26537 60.1522 9.38423
    endloop
  endfacet
  facet normal -0.831474 0 0.555564
    outer loop
      vertex -3.19372 60.1279 9.49146
      vertex -3.37176 -12 9.225
      vertex -3.19372 -12 9.49146
    endloop
  endfacet
  facet normal -0.980787 0 0.195084
    outer loop
      vertex -3.67904 -12 8.31979
      vertex -3.61652 60.3458 8.63411
      vertex -3.67904 60.3876 8.31979
    endloop
  endfacet
  facet normal -0.980787 0 0.195084
    outer loop
      vertex -3.61652 60.3458 8.63411
      vertex -3.67904 -12 8.31979
      vertex -3.61652 -12 8.63411
    endloop
  endfacet
  facet normal -0.659346 -2.23244e-08 0.751839
    outer loop
      vertex -2.98241 -12 9.73241
      vertex -2.74146 60.0158 9.94372
      vertex -2.76105 60.0171 9.92654
    endloop
  endfacet
  facet normal -0.659351 0 0.751836
    outer loop
      vertex -2.98241 -12 9.73241
      vertex -2.76105 60.0171 9.92654
      vertex -2.98241 60.0611 9.73241
    endloop
  endfacet
  facet normal -0.65935 0 0.751836
    outer loop
      vertex -2.74146 60.0158 9.94372
      vertex -2.98241 -12 9.73241
      vertex -2.74146 -12 9.94372
    endloop
  endfacet
  facet normal -0.896873 0 -0.442289
    outer loop
      vertex -3.5135 -12 7.06242
      vertex -3.37176 60.2047 6.775
      vertex -3.37176 -12 6.775
    endloop
  endfacet
  facet normal -0.896869 -3.20299e-08 -0.442296
    outer loop
      vertex -3.37176 60.2047 6.775
      vertex -3.5135 -12 7.06242
      vertex -3.5 60.2679 7.03504
    endloop
  endfacet
  facet normal -0.896903 0 -0.442228
    outer loop
      vertex -3.5 60.2679 7.03504
      vertex -3.5135 -12 7.06242
      vertex -3.5135 60.277 7.06242
    endloop
  endfacet
  facet normal -0.997859 0 0.0654027
    outer loop
      vertex -3.7 -12 8
      vertex -3.67904 60.3876 8.31979
      vertex -3.7 60.4016 8
    endloop
  endfacet
  facet normal -0.997859 0 0.0654027
    outer loop
      vertex -3.67904 60.3876 8.31979
      vertex -3.7 -12 8
      vertex -3.67904 -12 8.31979
    endloop
  endfacet
  facet normal 0.555474 0 0.831534
    outer loop
      vertex -0.0249996 62 10.1218
      vertex 0 -12 10.1051
      vertex 0 62 10.1051
    endloop
  endfacet
  facet normal 0.555474 0 0.831534
    outer loop
      vertex 0 -12 10.1051
      vertex -0.0249996 62 10.1218
      vertex -0.0249996 -12 10.1218
    endloop
  endfacet
  facet normal -0.555468 0 0.831538
    outer loop
      vertex -2.5 60 10.1051
      vertex -2.475 -12 10.1218
      vertex -2.475 60.0016 10.1218
    endloop
  endfacet
  facet normal -0.555669 0 0.831403
    outer loop
      vertex -2.74146 -12 9.94372
      vertex -2.5 60 10.1051
      vertex -2.74146 60.0158 9.94372
    endloop
  endfacet
  facet normal -0.55565 -9.17867e-08 0.831416
    outer loop
      vertex -2.5 60 10.1051
      vertex -2.74146 -12 9.94372
      vertex -2.475 -12 10.1218
    endloop
  endfacet
  facet normal -0.195122 0.980779 0
    outer loop
      vertex 8.43999 -5.24207 0
      vertex 8.22189 -5.28546 16
      vertex 8.43999 -5.24207 16
    endloop
  endfacet
  facet normal -0.195122 0.980779 0
    outer loop
      vertex 8.22189 -5.28546 16
      vertex 8.43999 -5.24207 0
      vertex 8.22189 -5.28546 0
    endloop
  endfacet
  facet normal -0.831469 0.555572 0
    outer loop
      vertex 9.3487 -4.63489 0
      vertex 9.47224 -4.45 16
      vertex 9.47224 -4.45 0
    endloop
  endfacet
  facet normal -0.831469 0.555572 0
    outer loop
      vertex 9.47224 -4.45 16
      vertex 9.3487 -4.63489 0
      vertex 9.3487 -4.63489 16
    endloop
  endfacet
  facet normal -0.555572 0.831469 0
    outer loop
      vertex 9.03489 -4.9487 0
      vertex 8.85 -5.07224 16
      vertex 9.03489 -4.9487 16
    endloop
  endfacet
  facet normal -0.555572 0.831469 0
    outer loop
      vertex 8.85 -5.07224 16
      vertex 9.03489 -4.9487 0
      vertex 8.85 -5.07224 0
    endloop
  endfacet
  facet normal 0.442314 -0.89686 0
    outer loop
      vertex 7.15 -2.12776 0
      vertex 7.34944 -2.0294 16
      vertex 7.15 -2.12776 16
    endloop
  endfacet
  facet normal 0.442314 -0.89686 0
    outer loop
      vertex 7.34944 -2.0294 16
      vertex 7.15 -2.12776 0
      vertex 7.34944 -2.0294 0
    endloop
  endfacet
  facet normal 0.946942 -0.321404 0
    outer loop
      vertex 6.35793 -3.16001 16
      vertex 6.4294 -2.94944 0
      vertex 6.4294 -2.94944 16
    endloop
  endfacet
  facet normal 0.946942 -0.321404 0
    outer loop
      vertex 6.4294 -2.94944 0
      vertex 6.35793 -3.16001 16
      vertex 6.35793 -3.16001 0
    endloop
  endfacet
  facet normal -0.99786 0.0653877 0
    outer loop
      vertex 9.68546 -3.82189 0
      vertex 9.7 -3.6 16
      vertex 9.7 -3.6 0
    endloop
  endfacet
  facet normal -0.99786 0.0653877 0
    outer loop
      vertex 9.7 -3.6 16
      vertex 9.68546 -3.82189 0
      vertex 9.68546 -3.82189 16
    endloop
  endfacet
  facet normal 0.659342 0.751844 -0
    outer loop
      vertex 6.96511 -4.9487 0
      vertex 6.79792 -4.80208 16
      vertex 6.96511 -4.9487 16
    endloop
  endfacet
  facet normal 0.659342 0.751844 0
    outer loop
      vertex 6.79792 -4.80208 16
      vertex 6.96511 -4.9487 0
      vertex 6.79792 -4.80208 0
    endloop
  endfacet
  facet normal -0.99786 -0.0653877 0
    outer loop
      vertex 9.7 -3.6 0
      vertex 9.68546 -3.37811 16
      vertex 9.68546 -3.37811 0
    endloop
  endfacet
  facet normal -0.99786 -0.0653877 0
    outer loop
      vertex 9.68546 -3.37811 16
      vertex 9.7 -3.6 0
      vertex 9.7 -3.6 16
    endloop
  endfacet
  facet normal 0.751844 -0.659342 0
    outer loop
      vertex 6.6513 -2.56511 16
      vertex 6.79792 -2.39792 0
      vertex 6.79792 -2.39792 16
    endloop
  endfacet
  facet normal 0.751844 -0.659342 0
    outer loop
      vertex 6.79792 -2.39792 0
      vertex 6.6513 -2.56511 16
      vertex 6.6513 -2.56511 0
    endloop
  endfacet
  facet normal -0.751844 -0.659342 0
    outer loop
      vertex 9.3487 -2.56511 0
      vertex 9.20208 -2.39792 16
      vertex 9.20208 -2.39792 0
    endloop
  endfacet
  facet normal -0.751844 -0.659342 0
    outer loop
      vertex 9.20208 -2.39792 16
      vertex 9.3487 -2.56511 0
      vertex 9.3487 -2.56511 16
    endloop
  endfacet
  facet normal -0.751844 0.659342 0
    outer loop
      vertex 9.20208 -4.80208 0
      vertex 9.3487 -4.63489 16
      vertex 9.3487 -4.63489 0
    endloop
  endfacet
  facet normal -0.751844 0.659342 0
    outer loop
      vertex 9.3487 -4.63489 16
      vertex 9.20208 -4.80208 0
      vertex 9.20208 -4.80208 16
    endloop
  endfacet
  facet normal 0.19513 -0.980777 0
    outer loop
      vertex 7.56001 -1.95793 0
      vertex 7.7781 -1.91454 16
      vertex 7.56001 -1.95793 16
    endloop
  endfacet
  facet normal 0.19513 -0.980777 0
    outer loop
      vertex 7.7781 -1.91454 16
      vertex 7.56001 -1.95793 0
      vertex 7.7781 -1.91454 0
    endloop
  endfacet
  facet normal -0.980779 -0.195122 0
    outer loop
      vertex 9.68546 -3.37811 0
      vertex 9.64207 -3.16001 16
      vertex 9.64207 -3.16001 0
    endloop
  endfacet
  facet normal -0.980779 -0.195122 0
    outer loop
      vertex 9.64207 -3.16001 16
      vertex 9.68546 -3.37811 0
      vertex 9.68546 -3.37811 16
    endloop
  endfacet
  facet normal -0.555572 -0.831469 0
    outer loop
      vertex 8.85 -2.12776 0
      vertex 9.03489 -2.2513 16
      vertex 8.85 -2.12776 16
    endloop
  endfacet
  facet normal -0.555572 -0.831469 -0
    outer loop
      vertex 9.03489 -2.2513 16
      vertex 8.85 -2.12776 0
      vertex 9.03489 -2.2513 0
    endloop
  endfacet
  facet normal 0.980779 -0.195122 0
    outer loop
      vertex 6.31454 -3.37811 16
      vertex 6.35793 -3.16001 0
      vertex 6.35793 -3.16001 16
    endloop
  endfacet
  facet normal 0.980779 -0.195122 0
    outer loop
      vertex 6.35793 -3.16001 0
      vertex 6.31454 -3.37811 16
      vertex 6.31454 -3.37811 0
    endloop
  endfacet
  facet normal 0.831469 0.555572 0
    outer loop
      vertex 6.6513 -4.63489 16
      vertex 6.52776 -4.45 0
      vertex 6.52776 -4.45 16
    endloop
  endfacet
  facet normal 0.831469 0.555572 0
    outer loop
      vertex 6.52776 -4.45 0
      vertex 6.6513 -4.63489 16
      vertex 6.6513 -4.63489 0
    endloop
  endfacet
  facet normal -0.896878 0.442278 0
    outer loop
      vertex 9.47224 -4.45 0
      vertex 9.57059 -4.25056 16
      vertex 9.57059 -4.25056 0
    endloop
  endfacet
  facet normal -0.896878 0.442278 0
    outer loop
      vertex 9.57059 -4.25056 16
      vertex 9.47224 -4.45 0
      vertex 9.47224 -4.45 16
    endloop
  endfacet
  facet normal -0.321404 -0.946942 0
    outer loop
      vertex 8.43999 -1.95793 0
      vertex 8.65056 -2.0294 16
      vertex 8.43999 -1.95793 16
    endloop
  endfacet
  facet normal -0.321404 -0.946942 -0
    outer loop
      vertex 8.65056 -2.0294 16
      vertex 8.43999 -1.95793 0
      vertex 8.65056 -2.0294 0
    endloop
  endfacet
  facet normal -0.659342 -0.751844 0
    outer loop
      vertex 9.03489 -2.2513 0
      vertex 9.20208 -2.39792 16
      vertex 9.03489 -2.2513 16
    endloop
  endfacet
  facet normal -0.659342 -0.751844 -0
    outer loop
      vertex 9.20208 -2.39792 16
      vertex 9.03489 -2.2513 0
      vertex 9.20208 -2.39792 0
    endloop
  endfacet
  facet normal -0.946929 -0.321444 0
    outer loop
      vertex 9.64207 -3.16001 0
      vertex 9.57059 -2.94944 16
      vertex 9.57059 -2.94944 0
    endloop
  endfacet
  facet normal -0.946929 -0.321444 0
    outer loop
      vertex 9.57059 -2.94944 16
      vertex 9.64207 -3.16001 0
      vertex 9.64207 -3.16001 16
    endloop
  endfacet
  facet normal -0.0653877 -0.99786 0
    outer loop
      vertex 8 -1.9 0
      vertex 8.22189 -1.91454 16
      vertex 8 -1.9 16
    endloop
  endfacet
  facet normal -0.0653877 -0.99786 -0
    outer loop
      vertex 8.22189 -1.91454 16
      vertex 8 -1.9 0
      vertex 8.22189 -1.91454 0
    endloop
  endfacet
  facet normal 0.0653848 -0.99786 0
    outer loop
      vertex 7.7781 -1.91454 0
      vertex 8 -1.9 16
      vertex 7.7781 -1.91454 16
    endloop
  endfacet
  facet normal 0.0653848 -0.99786 0
    outer loop
      vertex 8 -1.9 16
      vertex 7.7781 -1.91454 0
      vertex 8 -1.9 0
    endloop
  endfacet
  facet normal 0.89686 -0.442314 0
    outer loop
      vertex 6.4294 -2.94944 16
      vertex 6.52776 -2.75 0
      vertex 6.52776 -2.75 16
    endloop
  endfacet
  facet normal 0.89686 -0.442314 0
    outer loop
      vertex 6.52776 -2.75 0
      vertex 6.4294 -2.94944 16
      vertex 6.4294 -2.94944 0
    endloop
  endfacet
  facet normal -0.946929 0.321444 0
    outer loop
      vertex 9.57059 -4.25056 0
      vertex 9.64207 -4.03999 16
      vertex 9.64207 -4.03999 0
    endloop
  endfacet
  facet normal -0.946929 0.321444 0
    outer loop
      vertex 9.64207 -4.03999 16
      vertex 9.57059 -4.25056 0
      vertex 9.57059 -4.25056 16
    endloop
  endfacet
  facet normal -0.442314 -0.89686 0
    outer loop
      vertex 8.65056 -2.0294 0
      vertex 8.85 -2.12776 16
      vertex 8.65056 -2.0294 16
    endloop
  endfacet
  facet normal -0.442314 -0.89686 -0
    outer loop
      vertex 8.85 -2.12776 16
      vertex 8.65056 -2.0294 0
      vertex 8.85 -2.12776 0
    endloop
  endfacet
  facet normal -0.831469 -0.555572 0
    outer loop
      vertex 9.47224 -2.75 0
      vertex 9.3487 -2.56511 16
      vertex 9.3487 -2.56511 0
    endloop
  endfacet
  facet normal -0.831469 -0.555572 0
    outer loop
      vertex 9.3487 -2.56511 16
      vertex 9.47224 -2.75 0
      vertex 9.47224 -2.75 16
    endloop
  endfacet
  facet normal 0.442314 0.89686 -0
    outer loop
      vertex 7.34944 -5.1706 0
      vertex 7.15 -5.07224 16
      vertex 7.34944 -5.1706 16
    endloop
  endfacet
  facet normal 0.442314 0.89686 0
    outer loop
      vertex 7.15 -5.07224 16
      vertex 7.34944 -5.1706 0
      vertex 7.15 -5.07224 0
    endloop
  endfacet
  facet normal 0.99786 -0.0653877 0
    outer loop
      vertex 6.3 -3.6 16
      vertex 6.31454 -3.37811 0
      vertex 6.31454 -3.37811 16
    endloop
  endfacet
  facet normal 0.99786 -0.0653877 0
    outer loop
      vertex 6.31454 -3.37811 0
      vertex 6.3 -3.6 16
      vertex 6.3 -3.6 0
    endloop
  endfacet
  facet normal 0.321404 -0.946942 0
    outer loop
      vertex 7.34944 -2.0294 0
      vertex 7.56001 -1.95793 16
      vertex 7.34944 -2.0294 16
    endloop
  endfacet
  facet normal 0.321404 -0.946942 0
    outer loop
      vertex 7.56001 -1.95793 16
      vertex 7.34944 -2.0294 0
      vertex 7.56001 -1.95793 0
    endloop
  endfacet
  facet normal -0.442314 0.89686 0
    outer loop
      vertex 8.85 -5.07224 0
      vertex 8.65056 -5.1706 16
      vertex 8.85 -5.07224 16
    endloop
  endfacet
  facet normal -0.442314 0.89686 0
    outer loop
      vertex 8.65056 -5.1706 16
      vertex 8.85 -5.07224 0
      vertex 8.65056 -5.1706 0
    endloop
  endfacet
  facet normal 0.831469 -0.555572 0
    outer loop
      vertex 6.52776 -2.75 16
      vertex 6.6513 -2.56511 0
      vertex 6.6513 -2.56511 16
    endloop
  endfacet
  facet normal 0.831469 -0.555572 0
    outer loop
      vertex 6.6513 -2.56511 0
      vertex 6.52776 -2.75 16
      vertex 6.52776 -2.75 0
    endloop
  endfacet
  facet normal -0.321404 0.946942 0
    outer loop
      vertex 8.65056 -5.1706 0
      vertex 8.43999 -5.24207 16
      vertex 8.65056 -5.1706 16
    endloop
  endfacet
  facet normal -0.321404 0.946942 0
    outer loop
      vertex 8.43999 -5.24207 16
      vertex 8.65056 -5.1706 0
      vertex 8.43999 -5.24207 0
    endloop
  endfacet
  facet normal 0.99786 0.0653877 0
    outer loop
      vertex 6.31454 -3.82189 16
      vertex 6.3 -3.6 0
      vertex 6.3 -3.6 16
    endloop
  endfacet
  facet normal 0.99786 0.0653877 0
    outer loop
      vertex 6.3 -3.6 0
      vertex 6.31454 -3.82189 16
      vertex 6.31454 -3.82189 0
    endloop
  endfacet
  facet normal 0.555572 -0.831469 0
    outer loop
      vertex 6.96511 -2.2513 0
      vertex 7.15 -2.12776 16
      vertex 6.96511 -2.2513 16
    endloop
  endfacet
  facet normal 0.555572 -0.831469 0
    outer loop
      vertex 7.15 -2.12776 16
      vertex 6.96511 -2.2513 0
      vertex 7.15 -2.12776 0
    endloop
  endfacet
  facet normal 0.321404 0.946942 -0
    outer loop
      vertex 7.56001 -5.24207 0
      vertex 7.34944 -5.1706 16
      vertex 7.56001 -5.24207 16
    endloop
  endfacet
  facet normal 0.321404 0.946942 0
    outer loop
      vertex 7.34944 -5.1706 16
      vertex 7.56001 -5.24207 0
      vertex 7.34944 -5.1706 0
    endloop
  endfacet
  facet normal -0.980779 0.195122 0
    outer loop
      vertex 9.64207 -4.03999 0
      vertex 9.68546 -3.82189 16
      vertex 9.68546 -3.82189 0
    endloop
  endfacet
  facet normal -0.980779 0.195122 0
    outer loop
      vertex 9.68546 -3.82189 16
      vertex 9.64207 -4.03999 0
      vertex 9.64207 -4.03999 16
    endloop
  endfacet
  facet normal -0.195122 -0.980779 0
    outer loop
      vertex 8.22189 -1.91454 0
      vertex 8.43999 -1.95793 16
      vertex 8.22189 -1.91454 16
    endloop
  endfacet
  facet normal -0.195122 -0.980779 -0
    outer loop
      vertex 8.43999 -1.95793 16
      vertex 8.22189 -1.91454 0
      vertex 8.43999 -1.95793 0
    endloop
  endfacet
  facet normal 0.751844 0.659342 0
    outer loop
      vertex 6.79792 -4.80208 16
      vertex 6.6513 -4.63489 0
      vertex 6.6513 -4.63489 16
    endloop
  endfacet
  facet normal 0.751844 0.659342 0
    outer loop
      vertex 6.6513 -4.63489 0
      vertex 6.79792 -4.80208 16
      vertex 6.79792 -4.80208 0
    endloop
  endfacet
  facet normal -0.896878 -0.442278 0
    outer loop
      vertex 9.57059 -2.94944 0
      vertex 9.47224 -2.75 16
      vertex 9.47224 -2.75 0
    endloop
  endfacet
  facet normal -0.896878 -0.442278 0
    outer loop
      vertex 9.47224 -2.75 16
      vertex 9.57059 -2.94944 0
      vertex 9.57059 -2.94944 16
    endloop
  endfacet
  facet normal -0.659342 0.751844 0
    outer loop
      vertex 9.20208 -4.80208 0
      vertex 9.03489 -4.9487 16
      vertex 9.20208 -4.80208 16
    endloop
  endfacet
  facet normal -0.659342 0.751844 0
    outer loop
      vertex 9.03489 -4.9487 16
      vertex 9.20208 -4.80208 0
      vertex 9.03489 -4.9487 0
    endloop
  endfacet
  facet normal -0.0653877 0.99786 0
    outer loop
      vertex 8.22189 -5.28546 0
      vertex 8 -5.3 16
      vertex 8.22189 -5.28546 16
    endloop
  endfacet
  facet normal -0.0653877 0.99786 0
    outer loop
      vertex 8 -5.3 16
      vertex 8.22189 -5.28546 0
      vertex 8 -5.3 0
    endloop
  endfacet
  facet normal 0.0653848 0.99786 -0
    outer loop
      vertex 8 -5.3 0
      vertex 7.7781 -5.28546 16
      vertex 8 -5.3 16
    endloop
  endfacet
  facet normal 0.0653848 0.99786 0
    outer loop
      vertex 7.7781 -5.28546 16
      vertex 8 -5.3 0
      vertex 7.7781 -5.28546 0
    endloop
  endfacet
  facet normal 0.555572 0.831469 -0
    outer loop
      vertex 7.15 -5.07224 0
      vertex 6.96511 -4.9487 16
      vertex 7.15 -5.07224 16
    endloop
  endfacet
  facet normal 0.555572 0.831469 0
    outer loop
      vertex 6.96511 -4.9487 16
      vertex 7.15 -5.07224 0
      vertex 6.96511 -4.9487 0
    endloop
  endfacet
  facet normal 0.946942 0.321404 0
    outer loop
      vertex 6.4294 -4.25056 16
      vertex 6.35793 -4.03999 0
      vertex 6.35793 -4.03999 16
    endloop
  endfacet
  facet normal 0.946942 0.321404 0
    outer loop
      vertex 6.35793 -4.03999 0
      vertex 6.4294 -4.25056 16
      vertex 6.4294 -4.25056 0
    endloop
  endfacet
  facet normal 0.659342 -0.751844 0
    outer loop
      vertex 6.79792 -2.39792 0
      vertex 6.96511 -2.2513 16
      vertex 6.79792 -2.39792 16
    endloop
  endfacet
  facet normal 0.659342 -0.751844 0
    outer loop
      vertex 6.96511 -2.2513 16
      vertex 6.79792 -2.39792 0
      vertex 6.96511 -2.2513 0
    endloop
  endfacet
  facet normal 0.89686 0.442314 0
    outer loop
      vertex 6.52776 -4.45 16
      vertex 6.4294 -4.25056 0
      vertex 6.4294 -4.25056 16
    endloop
  endfacet
  facet normal 0.89686 0.442314 0
    outer loop
      vertex 6.4294 -4.25056 0
      vertex 6.52776 -4.45 16
      vertex 6.52776 -4.45 0
    endloop
  endfacet
  facet normal 0.19513 0.980777 -0
    outer loop
      vertex 7.7781 -5.28546 0
      vertex 7.56001 -5.24207 16
      vertex 7.7781 -5.28546 16
    endloop
  endfacet
  facet normal 0.19513 0.980777 0
    outer loop
      vertex 7.56001 -5.24207 16
      vertex 7.7781 -5.28546 0
      vertex 7.56001 -5.24207 0
    endloop
  endfacet
  facet normal 0.980779 0.195122 0
    outer loop
      vertex 6.35793 -4.03999 16
      vertex 6.31454 -3.82189 0
      vertex 6.31454 -3.82189 16
    endloop
  endfacet
  facet normal 0.980779 0.195122 0
    outer loop
      vertex 6.31454 -3.82189 0
      vertex 6.35793 -4.03999 16
      vertex 6.35793 -4.03999 0
    endloop
  endfacet
  facet normal -0.980777 -0.19513 0
    outer loop
      vertex 9.68546 -8.7781 0
      vertex 9.64207 -8.56001 16
      vertex 9.64207 -8.56001 0
    endloop
  endfacet
  facet normal -0.980777 -0.19513 0
    outer loop
      vertex 9.64207 -8.56001 16
      vertex 9.68546 -8.7781 0
      vertex 9.68546 -8.7781 16
    endloop
  endfacet
  facet normal 0.659342 -0.751844 0
    outer loop
      vertex 6.79792 -7.79792 0
      vertex 6.96511 -7.6513 16
      vertex 6.79792 -7.79792 16
    endloop
  endfacet
  facet normal 0.659342 -0.751844 0
    outer loop
      vertex 6.96511 -7.6513 16
      vertex 6.79792 -7.79792 0
      vertex 6.96511 -7.6513 0
    endloop
  endfacet
  facet normal -0.896878 -0.442278 0
    outer loop
      vertex 9.57059 -8.34944 0
      vertex 9.47224 -8.15 16
      vertex 9.47224 -8.15 0
    endloop
  endfacet
  facet normal -0.896878 -0.442278 0
    outer loop
      vertex 9.47224 -8.15 16
      vertex 9.57059 -8.34944 0
      vertex 9.57059 -8.34944 16
    endloop
  endfacet
  facet normal -0.751863 0.659319 0
    outer loop
      vertex 9.20208 -10.2021 0
      vertex 9.3487 -10.0349 16
      vertex 9.3487 -10.0349 0
    endloop
  endfacet
  facet normal -0.751863 0.659319 0
    outer loop
      vertex 9.3487 -10.0349 16
      vertex 9.20208 -10.2021 0
      vertex 9.20208 -10.2021 16
    endloop
  endfacet
  facet normal -0.555447 0.831552 0
    outer loop
      vertex 9.03489 -10.3487 0
      vertex 8.85 -10.4722 16
      vertex 9.03489 -10.3487 16
    endloop
  endfacet
  facet normal -0.555447 0.831552 0
    outer loop
      vertex 8.85 -10.4722 16
      vertex 9.03489 -10.3487 0
      vertex 8.85 -10.4722 0
    endloop
  endfacet
  facet normal 0.321525 0.946901 -0
    outer loop
      vertex 7.56001 -10.6421 0
      vertex 7.34944 -10.5706 16
      vertex 7.56001 -10.6421 16
    endloop
  endfacet
  facet normal 0.321525 0.946901 0
    outer loop
      vertex 7.34944 -10.5706 16
      vertex 7.56001 -10.6421 0
      vertex 7.34944 -10.5706 0
    endloop
  endfacet
  facet normal -0.659342 -0.751844 0
    outer loop
      vertex 9.03489 -7.6513 0
      vertex 9.20208 -7.79792 16
      vertex 9.03489 -7.6513 16
    endloop
  endfacet
  facet normal -0.659342 -0.751844 -0
    outer loop
      vertex 9.20208 -7.79792 16
      vertex 9.03489 -7.6513 0
      vertex 9.20208 -7.79792 0
    endloop
  endfacet
  facet normal -0.99786 -0.0653848 0
    outer loop
      vertex 9.7 -9 0
      vertex 9.68546 -8.7781 16
      vertex 9.68546 -8.7781 0
    endloop
  endfacet
  facet normal -0.99786 -0.0653848 0
    outer loop
      vertex 9.68546 -8.7781 16
      vertex 9.7 -9 0
      vertex 9.7 -9 16
    endloop
  endfacet
  facet normal 0.442459 0.896789 -0
    outer loop
      vertex 7.34944 -10.5706 0
      vertex 7.15 -10.4722 16
      vertex 7.34944 -10.5706 16
    endloop
  endfacet
  facet normal 0.442459 0.896789 0
    outer loop
      vertex 7.15 -10.4722 16
      vertex 7.34944 -10.5706 0
      vertex 7.15 -10.4722 0
    endloop
  endfacet
  facet normal 0.980779 0.195122 0
    outer loop
      vertex 6.35793 -9.43999 16
      vertex 6.31454 -9.22189 0
      vertex 6.31454 -9.22189 16
    endloop
  endfacet
  facet normal 0.980779 0.195122 0
    outer loop
      vertex 6.31454 -9.22189 0
      vertex 6.35793 -9.43999 16
      vertex 6.35793 -9.43999 0
    endloop
  endfacet
  facet normal 0.442314 -0.89686 0
    outer loop
      vertex 7.15 -7.52776 0
      vertex 7.34944 -7.4294 16
      vertex 7.15 -7.52776 16
    endloop
  endfacet
  facet normal 0.442314 -0.89686 0
    outer loop
      vertex 7.34944 -7.4294 16
      vertex 7.15 -7.52776 0
      vertex 7.34944 -7.4294 0
    endloop
  endfacet
  facet normal -0.0652086 0.997872 0
    outer loop
      vertex 8.22189 -10.6855 0
      vertex 8 -10.7 16
      vertex 8.22189 -10.6855 16
    endloop
  endfacet
  facet normal -0.0652086 0.997872 0
    outer loop
      vertex 8 -10.7 16
      vertex 8.22189 -10.6855 0
      vertex 8 -10.7 0
    endloop
  endfacet
  facet normal -0.321404 -0.946942 0
    outer loop
      vertex 8.43999 -7.35793 0
      vertex 8.65056 -7.4294 16
      vertex 8.43999 -7.35793 16
    endloop
  endfacet
  facet normal -0.321404 -0.946942 -0
    outer loop
      vertex 8.65056 -7.4294 16
      vertex 8.43999 -7.35793 0
      vertex 8.65056 -7.4294 0
    endloop
  endfacet
  facet normal 0.0653848 -0.99786 0
    outer loop
      vertex 7.7781 -7.31454 0
      vertex 8 -7.3 16
      vertex 7.7781 -7.31454 16
    endloop
  endfacet
  facet normal 0.0653848 -0.99786 0
    outer loop
      vertex 8 -7.3 16
      vertex 7.7781 -7.31454 0
      vertex 8 -7.3 0
    endloop
  endfacet
  facet normal 0.946942 0.321404 0
    outer loop
      vertex 6.4294 -9.65056 16
      vertex 6.35793 -9.43999 0
      vertex 6.35793 -9.43999 16
    endloop
  endfacet
  facet normal 0.946942 0.321404 0
    outer loop
      vertex 6.35793 -9.43999 0
      vertex 6.4294 -9.65056 16
      vertex 6.4294 -9.65056 0
    endloop
  endfacet
  facet normal 0.321404 -0.946942 0
    outer loop
      vertex 7.34944 -7.4294 0
      vertex 7.56001 -7.35793 16
      vertex 7.34944 -7.4294 16
    endloop
  endfacet
  facet normal 0.321404 -0.946942 0
    outer loop
      vertex 7.56001 -7.35793 16
      vertex 7.34944 -7.4294 0
      vertex 7.56001 -7.35793 0
    endloop
  endfacet
  facet normal -0.946929 0.321444 0
    outer loop
      vertex 9.57059 -9.65056 0
      vertex 9.64207 -9.43999 16
      vertex 9.64207 -9.43999 0
    endloop
  endfacet
  facet normal -0.946929 0.321444 0
    outer loop
      vertex 9.64207 -9.43999 16
      vertex 9.57059 -9.65056 0
      vertex 9.57059 -9.65056 16
    endloop
  endfacet
  facet normal -0.195122 -0.980779 0
    outer loop
      vertex 8.22189 -7.31454 0
      vertex 8.43999 -7.35793 16
      vertex 8.22189 -7.31454 16
    endloop
  endfacet
  facet normal -0.195122 -0.980779 -0
    outer loop
      vertex 8.43999 -7.35793 16
      vertex 8.22189 -7.31454 0
      vertex 8.43999 -7.35793 0
    endloop
  endfacet
  facet normal -0.99786 0.0653877 0
    outer loop
      vertex 9.68546 -9.22189 0
      vertex 9.7 -9 16
      vertex 9.7 -9 0
    endloop
  endfacet
  facet normal -0.99786 0.0653877 0
    outer loop
      vertex 9.7 -9 16
      vertex 9.68546 -9.22189 0
      vertex 9.68546 -9.22189 16
    endloop
  endfacet
  facet normal -0.659291 0.751888 0
    outer loop
      vertex 9.20208 -10.2021 0
      vertex 9.03489 -10.3487 16
      vertex 9.20208 -10.2021 16
    endloop
  endfacet
  facet normal -0.659291 0.751888 0
    outer loop
      vertex 9.03489 -10.3487 16
      vertex 9.20208 -10.2021 0
      vertex 9.03489 -10.3487 0
    endloop
  endfacet
  facet normal -0.555572 -0.831469 0
    outer loop
      vertex 8.85 -7.52776 0
      vertex 9.03489 -7.6513 16
      vertex 8.85 -7.52776 16
    endloop
  endfacet
  facet normal -0.555572 -0.831469 -0
    outer loop
      vertex 9.03489 -7.6513 16
      vertex 8.85 -7.52776 0
      vertex 9.03489 -7.6513 0
    endloop
  endfacet
  facet normal -0.751844 -0.659342 0
    outer loop
      vertex 9.3487 -7.96511 0
      vertex 9.20208 -7.79792 16
      vertex 9.20208 -7.79792 0
    endloop
  endfacet
  facet normal -0.751844 -0.659342 0
    outer loop
      vertex 9.20208 -7.79792 16
      vertex 9.3487 -7.96511 0
      vertex 9.3487 -7.96511 16
    endloop
  endfacet
  facet normal -0.321525 0.946901 0
    outer loop
      vertex 8.65056 -10.5706 0
      vertex 8.43999 -10.6421 16
      vertex 8.65056 -10.5706 16
    endloop
  endfacet
  facet normal -0.321525 0.946901 0
    outer loop
      vertex 8.43999 -10.6421 16
      vertex 8.65056 -10.5706 0
      vertex 8.43999 -10.6421 0
    endloop
  endfacet
  facet normal -0.831469 -0.555572 0
    outer loop
      vertex 9.47224 -8.15 0
      vertex 9.3487 -7.96511 16
      vertex 9.3487 -7.96511 0
    endloop
  endfacet
  facet normal -0.831469 -0.555572 0
    outer loop
      vertex 9.3487 -7.96511 16
      vertex 9.47224 -8.15 0
      vertex 9.47224 -8.15 16
    endloop
  endfacet
  facet normal 0.99786 -0.0653848 0
    outer loop
      vertex 6.3 -9 16
      vertex 6.31454 -8.7781 0
      vertex 6.31454 -8.7781 16
    endloop
  endfacet
  facet normal 0.99786 -0.0653848 0
    outer loop
      vertex 6.31454 -8.7781 0
      vertex 6.3 -9 16
      vertex 6.3 -9 0
    endloop
  endfacet
  facet normal 0.195173 0.980769 -0
    outer loop
      vertex 7.7781 -10.6855 0
      vertex 7.56001 -10.6421 16
      vertex 7.7781 -10.6855 16
    endloop
  endfacet
  facet normal 0.195173 0.980769 0
    outer loop
      vertex 7.56001 -10.6421 16
      vertex 7.7781 -10.6855 0
      vertex 7.56001 -10.6421 0
    endloop
  endfacet
  facet normal 0.659291 0.751888 -0
    outer loop
      vertex 6.96511 -10.3487 0
      vertex 6.79792 -10.2021 16
      vertex 6.96511 -10.3487 16
    endloop
  endfacet
  facet normal 0.659291 0.751888 0
    outer loop
      vertex 6.79792 -10.2021 16
      vertex 6.96511 -10.3487 0
      vertex 6.79792 -10.2021 0
    endloop
  endfacet
  facet normal 0.946942 -0.321404 0
    outer loop
      vertex 6.35793 -8.56001 16
      vertex 6.4294 -8.34944 0
      vertex 6.4294 -8.34944 16
    endloop
  endfacet
  facet normal 0.946942 -0.321404 0
    outer loop
      vertex 6.4294 -8.34944 0
      vertex 6.35793 -8.56001 16
      vertex 6.35793 -8.56001 0
    endloop
  endfacet
  facet normal -0.442314 -0.89686 0
    outer loop
      vertex 8.65056 -7.4294 0
      vertex 8.85 -7.52776 16
      vertex 8.65056 -7.4294 16
    endloop
  endfacet
  facet normal -0.442314 -0.89686 -0
    outer loop
      vertex 8.85 -7.52776 16
      vertex 8.65056 -7.4294 0
      vertex 8.85 -7.52776 0
    endloop
  endfacet
  facet normal 0.19513 -0.980777 0
    outer loop
      vertex 7.56001 -7.35793 0
      vertex 7.7781 -7.31454 16
      vertex 7.56001 -7.35793 16
    endloop
  endfacet
  facet normal 0.19513 -0.980777 0
    outer loop
      vertex 7.7781 -7.31454 16
      vertex 7.56001 -7.35793 0
      vertex 7.7781 -7.31454 0
    endloop
  endfacet
  facet normal 0.89686 -0.442314 0
    outer loop
      vertex 6.4294 -8.34944 16
      vertex 6.52776 -8.15 0
      vertex 6.52776 -8.15 16
    endloop
  endfacet
  facet normal 0.89686 -0.442314 0
    outer loop
      vertex 6.52776 -8.15 0
      vertex 6.4294 -8.34944 16
      vertex 6.4294 -8.34944 0
    endloop
  endfacet
  facet normal -0.442459 0.896789 0
    outer loop
      vertex 8.85 -10.4722 0
      vertex 8.65056 -10.5706 16
      vertex 8.85 -10.4722 16
    endloop
  endfacet
  facet normal -0.442459 0.896789 0
    outer loop
      vertex 8.65056 -10.5706 16
      vertex 8.85 -10.4722 0
      vertex 8.65056 -10.5706 0
    endloop
  endfacet
  facet normal -0.946929 -0.321444 0
    outer loop
      vertex 9.64207 -8.56001 0
      vertex 9.57059 -8.34944 16
      vertex 9.57059 -8.34944 0
    endloop
  endfacet
  facet normal -0.946929 -0.321444 0
    outer loop
      vertex 9.57059 -8.34944 16
      vertex 9.64207 -8.56001 0
      vertex 9.64207 -8.56001 16
    endloop
  endfacet
  facet normal 0.751863 0.659319 0
    outer loop
      vertex 6.79792 -10.2021 16
      vertex 6.6513 -10.0349 0
      vertex 6.6513 -10.0349 16
    endloop
  endfacet
  facet normal 0.751863 0.659319 0
    outer loop
      vertex 6.6513 -10.0349 0
      vertex 6.79792 -10.2021 16
      vertex 6.79792 -10.2021 0
    endloop
  endfacet
  facet normal -0.195165 0.98077 0
    outer loop
      vertex 8.43999 -10.6421 0
      vertex 8.22189 -10.6855 16
      vertex 8.43999 -10.6421 16
    endloop
  endfacet
  facet normal -0.195165 0.98077 0
    outer loop
      vertex 8.22189 -10.6855 16
      vertex 8.43999 -10.6421 0
      vertex 8.22189 -10.6855 0
    endloop
  endfacet
  facet normal -0.896878 0.442278 0
    outer loop
      vertex 9.47224 -9.85 0
      vertex 9.57059 -9.65056 16
      vertex 9.57059 -9.65056 0
    endloop
  endfacet
  facet normal -0.896878 0.442278 0
    outer loop
      vertex 9.57059 -9.65056 16
      vertex 9.47224 -9.85 0
      vertex 9.47224 -9.85 16
    endloop
  endfacet
  facet normal -0.831483 0.555551 0
    outer loop
      vertex 9.3487 -10.0349 0
      vertex 9.47224 -9.85 16
      vertex 9.47224 -9.85 0
    endloop
  endfacet
  facet normal -0.831483 0.555551 0
    outer loop
      vertex 9.47224 -9.85 16
      vertex 9.3487 -10.0349 0
      vertex 9.3487 -10.0349 16
    endloop
  endfacet
  facet normal -0.980779 0.195122 0
    outer loop
      vertex 9.64207 -9.43999 0
      vertex 9.68546 -9.22189 16
      vertex 9.68546 -9.22189 0
    endloop
  endfacet
  facet normal -0.980779 0.195122 0
    outer loop
      vertex 9.68546 -9.22189 16
      vertex 9.64207 -9.43999 0
      vertex 9.64207 -9.43999 16
    endloop
  endfacet
  facet normal -0.0653877 -0.99786 0
    outer loop
      vertex 8 -7.3 0
      vertex 8.22189 -7.31454 16
      vertex 8 -7.3 16
    endloop
  endfacet
  facet normal -0.0653877 -0.99786 -0
    outer loop
      vertex 8.22189 -7.31454 16
      vertex 8 -7.3 0
      vertex 8.22189 -7.31454 0
    endloop
  endfacet
  facet normal 0.980777 -0.19513 0
    outer loop
      vertex 6.31454 -8.7781 16
      vertex 6.35793 -8.56001 0
      vertex 6.35793 -8.56001 16
    endloop
  endfacet
  facet normal 0.980777 -0.19513 0
    outer loop
      vertex 6.35793 -8.56001 0
      vertex 6.31454 -8.7781 16
      vertex 6.31454 -8.7781 0
    endloop
  endfacet
  facet normal 0.751844 -0.659342 0
    outer loop
      vertex 6.6513 -7.96511 16
      vertex 6.79792 -7.79792 0
      vertex 6.79792 -7.79792 16
    endloop
  endfacet
  facet normal 0.751844 -0.659342 0
    outer loop
      vertex 6.79792 -7.79792 0
      vertex 6.6513 -7.96511 16
      vertex 6.6513 -7.96511 0
    endloop
  endfacet
  facet normal 0.831469 -0.555572 0
    outer loop
      vertex 6.52776 -8.15 16
      vertex 6.6513 -7.96511 0
      vertex 6.6513 -7.96511 16
    endloop
  endfacet
  facet normal 0.831469 -0.555572 0
    outer loop
      vertex 6.6513 -7.96511 0
      vertex 6.52776 -8.15 16
      vertex 6.52776 -8.15 0
    endloop
  endfacet
  facet normal 0.0652057 0.997872 -0
    outer loop
      vertex 8 -10.7 0
      vertex 7.7781 -10.6855 16
      vertex 8 -10.7 16
    endloop
  endfacet
  facet normal 0.0652057 0.997872 0
    outer loop
      vertex 7.7781 -10.6855 16
      vertex 8 -10.7 0
      vertex 7.7781 -10.6855 0
    endloop
  endfacet
  facet normal 0.89686 0.442314 0
    outer loop
      vertex 6.52776 -9.85 16
      vertex 6.4294 -9.65056 0
      vertex 6.4294 -9.65056 16
    endloop
  endfacet
  facet normal 0.89686 0.442314 0
    outer loop
      vertex 6.4294 -9.65056 0
      vertex 6.52776 -9.85 16
      vertex 6.52776 -9.85 0
    endloop
  endfacet
  facet normal 0.831483 0.555551 0
    outer loop
      vertex 6.6513 -10.0349 16
      vertex 6.52776 -9.85 0
      vertex 6.52776 -9.85 16
    endloop
  endfacet
  facet normal 0.831483 0.555551 0
    outer loop
      vertex 6.52776 -9.85 0
      vertex 6.6513 -10.0349 16
      vertex 6.6513 -10.0349 0
    endloop
  endfacet
  facet normal 0.99786 0.0653877 0
    outer loop
      vertex 6.31454 -9.22189 16
      vertex 6.3 -9 0
      vertex 6.3 -9 16
    endloop
  endfacet
  facet normal 0.99786 0.0653877 0
    outer loop
      vertex 6.3 -9 0
      vertex 6.31454 -9.22189 16
      vertex 6.31454 -9.22189 0
    endloop
  endfacet
  facet normal 0.555572 -0.831469 0
    outer loop
      vertex 6.96511 -7.6513 0
      vertex 7.15 -7.52776 16
      vertex 6.96511 -7.6513 16
    endloop
  endfacet
  facet normal 0.555572 -0.831469 0
    outer loop
      vertex 7.15 -7.52776 16
      vertex 6.96511 -7.6513 0
      vertex 7.15 -7.52776 0
    endloop
  endfacet
  facet normal 0.555447 0.831552 -0
    outer loop
      vertex 7.15 -10.4722 0
      vertex 6.96511 -10.3487 16
      vertex 7.15 -10.4722 16
    endloop
  endfacet
  facet normal 0.555447 0.831552 0
    outer loop
      vertex 6.96511 -10.3487 16
      vertex 7.15 -10.4722 0
      vertex 6.96511 -10.3487 0
    endloop
  endfacet
  facet normal -0.595292 -0.80177 0.0528333
    outer loop
      vertex 8.02 45.95 8
      vertex 8.25537 45.7637 7.82481
      vertex 8.25314 45.7769 8
    endloop
  endfacet
  facet normal -0.595386 -0.801713 0.0526473
    outer loop
      vertex 8.25537 45.7637 7.82481
      vertex 8.02 45.95 8
      vertex 8.02 45.935 7.77158
    endloop
  endfacet
  facet normal -0.595293 -0.667819 0.446816
    outer loop
      vertex 8.29705 45.5174 7.19803
      vertex 8.29326 45.5398 7.22646
      vertex 8.02 45.7155 7.125
    endloop
  endfacet
  facet normal -0.595365 0.760829 0.258224
    outer loop
      vertex 8.71754 43.0327 7.61407
      vertex 8.02 42.5096 7.54707
      vertex 8.72097 43.0124 7.68179
    endloop
  endfacet
  facet normal -0.595356 0.760805 0.258316
    outer loop
      vertex 8.02 42.5096 7.54707
      vertex 8.71754 43.0327 7.61407
      vertex 8.02 42.5832 7.3303
    endloop
  endfacet
  facet normal -0.59536 -0.0524636 0.801745
    outer loop
      vertex 8.52 44.2 6.62129
      vertex 8.5093 44.2632 6.61748
      vertex 8.02 44.2 6.25
    endloop
  endfacet
  facet normal -0.595352 -0.0525487 0.801744
    outer loop
      vertex 8.02 44.2 6.25
      vertex 8.48904 44.383 6.61029
      vertex 8.02 44.4284 6.26497
    endloop
  endfacet
  facet normal -0.595348 -0.0525642 0.801747
    outer loop
      vertex 8.48904 44.383 6.61029
      vertex 8.02 44.2 6.25
      vertex 8.5093 44.2632 6.61748
    endloop
  endfacet
  facet normal -0.595361 0.258392 -0.760776
    outer loop
      vertex 8.59383 43.7637 9.247
      vertex 8.60519 43.6966 9.21532
      vertex 8.02 43.5303 9.61679
    endloop
  endfacet
  facet normal -0.595336 -0.355389 0.720606
    outer loop
      vertex 8.02 44.8697 6.38321
      vertex 8.39552 44.9356 6.72595
      vertex 8.02 45.075 6.48446
    endloop
  endfacet
  facet normal -0.595385 -0.355251 0.720634
    outer loop
      vertex 8.39552 44.9356 6.72595
      vertex 8.02 44.8697 6.38321
      vertex 8.41798 44.8028 6.67904
    endloop
  endfacet
  facet normal -0.595151 -0.802017 0.0506346
    outer loop
      vertex 8.25575 45.7615 7.79443
      vertex 8.25537 45.7637 7.82481
      vertex 8.02 45.935 7.77158
    endloop
  endfacet
  facet normal -0.595362 -0.529435 0.604353
    outer loop
      vertex 8.3662 45.1088 6.81558
      vertex 8.36013 45.1447 6.84105
      vertex 8.02 45.2653 6.61163
    endloop
  endfacet
  facet normal -0.59532 -0.720408 0.355819
    outer loop
      vertex 8.29326 45.5398 7.22646
      vertex 8.29032 45.5572 7.25677
      vertex 8.02 45.7155 7.125
    endloop
  endfacet
  facet normal -0.595358 0.35533 0.720617
    outer loop
      vertex 8.61637 43.6305 6.82651
      vertex 8.60519 43.6966 6.78468
      vertex 8.02 43.5303 6.38321
    endloop
  endfacet
  facet normal -0.595482 -0.787788 0.157456
    outer loop
      vertex 8.26349 45.7157 7.59386
      vertex 8.26231 45.7227 7.62442
      vertex 8.02 45.8904 7.54707
    endloop
  endfacet
  facet normal -0.595338 0.446365 0.66808
    outer loop
      vertex 8.02 43.325 6.48446
      vertex 8.65194 43.4203 6.98392
      vertex 8.6404 43.4885 6.92807
    endloop
  endfacet
  facet normal -0.595323 0.446431 0.668049
    outer loop
      vertex 8.65194 43.4203 6.98392
      vertex 8.02 43.325 6.48446
      vertex 8.02 43.1347 6.61163
    endloop
  endfacet
  facet normal -0.595358 0.801749 -0.0524164
    outer loop
      vertex 8.72637 42.9805 8.09129
      vertex 8.72727 42.9752 8
      vertex 8.02 42.45 8
    endloop
  endfacet
  facet normal -0.595335 0.720537 -0.355531
    outer loop
      vertex 8.70223 43.1232 8.6217
      vertex 8.02 42.5832 8.6697
      vertex 8.02 42.6845 8.875
    endloop
  endfacet
  facet normal -0.595344 0.720552 -0.355486
    outer loop
      vertex 8.02 42.5832 8.6697
      vertex 8.70223 43.1232 8.6217
      vertex 8.70717 43.094 8.55424
    endloop
  endfacet
  facet normal -0.595307 0.529992 0.603918
    outer loop
      vertex 8.66177 43.3623 7.04451
      vertex 8.65194 43.4203 6.98392
      vertex 8.02 43.1347 6.61163
    endloop
  endfacet
  facet normal -0.595357 0.355382 -0.720593
    outer loop
      vertex 8.02 43.5303 9.61679
      vertex 8.62976 43.5514 9.12341
      vertex 8.02 43.325 9.51554
    endloop
  endfacet
  facet normal -0.595362 0.355355 -0.720601
    outer loop
      vertex 8.62976 43.5514 9.12341
      vertex 8.02 43.5303 9.61679
      vertex 8.61637 43.6305 9.17348
    endloop
  endfacet
  facet normal -0.595151 -0.802017 -0.0506346
    outer loop
      vertex 8.25537 45.7637 8.17519
      vertex 8.25575 45.7615 8.20557
      vertex 8.02 45.935 8.22842
    endloop
  endfacet
  facet normal -0.595321 0.668197 -0.446213
    outer loop
      vertex 8.69581 43.1611 8.68706
      vertex 8.02 42.6845 8.875
      vertex 8.02 42.8116 9.06533
    endloop
  endfacet
  facet normal -0.595345 0.668312 -0.446009
    outer loop
      vertex 8.02 42.6845 8.875
      vertex 8.69581 43.1611 8.68706
      vertex 8.70223 43.1232 8.6217
    endloop
  endfacet
  facet normal -0.595486 -0.604876 -0.528698
    outer loop
      vertex 8.31439 45.4149 8.93225
      vertex 8.3192 45.3866 8.95921
      vertex 8.02 45.5884 9.06533
    endloop
  endfacet
  facet normal -0.595403 0.604189 0.529577
    outer loop
      vertex 8.68832 43.2054 7.23678
      vertex 8.67966 43.2566 7.16863
      vertex 8.02 42.8116 6.93467
    endloop
  endfacet
  facet normal -0.595476 -0.760973 0.257544
    outer loop
      vertex 8.26546 45.7041 7.56414
      vertex 8.26349 45.7157 7.59386
      vertex 8.02 45.8904 7.54707
    endloop
  endfacet
  facet normal -0.595377 0.788047 -0.156549
    outer loop
      vertex 8.72366 42.9966 8.22831
      vertex 8.02 42.465 8.22842
      vertex 8.02 42.5096 8.45293
    endloop
  endfacet
  facet normal -0.595296 0.78794 -0.157395
    outer loop
      vertex 8.02 42.465 8.22842
      vertex 8.72366 42.9966 8.22831
      vertex 8.7257 42.9845 8.16002
    endloop
  endfacet
  facet normal -0.595326 0.720495 -0.355632
    outer loop
      vertex 8.70717 43.094 8.55424
      vertex 8.71314 43.0587 8.47273
      vertex 8.02 42.5832 8.6697
    endloop
  endfacet
  facet normal -0.595388 -0.447089 -0.667551
    outer loop
      vertex 8.3662 45.1088 9.18441
      vertex 8.37317 45.0677 9.20572
      vertex 8.02 45.2653 9.38837
    endloop
  endfacet
  facet normal -0.595356 0.760805 -0.258316
    outer loop
      vertex 8.71754 43.0327 8.38593
      vertex 8.02 42.5096 8.45293
      vertex 8.02 42.5832 8.6697
    endloop
  endfacet
  facet normal -0.595365 0.760829 -0.258224
    outer loop
      vertex 8.02 42.5096 8.45293
      vertex 8.71754 43.0327 8.38593
      vertex 8.72097 43.0124 8.31821
    endloop
  endfacet
  facet normal -0.595341 0.156814 0.788022
    outer loop
      vertex 8.02 43.9716 6.26497
      vertex 8.56709 43.9217 6.68822
      vertex 8.54996 44.0229 6.65514
    endloop
  endfacet
  facet normal -0.595349 0.156763 0.788026
    outer loop
      vertex 8.56709 43.9217 6.68822
      vertex 8.02 43.9716 6.26497
      vertex 8.02 43.7471 6.30963
    endloop
  endfacet
  facet normal -0.595351 -0.668064 0.446371
    outer loop
      vertex 8.02 45.7155 7.125
      vertex 8.31439 45.4149 7.06775
      vertex 8.29705 45.5174 7.19803
    endloop
  endfacet
  facet normal -0.595447 -0.668119 0.446161
    outer loop
      vertex 8.31439 45.4149 7.06775
      vertex 8.02 45.7155 7.125
      vertex 8.02 45.5884 6.93467
    endloop
  endfacet
  facet normal -0.595293 -0.446443 0.668068
    outer loop
      vertex 8.02 45.075 6.48446
      vertex 8.37317 45.0677 6.79428
      vertex 8.02 45.2653 6.61163
    endloop
  endfacet
  facet normal -0.595334 -0.446315 0.668117
    outer loop
      vertex 8.37317 45.0677 6.79428
      vertex 8.02 45.075 6.48446
      vertex 8.39552 44.9356 6.72595
    endloop
  endfacet
  facet normal -0.595352 0.0525487 0.801744
    outer loop
      vertex 8.02 43.9716 6.26497
      vertex 8.53118 44.1339 6.63392
      vertex 8.02 44.2 6.25
    endloop
  endfacet
  facet normal -0.595352 0.0525436 0.801745
    outer loop
      vertex 8.53118 44.1339 6.63392
      vertex 8.02 43.9716 6.26497
      vertex 8.54996 44.0229 6.65514
    endloop
  endfacet
  facet normal -0.595359 0.0524949 0.801743
    outer loop
      vertex 8.53118 44.1339 6.63392
      vertex 8.52 44.2 6.62129
      vertex 8.02 44.2 6.25
    endloop
  endfacet
  facet normal -0.595283 -0.720572 -0.355548
    outer loop
      vertex 8.02 45.8168 8.6697
      vertex 8.29032 45.5572 8.74323
      vertex 8.02 45.7155 8.875
    endloop
  endfacet
  facet normal -0.59534 -0.720592 -0.355412
    outer loop
      vertex 8.29032 45.5572 8.74323
      vertex 8.02 45.8168 8.6697
      vertex 8.27612 45.6411 8.59691
    endloop
  endfacet
  facet normal -0.595334 -0.355665 -0.720472
    outer loop
      vertex 8.41798 44.8028 9.32096
      vertex 8.4262 44.7543 9.33811
      vertex 8.02 44.8697 9.61679
    endloop
  endfacet
  facet normal -0.595297 0.787944 0.157372
    outer loop
      vertex 8.72366 42.9966 7.77168
      vertex 8.02 42.465 7.77158
      vertex 8.7257 42.9845 7.83998
    endloop
  endfacet
  facet normal -0.595376 0.788048 0.15655
    outer loop
      vertex 8.02 42.465 7.77158
      vertex 8.72366 42.9966 7.77168
      vertex 8.02 42.5096 7.54707
    endloop
  endfacet
  facet normal -0.59534 -0.760816 -0.25832
    outer loop
      vertex 8.02 45.8904 8.45293
      vertex 8.27612 45.6411 8.59691
      vertex 8.02 45.8168 8.6697
    endloop
  endfacet
  facet normal -0.595398 -0.760809 -0.258206
    outer loop
      vertex 8.27612 45.6411 8.59691
      vertex 8.02 45.8904 8.45293
      vertex 8.26546 45.7041 8.43586
    endloop
  endfacet
  facet normal -0.595345 0.355434 0.720577
    outer loop
      vertex 8.02 43.5303 6.38321
      vertex 8.62976 43.5514 6.87659
      vertex 8.61637 43.6305 6.82651
    endloop
  endfacet
  facet normal -0.595357 0.355382 0.720593
    outer loop
      vertex 8.62976 43.5514 6.87659
      vertex 8.02 43.5303 6.38321
      vertex 8.02 43.325 6.48446
    endloop
  endfacet
  facet normal -0.595323 0.446431 -0.668049
    outer loop
      vertex 8.02 43.325 9.51554
      vertex 8.65194 43.4203 9.01608
      vertex 8.02 43.1347 9.38837
    endloop
  endfacet
  facet normal -0.595338 0.446365 -0.66808
    outer loop
      vertex 8.65194 43.4203 9.01608
      vertex 8.02 43.325 9.51554
      vertex 8.6404 43.4885 9.07193
    endloop
  endfacet
  facet normal -0.595378 -0.529326 -0.604433
    outer loop
      vertex 8.36013 45.1447 9.15895
      vertex 8.3662 45.1088 9.18441
      vertex 8.02 45.2653 9.38837
    endloop
  endfacet
  facet normal -0.595386 -0.801713 -0.0526473
    outer loop
      vertex 8.02 45.95 8
      vertex 8.25537 45.7637 8.17519
      vertex 8.02 45.935 8.22842
    endloop
  endfacet
  facet normal -0.595292 -0.80177 -0.0528333
    outer loop
      vertex 8.25537 45.7637 8.17519
      vertex 8.02 45.95 8
      vertex 8.25314 45.7769 8
    endloop
  endfacet
  facet normal -0.595351 -0.156794 0.788018
    outer loop
      vertex 8.46752 44.5101 6.61932
      vertex 8.45758 44.5688 6.62349
      vertex 8.02 44.6529 6.30963
    endloop
  endfacet
  facet normal -0.595358 0.156835 -0.788005
    outer loop
      vertex 8.56709 43.9217 9.31178
      vertex 8.57848 43.8544 9.28978
      vertex 8.02 43.7471 9.69037
    endloop
  endfacet
  facet normal -0.595351 0.788108 0.156342
    outer loop
      vertex 8.72366 42.9966 7.77168
      vertex 8.72097 43.0124 7.68179
      vertex 8.02 42.5096 7.54707
    endloop
  endfacet
  facet normal -0.595351 0.0525141 -0.801748
    outer loop
      vertex 8.5388 44.0889 9.35747
      vertex 8.54996 44.0229 9.34486
      vertex 8.02 43.9716 9.73503
    endloop
  endfacet
  facet normal -0.595437 -0.668125 -0.446165
    outer loop
      vertex 8.02 45.7155 8.875
      vertex 8.31047 45.4381 8.90275
      vertex 8.02 45.5884 9.06533
    endloop
  endfacet
  facet normal -0.595305 -0.668019 -0.446501
    outer loop
      vertex 8.31047 45.4381 8.90275
      vertex 8.02 45.7155 8.875
      vertex 8.29326 45.5398 8.77354
    endloop
  endfacet
  facet normal -0.595319 -0.355793 0.720422
    outer loop
      vertex 8.4262 44.7543 6.66188
      vertex 8.41798 44.8028 6.67904
      vertex 8.02 44.8697 6.38321
    endloop
  endfacet
  facet normal -0.595344 -0.258224 0.760846
    outer loop
      vertex 8.02 44.6529 6.30963
      vertex 8.43525 44.7008 6.65081
      vertex 8.02 44.8697 6.38321
    endloop
  endfacet
  facet normal -0.595353 -0.258187 0.760851
    outer loop
      vertex 8.43525 44.7008 6.65081
      vertex 8.02 44.6529 6.30963
      vertex 8.45758 44.5688 6.62349
    endloop
  endfacet
  facet normal -0.595347 -0.156763 0.788027
    outer loop
      vertex 8.02 44.4284 6.26497
      vertex 8.46752 44.5101 6.61932
      vertex 8.02 44.6529 6.30963
    endloop
  endfacet
  facet normal -0.595342 -0.156787 0.788026
    outer loop
      vertex 8.46752 44.5101 6.61932
      vertex 8.02 44.4284 6.26497
      vertex 8.48904 44.383 6.61029
    endloop
  endfacet
  facet normal -0.595374 -0.78805 -0.15655
    outer loop
      vertex 8.02 45.935 8.22842
      vertex 8.26231 45.7227 8.37558
      vertex 8.02 45.8904 8.45293
    endloop
  endfacet
  facet normal -0.595211 -0.788104 -0.156896
    outer loop
      vertex 8.26231 45.7227 8.37558
      vertex 8.02 45.935 8.22842
      vertex 8.25575 45.7615 8.20557
    endloop
  endfacet
  facet normal -0.595313 0.801779 -0.0524658
    outer loop
      vertex 8.72637 42.9805 8.09129
      vertex 8.02 42.465 8.22842
      vertex 8.7257 42.9845 8.16002
    endloop
  endfacet
  facet normal -0.595331 0.801754 -0.05265
    outer loop
      vertex 8.02 42.465 8.22842
      vertex 8.72637 42.9805 8.09129
      vertex 8.02 42.45 8
    endloop
  endfacet
  facet normal -0.595334 -0.446315 -0.668117
    outer loop
      vertex 8.02 45.075 9.51554
      vertex 8.37317 45.0677 9.20572
      vertex 8.39552 44.9356 9.27405
    endloop
  endfacet
  facet normal -0.595293 -0.446443 -0.668068
    outer loop
      vertex 8.37317 45.0677 9.20572
      vertex 8.02 45.075 9.51554
      vertex 8.02 45.2653 9.38837
    endloop
  endfacet
  facet normal -0.595422 0.667643 -0.446905
    outer loop
      vertex 8.68832 43.2054 8.76322
      vertex 8.69581 43.1611 8.68706
      vertex 8.02 42.8116 9.06533
    endloop
  endfacet
  facet normal -0.59534 -0.720592 0.355412
    outer loop
      vertex 8.02 45.8168 7.3303
      vertex 8.29032 45.5572 7.25677
      vertex 8.27612 45.6411 7.40309
    endloop
  endfacet
  facet normal -0.595283 -0.720572 0.355548
    outer loop
      vertex 8.29032 45.5572 7.25677
      vertex 8.02 45.8168 7.3303
      vertex 8.02 45.7155 7.125
    endloop
  endfacet
  facet normal -0.595367 -0.156929 -0.787979
    outer loop
      vertex 8.45758 44.5688 9.3765
      vertex 8.46752 44.5101 9.38068
      vertex 8.02 44.6529 9.69037
    endloop
  endfacet
  facet normal -0.59536 0.603962 -0.529884
    outer loop
      vertex 8.67152 43.3047 8.89534
      vertex 8.02 42.8116 9.06533
      vertex 8.02 42.9626 9.23744
    endloop
  endfacet
  facet normal -0.595359 0.603961 -0.529885
    outer loop
      vertex 8.02 42.8116 9.06533
      vertex 8.67152 43.3047 8.89534
      vertex 8.67966 43.2566 8.83137
    endloop
  endfacet
  facet normal -0.595365 -0.258133 -0.76086
    outer loop
      vertex 8.02 44.6529 9.69037
      vertex 8.43525 44.7008 9.34919
      vertex 8.45758 44.5688 9.3765
    endloop
  endfacet
  facet normal -0.595344 -0.258224 -0.760846
    outer loop
      vertex 8.43525 44.7008 9.34919
      vertex 8.02 44.6529 9.69037
      vertex 8.02 44.8697 9.61679
    endloop
  endfacet
  facet normal -0.59534 0.258225 -0.760848
    outer loop
      vertex 8.02 43.7471 9.69037
      vertex 8.59383 43.7637 9.247
      vertex 8.02 43.5303 9.61679
    endloop
  endfacet
  facet normal -0.595355 0.258119 -0.760872
    outer loop
      vertex 8.59383 43.7637 9.247
      vertex 8.02 43.7471 9.69037
      vertex 8.57848 43.8544 9.28978
    endloop
  endfacet
  facet normal -0.595319 -0.529738 -0.60413
    outer loop
      vertex 8.02 45.2653 9.38837
      vertex 8.33893 45.27 9.06997
      vertex 8.36013 45.1447 9.15895
    endloop
  endfacet
  facet normal -0.595294 -0.529794 -0.604105
    outer loop
      vertex 8.33893 45.27 9.06997
      vertex 8.02 45.2653 9.38837
      vertex 8.02 45.4374 9.23744
    endloop
  endfacet
  facet normal -0.595356 -0.052587 -0.801739
    outer loop
      vertex 8.02 44.2 9.75
      vertex 8.4997 44.3199 9.38592
      vertex 8.52 44.2 9.37871
    endloop
  endfacet
  facet normal -0.595363 -0.0525481 -0.801736
    outer loop
      vertex 8.4997 44.3199 9.38592
      vertex 8.02 44.2 9.75
      vertex 8.02 44.4284 9.73503
    endloop
  endfacet
  facet normal -0.595355 0.258119 0.760872
    outer loop
      vertex 8.02 43.7471 6.30963
      vertex 8.59383 43.7637 6.753
      vertex 8.57848 43.8544 6.71022
    endloop
  endfacet
  facet normal -0.59534 0.258225 0.760848
    outer loop
      vertex 8.59383 43.7637 6.753
      vertex 8.02 43.7471 6.30963
      vertex 8.02 43.5303 6.38321
    endloop
  endfacet
  facet normal -0.595486 -0.604876 0.528698
    outer loop
      vertex 8.3192 45.3866 7.04079
      vertex 8.31439 45.4149 7.06775
      vertex 8.02 45.5884 6.93467
    endloop
  endfacet
  facet normal -0.595328 0.760901 0.258098
    outer loop
      vertex 8.71754 43.0327 7.61407
      vertex 8.71314 43.0587 7.52727
      vertex 8.02 42.5832 7.3303
    endloop
  endfacet
  facet normal -0.595355 0.355415 -0.720578
    outer loop
      vertex 8.60519 43.6966 9.21532
      vertex 8.61637 43.6305 9.17348
      vertex 8.02 43.5303 9.61679
    endloop
  endfacet
  facet normal -0.595403 0.604189 -0.529577
    outer loop
      vertex 8.67966 43.2566 8.83137
      vertex 8.68832 43.2054 8.76322
      vertex 8.02 42.8116 9.06533
    endloop
  endfacet
  facet normal -0.595355 0.0525486 -0.801743
    outer loop
      vertex 8.02 44.2 9.75
      vertex 8.5388 44.0889 9.35747
      vertex 8.02 43.9716 9.73503
    endloop
  endfacet
  facet normal -0.595357 0.0525317 -0.801742
    outer loop
      vertex 8.5388 44.0889 9.35747
      vertex 8.02 44.2 9.75
      vertex 8.52 44.2 9.37871
    endloop
  endfacet
  facet normal -0.595355 0.529765 -0.604071
    outer loop
      vertex 8.02 43.1347 9.38837
      vertex 8.67152 43.3047 8.89534
      vertex 8.02 42.9626 9.23744
    endloop
  endfacet
  facet normal -0.595316 0.529931 -0.603963
    outer loop
      vertex 8.67152 43.3047 8.89534
      vertex 8.02 43.1347 9.38837
      vertex 8.66177 43.3623 8.95549
    endloop
  endfacet
  facet normal -0.595313 0.801779 0.0524658
    outer loop
      vertex 8.02 42.465 7.77158
      vertex 8.72637 42.9805 7.90871
      vertex 8.7257 42.9845 7.83998
    endloop
  endfacet
  facet normal -0.595331 0.801754 0.05265
    outer loop
      vertex 8.72637 42.9805 7.90871
      vertex 8.02 42.465 7.77158
      vertex 8.02 42.45 8
    endloop
  endfacet
  facet normal -0.595316 0.529931 0.603963
    outer loop
      vertex 8.02 43.1347 6.61163
      vertex 8.67152 43.3047 7.10466
      vertex 8.66177 43.3623 7.04451
    endloop
  endfacet
  facet normal -0.595355 0.529765 0.604071
    outer loop
      vertex 8.67152 43.3047 7.10466
      vertex 8.02 43.1347 6.61163
      vertex 8.02 42.9626 6.76256
    endloop
  endfacet
  facet normal -0.595348 -0.0524209 -0.801756
    outer loop
      vertex 8.48904 44.383 9.38971
      vertex 8.4997 44.3199 9.38592
      vertex 8.02 44.4284 9.73503
    endloop
  endfacet
  facet normal -0.595359 0.603961 0.529885
    outer loop
      vertex 8.67152 43.3047 7.10466
      vertex 8.02 42.8116 6.93467
      vertex 8.67966 43.2566 7.16863
    endloop
  endfacet
  facet normal -0.59536 0.603962 0.529884
    outer loop
      vertex 8.02 42.8116 6.93467
      vertex 8.67152 43.3047 7.10466
      vertex 8.02 42.9626 6.76256
    endloop
  endfacet
  facet normal -0.595329 0.668032 0.446449
    outer loop
      vertex 8.70223 43.1232 7.3783
      vertex 8.69482 43.167 7.30288
      vertex 8.02 42.6845 7.125
    endloop
  endfacet
  facet normal -0.595364 0.446165 0.66819
    outer loop
      vertex 8.6404 43.4885 6.92807
      vertex 8.62976 43.5514 6.87659
      vertex 8.02 43.325 6.48446
    endloop
  endfacet
  facet normal -0.595361 0.258392 0.760776
    outer loop
      vertex 8.60519 43.6966 6.78468
      vertex 8.59383 43.7637 6.753
      vertex 8.02 43.5303 6.38321
    endloop
  endfacet
  facet normal -0.595307 0.529992 -0.603918
    outer loop
      vertex 8.65194 43.4203 9.01608
      vertex 8.66177 43.3623 8.95549
      vertex 8.02 43.1347 9.38837
    endloop
  endfacet
  facet normal -0.595211 -0.788104 0.156896
    outer loop
      vertex 8.02 45.935 7.77158
      vertex 8.26231 45.7227 7.62442
      vertex 8.25575 45.7615 7.79443
    endloop
  endfacet
  facet normal -0.595374 -0.78805 0.15655
    outer loop
      vertex 8.26231 45.7227 7.62442
      vertex 8.02 45.935 7.77158
      vertex 8.02 45.8904 7.54707
    endloop
  endfacet
  facet normal -0.595282 -0.5298 0.604112
    outer loop
      vertex 8.02 45.2653 6.61163
      vertex 8.33893 45.27 6.93002
      vertex 8.02 45.4374 6.76256
    endloop
  endfacet
  facet normal -0.595323 -0.529707 0.604153
    outer loop
      vertex 8.33893 45.27 6.93002
      vertex 8.02 45.2653 6.61163
      vertex 8.36013 45.1447 6.84105
    endloop
  endfacet
  facet normal -0.595328 -0.604057 0.529811
    outer loop
      vertex 8.02 45.5884 6.93467
      vertex 8.33893 45.27 6.93002
      vertex 8.3192 45.3866 7.04079
    endloop
  endfacet
  facet normal -0.595278 -0.604008 0.529924
    outer loop
      vertex 8.33893 45.27 6.93002
      vertex 8.02 45.5884 6.93467
      vertex 8.02 45.4374 6.76256
    endloop
  endfacet
  facet normal -0.59532 -0.720408 -0.355819
    outer loop
      vertex 8.29032 45.5572 8.74323
      vertex 8.29326 45.5398 8.77354
      vertex 8.02 45.7155 8.875
    endloop
  endfacet
  facet normal -0.595398 -0.760809 0.258206
    outer loop
      vertex 8.02 45.8904 7.54707
      vertex 8.27612 45.6411 7.40309
      vertex 8.26546 45.7041 7.56414
    endloop
  endfacet
  facet normal -0.59534 -0.760816 0.25832
    outer loop
      vertex 8.27612 45.6411 7.40309
      vertex 8.02 45.8904 7.54707
      vertex 8.02 45.8168 7.3303
    endloop
  endfacet
  facet normal -0.595334 -0.258144 0.760881
    outer loop
      vertex 8.43525 44.7008 6.65081
      vertex 8.4262 44.7543 6.66188
      vertex 8.02 44.8697 6.38321
    endloop
  endfacet
  facet normal -0.595358 0.156835 0.788005
    outer loop
      vertex 8.57848 43.8544 6.71022
      vertex 8.56709 43.9217 6.68822
      vertex 8.02 43.7471 6.30963
    endloop
  endfacet
  facet normal -0.595371 -0.446972 0.667645
    outer loop
      vertex 8.37317 45.0677 6.79428
      vertex 8.3662 45.1088 6.81558
      vertex 8.02 45.2653 6.61163
    endloop
  endfacet
  facet normal -0.595349 0.156763 -0.788026
    outer loop
      vertex 8.02 43.9716 9.73503
      vertex 8.56709 43.9217 9.31178
      vertex 8.02 43.7471 9.69037
    endloop
  endfacet
  facet normal -0.595341 0.156814 -0.788022
    outer loop
      vertex 8.56709 43.9217 9.31178
      vertex 8.02 43.9716 9.73503
      vertex 8.54996 44.0229 9.34486
    endloop
  endfacet
  facet normal -0.595364 0.446165 -0.66819
    outer loop
      vertex 8.62976 43.5514 9.12341
      vertex 8.6404 43.4885 9.07193
      vertex 8.02 43.325 9.51554
    endloop
  endfacet
  facet normal -0.595342 -0.156787 -0.788026
    outer loop
      vertex 8.02 44.4284 9.73503
      vertex 8.46752 44.5101 9.38068
      vertex 8.48904 44.383 9.38971
    endloop
  endfacet
  facet normal -0.595347 -0.156763 -0.788027
    outer loop
      vertex 8.46752 44.5101 9.38068
      vertex 8.02 44.4284 9.73503
      vertex 8.02 44.6529 9.69037
    endloop
  endfacet
  facet normal -0.595328 0.760901 -0.258098
    outer loop
      vertex 8.71314 43.0587 8.47273
      vertex 8.71754 43.0327 8.38593
      vertex 8.02 42.5832 8.6697
    endloop
  endfacet
  facet normal -0.595358 0.801749 0.0524164
    outer loop
      vertex 8.72727 42.9752 8
      vertex 8.72637 42.9805 7.90871
      vertex 8.02 42.45 8
    endloop
  endfacet
  facet normal -0.595451 -0.668051 -0.446258
    outer loop
      vertex 8.31047 45.4381 8.90275
      vertex 8.31439 45.4149 8.93225
      vertex 8.02 45.5884 9.06533
    endloop
  endfacet
  facet normal -0.595311 0.667958 0.446583
    outer loop
      vertex 8.68832 43.2054 7.23678
      vertex 8.02 42.6845 7.125
      vertex 8.69482 43.167 7.30288
    endloop
  endfacet
  facet normal -0.595395 0.668151 0.446183
    outer loop
      vertex 8.02 42.6845 7.125
      vertex 8.68832 43.2054 7.23678
      vertex 8.02 42.8116 6.93467
    endloop
  endfacet
  facet normal -0.595482 -0.787788 -0.157456
    outer loop
      vertex 8.26231 45.7227 8.37558
      vertex 8.26349 45.7157 8.40614
      vertex 8.02 45.8904 8.45293
    endloop
  endfacet
  facet normal -0.595385 -0.355251 -0.720634
    outer loop
      vertex 8.02 44.8697 9.61679
      vertex 8.39552 44.9356 9.27405
      vertex 8.41798 44.8028 9.32096
    endloop
  endfacet
  facet normal -0.595336 -0.355389 -0.720606
    outer loop
      vertex 8.39552 44.9356 9.27405
      vertex 8.02 44.8697 9.61679
      vertex 8.02 45.075 9.51554
    endloop
  endfacet
  facet normal -0.595288 -0.604002 -0.529918
    outer loop
      vertex 8.02 45.5884 9.06533
      vertex 8.33893 45.27 9.06997
      vertex 8.02 45.4374 9.23744
    endloop
  endfacet
  facet normal -0.595324 -0.604037 -0.529838
    outer loop
      vertex 8.33893 45.27 9.06997
      vertex 8.02 45.5884 9.06533
      vertex 8.3192 45.3866 8.95921
    endloop
  endfacet
  facet normal -0.595476 -0.760973 -0.257544
    outer loop
      vertex 8.26349 45.7157 8.40614
      vertex 8.26546 45.7041 8.43586
      vertex 8.02 45.8904 8.45293
    endloop
  endfacet
  facet normal 1 0 0
    outer loop
      vertex 8.02 45.935 8.22842
      vertex 8.02 45.935 7.77158
      vertex 8.02 45.95 8
    endloop
  endfacet
  facet normal 1 0 0
    outer loop
      vertex 8.02 45.8904 8.45293
      vertex 8.02 45.935 7.77158
      vertex 8.02 45.935 8.22842
    endloop
  endfacet
  facet normal 1 0 0
    outer loop
      vertex 8.02 45.8904 8.45293
      vertex 8.02 45.8904 7.54707
      vertex 8.02 45.935 7.77158
    endloop
  endfacet
  facet normal 1 0 0
    outer loop
      vertex 8.02 45.8168 8.6697
      vertex 8.02 45.8904 7.54707
      vertex 8.02 45.8904 8.45293
    endloop
  endfacet
  facet normal 1 0 0
    outer loop
      vertex 8.02 45.8168 8.6697
      vertex 8.02 45.8168 7.3303
      vertex 8.02 45.8904 7.54707
    endloop
  endfacet
  facet normal 1 0 0
    outer loop
      vertex 8.02 45.7155 8.875
      vertex 8.02 45.8168 7.3303
      vertex 8.02 45.8168 8.6697
    endloop
  endfacet
  facet normal 1 0 0
    outer loop
      vertex 8.02 45.7155 8.875
      vertex 8.02 45.7155 7.125
      vertex 8.02 45.8168 7.3303
    endloop
  endfacet
  facet normal 1 0 0
    outer loop
      vertex 8.02 45.5884 9.06533
      vertex 8.02 45.7155 7.125
      vertex 8.02 45.7155 8.875
    endloop
  endfacet
  facet normal 1 0 0
    outer loop
      vertex 8.02 45.5884 9.06533
      vertex 8.02 45.5884 6.93467
      vertex 8.02 45.7155 7.125
    endloop
  endfacet
  facet normal 1 0 0
    outer loop
      vertex 8.02 45.4374 9.23744
      vertex 8.02 45.5884 6.93467
      vertex 8.02 45.5884 9.06533
    endloop
  endfacet
  facet normal 1 0 0
    outer loop
      vertex 8.02 45.4374 9.23744
      vertex 8.02 45.4374 6.76256
      vertex 8.02 45.5884 6.93467
    endloop
  endfacet
  facet normal 1 0 0
    outer loop
      vertex 8.02 45.2653 9.38837
      vertex 8.02 45.4374 6.76256
      vertex 8.02 45.4374 9.23744
    endloop
  endfacet
  facet normal 1 0 0
    outer loop
      vertex 8.02 45.2653 9.38837
      vertex 8.02 45.2653 6.61163
      vertex 8.02 45.4374 6.76256
    endloop
  endfacet
  facet normal 1 0 0
    outer loop
      vertex 8.02 45.075 9.51554
      vertex 8.02 45.2653 6.61163
      vertex 8.02 45.2653 9.38837
    endloop
  endfacet
  facet normal 1 0 0
    outer loop
      vertex 8.02 45.075 9.51554
      vertex 8.02 45.075 6.48446
      vertex 8.02 45.2653 6.61163
    endloop
  endfacet
  facet normal 1 0 0
    outer loop
      vertex 8.02 44.8697 9.61679
      vertex 8.02 45.075 6.48446
      vertex 8.02 45.075 9.51554
    endloop
  endfacet
  facet normal 1 0 0
    outer loop
      vertex 8.02 44.8697 9.61679
      vertex 8.02 44.8697 6.38321
      vertex 8.02 45.075 6.48446
    endloop
  endfacet
  facet normal 1 0 0
    outer loop
      vertex 8.02 44.6529 9.69037
      vertex 8.02 44.8697 6.38321
      vertex 8.02 44.8697 9.61679
    endloop
  endfacet
  facet normal 1 0 0
    outer loop
      vertex 8.02 44.6529 9.69037
      vertex 8.02 44.6529 6.30963
      vertex 8.02 44.8697 6.38321
    endloop
  endfacet
  facet normal 1 0 0
    outer loop
      vertex 8.02 44.4284 9.73503
      vertex 8.02 44.6529 6.30963
      vertex 8.02 44.6529 9.69037
    endloop
  endfacet
  facet normal 1 0 0
    outer loop
      vertex 8.02 44.4284 9.73503
      vertex 8.02 44.4284 6.26497
      vertex 8.02 44.6529 6.30963
    endloop
  endfacet
  facet normal 1 0 0
    outer loop
      vertex 8.02 44.2 9.75
      vertex 8.02 44.4284 6.26497
      vertex 8.02 44.4284 9.73503
    endloop
  endfacet
  facet normal 1 0 0
    outer loop
      vertex 8.02 44.2 9.75
      vertex 8.02 44.2 6.25
      vertex 8.02 44.4284 6.26497
    endloop
  endfacet
  facet normal 1 -0 0
    outer loop
      vertex 8.02 43.9716 9.73503
      vertex 8.02 44.2 6.25
      vertex 8.02 44.2 9.75
    endloop
  endfacet
  facet normal 1 0 0
    outer loop
      vertex 8.02 43.9716 9.73503
      vertex 8.02 43.9716 6.26497
      vertex 8.02 44.2 6.25
    endloop
  endfacet
  facet normal 1 -0 0
    outer loop
      vertex 8.02 43.7471 9.69037
      vertex 8.02 43.9716 6.26497
      vertex 8.02 43.9716 9.73503
    endloop
  endfacet
  facet normal 1 0 0
    outer loop
      vertex 8.02 43.7471 9.69037
      vertex 8.02 43.7471 6.30963
      vertex 8.02 43.9716 6.26497
    endloop
  endfacet
  facet normal 1 -0 0
    outer loop
      vertex 8.02 43.5303 9.61679
      vertex 8.02 43.7471 6.30963
      vertex 8.02 43.7471 9.69037
    endloop
  endfacet
  facet normal 1 0 0
    outer loop
      vertex 8.02 43.5303 9.61679
      vertex 8.02 43.5303 6.38321
      vertex 8.02 43.7471 6.30963
    endloop
  endfacet
  facet normal 1 -0 0
    outer loop
      vertex 8.02 43.325 9.51554
      vertex 8.02 43.5303 6.38321
      vertex 8.02 43.5303 9.61679
    endloop
  endfacet
  facet normal 1 0 0
    outer loop
      vertex 8.02 43.325 9.51554
      vertex 8.02 43.325 6.48446
      vertex 8.02 43.5303 6.38321
    endloop
  endfacet
  facet normal 1 -0 0
    outer loop
      vertex 8.02 43.1347 9.38837
      vertex 8.02 43.325 6.48446
      vertex 8.02 43.325 9.51554
    endloop
  endfacet
  facet normal 1 0 0
    outer loop
      vertex 8.02 43.1347 9.38837
      vertex 8.02 43.1347 6.61163
      vertex 8.02 43.325 6.48446
    endloop
  endfacet
  facet normal 1 -0 0
    outer loop
      vertex 8.02 42.9626 9.23744
      vertex 8.02 43.1347 6.61163
      vertex 8.02 43.1347 9.38837
    endloop
  endfacet
  facet normal 1 0 0
    outer loop
      vertex 8.02 42.9626 9.23744
      vertex 8.02 42.9626 6.76256
      vertex 8.02 43.1347 6.61163
    endloop
  endfacet
  facet normal 1 -0 0
    outer loop
      vertex 8.02 42.8116 9.06533
      vertex 8.02 42.9626 6.76256
      vertex 8.02 42.9626 9.23744
    endloop
  endfacet
  facet normal 1 0 0
    outer loop
      vertex 8.02 42.8116 9.06533
      vertex 8.02 42.8116 6.93467
      vertex 8.02 42.9626 6.76256
    endloop
  endfacet
  facet normal 1 -0 0
    outer loop
      vertex 8.02 42.6845 8.875
      vertex 8.02 42.8116 6.93467
      vertex 8.02 42.8116 9.06533
    endloop
  endfacet
  facet normal 1 0 0
    outer loop
      vertex 8.02 42.6845 8.875
      vertex 8.02 42.6845 7.125
      vertex 8.02 42.8116 6.93467
    endloop
  endfacet
  facet normal 1 -0 0
    outer loop
      vertex 8.02 42.5832 8.6697
      vertex 8.02 42.6845 7.125
      vertex 8.02 42.6845 8.875
    endloop
  endfacet
  facet normal 1 0 0
    outer loop
      vertex 8.02 42.5832 8.6697
      vertex 8.02 42.5832 7.3303
      vertex 8.02 42.6845 7.125
    endloop
  endfacet
  facet normal 1 -0 0
    outer loop
      vertex 8.02 42.5096 8.45293
      vertex 8.02 42.5832 7.3303
      vertex 8.02 42.5832 8.6697
    endloop
  endfacet
  facet normal 1 0 0
    outer loop
      vertex 8.02 42.5096 8.45293
      vertex 8.02 42.5096 7.54707
      vertex 8.02 42.5832 7.3303
    endloop
  endfacet
  facet normal 1 -0 0
    outer loop
      vertex 8.02 42.465 8.22842
      vertex 8.02 42.5096 7.54707
      vertex 8.02 42.5096 8.45293
    endloop
  endfacet
  facet normal 1 0 0
    outer loop
      vertex 8.02 42.465 8.22842
      vertex 8.02 42.465 7.77158
      vertex 8.02 42.5096 7.54707
    endloop
  endfacet
  facet normal 1 0 -0
    outer loop
      vertex 8.02 42.465 7.77158
      vertex 8.02 42.465 8.22842
      vertex 8.02 42.45 8
    endloop
  endfacet
  facet normal -0.59535 -0.258277 -0.760823
    outer loop
      vertex 8.4262 44.7543 9.33811
      vertex 8.43525 44.7008 9.34919
      vertex 8.02 44.8697 9.61679
    endloop
  endfacet
  facet normal -0.59535 0.788112 -0.156325
    outer loop
      vertex 8.72097 43.0124 8.31821
      vertex 8.72366 42.9966 8.22831
      vertex 8.02 42.5096 8.45293
    endloop
  endfacet
  facet normal -0.595326 0.720495 0.355632
    outer loop
      vertex 8.71314 43.0587 7.52727
      vertex 8.70717 43.094 7.44576
      vertex 8.02 42.5832 7.3303
    endloop
  endfacet
  facet normal -0.595344 0.720552 0.355486
    outer loop
      vertex 8.70223 43.1232 7.3783
      vertex 8.02 42.5832 7.3303
      vertex 8.70717 43.094 7.44576
    endloop
  endfacet
  facet normal -0.595335 0.720537 0.355531
    outer loop
      vertex 8.02 42.5832 7.3303
      vertex 8.70223 43.1232 7.3783
      vertex 8.02 42.6845 7.125
    endloop
  endfacet
  facet normal -0.595468 -0.604783 -0.528825
    outer loop
      vertex 7.3244 51.2649 8.93225
      vertex 7.3292 51.2366 8.95921
      vertex 7.03 51.4384 9.06533
    endloop
  endfacet
  facet normal -0.595355 -0.668082 0.446339
    outer loop
      vertex 7.03 51.5655 7.125
      vertex 7.3244 51.2649 7.06775
      vertex 7.30705 51.3674 7.19803
    endloop
  endfacet
  facet normal -0.595434 -0.668127 0.446167
    outer loop
      vertex 7.3244 51.2649 7.06775
      vertex 7.03 51.5655 7.125
      vertex 7.03 51.4384 6.93467
    endloop
  endfacet
  facet normal -0.595348 -0.0524209 -0.801756
    outer loop
      vertex 7.49904 50.233 9.38971
      vertex 7.5097 50.1699 9.38592
      vertex 7.03 50.2784 9.73503
    endloop
  endfacet
  facet normal -0.59536 -0.0524636 0.801745
    outer loop
      vertex 7.53 50.05 6.62129
      vertex 7.5193 50.1132 6.61748
      vertex 7.03 50.05 6.25
    endloop
  endfacet
  facet normal -0.595352 -0.0525487 0.801744
    outer loop
      vertex 7.03 50.05 6.25
      vertex 7.49904 50.233 6.61029
      vertex 7.03 50.2784 6.26497
    endloop
  endfacet
  facet normal -0.595348 -0.0525642 0.801747
    outer loop
      vertex 7.49904 50.233 6.61029
      vertex 7.03 50.05 6.25
      vertex 7.5193 50.1132 6.61748
    endloop
  endfacet
  facet normal -0.595356 -0.052587 -0.801739
    outer loop
      vertex 7.03 50.05 9.75
      vertex 7.5097 50.1699 9.38592
      vertex 7.53 50.05 9.37871
    endloop
  endfacet
  facet normal -0.595363 -0.0525481 -0.801736
    outer loop
      vertex 7.5097 50.1699 9.38592
      vertex 7.03 50.05 9.75
      vertex 7.03 50.2784 9.73503
    endloop
  endfacet
  facet normal -0.595354 0.801744 0.0525483
    outer loop
      vertex 7.7366 48.8292 7.93138
      vertex 7.03 48.3 8
      vertex 7.73727 48.8252 8
    endloop
  endfacet
  facet normal -0.595344 0.801744 0.0526493
    outer loop
      vertex 7.03 48.3 8
      vertex 7.7366 48.8292 7.93138
      vertex 7.03 48.315 7.77158
    endloop
  endfacet
  facet normal -0.595377 0.788047 -0.156549
    outer loop
      vertex 7.73366 48.8466 8.22831
      vertex 7.03 48.315 8.22842
      vertex 7.03 48.3596 8.45293
    endloop
  endfacet
  facet normal -0.595296 0.78794 -0.157395
    outer loop
      vertex 7.03 48.315 8.22842
      vertex 7.73366 48.8466 8.22831
      vertex 7.7357 48.8345 8.16002
    endloop
  endfacet
  facet normal -0.595354 0.760729 -0.258544
    outer loop
      vertex 7.7266 48.8883 8.40448
      vertex 7.73097 48.8624 8.31821
      vertex 7.03 48.3596 8.45293
    endloop
  endfacet
  facet normal -0.595288 -0.604002 -0.529918
    outer loop
      vertex 7.03 51.4384 9.06533
      vertex 7.34893 51.12 9.06997
      vertex 7.03 51.2874 9.23744
    endloop
  endfacet
  facet normal -0.595324 -0.604037 -0.529838
    outer loop
      vertex 7.34893 51.12 9.06997
      vertex 7.03 51.4384 9.06533
      vertex 7.3292 51.2366 8.95921
    endloop
  endfacet
  facet normal -0.595346 0.25818 0.760859
    outer loop
      vertex 7.03 49.5971 6.30963
      vertex 7.60383 49.6137 6.753
      vertex 7.58849 49.7044 6.71022
    endloop
  endfacet
  facet normal -0.59534 0.258225 0.760848
    outer loop
      vertex 7.60383 49.6137 6.753
      vertex 7.03 49.5971 6.30963
      vertex 7.03 49.3803 6.38321
    endloop
  endfacet
  facet normal -0.595351 0.156838 0.78801
    outer loop
      vertex 7.58849 49.7044 6.71022
      vertex 7.5771 49.7717 6.68822
      vertex 7.03 49.5971 6.30963
    endloop
  endfacet
  facet normal -0.595317 -0.720492 -0.355654
    outer loop
      vertex 7.28613 51.4911 8.59691
      vertex 7.28897 51.4743 8.62619
      vertex 7.03 51.6668 8.6697
    endloop
  endfacet
  facet normal -0.595468 -0.604783 0.528825
    outer loop
      vertex 7.3292 51.2366 7.04079
      vertex 7.3244 51.2649 7.06775
      vertex 7.03 51.4384 6.93467
    endloop
  endfacet
  facet normal -0.595355 0.529765 -0.604071
    outer loop
      vertex 7.03 48.9847 9.38837
      vertex 7.68152 49.1547 8.89534
      vertex 7.03 48.8126 9.23744
    endloop
  endfacet
  facet normal -0.595316 0.529931 -0.603963
    outer loop
      vertex 7.68152 49.1547 8.89534
      vertex 7.03 48.9847 9.38837
      vertex 7.67177 49.2123 8.95549
    endloop
  endfacet
  facet normal -0.595482 -0.787788 0.157456
    outer loop
      vertex 7.27349 51.5657 7.59386
      vertex 7.27231 51.5727 7.62442
      vertex 7.03 51.7404 7.54707
    endloop
  endfacet
  facet normal -0.595354 -0.156895 0.787996
    outer loop
      vertex 7.47753 50.3601 6.61932
      vertex 7.46758 50.4188 6.62349
      vertex 7.03 50.5029 6.30963
    endloop
  endfacet
  facet normal -0.595273 -0.761392 -0.256774
    outer loop
      vertex 7.2841 51.503 8.56633
      vertex 7.28613 51.4911 8.59691
      vertex 7.03 51.6668 8.6697
    endloop
  endfacet
  facet normal -0.595319 0.720548 -0.355536
    outer loop
      vertex 7.71825 48.9376 8.53952
      vertex 7.03 48.4332 8.6697
      vertex 7.03 48.5345 8.875
    endloop
  endfacet
  facet normal -0.595334 0.720606 -0.355393
    outer loop
      vertex 7.03 48.4332 8.6697
      vertex 7.71825 48.9376 8.53952
      vertex 7.72314 48.9087 8.47273
    endloop
  endfacet
  facet normal -0.595361 -0.801731 0.0526485
    outer loop
      vertex 7.03 51.785 7.77158
      vertex 7.26353 51.6246 7.96982
      vertex 7.03 51.8 8
    endloop
  endfacet
  facet normal -0.595207 -0.801865 0.052358
    outer loop
      vertex 7.26353 51.6246 7.96982
      vertex 7.03 51.785 7.77158
      vertex 7.26575 51.6115 7.79443
    endloop
  endfacet
  facet normal -0.595328 -0.446466 0.668021
    outer loop
      vertex 7.40552 50.7856 6.72595
      vertex 7.39836 50.8279 6.74784
      vertex 7.03 50.925 6.48446
    endloop
  endfacet
  facet normal -0.595451 -0.76073 0.258319
    outer loop
      vertex 7.03 51.7404 7.54707
      vertex 7.2841 51.503 7.43367
      vertex 7.27349 51.5657 7.59386
    endloop
  endfacet
  facet normal -0.595463 -0.76073 0.258291
    outer loop
      vertex 7.2841 51.503 7.43367
      vertex 7.03 51.7404 7.54707
      vertex 7.03 51.6668 7.3303
    endloop
  endfacet
  facet normal -0.59535 -0.44642 0.668033
    outer loop
      vertex 7.03 50.925 6.48446
      vertex 7.3762 50.9588 6.81558
      vertex 7.03 51.1153 6.61163
    endloop
  endfacet
  facet normal -0.595327 -0.446477 0.668015
    outer loop
      vertex 7.3762 50.9588 6.81558
      vertex 7.03 50.925 6.48446
      vertex 7.39836 50.8279 6.74784
    endloop
  endfacet
  facet normal -0.595403 0.604189 -0.529577
    outer loop
      vertex 7.68966 49.1066 8.83137
      vertex 7.69832 49.0554 8.76322
      vertex 7.03 48.6616 9.06533
    endloop
  endfacet
  facet normal -0.595358 0.355345 -0.72061
    outer loop
      vertex 7.61519 49.5466 9.21532
      vertex 7.62638 49.4805 9.17348
      vertex 7.03 49.3803 9.61679
    endloop
  endfacet
  facet normal -0.595334 -0.258144 0.760881
    outer loop
      vertex 7.44525 50.5508 6.65081
      vertex 7.4362 50.6043 6.66188
      vertex 7.03 50.7197 6.38321
    endloop
  endfacet
  facet normal -0.595343 0.156758 0.788032
    outer loop
      vertex 7.03 49.8216 6.26497
      vertex 7.5771 49.7717 6.68822
      vertex 7.55996 49.8729 6.65514
    endloop
  endfacet
  facet normal -0.595342 0.156764 0.788031
    outer loop
      vertex 7.5771 49.7717 6.68822
      vertex 7.03 49.8216 6.26497
      vertex 7.03 49.5971 6.30963
    endloop
  endfacet
  facet normal -0.595351 0.788108 0.156342
    outer loop
      vertex 7.73366 48.8466 7.77168
      vertex 7.73097 48.8624 7.68179
      vertex 7.03 48.3596 7.54707
    endloop
  endfacet
  facet normal -0.595334 0.720606 0.355393
    outer loop
      vertex 7.71825 48.9376 7.46048
      vertex 7.03 48.4332 7.3303
      vertex 7.72314 48.9087 7.52727
    endloop
  endfacet
  facet normal -0.595319 0.720548 0.355536
    outer loop
      vertex 7.03 48.4332 7.3303
      vertex 7.71825 48.9376 7.46048
      vertex 7.03 48.5345 7.125
    endloop
  endfacet
  facet normal -0.595211 -0.788104 0.156896
    outer loop
      vertex 7.03 51.785 7.77158
      vertex 7.27231 51.5727 7.62442
      vertex 7.26575 51.6115 7.79443
    endloop
  endfacet
  facet normal -0.595374 -0.78805 0.15655
    outer loop
      vertex 7.27231 51.5727 7.62442
      vertex 7.03 51.785 7.77158
      vertex 7.03 51.7404 7.54707
    endloop
  endfacet
  facet normal -0.59531 0.801789 -0.0523551
    outer loop
      vertex 7.7357 48.8345 8.16002
      vertex 7.7366 48.8292 8.06862
      vertex 7.03 48.315 8.22842
    endloop
  endfacet
  facet normal -0.595361 0.258392 0.760776
    outer loop
      vertex 7.61519 49.5466 6.78468
      vertex 7.60383 49.6137 6.753
      vertex 7.03 49.3803 6.38321
    endloop
  endfacet
  facet normal -0.595336 -0.355389 0.720606
    outer loop
      vertex 7.03 50.7197 6.38321
      vertex 7.40552 50.7856 6.72595
      vertex 7.03 50.925 6.48446
    endloop
  endfacet
  facet normal -0.595385 -0.355251 0.720634
    outer loop
      vertex 7.40552 50.7856 6.72595
      vertex 7.03 50.7197 6.38321
      vertex 7.42798 50.6528 6.67904
    endloop
  endfacet
  facet normal -0.595378 -0.529326 -0.604433
    outer loop
      vertex 7.37013 50.9947 9.15895
      vertex 7.3762 50.9588 9.18441
      vertex 7.03 51.1153 9.38837
    endloop
  endfacet
  facet normal -0.595463 -0.76073 -0.258291
    outer loop
      vertex 7.03 51.7404 8.45293
      vertex 7.2841 51.503 8.56633
      vertex 7.03 51.6668 8.6697
    endloop
  endfacet
  facet normal -0.595451 -0.76073 -0.258319
    outer loop
      vertex 7.2841 51.503 8.56633
      vertex 7.03 51.7404 8.45293
      vertex 7.27349 51.5657 8.40614
    endloop
  endfacet
  facet normal -0.595361 0.258392 -0.760776
    outer loop
      vertex 7.60383 49.6137 9.247
      vertex 7.61519 49.5466 9.21532
      vertex 7.03 49.3803 9.61679
    endloop
  endfacet
  facet normal -0.595331 0.355499 0.720556
    outer loop
      vertex 7.03 49.3803 6.38321
      vertex 7.63976 49.4014 6.87659
      vertex 7.62638 49.4805 6.82651
    endloop
  endfacet
  facet normal -0.595357 0.355382 0.720593
    outer loop
      vertex 7.63976 49.4014 6.87659
      vertex 7.03 49.3803 6.38321
      vertex 7.03 49.175 6.48446
    endloop
  endfacet
  facet normal -0.595362 -0.529435 0.604353
    outer loop
      vertex 7.3762 50.9588 6.81558
      vertex 7.37013 50.9947 6.84105
      vertex 7.03 51.1153 6.61163
    endloop
  endfacet
  facet normal -0.595355 0.0525486 -0.801743
    outer loop
      vertex 7.03 50.05 9.75
      vertex 7.5488 49.9389 9.35747
      vertex 7.03 49.8216 9.73503
    endloop
  endfacet
  facet normal -0.595357 0.0525317 -0.801742
    outer loop
      vertex 7.5488 49.9389 9.35747
      vertex 7.03 50.05 9.75
      vertex 7.53 50.05 9.37871
    endloop
  endfacet
  facet normal -0.595433 -0.668149 -0.446135
    outer loop
      vertex 7.32047 51.2881 8.90275
      vertex 7.3244 51.2649 8.93225
      vertex 7.03 51.4384 9.06533
    endloop
  endfacet
  facet normal -0.59531 0.801789 0.0523551
    outer loop
      vertex 7.7366 48.8292 7.93138
      vertex 7.7357 48.8345 7.83998
      vertex 7.03 48.315 7.77158
    endloop
  endfacet
  facet normal -0.595334 -0.355665 -0.720472
    outer loop
      vertex 7.42798 50.6528 9.32096
      vertex 7.4362 50.6043 9.33811
      vertex 7.03 50.7197 9.61679
    endloop
  endfacet
  facet normal -0.595365 -0.258133 -0.76086
    outer loop
      vertex 7.03 50.5029 9.69037
      vertex 7.44525 50.5508 9.34919
      vertex 7.46758 50.4188 9.3765
    endloop
  endfacet
  facet normal -0.595344 -0.258224 -0.760846
    outer loop
      vertex 7.44525 50.5508 9.34919
      vertex 7.03 50.5029 9.69037
      vertex 7.03 50.7197 9.61679
    endloop
  endfacet
  facet normal 1 0 0
    outer loop
      vertex 7.03 51.785 8.22842
      vertex 7.03 51.785 7.77158
      vertex 7.03 51.8 8
    endloop
  endfacet
  facet normal 1 0 0
    outer loop
      vertex 7.03 51.7404 8.45293
      vertex 7.03 51.785 7.77158
      vertex 7.03 51.785 8.22842
    endloop
  endfacet
  facet normal 1 0 0
    outer loop
      vertex 7.03 51.7404 8.45293
      vertex 7.03 51.7404 7.54707
      vertex 7.03 51.785 7.77158
    endloop
  endfacet
  facet normal 1 0 0
    outer loop
      vertex 7.03 51.6668 8.6697
      vertex 7.03 51.7404 7.54707
      vertex 7.03 51.7404 8.45293
    endloop
  endfacet
  facet normal 1 0 0
    outer loop
      vertex 7.03 51.6668 8.6697
      vertex 7.03 51.6668 7.3303
      vertex 7.03 51.7404 7.54707
    endloop
  endfacet
  facet normal 1 0 0
    outer loop
      vertex 7.03 51.5655 8.875
      vertex 7.03 51.6668 7.3303
      vertex 7.03 51.6668 8.6697
    endloop
  endfacet
  facet normal 1 0 0
    outer loop
      vertex 7.03 51.5655 8.875
      vertex 7.03 51.5655 7.125
      vertex 7.03 51.6668 7.3303
    endloop
  endfacet
  facet normal 1 0 0
    outer loop
      vertex 7.03 51.4384 9.06533
      vertex 7.03 51.5655 7.125
      vertex 7.03 51.5655 8.875
    endloop
  endfacet
  facet normal 1 0 0
    outer loop
      vertex 7.03 51.4384 9.06533
      vertex 7.03 51.4384 6.93467
      vertex 7.03 51.5655 7.125
    endloop
  endfacet
  facet normal 1 0 0
    outer loop
      vertex 7.03 51.2874 9.23744
      vertex 7.03 51.4384 6.93467
      vertex 7.03 51.4384 9.06533
    endloop
  endfacet
  facet normal 1 0 0
    outer loop
      vertex 7.03 51.2874 9.23744
      vertex 7.03 51.2874 6.76256
      vertex 7.03 51.4384 6.93467
    endloop
  endfacet
  facet normal 1 0 0
    outer loop
      vertex 7.03 51.1153 9.38837
      vertex 7.03 51.2874 6.76256
      vertex 7.03 51.2874 9.23744
    endloop
  endfacet
  facet normal 1 0 0
    outer loop
      vertex 7.03 51.1153 9.38837
      vertex 7.03 51.1153 6.61163
      vertex 7.03 51.2874 6.76256
    endloop
  endfacet
  facet normal 1 0 0
    outer loop
      vertex 7.03 50.925 9.51554
      vertex 7.03 51.1153 6.61163
      vertex 7.03 51.1153 9.38837
    endloop
  endfacet
  facet normal 1 0 0
    outer loop
      vertex 7.03 50.925 9.51554
      vertex 7.03 50.925 6.48446
      vertex 7.03 51.1153 6.61163
    endloop
  endfacet
  facet normal 1 0 0
    outer loop
      vertex 7.03 50.7197 9.61679
      vertex 7.03 50.925 6.48446
      vertex 7.03 50.925 9.51554
    endloop
  endfacet
  facet normal 1 0 0
    outer loop
      vertex 7.03 50.7197 9.61679
      vertex 7.03 50.7197 6.38321
      vertex 7.03 50.925 6.48446
    endloop
  endfacet
  facet normal 1 0 0
    outer loop
      vertex 7.03 50.5029 9.69037
      vertex 7.03 50.7197 6.38321
      vertex 7.03 50.7197 9.61679
    endloop
  endfacet
  facet normal 1 0 0
    outer loop
      vertex 7.03 50.5029 9.69037
      vertex 7.03 50.5029 6.30963
      vertex 7.03 50.7197 6.38321
    endloop
  endfacet
  facet normal 1 0 0
    outer loop
      vertex 7.03 50.2784 9.73503
      vertex 7.03 50.5029 6.30963
      vertex 7.03 50.5029 9.69037
    endloop
  endfacet
  facet normal 1 0 0
    outer loop
      vertex 7.03 50.2784 9.73503
      vertex 7.03 50.2784 6.26497
      vertex 7.03 50.5029 6.30963
    endloop
  endfacet
  facet normal 1 0 0
    outer loop
      vertex 7.03 50.05 9.75
      vertex 7.03 50.2784 6.26497
      vertex 7.03 50.2784 9.73503
    endloop
  endfacet
  facet normal 1 0 0
    outer loop
      vertex 7.03 50.05 9.75
      vertex 7.03 50.05 6.25
      vertex 7.03 50.2784 6.26497
    endloop
  endfacet
  facet normal 1 -0 0
    outer loop
      vertex 7.03 49.8216 9.73503
      vertex 7.03 50.05 6.25
      vertex 7.03 50.05 9.75
    endloop
  endfacet
  facet normal 1 0 0
    outer loop
      vertex 7.03 49.8216 9.73503
      vertex 7.03 49.8216 6.26497
      vertex 7.03 50.05 6.25
    endloop
  endfacet
  facet normal 1 -0 0
    outer loop
      vertex 7.03 49.5971 9.69037
      vertex 7.03 49.8216 6.26497
      vertex 7.03 49.8216 9.73503
    endloop
  endfacet
  facet normal 1 0 0
    outer loop
      vertex 7.03 49.5971 9.69037
      vertex 7.03 49.5971 6.30963
      vertex 7.03 49.8216 6.26497
    endloop
  endfacet
  facet normal 1 -0 0
    outer loop
      vertex 7.03 49.3803 9.61679
      vertex 7.03 49.5971 6.30963
      vertex 7.03 49.5971 9.69037
    endloop
  endfacet
  facet normal 1 0 0
    outer loop
      vertex 7.03 49.3803 9.61679
      vertex 7.03 49.3803 6.38321
      vertex 7.03 49.5971 6.30963
    endloop
  endfacet
  facet normal 1 -0 0
    outer loop
      vertex 7.03 49.175 9.51554
      vertex 7.03 49.3803 6.38321
      vertex 7.03 49.3803 9.61679
    endloop
  endfacet
  facet normal 1 0 0
    outer loop
      vertex 7.03 49.175 9.51554
      vertex 7.03 49.175 6.48446
      vertex 7.03 49.3803 6.38321
    endloop
  endfacet
  facet normal 1 -0 0
    outer loop
      vertex 7.03 48.9847 9.38837
      vertex 7.03 49.175 6.48446
      vertex 7.03 49.175 9.51554
    endloop
  endfacet
  facet normal 1 0 0
    outer loop
      vertex 7.03 48.9847 9.38837
      vertex 7.03 48.9847 6.61163
      vertex 7.03 49.175 6.48446
    endloop
  endfacet
  facet normal 1 -0 0
    outer loop
      vertex 7.03 48.8126 9.23744
      vertex 7.03 48.9847 6.61163
      vertex 7.03 48.9847 9.38837
    endloop
  endfacet
  facet normal 1 0 0
    outer loop
      vertex 7.03 48.8126 9.23744
      vertex 7.03 48.8126 6.76256
      vertex 7.03 48.9847 6.61163
    endloop
  endfacet
  facet normal 1 -0 0
    outer loop
      vertex 7.03 48.6616 9.06533
      vertex 7.03 48.8126 6.76256
      vertex 7.03 48.8126 9.23744
    endloop
  endfacet
  facet normal 1 0 0
    outer loop
      vertex 7.03 48.6616 9.06533
      vertex 7.03 48.6616 6.93467
      vertex 7.03 48.8126 6.76256
    endloop
  endfacet
  facet normal 1 -0 0
    outer loop
      vertex 7.03 48.5345 8.875
      vertex 7.03 48.6616 6.93467
      vertex 7.03 48.6616 9.06533
    endloop
  endfacet
  facet normal 1 0 0
    outer loop
      vertex 7.03 48.5345 8.875
      vertex 7.03 48.5345 7.125
      vertex 7.03 48.6616 6.93467
    endloop
  endfacet
  facet normal 1 -0 0
    outer loop
      vertex 7.03 48.4332 8.6697
      vertex 7.03 48.5345 7.125
      vertex 7.03 48.5345 8.875
    endloop
  endfacet
  facet normal 1 0 0
    outer loop
      vertex 7.03 48.4332 8.6697
      vertex 7.03 48.4332 7.3303
      vertex 7.03 48.5345 7.125
    endloop
  endfacet
  facet normal 1 -0 0
    outer loop
      vertex 7.03 48.3596 8.45293
      vertex 7.03 48.4332 7.3303
      vertex 7.03 48.4332 8.6697
    endloop
  endfacet
  facet normal 1 0 0
    outer loop
      vertex 7.03 48.3596 8.45293
      vertex 7.03 48.3596 7.54707
      vertex 7.03 48.4332 7.3303
    endloop
  endfacet
  facet normal 1 -0 0
    outer loop
      vertex 7.03 48.315 8.22842
      vertex 7.03 48.3596 7.54707
      vertex 7.03 48.3596 8.45293
    endloop
  endfacet
  facet normal 1 0 0
    outer loop
      vertex 7.03 48.315 8.22842
      vertex 7.03 48.315 7.77158
      vertex 7.03 48.3596 7.54707
    endloop
  endfacet
  facet normal 1 0 -0
    outer loop
      vertex 7.03 48.315 7.77158
      vertex 7.03 48.315 8.22842
      vertex 7.03 48.3 8
    endloop
  endfacet
  facet normal -0.595354 0.801744 -0.0525483
    outer loop
      vertex 7.03 48.3 8
      vertex 7.7366 48.8292 8.06862
      vertex 7.73727 48.8252 8
    endloop
  endfacet
  facet normal -0.595344 0.801744 -0.0526493
    outer loop
      vertex 7.7366 48.8292 8.06862
      vertex 7.03 48.3 8
      vertex 7.03 48.315 8.22842
    endloop
  endfacet
  facet normal -0.59536 0.603962 -0.529884
    outer loop
      vertex 7.68152 49.1547 8.89534
      vertex 7.03 48.6616 9.06533
      vertex 7.03 48.8126 9.23744
    endloop
  endfacet
  facet normal -0.595359 0.603961 -0.529885
    outer loop
      vertex 7.03 48.6616 9.06533
      vertex 7.68152 49.1547 8.89534
      vertex 7.68966 49.1066 8.83137
    endloop
  endfacet
  facet normal -0.595374 -0.78805 -0.15655
    outer loop
      vertex 7.03 51.785 8.22842
      vertex 7.27231 51.5727 8.37558
      vertex 7.03 51.7404 8.45293
    endloop
  endfacet
  facet normal -0.595211 -0.788104 -0.156896
    outer loop
      vertex 7.27231 51.5727 8.37558
      vertex 7.03 51.785 8.22842
      vertex 7.26575 51.6115 8.20557
    endloop
  endfacet
  facet normal -0.595352 0.0525487 0.801744
    outer loop
      vertex 7.03 49.8216 6.26497
      vertex 7.54118 49.9839 6.63392
      vertex 7.03 50.05 6.25
    endloop
  endfacet
  facet normal -0.595352 0.0525436 0.801745
    outer loop
      vertex 7.54118 49.9839 6.63392
      vertex 7.03 49.8216 6.26497
      vertex 7.55996 49.8729 6.65514
    endloop
  endfacet
  facet normal -0.595359 0.0524949 0.801743
    outer loop
      vertex 7.54118 49.9839 6.63392
      vertex 7.53 50.05 6.62129
      vertex 7.03 50.05 6.25
    endloop
  endfacet
  facet normal -0.595482 -0.787788 -0.157456
    outer loop
      vertex 7.27231 51.5727 8.37558
      vertex 7.27349 51.5657 8.40614
      vertex 7.03 51.7404 8.45293
    endloop
  endfacet
  facet normal -0.595328 -0.604057 0.529811
    outer loop
      vertex 7.03 51.4384 6.93467
      vertex 7.34893 51.12 6.93002
      vertex 7.3292 51.2366 7.04079
    endloop
  endfacet
  facet normal -0.595278 -0.604008 0.529924
    outer loop
      vertex 7.34893 51.12 6.93002
      vertex 7.03 51.4384 6.93467
      vertex 7.03 51.2874 6.76256
    endloop
  endfacet
  facet normal -0.595344 -0.156741 -0.788034
    outer loop
      vertex 7.03 50.2784 9.73503
      vertex 7.47753 50.3601 9.38068
      vertex 7.49904 50.233 9.38971
    endloop
  endfacet
  facet normal -0.595339 -0.156764 -0.788033
    outer loop
      vertex 7.47753 50.3601 9.38068
      vertex 7.03 50.2784 9.73503
      vertex 7.03 50.5029 9.69037
    endloop
  endfacet
  facet normal -0.595319 -0.529738 -0.60413
    outer loop
      vertex 7.03 51.1153 9.38837
      vertex 7.34893 51.12 9.06997
      vertex 7.37013 50.9947 9.15895
    endloop
  endfacet
  facet normal -0.595294 -0.529794 -0.604105
    outer loop
      vertex 7.34893 51.12 9.06997
      vertex 7.03 51.1153 9.38837
      vertex 7.03 51.2874 9.23744
    endloop
  endfacet
  facet normal -0.595344 -0.258224 0.760846
    outer loop
      vertex 7.03 50.5029 6.30963
      vertex 7.44525 50.5508 6.65081
      vertex 7.03 50.7197 6.38321
    endloop
  endfacet
  facet normal -0.595353 -0.258187 0.760851
    outer loop
      vertex 7.44525 50.5508 6.65081
      vertex 7.03 50.5029 6.30963
      vertex 7.46758 50.4188 6.62349
    endloop
  endfacet
  facet normal -0.595339 -0.156764 0.788033
    outer loop
      vertex 7.03 50.2784 6.26497
      vertex 7.47753 50.3601 6.61932
      vertex 7.03 50.5029 6.30963
    endloop
  endfacet
  facet normal -0.595344 -0.156741 0.788034
    outer loop
      vertex 7.47753 50.3601 6.61932
      vertex 7.03 50.2784 6.26497
      vertex 7.49904 50.233 6.61029
    endloop
  endfacet
  facet normal -0.59537 -0.157029 -0.787957
    outer loop
      vertex 7.46758 50.4188 9.3765
      vertex 7.47753 50.3601 9.38068
      vertex 7.03 50.5029 9.69037
    endloop
  endfacet
  facet normal -0.595345 0.446422 -0.668036
    outer loop
      vertex 7.03 49.175 9.51554
      vertex 7.65142 49.3325 9.06699
      vertex 7.03 48.9847 9.38837
    endloop
  endfacet
  facet normal -0.595358 0.446324 -0.668089
    outer loop
      vertex 7.65142 49.3325 9.06699
      vertex 7.03 49.175 9.51554
      vertex 7.63976 49.4014 9.12341
    endloop
  endfacet
  facet normal -0.595422 0.667643 -0.446905
    outer loop
      vertex 7.69832 49.0554 8.76322
      vertex 7.70581 49.0111 8.68706
      vertex 7.03 48.6616 9.06533
    endloop
  endfacet
  facet normal -0.595357 0.355382 -0.720593
    outer loop
      vertex 7.03 49.3803 9.61679
      vertex 7.63976 49.4014 9.12341
      vertex 7.03 49.175 9.51554
    endloop
  endfacet
  facet normal -0.595348 0.35542 -0.720581
    outer loop
      vertex 7.63976 49.4014 9.12341
      vertex 7.03 49.3803 9.61679
      vertex 7.62638 49.4805 9.17348
    endloop
  endfacet
  facet normal -0.595342 0.156764 -0.788031
    outer loop
      vertex 7.03 49.8216 9.73503
      vertex 7.5771 49.7717 9.31178
      vertex 7.03 49.5971 9.69037
    endloop
  endfacet
  facet normal -0.595343 0.156758 -0.788032
    outer loop
      vertex 7.5771 49.7717 9.31178
      vertex 7.03 49.8216 9.73503
      vertex 7.55996 49.8729 9.34486
    endloop
  endfacet
  facet normal -0.595315 0.446223 -0.668195
    outer loop
      vertex 7.65142 49.3325 9.06699
      vertex 7.66194 49.2703 9.01608
      vertex 7.03 48.9847 9.38837
    endloop
  endfacet
  facet normal -0.595336 0.760819 -0.258321
    outer loop
      vertex 7.72314 48.9087 8.47273
      vertex 7.03 48.3596 8.45293
      vertex 7.03 48.4332 8.6697
    endloop
  endfacet
  facet normal -0.595461 0.760953 -0.257637
    outer loop
      vertex 7.03 48.3596 8.45293
      vertex 7.72314 48.9087 8.47273
      vertex 7.7266 48.8883 8.40448
    endloop
  endfacet
  facet normal -0.595461 0.760953 0.257637
    outer loop
      vertex 7.72314 48.9087 7.52727
      vertex 7.03 48.3596 7.54707
      vertex 7.7266 48.8883 7.59552
    endloop
  endfacet
  facet normal -0.595336 0.760819 0.258321
    outer loop
      vertex 7.03 48.3596 7.54707
      vertex 7.72314 48.9087 7.52727
      vertex 7.03 48.4332 7.3303
    endloop
  endfacet
  facet normal -0.595322 -0.446516 -0.667994
    outer loop
      vertex 7.03 50.925 9.51554
      vertex 7.3762 50.9588 9.18441
      vertex 7.39836 50.8279 9.25216
    endloop
  endfacet
  facet normal -0.595362 -0.446415 -0.668025
    outer loop
      vertex 7.3762 50.9588 9.18441
      vertex 7.03 50.925 9.51554
      vertex 7.03 51.1153 9.38837
    endloop
  endfacet
  facet normal -0.595341 0.720446 0.355705
    outer loop
      vertex 7.71825 48.9376 7.46048
      vertex 7.71223 48.9732 7.3783
      vertex 7.03 48.5345 7.125
    endloop
  endfacet
  facet normal -0.595273 -0.761392 0.256774
    outer loop
      vertex 7.28613 51.4911 7.40309
      vertex 7.2841 51.503 7.43367
      vertex 7.03 51.6668 7.3303
    endloop
  endfacet
  facet normal -0.595329 0.668032 0.446449
    outer loop
      vertex 7.71223 48.9732 7.3783
      vertex 7.70482 49.017 7.30288
      vertex 7.03 48.5345 7.125
    endloop
  endfacet
  facet normal -0.595319 -0.355793 0.720422
    outer loop
      vertex 7.4362 50.6043 6.66188
      vertex 7.42798 50.6528 6.67904
      vertex 7.03 50.7197 6.38321
    endloop
  endfacet
  facet normal -0.595321 0.668197 -0.446213
    outer loop
      vertex 7.70581 49.0111 8.68706
      vertex 7.03 48.5345 8.875
      vertex 7.03 48.6616 9.06533
    endloop
  endfacet
  facet normal -0.595345 0.668312 -0.446009
    outer loop
      vertex 7.03 48.5345 8.875
      vertex 7.70581 49.0111 8.68706
      vertex 7.71223 48.9732 8.6217
    endloop
  endfacet
  facet normal -0.595282 -0.5298 0.604112
    outer loop
      vertex 7.03 51.1153 6.61163
      vertex 7.34893 51.12 6.93002
      vertex 7.03 51.2874 6.76256
    endloop
  endfacet
  facet normal -0.595323 -0.529707 0.604153
    outer loop
      vertex 7.34893 51.12 6.93002
      vertex 7.03 51.1153 6.61163
      vertex 7.37013 50.9947 6.84105
    endloop
  endfacet
  facet normal -0.595385 -0.355251 -0.720634
    outer loop
      vertex 7.03 50.7197 9.61679
      vertex 7.40552 50.7856 9.27405
      vertex 7.42798 50.6528 9.32096
    endloop
  endfacet
  facet normal -0.595336 -0.355389 -0.720606
    outer loop
      vertex 7.40552 50.7856 9.27405
      vertex 7.03 50.7197 9.61679
      vertex 7.03 50.925 9.51554
    endloop
  endfacet
  facet normal -0.59535 0.788112 -0.156325
    outer loop
      vertex 7.73097 48.8624 8.31821
      vertex 7.73366 48.8466 8.22831
      vertex 7.03 48.3596 8.45293
    endloop
  endfacet
  facet normal -0.595361 0.35526 0.72065
    outer loop
      vertex 7.62638 49.4805 6.82651
      vertex 7.61519 49.5466 6.78468
      vertex 7.03 49.3803 6.38321
    endloop
  endfacet
  facet normal -0.595359 0.603961 0.529885
    outer loop
      vertex 7.68152 49.1547 7.10466
      vertex 7.03 48.6616 6.93467
      vertex 7.68966 49.1066 7.16863
    endloop
  endfacet
  facet normal -0.59536 0.603962 0.529884
    outer loop
      vertex 7.03 48.6616 6.93467
      vertex 7.68152 49.1547 7.10466
      vertex 7.03 48.8126 6.76256
    endloop
  endfacet
  facet normal -0.59535 -0.258277 -0.760823
    outer loop
      vertex 7.4362 50.6043 9.33811
      vertex 7.44525 50.5508 9.34919
      vertex 7.03 50.7197 9.61679
    endloop
  endfacet
  facet normal -0.595207 -0.801865 -0.052358
    outer loop
      vertex 7.03 51.785 8.22842
      vertex 7.26353 51.6246 8.03018
      vertex 7.26575 51.6115 8.20557
    endloop
  endfacet
  facet normal -0.595361 -0.801731 -0.0526485
    outer loop
      vertex 7.26353 51.6246 8.03018
      vertex 7.03 51.785 8.22842
      vertex 7.03 51.8 8
    endloop
  endfacet
  facet normal -0.595307 0.529992 -0.603918
    outer loop
      vertex 7.66194 49.2703 9.01608
      vertex 7.67177 49.2123 8.95549
      vertex 7.03 48.9847 9.38837
    endloop
  endfacet
  facet normal -0.595358 0.446324 0.668089
    outer loop
      vertex 7.03 49.175 6.48446
      vertex 7.65142 49.3325 6.93301
      vertex 7.63976 49.4014 6.87659
    endloop
  endfacet
  facet normal -0.595345 0.446422 0.668036
    outer loop
      vertex 7.65142 49.3325 6.93301
      vertex 7.03 49.175 6.48446
      vertex 7.03 48.9847 6.61163
    endloop
  endfacet
  facet normal -0.595403 0.604189 0.529577
    outer loop
      vertex 7.69832 49.0554 7.23678
      vertex 7.68966 49.1066 7.16863
      vertex 7.03 48.6616 6.93467
    endloop
  endfacet
  facet normal -0.595328 -0.446466 -0.668021
    outer loop
      vertex 7.39836 50.8279 9.25216
      vertex 7.40552 50.7856 9.27405
      vertex 7.03 50.925 9.51554
    endloop
  endfacet
  facet normal -0.595437 -0.668125 -0.446165
    outer loop
      vertex 7.03 51.5655 8.875
      vertex 7.32047 51.2881 8.90275
      vertex 7.03 51.4384 9.06533
    endloop
  endfacet
  facet normal -0.595305 -0.668019 -0.446501
    outer loop
      vertex 7.32047 51.2881 8.90275
      vertex 7.03 51.5655 8.875
      vertex 7.30326 51.3898 8.77354
    endloop
  endfacet
  facet normal -0.59531 -0.720554 -0.355539
    outer loop
      vertex 7.03 51.6668 8.6697
      vertex 7.30326 51.3898 8.77354
      vertex 7.03 51.5655 8.875
    endloop
  endfacet
  facet normal -0.595338 -0.72056 -0.35548
    outer loop
      vertex 7.30326 51.3898 8.77354
      vertex 7.03 51.6668 8.6697
      vertex 7.28897 51.4743 8.62619
    endloop
  endfacet
  facet normal -0.59534 0.258225 -0.760848
    outer loop
      vertex 7.03 49.5971 9.69037
      vertex 7.60383 49.6137 9.247
      vertex 7.03 49.3803 9.61679
    endloop
  endfacet
  facet normal -0.595346 0.25818 -0.760859
    outer loop
      vertex 7.60383 49.6137 9.247
      vertex 7.03 49.5971 9.69037
      vertex 7.58849 49.7044 9.28978
    endloop
  endfacet
  facet normal -0.595351 0.156838 -0.78801
    outer loop
      vertex 7.5771 49.7717 9.31178
      vertex 7.58849 49.7044 9.28978
      vertex 7.03 49.5971 9.69037
    endloop
  endfacet
  facet normal -0.595274 -0.801746 -0.0534082
    outer loop
      vertex 7.26314 51.6269 8
      vertex 7.26353 51.6246 8.03018
      vertex 7.03 51.8 8
    endloop
  endfacet
  facet normal -0.595351 0.0525141 -0.801748
    outer loop
      vertex 7.5488 49.9389 9.35747
      vertex 7.55996 49.8729 9.34486
      vertex 7.03 49.8216 9.73503
    endloop
  endfacet
  facet normal -0.595307 0.529992 0.603918
    outer loop
      vertex 7.67177 49.2123 7.04451
      vertex 7.66194 49.2703 6.98392
      vertex 7.03 48.9847 6.61163
    endloop
  endfacet
  facet normal -0.595316 0.529931 0.603963
    outer loop
      vertex 7.03 48.9847 6.61163
      vertex 7.68152 49.1547 7.10466
      vertex 7.67177 49.2123 7.04451
    endloop
  endfacet
  facet normal -0.595355 0.529765 0.604071
    outer loop
      vertex 7.68152 49.1547 7.10466
      vertex 7.03 48.9847 6.61163
      vertex 7.03 48.8126 6.76256
    endloop
  endfacet
  facet normal -0.595311 0.667958 0.446583
    outer loop
      vertex 7.69832 49.0554 7.23678
      vertex 7.03 48.5345 7.125
      vertex 7.70482 49.017 7.30288
    endloop
  endfacet
  facet normal -0.595395 0.668151 0.446183
    outer loop
      vertex 7.03 48.5345 7.125
      vertex 7.69832 49.0554 7.23678
      vertex 7.03 48.6616 6.93467
    endloop
  endfacet
  facet normal -0.595274 -0.801746 0.0534082
    outer loop
      vertex 7.26353 51.6246 7.96982
      vertex 7.26314 51.6269 8
      vertex 7.03 51.8 8
    endloop
  endfacet
  facet normal -0.595338 -0.72056 0.35548
    outer loop
      vertex 7.03 51.6668 7.3303
      vertex 7.30326 51.3898 7.22646
      vertex 7.28897 51.4743 7.37381
    endloop
  endfacet
  facet normal -0.59531 -0.720554 0.355539
    outer loop
      vertex 7.30326 51.3898 7.22646
      vertex 7.03 51.6668 7.3303
      vertex 7.03 51.5655 7.125
    endloop
  endfacet
  facet normal -0.595293 -0.667819 0.446816
    outer loop
      vertex 7.30705 51.3674 7.19803
      vertex 7.30326 51.3898 7.22646
      vertex 7.03 51.5655 7.125
    endloop
  endfacet
  facet normal -0.595317 -0.720492 0.355654
    outer loop
      vertex 7.28897 51.4743 7.37381
      vertex 7.28613 51.4911 7.40309
      vertex 7.03 51.6668 7.3303
    endloop
  endfacet
  facet normal -0.595354 0.760729 0.258544
    outer loop
      vertex 7.73097 48.8624 7.68179
      vertex 7.7266 48.8883 7.59552
      vertex 7.03 48.3596 7.54707
    endloop
  endfacet
  facet normal -0.595341 0.720446 -0.355705
    outer loop
      vertex 7.71223 48.9732 8.6217
      vertex 7.71825 48.9376 8.53952
      vertex 7.03 48.5345 8.875
    endloop
  endfacet
  facet normal -0.595315 0.446223 0.668195
    outer loop
      vertex 7.66194 49.2703 6.98392
      vertex 7.65142 49.3325 6.93301
      vertex 7.03 48.9847 6.61163
    endloop
  endfacet
  facet normal -0.595297 0.787944 0.157372
    outer loop
      vertex 7.73366 48.8466 7.77168
      vertex 7.03 48.315 7.77158
      vertex 7.7357 48.8345 7.83998
    endloop
  endfacet
  facet normal -0.595376 0.788048 0.15655
    outer loop
      vertex 7.03 48.315 7.77158
      vertex 7.73366 48.8466 7.77168
      vertex 7.03 48.3596 7.54707
    endloop
  endfacet
  facet normal -0.595361 0.35526 0.72065
    outer loop
      vertex 6.63638 55.3305 6.82651
      vertex 6.62519 55.3966 6.78468
      vertex 6.04 55.2303 6.38321
    endloop
  endfacet
  facet normal -0.595321 0.668197 -0.446213
    outer loop
      vertex 6.71581 54.8611 8.68706
      vertex 6.04 54.3845 8.875
      vertex 6.04 54.5116 9.06533
    endloop
  endfacet
  facet normal -0.595345 0.668312 -0.446009
    outer loop
      vertex 6.04 54.3845 8.875
      vertex 6.71581 54.8611 8.68706
      vertex 6.72223 54.8232 8.6217
    endloop
  endfacet
  facet normal -0.595433 -0.668149 -0.446135
    outer loop
      vertex 6.33047 57.1381 8.90275
      vertex 6.3344 57.1149 8.93225
      vertex 6.04 57.2884 9.06533
    endloop
  endfacet
  facet normal -0.595356 -0.0525901 0.801739
    outer loop
      vertex 6.54 55.9 6.62129
      vertex 6.5293 55.9632 6.61749
      vertex 6.04 55.9 6.25
    endloop
  endfacet
  facet normal -0.595352 -0.0525487 0.801744
    outer loop
      vertex 6.04 55.9 6.25
      vertex 6.50904 56.083 6.61029
      vertex 6.04 56.1284 6.26497
    endloop
  endfacet
  facet normal -0.595366 -0.0525008 0.801738
    outer loop
      vertex 6.50904 56.083 6.61029
      vertex 6.04 55.9 6.25
      vertex 6.5293 55.9632 6.61749
    endloop
  endfacet
  facet normal -0.595356 -0.052587 -0.801739
    outer loop
      vertex 6.04 55.9 9.75
      vertex 6.5197 56.0199 9.38592
      vertex 6.54 55.9 9.37871
    endloop
  endfacet
  facet normal -0.595363 -0.0525481 -0.801736
    outer loop
      vertex 6.5197 56.0199 9.38592
      vertex 6.04 55.9 9.75
      vertex 6.04 56.1284 9.73503
    endloop
  endfacet
  facet normal -0.595338 0.446365 0.66808
    outer loop
      vertex 6.04 55.025 6.48446
      vertex 6.67194 55.1203 6.98392
      vertex 6.6604 55.1885 6.92807
    endloop
  endfacet
  facet normal -0.595323 0.446431 0.668049
    outer loop
      vertex 6.67194 55.1203 6.98392
      vertex 6.04 55.025 6.48446
      vertex 6.04 54.8347 6.61163
    endloop
  endfacet
  facet normal -0.595386 -0.801713 -0.0526473
    outer loop
      vertex 6.04 57.65 8
      vertex 6.27537 57.4637 8.17519
      vertex 6.04 57.635 8.22842
    endloop
  endfacet
  facet normal -0.595292 -0.80177 -0.0528333
    outer loop
      vertex 6.27537 57.4637 8.17519
      vertex 6.04 57.65 8
      vertex 6.27314 57.4769 8
    endloop
  endfacet
  facet normal -0.595151 -0.802017 0.0506346
    outer loop
      vertex 6.27575 57.4615 7.79443
      vertex 6.27537 57.4637 7.82481
      vertex 6.04 57.635 7.77158
    endloop
  endfacet
  facet normal -0.59537 -0.157029 -0.787957
    outer loop
      vertex 6.47758 56.2688 9.3765
      vertex 6.48753 56.2101 9.38068
      vertex 6.04 56.3529 9.69037
    endloop
  endfacet
  facet normal -0.595476 -0.760973 0.257544
    outer loop
      vertex 6.28546 57.4041 7.56414
      vertex 6.28349 57.4157 7.59386
      vertex 6.04 57.5904 7.54707
    endloop
  endfacet
  facet normal -0.595352 0.529716 -0.604116
    outer loop
      vertex 6.68181 55.0621 8.95524
      vertex 6.69152 55.0047 8.89534
      vertex 6.04 54.6626 9.23744
    endloop
  endfacet
  facet normal -0.5953 -0.52993 -0.603981
    outer loop
      vertex 6.35893 56.97 9.06997
      vertex 6.3648 56.9353 9.09463
      vertex 6.04 57.1374 9.23744
    endloop
  endfacet
  facet normal -0.595468 -0.604783 0.528825
    outer loop
      vertex 6.3392 57.0866 7.04079
      vertex 6.3344 57.1149 7.06775
      vertex 6.04 57.2884 6.93467
    endloop
  endfacet
  facet normal -0.595299 0.530187 0.603755
    outer loop
      vertex 6.04 54.8347 6.61163
      vertex 6.68181 55.0621 7.04476
      vertex 6.67194 55.1203 6.98392
    endloop
  endfacet
  facet normal -0.59536 0.529762 0.604068
    outer loop
      vertex 6.68181 55.0621 7.04476
      vertex 6.04 54.8347 6.61163
      vertex 6.04 54.6626 6.76256
    endloop
  endfacet
  facet normal -0.595402 -0.760818 0.258172
    outer loop
      vertex 6.04 57.5904 7.54707
      vertex 6.29613 57.3411 7.40309
      vertex 6.28546 57.4041 7.56414
    endloop
  endfacet
  facet normal -0.595325 -0.760827 0.258324
    outer loop
      vertex 6.29613 57.3411 7.40309
      vertex 6.04 57.5904 7.54707
      vertex 6.04 57.5168 7.3303
    endloop
  endfacet
  facet normal -0.595336 -0.355389 0.720606
    outer loop
      vertex 6.04 56.5697 6.38321
      vertex 6.41552 56.6356 6.72595
      vertex 6.04 56.775 6.48446
    endloop
  endfacet
  facet normal -0.595385 -0.355251 0.720634
    outer loop
      vertex 6.41552 56.6356 6.72595
      vertex 6.04 56.5697 6.38321
      vertex 6.43798 56.5028 6.67904
    endloop
  endfacet
  facet normal -0.595355 0.0525486 -0.801743
    outer loop
      vertex 6.04 55.9 9.75
      vertex 6.5588 55.7889 9.35747
      vertex 6.04 55.6716 9.73503
    endloop
  endfacet
  facet normal -0.595357 0.0525317 -0.801742
    outer loop
      vertex 6.5588 55.7889 9.35747
      vertex 6.04 55.9 9.75
      vertex 6.54 55.9 9.37871
    endloop
  endfacet
  facet normal -0.59532 -0.720408 0.355819
    outer loop
      vertex 6.31326 57.2398 7.22646
      vertex 6.31032 57.2572 7.25677
      vertex 6.04 57.4155 7.125
    endloop
  endfacet
  facet normal -0.59536 0.603962 -0.529884
    outer loop
      vertex 6.69152 55.0047 8.89534
      vertex 6.04 54.5116 9.06533
      vertex 6.04 54.6626 9.23744
    endloop
  endfacet
  facet normal -0.595359 0.603961 -0.529885
    outer loop
      vertex 6.04 54.5116 9.06533
      vertex 6.69152 55.0047 8.89534
      vertex 6.69966 54.9566 8.83137
    endloop
  endfacet
  facet normal -0.595319 -0.355793 0.720422
    outer loop
      vertex 6.4462 56.4543 6.66188
      vertex 6.43798 56.5028 6.67904
      vertex 6.04 56.5697 6.38321
    endloop
  endfacet
  facet normal -0.59531 0.801789 0.0523551
    outer loop
      vertex 6.7466 54.6792 7.93138
      vertex 6.7457 54.6845 7.83998
      vertex 6.04 54.165 7.77158
    endloop
  endfacet
  facet normal -0.595292 -0.80177 0.0528333
    outer loop
      vertex 6.04 57.65 8
      vertex 6.27537 57.4637 7.82481
      vertex 6.27314 57.4769 8
    endloop
  endfacet
  facet normal -0.595386 -0.801713 0.0526473
    outer loop
      vertex 6.27537 57.4637 7.82481
      vertex 6.04 57.65 8
      vertex 6.04 57.635 7.77158
    endloop
  endfacet
  facet normal -0.595328 -0.604057 0.529811
    outer loop
      vertex 6.04 57.2884 6.93467
      vertex 6.35893 56.97 6.93002
      vertex 6.3392 57.0866 7.04079
    endloop
  endfacet
  facet normal -0.595278 -0.604008 0.529924
    outer loop
      vertex 6.35893 56.97 6.93002
      vertex 6.04 57.2884 6.93467
      vertex 6.04 57.1374 6.76256
    endloop
  endfacet
  facet normal -0.595422 0.667643 0.446905
    outer loop
      vertex 6.71581 54.8611 7.31294
      vertex 6.70832 54.9054 7.23678
      vertex 6.04 54.5116 6.93467
    endloop
  endfacet
  facet normal -0.595468 -0.604783 -0.528825
    outer loop
      vertex 6.3344 57.1149 8.93225
      vertex 6.3392 57.0866 8.95921
      vertex 6.04 57.2884 9.06533
    endloop
  endfacet
  facet normal -0.595403 0.604189 -0.529577
    outer loop
      vertex 6.69966 54.9566 8.83137
      vertex 6.70832 54.9054 8.76322
      vertex 6.04 54.5116 9.06533
    endloop
  endfacet
  facet normal -0.595348 -0.0524209 -0.801756
    outer loop
      vertex 6.50904 56.083 9.38971
      vertex 6.5197 56.0199 9.38592
      vertex 6.04 56.1284 9.73503
    endloop
  endfacet
  facet normal -0.595357 0.355382 -0.720593
    outer loop
      vertex 6.04 55.2303 9.61679
      vertex 6.64976 55.2514 9.12341
      vertex 6.04 55.025 9.51554
    endloop
  endfacet
  facet normal -0.595348 0.35542 -0.720581
    outer loop
      vertex 6.64976 55.2514 9.12341
      vertex 6.04 55.2303 9.61679
      vertex 6.63638 55.3305 9.17348
    endloop
  endfacet
  facet normal -0.595476 -0.760973 -0.257544
    outer loop
      vertex 6.28349 57.4157 8.40614
      vertex 6.28546 57.4041 8.43586
      vertex 6.04 57.5904 8.45293
    endloop
  endfacet
  facet normal -0.595314 0.788037 -0.156838
    outer loop
      vertex 6.74302 54.7003 8.24958
      vertex 6.7457 54.6845 8.16002
      vertex 6.04 54.165 8.22842
    endloop
  endfacet
  facet normal -0.595323 0.446431 -0.668049
    outer loop
      vertex 6.04 55.025 9.51554
      vertex 6.67194 55.1203 9.01608
      vertex 6.04 54.8347 9.38837
    endloop
  endfacet
  facet normal -0.595338 0.446365 -0.66808
    outer loop
      vertex 6.67194 55.1203 9.01608
      vertex 6.04 55.025 9.51554
      vertex 6.6604 55.1885 9.07193
    endloop
  endfacet
  facet normal -0.595364 0.446165 0.66819
    outer loop
      vertex 6.6604 55.1885 6.92807
      vertex 6.64976 55.2514 6.87659
      vertex 6.04 55.025 6.48446
    endloop
  endfacet
  facet normal -0.595385 -0.355251 -0.720634
    outer loop
      vertex 6.04 56.5697 9.61679
      vertex 6.41552 56.6356 9.27405
      vertex 6.43798 56.5028 9.32096
    endloop
  endfacet
  facet normal -0.595336 -0.355389 -0.720606
    outer loop
      vertex 6.41552 56.6356 9.27405
      vertex 6.04 56.5697 9.61679
      vertex 6.04 56.775 9.51554
    endloop
  endfacet
  facet normal -0.595358 0.355345 -0.72061
    outer loop
      vertex 6.62519 55.3966 9.21532
      vertex 6.63638 55.3305 9.17348
      vertex 6.04 55.2303 9.61679
    endloop
  endfacet
  facet normal -0.595331 0.355499 0.720556
    outer loop
      vertex 6.04 55.2303 6.38321
      vertex 6.64976 55.2514 6.87659
      vertex 6.63638 55.3305 6.82651
    endloop
  endfacet
  facet normal -0.595357 0.355382 0.720593
    outer loop
      vertex 6.64976 55.2514 6.87659
      vertex 6.04 55.2303 6.38321
      vertex 6.04 55.025 6.48446
    endloop
  endfacet
  facet normal -0.595461 0.760953 0.257637
    outer loop
      vertex 6.73314 54.7587 7.52727
      vertex 6.04 54.2096 7.54707
      vertex 6.7366 54.7383 7.59552
    endloop
  endfacet
  facet normal -0.595336 0.760819 0.258321
    outer loop
      vertex 6.04 54.2096 7.54707
      vertex 6.73314 54.7587 7.52727
      vertex 6.04 54.2832 7.3303
    endloop
  endfacet
  facet normal -0.595347 -0.788033 0.156733
    outer loop
      vertex 6.04 57.635 7.77158
      vertex 6.28349 57.4157 7.59386
      vertex 6.27691 57.4546 7.76445
    endloop
  endfacet
  facet normal -0.595452 -0.787992 0.156539
    outer loop
      vertex 6.28349 57.4157 7.59386
      vertex 6.04 57.635 7.77158
      vertex 6.04 57.5904 7.54707
    endloop
  endfacet
  facet normal -0.59532 -0.720408 -0.355819
    outer loop
      vertex 6.31032 57.2572 8.74323
      vertex 6.31326 57.2398 8.77354
      vertex 6.04 57.4155 8.875
    endloop
  endfacet
  facet normal -0.59535 -0.258277 -0.760823
    outer loop
      vertex 6.4462 56.4543 9.33811
      vertex 6.45525 56.4008 9.34919
      vertex 6.04 56.5697 9.61679
    endloop
  endfacet
  facet normal -0.595352 0.0525487 0.801744
    outer loop
      vertex 6.04 55.6716 6.26497
      vertex 6.55118 55.8339 6.63392
      vertex 6.04 55.9 6.25
    endloop
  endfacet
  facet normal -0.595352 0.0525436 0.801745
    outer loop
      vertex 6.55118 55.8339 6.63392
      vertex 6.04 55.6716 6.26497
      vertex 6.56996 55.7229 6.65514
    endloop
  endfacet
  facet normal -0.595359 0.0524949 0.801743
    outer loop
      vertex 6.55118 55.8339 6.63392
      vertex 6.54 55.9 6.62129
      vertex 6.04 55.9 6.25
    endloop
  endfacet
  facet normal -0.595368 -0.52956 -0.604238
    outer loop
      vertex 6.04 56.9653 9.38837
      vertex 6.3648 56.9353 9.09463
      vertex 6.3862 56.8088 9.18441
    endloop
  endfacet
  facet normal -0.595278 -0.529802 -0.604114
    outer loop
      vertex 6.3648 56.9353 9.09463
      vertex 6.04 56.9653 9.38837
      vertex 6.04 57.1374 9.23744
    endloop
  endfacet
  facet normal -0.595433 -0.668149 0.446135
    outer loop
      vertex 6.3344 57.1149 7.06775
      vertex 6.33047 57.1381 7.09725
      vertex 6.04 57.2884 6.93467
    endloop
  endfacet
  facet normal -0.595403 0.604189 0.529577
    outer loop
      vertex 6.70832 54.9054 7.23678
      vertex 6.69966 54.9566 7.16863
      vertex 6.04 54.5116 6.93467
    endloop
  endfacet
  facet normal -0.595354 -0.156895 0.787996
    outer loop
      vertex 6.48753 56.2101 6.61932
      vertex 6.47758 56.2688 6.62349
      vertex 6.04 56.3529 6.30963
    endloop
  endfacet
  facet normal -0.595339 -0.156764 0.788033
    outer loop
      vertex 6.04 56.1284 6.26497
      vertex 6.48753 56.2101 6.61932
      vertex 6.04 56.3529 6.30963
    endloop
  endfacet
  facet normal -0.595344 -0.156741 0.788034
    outer loop
      vertex 6.48753 56.2101 6.61932
      vertex 6.04 56.1284 6.26497
      vertex 6.50904 56.083 6.61029
    endloop
  endfacet
  facet normal -0.595322 -0.446516 -0.667994
    outer loop
      vertex 6.04 56.775 9.51554
      vertex 6.3862 56.8088 9.18441
      vertex 6.40836 56.6779 9.25216
    endloop
  endfacet
  facet normal -0.595362 -0.446415 -0.668025
    outer loop
      vertex 6.3862 56.8088 9.18441
      vertex 6.04 56.775 9.51554
      vertex 6.04 56.9653 9.38837
    endloop
  endfacet
  facet normal -0.595422 0.667643 -0.446905
    outer loop
      vertex 6.70832 54.9054 8.76322
      vertex 6.71581 54.8611 8.68706
      vertex 6.04 54.5116 9.06533
    endloop
  endfacet
  facet normal -0.595336 0.760819 -0.258321
    outer loop
      vertex 6.73314 54.7587 8.47273
      vertex 6.04 54.2096 8.45293
      vertex 6.04 54.2832 8.6697
    endloop
  endfacet
  facet normal -0.595461 0.760953 -0.257637
    outer loop
      vertex 6.04 54.2096 8.45293
      vertex 6.73314 54.7587 8.47273
      vertex 6.7366 54.7383 8.40448
    endloop
  endfacet
  facet normal -0.595288 -0.604002 -0.529918
    outer loop
      vertex 6.04 57.2884 9.06533
      vertex 6.35893 56.97 9.06997
      vertex 6.04 57.1374 9.23744
    endloop
  endfacet
  facet normal -0.595324 -0.604037 -0.529838
    outer loop
      vertex 6.35893 56.97 9.06997
      vertex 6.04 57.2884 9.06533
      vertex 6.3392 57.0866 8.95921
    endloop
  endfacet
  facet normal -0.595335 0.720537 -0.355531
    outer loop
      vertex 6.72223 54.8232 8.6217
      vertex 6.04 54.2832 8.6697
      vertex 6.04 54.3845 8.875
    endloop
  endfacet
  facet normal -0.595344 0.720552 -0.355486
    outer loop
      vertex 6.04 54.2832 8.6697
      vertex 6.72223 54.8232 8.6217
      vertex 6.72717 54.794 8.55424
    endloop
  endfacet
  facet normal -0.595343 0.156758 0.788032
    outer loop
      vertex 6.04 55.6716 6.26497
      vertex 6.5871 55.6217 6.68822
      vertex 6.56996 55.7229 6.65514
    endloop
  endfacet
  facet normal -0.595342 0.156764 0.788031
    outer loop
      vertex 6.5871 55.6217 6.68822
      vertex 6.04 55.6716 6.26497
      vertex 6.04 55.4471 6.30963
    endloop
  endfacet
  facet normal -0.59535 -0.44642 0.668033
    outer loop
      vertex 6.04 56.775 6.48446
      vertex 6.3862 56.8088 6.81558
      vertex 6.04 56.9653 6.61163
    endloop
  endfacet
  facet normal -0.595327 -0.446477 0.668015
    outer loop
      vertex 6.3862 56.8088 6.81558
      vertex 6.04 56.775 6.48446
      vertex 6.40836 56.6779 6.74784
    endloop
  endfacet
  facet normal -0.595354 0.801744 -0.0525483
    outer loop
      vertex 6.04 54.15 8
      vertex 6.7466 54.6792 8.06862
      vertex 6.74727 54.6752 8
    endloop
  endfacet
  facet normal -0.595344 0.801744 -0.0526493
    outer loop
      vertex 6.7466 54.6792 8.06862
      vertex 6.04 54.15 8
      vertex 6.04 54.165 8.22842
    endloop
  endfacet
  facet normal -0.595166 -0.787857 0.1583
    outer loop
      vertex 6.27691 57.4546 7.76445
      vertex 6.27575 57.4615 7.79443
      vertex 6.04 57.635 7.77158
    endloop
  endfacet
  facet normal -0.595314 0.788037 0.156838
    outer loop
      vertex 6.7457 54.6845 7.83998
      vertex 6.74302 54.7003 7.75042
      vertex 6.04 54.165 7.77158
    endloop
  endfacet
  facet normal -0.595326 0.720495 -0.355632
    outer loop
      vertex 6.72717 54.794 8.55424
      vertex 6.73314 54.7587 8.47273
      vertex 6.04 54.2832 8.6697
    endloop
  endfacet
  facet normal -0.595342 0.156764 -0.788031
    outer loop
      vertex 6.04 55.6716 9.73503
      vertex 6.5871 55.6217 9.31178
      vertex 6.04 55.4471 9.69037
    endloop
  endfacet
  facet normal -0.595343 0.156758 -0.788032
    outer loop
      vertex 6.5871 55.6217 9.31178
      vertex 6.04 55.6716 9.73503
      vertex 6.56996 55.7229 9.34486
    endloop
  endfacet
  facet normal -0.595351 0.156838 -0.78801
    outer loop
      vertex 6.5871 55.6217 9.31178
      vertex 6.59849 55.5544 9.28978
      vertex 6.04 55.4471 9.69037
    endloop
  endfacet
  facet normal -0.595351 0.0525141 -0.801748
    outer loop
      vertex 6.5588 55.7889 9.35747
      vertex 6.56996 55.7229 9.34486
      vertex 6.04 55.6716 9.73503
    endloop
  endfacet
  facet normal -0.595166 -0.787857 -0.1583
    outer loop
      vertex 6.27575 57.4615 8.20557
      vertex 6.27691 57.4546 8.23555
      vertex 6.04 57.635 8.22842
    endloop
  endfacet
  facet normal -0.595327 0.78805 -0.156722
    outer loop
      vertex 6.04 54.165 8.22842
      vertex 6.74097 54.7124 8.31821
      vertex 6.74302 54.7003 8.24958
    endloop
  endfacet
  facet normal -0.595358 0.788061 -0.156552
    outer loop
      vertex 6.74097 54.7124 8.31821
      vertex 6.04 54.165 8.22842
      vertex 6.04 54.2096 8.45293
    endloop
  endfacet
  facet normal -0.595305 -0.668019 0.446501
    outer loop
      vertex 6.04 57.4155 7.125
      vertex 6.33047 57.1381 7.09725
      vertex 6.31326 57.2398 7.22646
    endloop
  endfacet
  facet normal -0.595437 -0.668125 0.446165
    outer loop
      vertex 6.33047 57.1381 7.09725
      vertex 6.04 57.4155 7.125
      vertex 6.04 57.2884 6.93467
    endloop
  endfacet
  facet normal -0.595354 0.801744 0.0525483
    outer loop
      vertex 6.7466 54.6792 7.93138
      vertex 6.04 54.15 8
      vertex 6.74727 54.6752 8
    endloop
  endfacet
  facet normal -0.595344 0.801744 0.0526493
    outer loop
      vertex 6.04 54.15 8
      vertex 6.7466 54.6792 7.93138
      vertex 6.04 54.165 7.77158
    endloop
  endfacet
  facet normal 1 0 0
    outer loop
      vertex 6.04 57.635 8.22842
      vertex 6.04 57.635 7.77158
      vertex 6.04 57.65 8
    endloop
  endfacet
  facet normal 1 0 0
    outer loop
      vertex 6.04 57.5904 8.45293
      vertex 6.04 57.635 7.77158
      vertex 6.04 57.635 8.22842
    endloop
  endfacet
  facet normal 1 0 0
    outer loop
      vertex 6.04 57.5904 8.45293
      vertex 6.04 57.5904 7.54707
      vertex 6.04 57.635 7.77158
    endloop
  endfacet
  facet normal 1 0 0
    outer loop
      vertex 6.04 57.5168 8.6697
      vertex 6.04 57.5904 7.54707
      vertex 6.04 57.5904 8.45293
    endloop
  endfacet
  facet normal 1 0 0
    outer loop
      vertex 6.04 57.5168 8.6697
      vertex 6.04 57.5168 7.3303
      vertex 6.04 57.5904 7.54707
    endloop
  endfacet
  facet normal 1 0 0
    outer loop
      vertex 6.04 57.4155 8.875
      vertex 6.04 57.5168 7.3303
      vertex 6.04 57.5168 8.6697
    endloop
  endfacet
  facet normal 1 0 0
    outer loop
      vertex 6.04 57.4155 8.875
      vertex 6.04 57.4155 7.125
      vertex 6.04 57.5168 7.3303
    endloop
  endfacet
  facet normal 1 0 0
    outer loop
      vertex 6.04 57.2884 9.06533
      vertex 6.04 57.4155 7.125
      vertex 6.04 57.4155 8.875
    endloop
  endfacet
  facet normal 1 0 0
    outer loop
      vertex 6.04 57.2884 9.06533
      vertex 6.04 57.2884 6.93467
      vertex 6.04 57.4155 7.125
    endloop
  endfacet
  facet normal 1 0 0
    outer loop
      vertex 6.04 57.1374 9.23744
      vertex 6.04 57.2884 6.93467
      vertex 6.04 57.2884 9.06533
    endloop
  endfacet
  facet normal 1 0 0
    outer loop
      vertex 6.04 57.1374 9.23744
      vertex 6.04 57.1374 6.76256
      vertex 6.04 57.2884 6.93467
    endloop
  endfacet
  facet normal 1 0 0
    outer loop
      vertex 6.04 56.9653 9.38837
      vertex 6.04 57.1374 6.76256
      vertex 6.04 57.1374 9.23744
    endloop
  endfacet
  facet normal 1 0 0
    outer loop
      vertex 6.04 56.9653 9.38837
      vertex 6.04 56.9653 6.61163
      vertex 6.04 57.1374 6.76256
    endloop
  endfacet
  facet normal 1 0 0
    outer loop
      vertex 6.04 56.775 9.51554
      vertex 6.04 56.9653 6.61163
      vertex 6.04 56.9653 9.38837
    endloop
  endfacet
  facet normal 1 0 0
    outer loop
      vertex 6.04 56.775 9.51554
      vertex 6.04 56.775 6.48446
      vertex 6.04 56.9653 6.61163
    endloop
  endfacet
  facet normal 1 0 0
    outer loop
      vertex 6.04 56.5697 9.61679
      vertex 6.04 56.775 6.48446
      vertex 6.04 56.775 9.51554
    endloop
  endfacet
  facet normal 1 0 0
    outer loop
      vertex 6.04 56.5697 9.61679
      vertex 6.04 56.5697 6.38321
      vertex 6.04 56.775 6.48446
    endloop
  endfacet
  facet normal 1 0 0
    outer loop
      vertex 6.04 56.3529 9.69037
      vertex 6.04 56.5697 6.38321
      vertex 6.04 56.5697 9.61679
    endloop
  endfacet
  facet normal 1 0 0
    outer loop
      vertex 6.04 56.3529 9.69037
      vertex 6.04 56.3529 6.30963
      vertex 6.04 56.5697 6.38321
    endloop
  endfacet
  facet normal 1 0 0
    outer loop
      vertex 6.04 56.1284 9.73503
      vertex 6.04 56.3529 6.30963
      vertex 6.04 56.3529 9.69037
    endloop
  endfacet
  facet normal 1 0 0
    outer loop
      vertex 6.04 56.1284 9.73503
      vertex 6.04 56.1284 6.26497
      vertex 6.04 56.3529 6.30963
    endloop
  endfacet
  facet normal 1 0 0
    outer loop
      vertex 6.04 55.9 9.75
      vertex 6.04 56.1284 6.26497
      vertex 6.04 56.1284 9.73503
    endloop
  endfacet
  facet normal 1 0 0
    outer loop
      vertex 6.04 55.9 9.75
      vertex 6.04 55.9 6.25
      vertex 6.04 56.1284 6.26497
    endloop
  endfacet
  facet normal 1 -0 0
    outer loop
      vertex 6.04 55.6716 9.73503
      vertex 6.04 55.9 6.25
      vertex 6.04 55.9 9.75
    endloop
  endfacet
  facet normal 1 0 0
    outer loop
      vertex 6.04 55.6716 9.73503
      vertex 6.04 55.6716 6.26497
      vertex 6.04 55.9 6.25
    endloop
  endfacet
  facet normal 1 -0 0
    outer loop
      vertex 6.04 55.4471 9.69037
      vertex 6.04 55.6716 6.26497
      vertex 6.04 55.6716 9.73503
    endloop
  endfacet
  facet normal 1 0 0
    outer loop
      vertex 6.04 55.4471 9.69037
      vertex 6.04 55.4471 6.30963
      vertex 6.04 55.6716 6.26497
    endloop
  endfacet
  facet normal 1 -0 0
    outer loop
      vertex 6.04 55.2303 9.61679
      vertex 6.04 55.4471 6.30963
      vertex 6.04 55.4471 9.69037
    endloop
  endfacet
  facet normal 1 0 0
    outer loop
      vertex 6.04 55.2303 9.61679
      vertex 6.04 55.2303 6.38321
      vertex 6.04 55.4471 6.30963
    endloop
  endfacet
  facet normal 1 -0 0
    outer loop
      vertex 6.04 55.025 9.51554
      vertex 6.04 55.2303 6.38321
      vertex 6.04 55.2303 9.61679
    endloop
  endfacet
  facet normal 1 0 0
    outer loop
      vertex 6.04 55.025 9.51554
      vertex 6.04 55.025 6.48446
      vertex 6.04 55.2303 6.38321
    endloop
  endfacet
  facet normal 1 -0 0
    outer loop
      vertex 6.04 54.8347 9.38837
      vertex 6.04 55.025 6.48446
      vertex 6.04 55.025 9.51554
    endloop
  endfacet
  facet normal 1 0 0
    outer loop
      vertex 6.04 54.8347 9.38837
      vertex 6.04 54.8347 6.61163
      vertex 6.04 55.025 6.48446
    endloop
  endfacet
  facet normal 1 -0 0
    outer loop
      vertex 6.04 54.6626 9.23744
      vertex 6.04 54.8347 6.61163
      vertex 6.04 54.8347 9.38837
    endloop
  endfacet
  facet normal 1 0 0
    outer loop
      vertex 6.04 54.6626 9.23744
      vertex 6.04 54.6626 6.76256
      vertex 6.04 54.8347 6.61163
    endloop
  endfacet
  facet normal 1 -0 0
    outer loop
      vertex 6.04 54.5116 9.06533
      vertex 6.04 54.6626 6.76256
      vertex 6.04 54.6626 9.23744
    endloop
  endfacet
  facet normal 1 0 0
    outer loop
      vertex 6.04 54.5116 9.06533
      vertex 6.04 54.5116 6.93467
      vertex 6.04 54.6626 6.76256
    endloop
  endfacet
  facet normal 1 -0 0
    outer loop
      vertex 6.04 54.3845 8.875
      vertex 6.04 54.5116 6.93467
      vertex 6.04 54.5116 9.06533
    endloop
  endfacet
  facet normal 1 0 0
    outer loop
      vertex 6.04 54.3845 8.875
      vertex 6.04 54.3845 7.125
      vertex 6.04 54.5116 6.93467
    endloop
  endfacet
  facet normal 1 -0 0
    outer loop
      vertex 6.04 54.2832 8.6697
      vertex 6.04 54.3845 7.125
      vertex 6.04 54.3845 8.875
    endloop
  endfacet
  facet normal 1 0 0
    outer loop
      vertex 6.04 54.2832 8.6697
      vertex 6.04 54.2832 7.3303
      vertex 6.04 54.3845 7.125
    endloop
  endfacet
  facet normal 1 -0 0
    outer loop
      vertex 6.04 54.2096 8.45293
      vertex 6.04 54.2832 7.3303
      vertex 6.04 54.2832 8.6697
    endloop
  endfacet
  facet normal 1 0 0
    outer loop
      vertex 6.04 54.2096 8.45293
      vertex 6.04 54.2096 7.54707
      vertex 6.04 54.2832 7.3303
    endloop
  endfacet
  facet normal 1 -0 0
    outer loop
      vertex 6.04 54.165 8.22842
      vertex 6.04 54.2096 7.54707
      vertex 6.04 54.2096 8.45293
    endloop
  endfacet
  facet normal 1 0 0
    outer loop
      vertex 6.04 54.165 8.22842
      vertex 6.04 54.165 7.77158
      vertex 6.04 54.2096 7.54707
    endloop
  endfacet
  facet normal 1 0 -0
    outer loop
      vertex 6.04 54.165 7.77158
      vertex 6.04 54.165 8.22842
      vertex 6.04 54.15 8
    endloop
  endfacet
  facet normal -0.595327 0.78805 0.156722
    outer loop
      vertex 6.74097 54.7124 7.68179
      vertex 6.04 54.165 7.77158
      vertex 6.74302 54.7003 7.75042
    endloop
  endfacet
  facet normal -0.595358 0.788061 0.156552
    outer loop
      vertex 6.04 54.165 7.77158
      vertex 6.74097 54.7124 7.68179
      vertex 6.04 54.2096 7.54707
    endloop
  endfacet
  facet normal -0.595344 -0.258224 0.760846
    outer loop
      vertex 6.04 56.3529 6.30963
      vertex 6.45525 56.4008 6.65081
      vertex 6.04 56.5697 6.38321
    endloop
  endfacet
  facet normal -0.595353 -0.258187 0.760851
    outer loop
      vertex 6.45525 56.4008 6.65081
      vertex 6.04 56.3529 6.30963
      vertex 6.47758 56.2688 6.62349
    endloop
  endfacet
  facet normal -0.595283 -0.720572 -0.355548
    outer loop
      vertex 6.04 57.5168 8.6697
      vertex 6.31032 57.2572 8.74323
      vertex 6.04 57.4155 8.875
    endloop
  endfacet
  facet normal -0.595324 -0.720586 -0.355451
    outer loop
      vertex 6.31032 57.2572 8.74323
      vertex 6.04 57.5168 8.6697
      vertex 6.29613 57.3411 8.59691
    endloop
  endfacet
  facet normal -0.595344 0.720552 0.355486
    outer loop
      vertex 6.72223 54.8232 7.3783
      vertex 6.04 54.2832 7.3303
      vertex 6.72717 54.794 7.44576
    endloop
  endfacet
  facet normal -0.595335 0.720537 0.355531
    outer loop
      vertex 6.04 54.2832 7.3303
      vertex 6.72223 54.8232 7.3783
      vertex 6.04 54.3845 7.125
    endloop
  endfacet
  facet normal -0.595344 -0.156741 -0.788034
    outer loop
      vertex 6.04 56.1284 9.73503
      vertex 6.48753 56.2101 9.38068
      vertex 6.50904 56.083 9.38971
    endloop
  endfacet
  facet normal -0.595339 -0.156764 -0.788033
    outer loop
      vertex 6.48753 56.2101 9.38068
      vertex 6.04 56.1284 9.73503
      vertex 6.04 56.3529 9.69037
    endloop
  endfacet
  facet normal -0.595437 -0.668125 -0.446165
    outer loop
      vertex 6.04 57.4155 8.875
      vertex 6.33047 57.1381 8.90275
      vertex 6.04 57.2884 9.06533
    endloop
  endfacet
  facet normal -0.595305 -0.668019 -0.446501
    outer loop
      vertex 6.33047 57.1381 8.90275
      vertex 6.04 57.4155 8.875
      vertex 6.31326 57.2398 8.77354
    endloop
  endfacet
  facet normal -0.595361 0.258392 0.760776
    outer loop
      vertex 6.62519 55.3966 6.78468
      vertex 6.61383 55.4637 6.753
      vertex 6.04 55.2303 6.38321
    endloop
  endfacet
  facet normal -0.595346 0.25818 0.760859
    outer loop
      vertex 6.04 55.4471 6.30963
      vertex 6.61383 55.4637 6.753
      vertex 6.59849 55.5544 6.71022
    endloop
  endfacet
  facet normal -0.59534 0.258225 0.760848
    outer loop
      vertex 6.61383 55.4637 6.753
      vertex 6.04 55.4471 6.30963
      vertex 6.04 55.2303 6.38321
    endloop
  endfacet
  facet normal -0.59536 0.529762 -0.604068
    outer loop
      vertex 6.04 54.8347 9.38837
      vertex 6.68181 55.0621 8.95524
      vertex 6.04 54.6626 9.23744
    endloop
  endfacet
  facet normal -0.595299 0.530187 -0.603755
    outer loop
      vertex 6.68181 55.0621 8.95524
      vertex 6.04 54.8347 9.38837
      vertex 6.67194 55.1203 9.01608
    endloop
  endfacet
  facet normal -0.595359 0.603961 0.529885
    outer loop
      vertex 6.69152 55.0047 7.10466
      vertex 6.04 54.5116 6.93467
      vertex 6.69966 54.9566 7.16863
    endloop
  endfacet
  facet normal -0.59536 0.603962 0.529884
    outer loop
      vertex 6.04 54.5116 6.93467
      vertex 6.69152 55.0047 7.10466
      vertex 6.04 54.6626 6.76256
    endloop
  endfacet
  facet normal -0.595354 0.760729 -0.258544
    outer loop
      vertex 6.7366 54.7383 8.40448
      vertex 6.74097 54.7124 8.31821
      vertex 6.04 54.2096 8.45293
    endloop
  endfacet
  facet normal -0.595345 0.668312 0.446009
    outer loop
      vertex 6.71581 54.8611 7.31294
      vertex 6.04 54.3845 7.125
      vertex 6.72223 54.8232 7.3783
    endloop
  endfacet
  facet normal -0.595321 0.668197 0.446213
    outer loop
      vertex 6.04 54.3845 7.125
      vertex 6.71581 54.8611 7.31294
      vertex 6.04 54.5116 6.93467
    endloop
  endfacet
  facet normal -0.595326 0.720495 0.355632
    outer loop
      vertex 6.73314 54.7587 7.52727
      vertex 6.72717 54.794 7.44576
      vertex 6.04 54.2832 7.3303
    endloop
  endfacet
  facet normal -0.595354 0.760729 0.258544
    outer loop
      vertex 6.74097 54.7124 7.68179
      vertex 6.7366 54.7383 7.59552
      vertex 6.04 54.2096 7.54707
    endloop
  endfacet
  facet normal -0.595452 -0.787992 -0.156539
    outer loop
      vertex 6.04 57.635 8.22842
      vertex 6.28349 57.4157 8.40614
      vertex 6.04 57.5904 8.45293
    endloop
  endfacet
  facet normal -0.595347 -0.788033 -0.156733
    outer loop
      vertex 6.28349 57.4157 8.40614
      vertex 6.04 57.635 8.22842
      vertex 6.27691 57.4546 8.23555
    endloop
  endfacet
  facet normal -0.595151 -0.802017 -0.0506346
    outer loop
      vertex 6.27537 57.4637 8.17519
      vertex 6.27575 57.4615 8.20557
      vertex 6.04 57.635 8.22842
    endloop
  endfacet
  facet normal -0.595328 -0.446466 -0.668021
    outer loop
      vertex 6.40836 56.6779 9.25216
      vertex 6.41552 56.6356 9.27405
      vertex 6.04 56.775 9.51554
    endloop
  endfacet
  facet normal -0.595352 0.529716 0.604116
    outer loop
      vertex 6.69152 55.0047 7.10466
      vertex 6.68181 55.0621 7.04476
      vertex 6.04 54.6626 6.76256
    endloop
  endfacet
  facet normal -0.595324 -0.720586 0.355451
    outer loop
      vertex 6.04 57.5168 7.3303
      vertex 6.31032 57.2572 7.25677
      vertex 6.29613 57.3411 7.40309
    endloop
  endfacet
  facet normal -0.595283 -0.720572 0.355548
    outer loop
      vertex 6.31032 57.2572 7.25677
      vertex 6.04 57.5168 7.3303
      vertex 6.04 57.4155 7.125
    endloop
  endfacet
  facet normal -0.595278 -0.529802 0.604114
    outer loop
      vertex 6.04 56.9653 6.61163
      vertex 6.3648 56.9353 6.90537
      vertex 6.04 57.1374 6.76256
    endloop
  endfacet
  facet normal -0.595356 -0.529593 0.60422
    outer loop
      vertex 6.3648 56.9353 6.90537
      vertex 6.04 56.9653 6.61163
      vertex 6.3862 56.8088 6.81558
    endloop
  endfacet
  facet normal -0.595334 -0.258144 0.760881
    outer loop
      vertex 6.45525 56.4008 6.65081
      vertex 6.4462 56.4543 6.66188
      vertex 6.04 56.5697 6.38321
    endloop
  endfacet
  facet normal -0.595351 0.156838 0.78801
    outer loop
      vertex 6.59849 55.5544 6.71022
      vertex 6.5871 55.6217 6.68822
      vertex 6.04 55.4471 6.30963
    endloop
  endfacet
  facet normal -0.595325 -0.760827 -0.258324
    outer loop
      vertex 6.04 57.5904 8.45293
      vertex 6.29613 57.3411 8.59691
      vertex 6.04 57.5168 8.6697
    endloop
  endfacet
  facet normal -0.595402 -0.760818 -0.258172
    outer loop
      vertex 6.29613 57.3411 8.59691
      vertex 6.04 57.5904 8.45293
      vertex 6.28546 57.4041 8.43586
    endloop
  endfacet
  facet normal -0.595334 -0.355665 -0.720472
    outer loop
      vertex 6.43798 56.5028 9.32096
      vertex 6.4462 56.4543 9.33811
      vertex 6.04 56.5697 9.61679
    endloop
  endfacet
  facet normal -0.595283 -0.529828 0.604086
    outer loop
      vertex 6.3648 56.9353 6.90537
      vertex 6.35893 56.97 6.93002
      vertex 6.04 57.1374 6.76256
    endloop
  endfacet
  facet normal -0.595328 -0.446466 0.668021
    outer loop
      vertex 6.41552 56.6356 6.72595
      vertex 6.40836 56.6779 6.74784
      vertex 6.04 56.775 6.48446
    endloop
  endfacet
  facet normal -0.59531 0.801789 -0.0523551
    outer loop
      vertex 6.7457 54.6845 8.16002
      vertex 6.7466 54.6792 8.06862
      vertex 6.04 54.165 8.22842
    endloop
  endfacet
  facet normal -0.595364 0.446165 -0.66819
    outer loop
      vertex 6.64976 55.2514 9.12341
      vertex 6.6604 55.1885 9.07193
      vertex 6.04 55.025 9.51554
    endloop
  endfacet
  facet normal -0.59534 0.258225 -0.760848
    outer loop
      vertex 6.04 55.4471 9.69037
      vertex 6.61383 55.4637 9.247
      vertex 6.04 55.2303 9.61679
    endloop
  endfacet
  facet normal -0.595346 0.25818 -0.760859
    outer loop
      vertex 6.61383 55.4637 9.247
      vertex 6.04 55.4471 9.69037
      vertex 6.59849 55.5544 9.28978
    endloop
  endfacet
  facet normal -0.595361 0.258392 -0.760776
    outer loop
      vertex 6.61383 55.4637 9.247
      vertex 6.62519 55.3966 9.21532
      vertex 6.04 55.2303 9.61679
    endloop
  endfacet
  facet normal -0.595365 -0.258133 -0.76086
    outer loop
      vertex 6.04 56.3529 9.69037
      vertex 6.45525 56.4008 9.34919
      vertex 6.47758 56.2688 9.3765
    endloop
  endfacet
  facet normal -0.595344 -0.258224 -0.760846
    outer loop
      vertex 6.45525 56.4008 9.34919
      vertex 6.04 56.3529 9.69037
      vertex 6.04 56.5697 9.61679
    endloop
  endfacet
  facet normal -0.980784 0 0.195095
    outer loop
      vertex -0.042592 -12 7.67648
      vertex -0.0106936 62 7.83684
      vertex -0.042592 62 7.67648
    endloop
  endfacet
  facet normal -0.980784 0 0.195095
    outer loop
      vertex -0.0106936 62 7.83684
      vertex -0.042592 -12 7.67648
      vertex -0.0106936 -12 7.83684
    endloop
  endfacet
  facet normal -0.997859 0 0.0654003
    outer loop
      vertex -0.0106936 -12 7.83684
      vertex 0 62 8
      vertex -0.0106936 62 7.83684
    endloop
  endfacet
  facet normal -0.997859 0 0.0654003
    outer loop
      vertex 0 62 8
      vertex -0.0106936 -12 7.83684
      vertex 0 -12 8
    endloop
  endfacet
  facet normal -0.980784 0 -0.195095
    outer loop
      vertex -0.0106936 -12 8.16316
      vertex -0.042592 62 8.32352
      vertex -0.0106936 62 8.16316
    endloop
  endfacet
  facet normal -0.980784 -0 -0.195095
    outer loop
      vertex -0.042592 62 8.32352
      vertex -0.0106936 -12 8.16316
      vertex -0.042592 -12 8.32352
    endloop
  endfacet
  facet normal -0.442454 0 0.896791
    outer loop
      vertex -0.652241 61.2346 6.90403
      vertex -0.625 -12 6.91747
      vertex -0.625 61.3149 6.91747
    endloop
  endfacet
  facet normal -0.442283 7.86924e-08 0.896875
    outer loop
      vertex -0.767949 61 6.84697
      vertex -0.625 -12 6.91747
      vertex -0.652241 61.2346 6.90403
    endloop
  endfacet
  facet normal -0.441674 1.56228e-06 0.897176
    outer loop
      vertex -0.771646 60.9945 6.84515
      vertex -0.625 -12 6.91747
      vertex -0.767949 61 6.84697
    endloop
  endfacet
  facet normal -0.442299 0 0.896867
    outer loop
      vertex -0.625 -12 6.91747
      vertex -0.771646 60.9945 6.84515
      vertex -0.771646 -12 6.84515
    endloop
  endfacet
  facet normal 0.997861 0 -0.0653783
    outer loop
      vertex -2.48931 -12 8.16316
      vertex -2.5 60 8
      vertex -2.48931 60.0007 8.16316
    endloop
  endfacet
  facet normal 0.997861 0 -0.0653783
    outer loop
      vertex -2.5 60 8
      vertex -2.48931 -12 8.16316
      vertex -2.5 -12 8
    endloop
  endfacet
  facet normal -0.659351 0 -0.751835
    outer loop
      vertex -0.489048 -12 8.99169
      vertex -0.366116 62 8.88388
      vertex -0.366116 -12 8.88388
    endloop
  endfacet
  facet normal -0.659351 0 -0.751835
    outer loop
      vertex -0.366116 62 8.88388
      vertex -0.489048 -12 8.99169
      vertex -0.489048 62 8.99169
    endloop
  endfacet
  facet normal -0.896877 0 0.44228
    outer loop
      vertex -0.167468 -12 7.375
      vertex -0.09515 62 7.52165
      vertex -0.167468 62 7.375
    endloop
  endfacet
  facet normal -0.896877 0 0.44228
    outer loop
      vertex -0.09515 62 7.52165
      vertex -0.167468 -12 7.375
      vertex -0.09515 -12 7.52165
    endloop
  endfacet
  facet normal 0.0654383 0 -0.997857
    outer loop
      vertex -1.25 -12 9.25
      vertex -1.28248 60.4133 9.24787
      vertex -1.25 60.4418 9.25
    endloop
  endfacet
  facet normal 0.0653783 0 -0.997861
    outer loop
      vertex -1.41316 60.326 9.23931
      vertex -1.25 -12 9.25
      vertex -1.41316 -12 9.23931
    endloop
  endfacet
  facet normal 0.0653635 -3.36914e-08 -0.997862
    outer loop
      vertex -1.25 -12 9.25
      vertex -1.41316 60.326 9.23931
      vertex -1.28248 60.4133 9.24787
    endloop
  endfacet
  facet normal 0.831466 0 0.555575
    outer loop
      vertex -2.24169 -12 7.23905
      vertex -2.33253 60.011 7.375
      vertex -2.33253 -12 7.375
    endloop
  endfacet
  facet normal 0.831466 0 0.555575
    outer loop
      vertex -2.33253 60.011 7.375
      vertex -2.24169 -12 7.23905
      vertex -2.24169 60.0169 7.23905
    endloop
  endfacet
  facet normal -0.321423 0 -0.946936
    outer loop
      vertex -0.771646 -12 9.15485
      vertex -0.913293 60.7825 9.20293
      vertex -0.771646 60.9945 9.15485
    endloop
  endfacet
  facet normal -0.321452 -0 -0.946926
    outer loop
      vertex -0.926476 60.7674 9.20741
      vertex -0.771646 -12 9.15485
      vertex -0.926476 -12 9.20741
    endloop
  endfacet
  facet normal -0.321759 -7.28525e-07 -0.946822
    outer loop
      vertex -0.771646 -12 9.15485
      vertex -0.926476 60.7674 9.20741
      vertex -0.913293 60.7825 9.20293
    endloop
  endfacet
  facet normal 0.321452 0 0.946926
    outer loop
      vertex -1.72835 60.1553 6.84515
      vertex -1.57352 -12 6.79259
      vertex -1.57352 60.2317 6.79259
    endloop
  endfacet
  facet normal 0.321452 0 0.946926
    outer loop
      vertex -1.57352 -12 6.79259
      vertex -1.72835 60.1553 6.84515
      vertex -1.72835 -12 6.84515
    endloop
  endfacet
  facet normal -0.442189 0 -0.896922
    outer loop
      vertex -0.625 -12 9.08253
      vertex -0.652241 61.2346 9.09596
      vertex -0.625 61.3149 9.08253
    endloop
  endfacet
  facet normal -0.442345 -7.24892e-08 -0.896845
    outer loop
      vertex -0.625 -12 9.08253
      vertex -0.767949 61 9.15303
      vertex -0.652241 61.2346 9.09596
    endloop
  endfacet
  facet normal -0.442299 -0 -0.896867
    outer loop
      vertex -0.771646 60.9945 9.15485
      vertex -0.625 -12 9.08253
      vertex -0.771646 -12 9.15485
    endloop
  endfacet
  facet normal -0.441674 1.56228e-06 -0.897176
    outer loop
      vertex -0.625 -12 9.08253
      vertex -0.771646 60.9945 9.15485
      vertex -0.767949 61 9.15303
    endloop
  endfacet
  facet normal -0.751833 0 -0.659354
    outer loop
      vertex -0.258307 -12 8.76095
      vertex -0.366116 62 8.88388
      vertex -0.258307 62 8.76095
    endloop
  endfacet
  facet normal -0.751833 -0 -0.659354
    outer loop
      vertex -0.366116 62 8.88388
      vertex -0.258307 -12 8.76095
      vertex -0.366116 -12 8.88388
    endloop
  endfacet
  facet normal 0.751814 0 -0.659375
    outer loop
      vertex -2.13388 -12 8.88388
      vertex -2.23895 60.0171 8.76408
      vertex -2.13388 60.038 8.88388
    endloop
  endfacet
  facet normal 0.752428 2.05965e-06 -0.658675
    outer loop
      vertex -2.13388 -12 8.88388
      vertex -2.24169 60.0169 8.76095
      vertex -2.23895 60.0171 8.76408
    endloop
  endfacet
  facet normal 0.75183 0 -0.659357
    outer loop
      vertex -2.24169 60.0169 8.76095
      vertex -2.13388 -12 8.88388
      vertex -2.24169 -12 8.76095
    endloop
  endfacet
  facet normal 0.555593 0 -0.831454
    outer loop
      vertex -1.875 -12 9.08253
      vertex -1.98236 60.0681 9.01079
      vertex -1.875 60.1046 9.08253
    endloop
  endfacet
  facet normal 0.555575 0 -0.831466
    outer loop
      vertex -2.01095 60.0625 8.99169
      vertex -1.875 -12 9.08253
      vertex -2.01095 -12 8.99169
    endloop
  endfacet
  facet normal 0.555505 -1.89862e-07 -0.831513
    outer loop
      vertex -1.875 -12 9.08253
      vertex -2.01095 60.0625 8.99169
      vertex -1.98236 60.0681 9.01079
    endloop
  endfacet
  facet normal 0.442639 0 0.8967
    outer loop
      vertex -1.73463 60.1522 6.84825
      vertex -1.72835 -12 6.84515
      vertex -1.72835 60.1553 6.84515
    endloop
  endfacet
  facet normal 0.442274 -3.9441e-08 0.89688
    outer loop
      vertex -1.875 60.1046 6.91747
      vertex -1.72835 -12 6.84515
      vertex -1.73463 60.1522 6.84825
    endloop
  endfacet
  facet normal 0.44229 0 0.896872
    outer loop
      vertex -1.72835 -12 6.84515
      vertex -1.875 60.1046 6.91747
      vertex -1.875 -12 6.91747
    endloop
  endfacet
  facet normal -0.0653783 -0 -0.997861
    outer loop
      vertex -1.25 60.4418 9.25
      vertex -1.08684 -12 9.23931
      vertex -1.25 -12 9.25
    endloop
  endfacet
  facet normal -0.0653783 0 -0.997861
    outer loop
      vertex -1.08684 -12 9.23931
      vertex -1.25 60.4418 9.25
      vertex -1.08684 60.5849 9.23931
    endloop
  endfacet
  facet normal 0.321452 0 -0.946926
    outer loop
      vertex -1.72835 60.1553 9.15485
      vertex -1.57352 -12 9.20741
      vertex -1.72835 -12 9.15485
    endloop
  endfacet
  facet normal 0.321452 0 -0.946926
    outer loop
      vertex -1.57352 -12 9.20741
      vertex -1.72835 60.1553 9.15485
      vertex -1.57352 60.2317 9.20741
    endloop
  endfacet
  facet normal 0.946926 0 -0.321452
    outer loop
      vertex -2.40485 -12 8.47835
      vertex -2.45741 60.0028 8.32352
      vertex -2.40485 60.0062 8.47835
    endloop
  endfacet
  facet normal 0.946926 0 -0.321452
    outer loop
      vertex -2.45741 60.0028 8.32352
      vertex -2.40485 -12 8.47835
      vertex -2.45741 -12 8.32352
    endloop
  endfacet
  facet normal 0.659357 0 0.75183
    outer loop
      vertex -2.13388 60.038 7.11612
      vertex -2.01095 -12 7.00831
      vertex -2.01095 60.0625 7.00831
    endloop
  endfacet
  facet normal 0.659357 0 0.75183
    outer loop
      vertex -2.01095 -12 7.00831
      vertex -2.13388 60.038 7.11612
      vertex -2.13388 -12 7.11612
    endloop
  endfacet
  facet normal -0.896877 0 -0.44228
    outer loop
      vertex -0.09515 -12 8.47835
      vertex -0.167468 62 8.625
      vertex -0.09515 62 8.47835
    endloop
  endfacet
  facet normal -0.896877 -0 -0.44228
    outer loop
      vertex -0.167468 62 8.625
      vertex -0.09515 -12 8.47835
      vertex -0.167468 -12 8.625
    endloop
  endfacet
  facet normal -0.997859 0 -0.0654003
    outer loop
      vertex 0 -12 8
      vertex -0.0106936 62 8.16316
      vertex 0 62 8
    endloop
  endfacet
  facet normal -0.997859 -0 -0.0654003
    outer loop
      vertex -0.0106936 62 8.16316
      vertex 0 -12 8
      vertex -0.0106936 -12 8.16316
    endloop
  endfacet
  facet normal -0.321423 0 0.946936
    outer loop
      vertex -0.913293 60.7825 6.79707
      vertex -0.771646 -12 6.84515
      vertex -0.771646 60.9945 6.84515
    endloop
  endfacet
  facet normal -0.321759 -7.28525e-07 0.946822
    outer loop
      vertex -0.926476 60.7674 6.79259
      vertex -0.771646 -12 6.84515
      vertex -0.913293 60.7825 6.79707
    endloop
  endfacet
  facet normal -0.321452 0 0.946926
    outer loop
      vertex -0.771646 -12 6.84515
      vertex -0.926476 60.7674 6.79259
      vertex -0.926476 -12 6.79259
    endloop
  endfacet
  facet normal -0.659351 0 0.751835
    outer loop
      vertex -0.489048 62 7.00831
      vertex -0.366116 -12 7.11612
      vertex -0.366116 62 7.11612
    endloop
  endfacet
  facet normal -0.659351 0 0.751835
    outer loop
      vertex -0.366116 -12 7.11612
      vertex -0.489048 62 7.00831
      vertex -0.489048 -12 7.00831
    endloop
  endfacet
  facet normal 0.19516 0 0.980771
    outer loop
      vertex -1.5 60.2679 6.77797
      vertex -1.41316 -12 6.76069
      vertex -1.41316 60.326 6.76069
    endloop
  endfacet
  facet normal 0.195039 -1.52167e-07 0.980796
    outer loop
      vertex -1.57352 60.2317 6.79259
      vertex -1.41316 -12 6.76069
      vertex -1.5 60.2679 6.77797
    endloop
  endfacet
  facet normal 0.195105 0 0.980782
    outer loop
      vertex -1.41316 -12 6.76069
      vertex -1.57352 60.2317 6.79259
      vertex -1.57352 -12 6.79259
    endloop
  endfacet
  facet normal -0.831469 0 0.555571
    outer loop
      vertex -0.258307 -12 7.23905
      vertex -0.167468 62 7.375
      vertex -0.258307 62 7.23905
    endloop
  endfacet
  facet normal -0.831469 0 0.555571
    outer loop
      vertex -0.167468 62 7.375
      vertex -0.258307 -12 7.23905
      vertex -0.167468 -12 7.375
    endloop
  endfacet
  facet normal 0.442639 0 -0.8967
    outer loop
      vertex -1.72835 -12 9.15485
      vertex -1.73463 60.1522 9.15175
      vertex -1.72835 60.1553 9.15485
    endloop
  endfacet
  facet normal 0.44229 0 -0.896872
    outer loop
      vertex -1.875 60.1046 9.08253
      vertex -1.72835 -12 9.15485
      vertex -1.875 -12 9.08253
    endloop
  endfacet
  facet normal 0.442274 -3.9441e-08 -0.89688
    outer loop
      vertex -1.72835 -12 9.15485
      vertex -1.875 60.1046 9.08253
      vertex -1.73463 60.1522 9.15175
    endloop
  endfacet
  facet normal -0.195093 0 -0.980785
    outer loop
      vertex -0.926476 -12 9.20741
      vertex -1.08579 60.5858 9.2391
      vertex -0.926476 60.7674 9.20741
    endloop
  endfacet
  facet normal -0.1951 -0 -0.980783
    outer loop
      vertex -1.08684 60.5849 9.23931
      vertex -0.926476 -12 9.20741
      vertex -1.08684 -12 9.23931
    endloop
  endfacet
  facet normal -0.196114 -2.33002e-06 -0.980581
    outer loop
      vertex -0.926476 -12 9.20741
      vertex -1.08684 60.5849 9.23931
      vertex -1.08579 60.5858 9.2391
    endloop
  endfacet
  facet normal 0.980782 0 0.195105
    outer loop
      vertex -2.45741 -12 7.67648
      vertex -2.48931 60.0007 7.83684
      vertex -2.48931 -12 7.83684
    endloop
  endfacet
  facet normal 0.980782 0 0.195105
    outer loop
      vertex -2.48931 60.0007 7.83684
      vertex -2.45741 -12 7.67648
      vertex -2.45741 60.0028 7.67648
    endloop
  endfacet
  facet normal 0.997861 -0 0.0653783
    outer loop
      vertex -2.5 -12 8
      vertex -2.48931 60.0007 7.83684
      vertex -2.5 60 8
    endloop
  endfacet
  facet normal 0.997861 0 0.0653783
    outer loop
      vertex -2.48931 60.0007 7.83684
      vertex -2.5 -12 8
      vertex -2.48931 -12 7.83684
    endloop
  endfacet
  facet normal -0.0653783 0 0.997861
    outer loop
      vertex -1.25 60.4418 6.75
      vertex -1.08684 -12 6.76069
      vertex -1.08684 60.5849 6.76069
    endloop
  endfacet
  facet normal -0.0653783 0 0.997861
    outer loop
      vertex -1.08684 -12 6.76069
      vertex -1.25 60.4418 6.75
      vertex -1.25 -12 6.75
    endloop
  endfacet
  facet normal -0.94693 0 -0.321441
    outer loop
      vertex -0.042592 -12 8.32352
      vertex -0.09515 62 8.47835
      vertex -0.042592 62 8.32352
    endloop
  endfacet
  facet normal -0.94693 -0 -0.321441
    outer loop
      vertex -0.09515 62 8.47835
      vertex -0.042592 -12 8.32352
      vertex -0.09515 -12 8.47835
    endloop
  endfacet
  facet normal 0.896872 0 -0.44229
    outer loop
      vertex -2.33253 -12 8.625
      vertex -2.40485 60.0062 8.47835
      vertex -2.33253 60.011 8.625
    endloop
  endfacet
  facet normal 0.896872 0 -0.44229
    outer loop
      vertex -2.40485 60.0062 8.47835
      vertex -2.33253 -12 8.625
      vertex -2.40485 -12 8.47835
    endloop
  endfacet
  facet normal -0.831469 0 -0.555571
    outer loop
      vertex -0.167468 -12 8.625
      vertex -0.258307 62 8.76095
      vertex -0.167468 62 8.625
    endloop
  endfacet
  facet normal -0.831469 -0 -0.555571
    outer loop
      vertex -0.258307 62 8.76095
      vertex -0.167468 -12 8.625
      vertex -0.258307 -12 8.76095
    endloop
  endfacet
  facet normal -0.555681 1.8561e-05 0.831396
    outer loop
      vertex -0.51711 61.7389 6.98956
      vertex -0.489048 62 7.00831
      vertex -0.5 62 7.00099
    endloop
  endfacet
  facet normal -0.555561 0 0.831475
    outer loop
      vertex -0.489048 62 7.00831
      vertex -0.51711 61.7389 6.98956
      vertex -0.489048 -12 7.00831
    endloop
  endfacet
  facet normal -0.555542 1.06508e-08 0.831488
    outer loop
      vertex -0.568148 61.4824 6.95546
      vertex -0.489048 -12 7.00831
      vertex -0.51711 61.7389 6.98956
    endloop
  endfacet
  facet normal -0.555597 -7.55491e-08 0.831451
    outer loop
      vertex -0.625 61.3149 6.91747
      vertex -0.489048 -12 7.00831
      vertex -0.568148 61.4824 6.95546
    endloop
  endfacet
  facet normal -0.555569 0 0.83147
    outer loop
      vertex -0.489048 -12 7.00831
      vertex -0.625 61.3149 6.91747
      vertex -0.625 -12 6.91747
    endloop
  endfacet
  facet normal 0.946926 0 0.321452
    outer loop
      vertex -2.40485 -12 7.52165
      vertex -2.45741 60.0028 7.67648
      vertex -2.45741 -12 7.67648
    endloop
  endfacet
  facet normal 0.946926 0 0.321452
    outer loop
      vertex -2.45741 60.0028 7.67648
      vertex -2.40485 -12 7.52165
      vertex -2.40485 60.0062 7.52165
    endloop
  endfacet
  facet normal 0.831466 0 -0.555575
    outer loop
      vertex -2.24169 -12 8.76095
      vertex -2.33253 60.011 8.625
      vertex -2.24169 60.0169 8.76095
    endloop
  endfacet
  facet normal 0.831466 0 -0.555575
    outer loop
      vertex -2.33253 60.011 8.625
      vertex -2.24169 -12 8.76095
      vertex -2.33253 -12 8.625
    endloop
  endfacet
  facet normal -0.555561 0 -0.831475
    outer loop
      vertex -0.51711 61.7389 9.01044
      vertex -0.489048 62 8.99169
      vertex -0.489048 -12 8.99169
    endloop
  endfacet
  facet normal -0.555681 1.8561e-05 -0.831396
    outer loop
      vertex -0.489048 62 8.99169
      vertex -0.51711 61.7389 9.01044
      vertex -0.5 62 8.99901
    endloop
  endfacet
  facet normal -0.555542 1.06508e-08 -0.831488
    outer loop
      vertex -0.489048 -12 8.99169
      vertex -0.568148 61.4824 9.04454
      vertex -0.51711 61.7389 9.01044
    endloop
  endfacet
  facet normal -0.555569 -0 -0.83147
    outer loop
      vertex -0.625 61.3149 9.08253
      vertex -0.489048 -12 8.99169
      vertex -0.625 -12 9.08253
    endloop
  endfacet
  facet normal -0.555597 -7.55491e-08 -0.831451
    outer loop
      vertex -0.489048 -12 8.99169
      vertex -0.625 61.3149 9.08253
      vertex -0.568148 61.4824 9.04454
    endloop
  endfacet
  facet normal -0.195093 0 0.980785
    outer loop
      vertex -1.08579 60.5858 6.7609
      vertex -0.926476 -12 6.79259
      vertex -0.926476 60.7674 6.79259
    endloop
  endfacet
  facet normal -0.196114 -2.33002e-06 0.980581
    outer loop
      vertex -1.08684 60.5849 6.76069
      vertex -0.926476 -12 6.79259
      vertex -1.08579 60.5858 6.7609
    endloop
  endfacet
  facet normal -0.1951 0 0.980783
    outer loop
      vertex -0.926476 -12 6.79259
      vertex -1.08684 60.5849 6.76069
      vertex -1.08684 -12 6.76069
    endloop
  endfacet
  facet normal -0.751833 0 0.659354
    outer loop
      vertex -0.366116 -12 7.11612
      vertex -0.258307 62 7.23905
      vertex -0.366116 62 7.11612
    endloop
  endfacet
  facet normal -0.751833 0 0.659354
    outer loop
      vertex -0.258307 62 7.23905
      vertex -0.366116 -12 7.11612
      vertex -0.258307 -12 7.23905
    endloop
  endfacet
  facet normal 0.55554 0 0.83149
    outer loop
      vertex -1.98236 60.0681 6.9892
      vertex -1.875 -12 6.91747
      vertex -1.875 60.1046 6.91747
    endloop
  endfacet
  facet normal 0.555706 3.58565e-07 0.831379
    outer loop
      vertex -2.01095 60.0625 7.00831
      vertex -1.875 -12 6.91747
      vertex -1.98236 60.0681 6.9892
    endloop
  endfacet
  facet normal 0.555575 0 0.831466
    outer loop
      vertex -1.875 -12 6.91747
      vertex -2.01095 60.0625 7.00831
      vertex -2.01095 -12 7.00831
    endloop
  endfacet
  facet normal -0.94693 0 0.321441
    outer loop
      vertex -0.09515 -12 7.52165
      vertex -0.042592 62 7.67648
      vertex -0.09515 62 7.52165
    endloop
  endfacet
  facet normal -0.94693 0 0.321441
    outer loop
      vertex -0.042592 62 7.67648
      vertex -0.09515 -12 7.52165
      vertex -0.042592 -12 7.67648
    endloop
  endfacet
  facet normal 0.980782 0 -0.195105
    outer loop
      vertex -2.45741 -12 8.32352
      vertex -2.48931 60.0007 8.16316
      vertex -2.45741 60.0028 8.32352
    endloop
  endfacet
  facet normal 0.980782 0 -0.195105
    outer loop
      vertex -2.48931 60.0007 8.16316
      vertex -2.45741 -12 8.32352
      vertex -2.48931 -12 8.16316
    endloop
  endfacet
  facet normal 0.19516 0 -0.980771
    outer loop
      vertex -1.41316 -12 9.23931
      vertex -1.5 60.2679 9.22203
      vertex -1.41316 60.326 9.23931
    endloop
  endfacet
  facet normal 0.195105 0 -0.980782
    outer loop
      vertex -1.57352 60.2317 9.20741
      vertex -1.41316 -12 9.23931
      vertex -1.57352 -12 9.20741
    endloop
  endfacet
  facet normal 0.195039 -1.52167e-07 -0.980796
    outer loop
      vertex -1.41316 -12 9.23931
      vertex -1.57352 60.2317 9.20741
      vertex -1.5 60.2679 9.22203
    endloop
  endfacet
  facet normal 0.0654383 0 0.997857
    outer loop
      vertex -1.28248 60.4133 6.75213
      vertex -1.25 -12 6.75
      vertex -1.25 60.4418 6.75
    endloop
  endfacet
  facet normal 0.0653635 -3.36914e-08 0.997862
    outer loop
      vertex -1.41316 60.326 6.76069
      vertex -1.25 -12 6.75
      vertex -1.28248 60.4133 6.75213
    endloop
  endfacet
  facet normal 0.0653783 0 0.997861
    outer loop
      vertex -1.25 -12 6.75
      vertex -1.41316 60.326 6.76069
      vertex -1.41316 -12 6.76069
    endloop
  endfacet
  facet normal 0.659357 0 -0.75183
    outer loop
      vertex -2.13388 60.038 8.88388
      vertex -2.01095 -12 8.99169
      vertex -2.13388 -12 8.88388
    endloop
  endfacet
  facet normal 0.659357 0 -0.75183
    outer loop
      vertex -2.01095 -12 8.99169
      vertex -2.13388 60.038 8.88388
      vertex -2.01095 60.0625 8.99169
    endloop
  endfacet
  facet normal 0.75183 0 0.659357
    outer loop
      vertex -2.13388 -12 7.11612
      vertex -2.24169 60.0169 7.23905
      vertex -2.24169 -12 7.23905
    endloop
  endfacet
  facet normal 0.752428 2.05965e-06 0.658675
    outer loop
      vertex -2.24169 60.0169 7.23905
      vertex -2.13388 -12 7.11612
      vertex -2.23895 60.0171 7.23592
    endloop
  endfacet
  facet normal 0.751814 0 0.659375
    outer loop
      vertex -2.23895 60.0171 7.23592
      vertex -2.13388 -12 7.11612
      vertex -2.13388 60.038 7.11612
    endloop
  endfacet
  facet normal 0.896872 0 0.44229
    outer loop
      vertex -2.33253 -12 7.375
      vertex -2.40485 60.0062 7.52165
      vertex -2.40485 -12 7.52165
    endloop
  endfacet
  facet normal 0.896872 0 0.44229
    outer loop
      vertex -2.40485 60.0062 7.52165
      vertex -2.33253 -12 7.375
      vertex -2.33253 60.011 7.375
    endloop
  endfacet
  facet normal -0.321884 0.946779 0
    outer loop
      vertex -1.875 60.1046 6.91747
      vertex -1.98236 60.0681 5.66683
      vertex -1.98236 60.0681 6.9892
    endloop
  endfacet
  facet normal -0.321172 0.947021 -6.81553e-05
    outer loop
      vertex -1.73463 60.1522 6.84825
      vertex -1.98236 60.0681 5.66683
      vertex -1.875 60.1046 6.91747
    endloop
  endfacet
  facet normal -0.321833 0.946796 8.64813e-05
    outer loop
      vertex -1.73463 60.1522 6.84825
      vertex -1.88411 60.1015 5.63348
      vertex -1.98236 60.0681 5.66683
    endloop
  endfacet
  facet normal -0.321203 0.94701 0
    outer loop
      vertex -1.88411 60.1015 5.63348
      vertex -1.73463 60.1522 6.84825
      vertex -1.73463 60.1522 5.60375
    endloop
  endfacet
  facet normal -0.321203 0.94701 0
    outer loop
      vertex -1.73463 60.1522 9.15175
      vertex -1.88411 60.1015 10.3665
      vertex -1.73463 60.1522 10.3962
    endloop
  endfacet
  facet normal -0.321833 0.946796 -8.64879e-05
    outer loop
      vertex -1.88411 60.1015 10.3665
      vertex -1.73463 60.1522 9.15175
      vertex -1.98236 60.0681 10.3332
    endloop
  endfacet
  facet normal -0.321172 0.947021 6.81537e-05
    outer loop
      vertex -1.875 60.1046 9.08253
      vertex -1.98236 60.0681 10.3332
      vertex -1.73463 60.1522 9.15175
    endloop
  endfacet
  facet normal -0.321884 0.946779 0
    outer loop
      vertex -1.98236 60.0681 10.3332
      vertex -1.875 60.1046 9.08253
      vertex -1.98236 60.0681 9.01079
    endloop
  endfacet
  facet normal -0.980773 0.195153 0
    outer loop
      vertex -0.568148 61.4824 6.95546
      vertex -0.51711 61.7389 5.66701
      vertex -0.568148 61.4824 5.64969
    endloop
  endfacet
  facet normal -0.980773 0.195153 0
    outer loop
      vertex -0.51711 61.7389 5.66701
      vertex -0.568148 61.4824 6.95546
      vertex -0.51711 61.7389 6.98956
    endloop
  endfacet
  facet normal -0.980773 0.195153 0
    outer loop
      vertex -0.568148 61.4824 9.04454
      vertex -0.51711 61.7389 10.333
      vertex -0.51711 61.7389 9.01044
    endloop
  endfacet
  facet normal -0.980773 0.195153 0
    outer loop
      vertex -0.51711 61.7389 10.333
      vertex -0.568148 61.4824 9.04454
      vertex -0.568148 61.4824 10.3503
    endloop
  endfacet
  facet normal -0.99786 0.0653902 0
    outer loop
      vertex -0.51711 61.7389 6.98956
      vertex -0.5 62 5.67282
      vertex -0.51711 61.7389 5.66701
    endloop
  endfacet
  facet normal -0.99786 0.0653902 0
    outer loop
      vertex -0.5 62 5.67282
      vertex -0.51711 61.7389 6.98956
      vertex -0.5 62 7.00099
    endloop
  endfacet
  facet normal -0.99786 0.0653902 0
    outer loop
      vertex -0.51711 61.7389 9.01044
      vertex -0.5 62 10.3272
      vertex -0.5 62 8.99901
    endloop
  endfacet
  facet normal -0.99786 0.0653902 0
    outer loop
      vertex -0.5 62 10.3272
      vertex -0.51711 61.7389 9.01044
      vertex -0.51711 61.7389 10.333
    endloop
  endfacet
  facet normal 0.322854 0.946448 -0.00124771
    outer loop
      vertex -3.01764 60.0681 9.69224
      vertex -3.26537 60.1522 9.38423
      vertex -3.19372 60.1279 9.49146
    endloop
  endfacet
  facet normal 0.321463 0.946922 0
    outer loop
      vertex -3.01764 60.0681 9.69224
      vertex -3.26537 60.1522 6.61577
      vertex -3.26537 60.1522 9.38423
    endloop
  endfacet
  facet normal 0.321463 0.946922 -0
    outer loop
      vertex -3.01764 60.0681 6.30776
      vertex -3.26537 60.1522 6.61577
      vertex -3.01764 60.0681 9.69224
    endloop
  endfacet
  facet normal 0.322853 0.946448 0.00124702
    outer loop
      vertex -3.26537 60.1522 6.61577
      vertex -3.01764 60.0681 6.30776
      vertex -3.19372 60.1279 6.50853
    endloop
  endfacet
  facet normal -0.556069 0.831136 0
    outer loop
      vertex -1.41316 60.326 6.76069
      vertex -1.5 60.2679 5.56639
      vertex -1.5 60.2679 6.77797
    endloop
  endfacet
  facet normal -0.555496 0.831519 -6.0322e-05
    outer loop
      vertex -1.28248 60.4133 6.75213
      vertex -1.5 60.2679 5.56639
      vertex -1.41316 60.326 6.76069
    endloop
  endfacet
  facet normal -0.555723 0.831368 0
    outer loop
      vertex -1.5 60.2679 5.56639
      vertex -1.28248 60.4133 6.75213
      vertex -1.28248 60.4133 5.55213
    endloop
  endfacet
  facet normal -0.555723 0.831368 0
    outer loop
      vertex -1.28248 60.4133 9.24787
      vertex -1.5 60.2679 10.4336
      vertex -1.28248 60.4133 10.4479
    endloop
  endfacet
  facet normal -0.555496 0.831519 6.03225e-05
    outer loop
      vertex -1.41316 60.326 9.23931
      vertex -1.5 60.2679 10.4336
      vertex -1.28248 60.4133 9.24787
    endloop
  endfacet
  facet normal -0.556069 0.831136 0
    outer loop
      vertex -1.5 60.2679 10.4336
      vertex -1.41316 60.326 9.23931
      vertex -1.5 60.2679 9.22203
    endloop
  endfacet
  facet normal -0.659378 0.751812 -1.30977e-05
    outer loop
      vertex -1.08684 60.5849 6.76069
      vertex -1.08579 60.5858 5.56076
      vertex -1.25 60.4418 6.75
    endloop
  endfacet
  facet normal -0.650791 0.759257 0
    outer loop
      vertex -1.08579 60.5858 5.56076
      vertex -1.08684 60.5849 6.76069
      vertex -1.08579 60.5858 6.7609
    endloop
  endfacet
  facet normal -0.659324 0.751859 0
    outer loop
      vertex -1.25 60.4418 5.55
      vertex -1.25 60.4418 6.75
      vertex -1.08579 60.5858 5.56076
    endloop
  endfacet
  facet normal -0.659553 0.751658 0
    outer loop
      vertex -1.28248 60.4133 5.55213
      vertex -1.25 60.4418 6.75
      vertex -1.25 60.4418 5.55
    endloop
  endfacet
  facet normal -0.659553 0.751658 0
    outer loop
      vertex -1.25 60.4418 6.75
      vertex -1.28248 60.4133 5.55213
      vertex -1.28248 60.4133 6.75213
    endloop
  endfacet
  facet normal -0.659378 0.751812 1.30982e-05
    outer loop
      vertex -1.08579 60.5858 10.4392
      vertex -1.08684 60.5849 9.23931
      vertex -1.25 60.4418 9.25
    endloop
  endfacet
  facet normal -0.650791 0.759257 0
    outer loop
      vertex -1.08684 60.5849 9.23931
      vertex -1.08579 60.5858 10.4392
      vertex -1.08579 60.5858 9.2391
    endloop
  endfacet
  facet normal -0.659324 0.751859 0
    outer loop
      vertex -1.25 60.4418 9.25
      vertex -1.25 60.4418 10.45
      vertex -1.08579 60.5858 10.4392
    endloop
  endfacet
  facet normal -0.659553 0.751658 0
    outer loop
      vertex -1.25 60.4418 10.45
      vertex -1.25 60.4418 9.25
      vertex -1.28248 60.4133 10.4479
    endloop
  endfacet
  facet normal -0.659553 0.751658 0
    outer loop
      vertex -1.28248 60.4133 10.4479
      vertex -1.25 60.4418 9.25
      vertex -1.28248 60.4133 9.24787
    endloop
  endfacet
  facet normal 0.566738 0.823879 -0.00561017
    outer loop
      vertex -3.5 60.2679 8.96496
      vertex -3.61652 60.3458 8.63411
      vertex -3.5135 60.277 8.93757
    endloop
  endfacet
  facet normal 0.555763 0.831341 1.18913e-05
    outer loop
      vertex -3.5 60.2679 8.96496
      vertex -3.67904 60.3876 8.31979
      vertex -3.61652 60.3458 8.63411
    endloop
  endfacet
  facet normal 0.555904 0.831247 -4.47058e-05
    outer loop
      vertex -3.5 60.2679 8.96496
      vertex -3.7 60.4016 8
      vertex -3.67904 60.3876 8.31979
    endloop
  endfacet
  facet normal 0.555677 0.831398 2.32284e-05
    outer loop
      vertex -3.5 60.2679 8.96496
      vertex -3.67904 60.3876 7.68021
      vertex -3.7 60.4016 8
    endloop
  endfacet
  facet normal 0.5558 0.831316 -1.38757e-06
    outer loop
      vertex -3.5 60.2679 8.96496
      vertex -3.61652 60.3458 7.36589
      vertex -3.67904 60.3876 7.68021
    endloop
  endfacet
  facet normal 0.555786 0.831325 -0
    outer loop
      vertex -3.5 60.2679 7.03504
      vertex -3.61652 60.3458 7.36589
      vertex -3.5 60.2679 8.96496
    endloop
  endfacet
  facet normal 0.566728 0.823886 0.00560509
    outer loop
      vertex -3.61652 60.3458 7.36589
      vertex -3.5 60.2679 7.03504
      vertex -3.5135 60.277 7.06242
    endloop
  endfacet
  facet normal -0.946965 0.321336 -4.83654e-06
    outer loop
      vertex -0.652241 61.2346 6.90403
      vertex -0.568148 61.4824 5.64969
      vertex -0.615892 61.3417 5.63348
    endloop
  endfacet
  facet normal -0.946941 0.321406 0
    outer loop
      vertex -0.568148 61.4824 5.64969
      vertex -0.625 61.3149 6.91747
      vertex -0.568148 61.4824 6.95546
    endloop
  endfacet
  facet normal -0.946948 0.321388 0
    outer loop
      vertex -0.652241 61.2346 6.90403
      vertex -0.615892 61.3417 5.63348
      vertex -0.652241 61.2346 5.62625
    endloop
  endfacet
  facet normal -0.946991 0.321261 -2.137e-05
    outer loop
      vertex -0.568148 61.4824 5.64969
      vertex -0.652241 61.2346 6.90403
      vertex -0.625 61.3149 6.91747
    endloop
  endfacet
  facet normal -0.946941 0.321406 0
    outer loop
      vertex -0.625 61.3149 9.08253
      vertex -0.568148 61.4824 10.3503
      vertex -0.568148 61.4824 9.04454
    endloop
  endfacet
  facet normal -0.946991 0.321261 2.13705e-05
    outer loop
      vertex -0.652241 61.2346 9.09596
      vertex -0.568148 61.4824 10.3503
      vertex -0.625 61.3149 9.08253
    endloop
  endfacet
  facet normal -0.946965 0.321336 4.83661e-06
    outer loop
      vertex -0.568148 61.4824 10.3503
      vertex -0.652241 61.2346 9.09596
      vertex -0.615892 61.3417 10.3665
    endloop
  endfacet
  facet normal -0.946948 0.321388 0
    outer loop
      vertex -0.615892 61.3417 10.3665
      vertex -0.652241 61.2346 9.09596
      vertex -0.652241 61.2346 10.3737
    endloop
  endfacet
  facet normal -0.195093 0.980785 0
    outer loop
      vertex -2.13388 60.038 7.11612
      vertex -2.23895 60.0171 5.76183
      vertex -2.23895 60.0171 7.23592
    endloop
  endfacet
  facet normal -0.195433 0.980717 2.74563e-05
    outer loop
      vertex -2.01095 60.0625 7.00831
      vertex -2.23895 60.0171 5.76183
      vertex -2.13388 60.038 7.11612
    endloop
  endfacet
  facet normal -0.192555 0.981286 -0.000519817
    outer loop
      vertex -1.98236 60.0681 6.9892
      vertex -2.23895 60.0171 5.76183
      vertex -2.01095 60.0625 7.00831
    endloop
  endfacet
  facet normal -0.194742 0.980854 -4.45858e-05
    outer loop
      vertex -1.98236 60.0681 6.9892
      vertex -2.18757 60.0273 5.7365
      vertex -2.23895 60.0171 5.76183
    endloop
  endfacet
  facet normal -0.195004 0.980802 0
    outer loop
      vertex -2.18757 60.0273 5.7365
      vertex -1.98236 60.0681 6.9892
      vertex -1.98236 60.0681 5.66683
    endloop
  endfacet
  facet normal -0.195004 0.980802 0
    outer loop
      vertex -1.98236 60.0681 9.01079
      vertex -2.18757 60.0273 10.2635
      vertex -1.98236 60.0681 10.3332
    endloop
  endfacet
  facet normal -0.194742 0.980855 4.45894e-05
    outer loop
      vertex -2.18757 60.0273 10.2635
      vertex -1.98236 60.0681 9.01079
      vertex -2.23895 60.0171 10.2382
    endloop
  endfacet
  facet normal -0.192554 0.981286 0.000519835
    outer loop
      vertex -2.01095 60.0625 8.99169
      vertex -2.23895 60.0171 10.2382
      vertex -1.98236 60.0681 9.01079
    endloop
  endfacet
  facet normal -0.195433 0.980717 -2.74557e-05
    outer loop
      vertex -2.13388 60.038 8.88388
      vertex -2.23895 60.0171 10.2382
      vertex -2.01095 60.0625 8.99169
    endloop
  endfacet
  facet normal -0.195093 0.980785 0
    outer loop
      vertex -2.23895 60.0171 10.2382
      vertex -2.13388 60.038 8.88388
      vertex -2.23895 60.0171 8.76408
    endloop
  endfacet
  facet normal 0.195199 0.980764 -0.000286657
    outer loop
      vertex -2.76105 60.0171 9.92654
      vertex -3.01764 60.0681 9.69224
      vertex -2.98241 60.0611 9.73241
    endloop
  endfacet
  facet normal 0.194947 0.980814 0
    outer loop
      vertex -2.76105 60.0171 9.92654
      vertex -3.01764 60.0681 6.30776
      vertex -3.01764 60.0681 9.69224
    endloop
  endfacet
  facet normal 0.194947 0.980814 -0
    outer loop
      vertex -2.76105 60.0171 6.07346
      vertex -3.01764 60.0681 6.30776
      vertex -2.76105 60.0171 9.92654
    endloop
  endfacet
  facet normal 0.195199 0.980764 0.000286657
    outer loop
      vertex -3.01764 60.0681 6.30776
      vertex -2.76105 60.0171 6.07346
      vertex -2.98241 60.0611 6.26759
    endloop
  endfacet
  facet normal -0.753306 0.657671 0
    outer loop
      vertex -0.913293 60.7825 5.57433
      vertex -0.926476 60.7674 6.79259
      vertex -0.913293 60.7825 6.79707
    endloop
  endfacet
  facet normal -0.752002 0.65916 -5.16426e-05
    outer loop
      vertex -1.08579 60.5858 6.7609
      vertex -0.913293 60.7825 5.57433
      vertex -0.93021 60.7632 5.57096
    endloop
  endfacet
  facet normal -0.751831 0.659356 0
    outer loop
      vertex -1.08579 60.5858 6.7609
      vertex -0.93021 60.7632 5.57096
      vertex -1.08579 60.5858 5.56076
    endloop
  endfacet
  facet normal -0.75173 0.659471 3.93593e-05
    outer loop
      vertex -0.913293 60.7825 5.57433
      vertex -1.08579 60.5858 6.7609
      vertex -0.926476 60.7674 6.79259
    endloop
  endfacet
  facet normal -0.753306 0.657671 0
    outer loop
      vertex -0.926476 60.7674 9.20741
      vertex -0.913293 60.7825 10.4257
      vertex -0.913293 60.7825 9.20293
    endloop
  endfacet
  facet normal -0.75173 0.659471 -3.93584e-05
    outer loop
      vertex -1.08579 60.5858 9.2391
      vertex -0.913293 60.7825 10.4257
      vertex -0.926476 60.7674 9.20741
    endloop
  endfacet
  facet normal -0.752002 0.65916 5.16715e-05
    outer loop
      vertex -0.913293 60.7825 10.4257
      vertex -1.08579 60.5858 9.2391
      vertex -0.93021 60.7632 10.429
    endloop
  endfacet
  facet normal -0.751831 0.659356 0
    outer loop
      vertex -0.93021 60.7632 10.429
      vertex -1.08579 60.5858 9.2391
      vertex -1.08579 60.5858 10.4392
    endloop
  endfacet
  facet normal -0.896848 0.442338 0
    outer loop
      vertex -0.767949 61 6.84697
      vertex -0.652241 61.2346 5.62625
      vertex -0.767949 61 5.60324
    endloop
  endfacet
  facet normal -0.896848 0.442338 0
    outer loop
      vertex -0.652241 61.2346 5.62625
      vertex -0.767949 61 6.84697
      vertex -0.652241 61.2346 6.90403
    endloop
  endfacet
  facet normal -0.896848 0.442338 0
    outer loop
      vertex -0.767949 61 9.15303
      vertex -0.652241 61.2346 10.3737
      vertex -0.652241 61.2346 9.09596
    endloop
  endfacet
  facet normal -0.896848 0.442338 0
    outer loop
      vertex -0.652241 61.2346 10.3737
      vertex -0.767949 61 9.15303
      vertex -0.767949 61 10.3968
    endloop
  endfacet
  facet normal -0.0655229 0.997851 0
    outer loop
      vertex -2.23895 60.0171 8.76408
      vertex -2.475 60.0016 10.1218
      vertex -2.23895 60.0171 10.2382
    endloop
  endfacet
  facet normal -0.0640414 0.997947 0.000258673
    outer loop
      vertex -2.475 60.0016 10.1218
      vertex -2.23895 60.0171 8.76408
      vertex -2.5 60 10.1051
    endloop
  endfacet
  facet normal -0.0714474 0.997444 -0.00118943
    outer loop
      vertex -2.24169 60.0169 8.76095
      vertex -2.5 60 10.1051
      vertex -2.23895 60.0171 8.76408
    endloop
  endfacet
  facet normal -0.0649184 0.997891 7.08781e-05
    outer loop
      vertex -2.33253 60.011 8.625
      vertex -2.5 60 10.1051
      vertex -2.24169 60.0169 8.76095
    endloop
  endfacet
  facet normal -0.0660984 0.997813 -6.32048e-05
    outer loop
      vertex -2.40485 60.0062 8.47835
      vertex -2.5 60 10.1051
      vertex -2.33253 60.011 8.625
    endloop
  endfacet
  facet normal -0.064622 0.99791 2.35156e-05
    outer loop
      vertex -2.45741 60.0028 8.32352
      vertex -2.5 60 10.1051
      vertex -2.40485 60.0062 8.47835
    endloop
  endfacet
  facet normal -0.0656792 0.997841 -1.86521e-06
    outer loop
      vertex -2.48931 60.0007 8.16316
      vertex -2.5 60 10.1051
      vertex -2.45741 60.0028 8.32352
    endloop
  endfacet
  facet normal -0.0653418 0.997863 0
    outer loop
      vertex -2.5 60 10.1051
      vertex -2.48931 60.0007 8.16316
      vertex -2.5 60 8
    endloop
  endfacet
  facet normal -0.0653418 0.997863 0
    outer loop
      vertex -2.48931 60.0007 7.83684
      vertex -2.5 60 5.89494
      vertex -2.5 60 8
    endloop
  endfacet
  facet normal -0.0656792 0.997841 1.86524e-06
    outer loop
      vertex -2.45741 60.0028 7.67648
      vertex -2.5 60 5.89494
      vertex -2.48931 60.0007 7.83684
    endloop
  endfacet
  facet normal -0.064622 0.99791 -2.35161e-05
    outer loop
      vertex -2.40485 60.0062 7.52165
      vertex -2.5 60 5.89494
      vertex -2.45741 60.0028 7.67648
    endloop
  endfacet
  facet normal -0.0660984 0.997813 6.32062e-05
    outer loop
      vertex -2.33253 60.011 7.375
      vertex -2.5 60 5.89494
      vertex -2.40485 60.0062 7.52165
    endloop
  endfacet
  facet normal -0.0649184 0.997891 -7.08797e-05
    outer loop
      vertex -2.24169 60.0169 7.23905
      vertex -2.5 60 5.89494
      vertex -2.33253 60.011 7.375
    endloop
  endfacet
  facet normal -0.0714473 0.997444 0.00118946
    outer loop
      vertex -2.23895 60.0171 7.23592
      vertex -2.5 60 5.89494
      vertex -2.24169 60.0169 7.23905
    endloop
  endfacet
  facet normal -0.0640414 0.997947 -0.00025868
    outer loop
      vertex -2.23895 60.0171 7.23592
      vertex -2.475 60.0016 5.87824
      vertex -2.5 60 5.89494
    endloop
  endfacet
  facet normal -0.0655229 0.997851 0
    outer loop
      vertex -2.475 60.0016 5.87824
      vertex -2.23895 60.0171 7.23592
      vertex -2.23895 60.0171 5.76183
    endloop
  endfacet
  facet normal -0.442639 0.8967 0
    outer loop
      vertex -1.72835 60.1553 6.84515
      vertex -1.73463 60.1522 5.60375
      vertex -1.73463 60.1522 6.84825
    endloop
  endfacet
  facet normal -0.442505 0.896766 -8.43035e-07
    outer loop
      vertex -1.57352 60.2317 6.79259
      vertex -1.73463 60.1522 5.60375
      vertex -1.72835 60.1553 6.84515
    endloop
  endfacet
  facet normal -0.441759 0.897134 -0.000126516
    outer loop
      vertex -1.5 60.2679 6.77797
      vertex -1.73463 60.1522 5.60375
      vertex -1.57352 60.2317 6.79259
    endloop
  endfacet
  facet normal -0.44233 0.896853 1.52898e-05
    outer loop
      vertex -1.5 60.2679 6.77797
      vertex -1.56979 60.2335 5.57096
      vertex -1.73463 60.1522 5.60375
    endloop
  endfacet
  facet normal -0.442117 0.896957 0
    outer loop
      vertex -1.56979 60.2335 5.57096
      vertex -1.5 60.2679 6.77797
      vertex -1.5 60.2679 5.56639
    endloop
  endfacet
  facet normal -0.442117 0.896957 0
    outer loop
      vertex -1.5 60.2679 9.22203
      vertex -1.56979 60.2335 10.429
      vertex -1.5 60.2679 10.4336
    endloop
  endfacet
  facet normal -0.44233 0.896853 -1.52902e-05
    outer loop
      vertex -1.56979 60.2335 10.429
      vertex -1.5 60.2679 9.22203
      vertex -1.73463 60.1522 10.3962
    endloop
  endfacet
  facet normal -0.441759 0.897134 0.000126521
    outer loop
      vertex -1.57352 60.2317 9.20741
      vertex -1.73463 60.1522 10.3962
      vertex -1.5 60.2679 9.22203
    endloop
  endfacet
  facet normal -0.442505 0.896766 8.43069e-07
    outer loop
      vertex -1.72835 60.1553 9.15485
      vertex -1.73463 60.1522 10.3962
      vertex -1.57352 60.2317 9.20741
    endloop
  endfacet
  facet normal -0.442639 0.8967 0
    outer loop
      vertex -1.73463 60.1522 10.3962
      vertex -1.72835 60.1553 9.15485
      vertex -1.73463 60.1522 9.15175
    endloop
  endfacet
  facet normal -0.829932 0.557865 0
    outer loop
      vertex -0.767949 61 5.60324
      vertex -0.771646 60.9945 6.84515
      vertex -0.767949 61 6.84697
    endloop
  endfacet
  facet normal -0.831443 0.55561 0
    outer loop
      vertex -0.913293 60.7825 6.79707
      vertex -0.767949 61 5.60324
      vertex -0.913293 60.7825 5.57433
    endloop
  endfacet
  facet normal -0.831481 0.555554 -1.48455e-05
    outer loop
      vertex -0.767949 61 5.60324
      vertex -0.913293 60.7825 6.79707
      vertex -0.771646 60.9945 6.84515
    endloop
  endfacet
  facet normal -0.829932 0.557865 0
    outer loop
      vertex -0.771646 60.9945 9.15485
      vertex -0.767949 61 10.3968
      vertex -0.767949 61 9.15303
    endloop
  endfacet
  facet normal -0.831481 0.555554 1.48451e-05
    outer loop
      vertex -0.913293 60.7825 9.20293
      vertex -0.767949 61 10.3968
      vertex -0.771646 60.9945 9.15485
    endloop
  endfacet
  facet normal -0.831443 0.55561 0
    outer loop
      vertex -0.767949 61 10.3968
      vertex -0.913293 60.7825 9.20293
      vertex -0.913293 60.7825 10.4257
    endloop
  endfacet
  facet normal 0.0623494 0.998045 0.00442565
    outer loop
      vertex -2.5 60 10.1051
      vertex -2.76105 60.0171 9.92654
      vertex -2.74146 60.0158 9.94372
    endloop
  endfacet
  facet normal 0.0653646 0.997861 -0
    outer loop
      vertex -2.5 60 8
      vertex -2.76105 60.0171 9.92654
      vertex -2.5 60 10.1051
    endloop
  endfacet
  facet normal 0.0653646 0.997861 0
    outer loop
      vertex -2.5 60 8
      vertex -2.76105 60.0171 6.07346
      vertex -2.76105 60.0171 9.92654
    endloop
  endfacet
  facet normal 0.0661245 0.997811 -0.000103407
    outer loop
      vertex -2.5 60 8
      vertex -2.74146 60.0158 6.05628
      vertex -2.76105 60.0171 6.07346
    endloop
  endfacet
  facet normal 0.0652956 0.997866 0
    outer loop
      vertex -2.74146 60.0158 6.05628
      vertex -2.5 60 8
      vertex -2.5 60 5.89494
    endloop
  endfacet
  facet normal 0.443823 0.896114 -0.00108236
    outer loop
      vertex -3.26537 60.1522 9.38423
      vertex -3.5 60.2679 8.96496
      vertex -3.37176 60.2047 9.225
    endloop
  endfacet
  facet normal 0.442268 0.896883 0
    outer loop
      vertex -3.26537 60.1522 9.38423
      vertex -3.5 60.2679 7.03504
      vertex -3.5 60.2679 8.96496
    endloop
  endfacet
  facet normal 0.442268 0.896883 -0
    outer loop
      vertex -3.26537 60.1522 6.61577
      vertex -3.5 60.2679 7.03504
      vertex -3.26537 60.1522 9.38423
    endloop
  endfacet
  facet normal 0.443823 0.896114 0.00108236
    outer loop
      vertex -3.5 60.2679 7.03504
      vertex -3.26537 60.1522 6.61577
      vertex -3.37176 60.2047 6.775
    endloop
  endfacet
endsolid OpenSCAD_Model
