solid OpenSCAD_Model
  facet normal 0 -0.98077 0.195165
    outer loop
      vertex -21.7 89.6321 10.36
      vertex -18.3 89.6755 10.5781
      vertex -21.7 89.6755 10.5781
    endloop
  endfacet
  facet normal 0 -0.98077 0.195165
    outer loop
      vertex -18.3 89.6755 10.5781
      vertex -21.7 89.6321 10.36
      vertex -18.3 89.6321 10.36
    endloop
  endfacet
  facet normal 0 -0.98077 0.195165
    outer loop
      vertex -1.7 89.6321 10.36
      vertex 1.7 89.6755 10.5781
      vertex -1.7 89.6755 10.5781
    endloop
  endfacet
  facet normal 0 -0.98077 0.195165
    outer loop
      vertex 1.7 89.6755 10.5781
      vertex -1.7 89.6321 10.36
      vertex 1.7 89.6321 10.36
    endloop
  endfacet
  facet normal 0 -0.98077 0.195165
    outer loop
      vertex 18.3 89.6321 10.36
      vertex 19.7 89.6755 10.5781
      vertex 18.3 89.6755 10.5781
    endloop
  endfacet
  facet normal 0 -0.98077 0.195165
    outer loop
      vertex 19.7 89.6755 10.5781
      vertex 18.3 89.6321 10.36
      vertex 19.7 89.6321 10.36
    endloop
  endfacet
  facet normal 0 -0.98077 0.195165
    outer loop
      vertex 36.3 89.6321 10.36
      vertex 42.5 89.6755 10.5781
      vertex 36.3 89.6755 10.5781
    endloop
  endfacet
  facet normal 0 -0.98077 0.195165
    outer loop
      vertex 42.5 89.6755 10.5781
      vertex 36.3 89.6321 10.36
      vertex 42.5 89.6321 10.36
    endloop
  endfacet
  facet normal 0 -0.98077 0.195165
    outer loop
      vertex -42.5 89.6321 10.36
      vertex -38.3 89.6755 10.5781
      vertex -42.5 89.6755 10.5781
    endloop
  endfacet
  facet normal 0 -0.98077 0.195165
    outer loop
      vertex -38.3 89.6755 10.5781
      vertex -42.5 89.6321 10.36
      vertex -38.3 89.6321 10.36
    endloop
  endfacet
  facet normal 0 0.98077 -0.195165
    outer loop
      vertex -39.48 86.3045 11.0219
      vertex -42.5 86.3479 11.24
      vertex -39.4772 86.3479 11.24
    endloop
  endfacet
  facet normal 0 0.98077 -0.195165
    outer loop
      vertex -42.5 86.3479 11.24
      vertex -39.48 86.3045 11.0219
      vertex -42.5 86.3045 11.0219
    endloop
  endfacet
  facet normal 0 0.98077 -0.195165
    outer loop
      vertex 39.48 86.3045 11.0219
      vertex 42.5 86.3479 11.24
      vertex 42.5 86.3045 11.0219
    endloop
  endfacet
  facet normal 0 0.98077 -0.195165
    outer loop
      vertex 42.5 86.3479 11.24
      vertex 39.48 86.3045 11.0219
      vertex 39.4772 86.3479 11.24
    endloop
  endfacet
  facet normal 0 -0.946915 0.321484
    outer loop
      vertex -21.7 89.5606 10.1494
      vertex -18.3 89.6321 10.36
      vertex -21.7 89.6321 10.36
    endloop
  endfacet
  facet normal 0 -0.946915 0.321484
    outer loop
      vertex -18.3 89.6321 10.36
      vertex -21.7 89.5606 10.1494
      vertex -18.3 89.5606 10.1494
    endloop
  endfacet
  facet normal 0 -0.946915 0.321484
    outer loop
      vertex -1.7 89.5606 10.1494
      vertex 1.7 89.6321 10.36
      vertex -1.7 89.6321 10.36
    endloop
  endfacet
  facet normal 0 -0.946915 0.321484
    outer loop
      vertex 1.7 89.6321 10.36
      vertex -1.7 89.5606 10.1494
      vertex 1.7 89.5606 10.1494
    endloop
  endfacet
  facet normal 0 -0.946915 0.321484
    outer loop
      vertex 18.3 89.5606 10.1494
      vertex 19.7 89.6321 10.36
      vertex 18.3 89.6321 10.36
    endloop
  endfacet
  facet normal 0 -0.946915 0.321484
    outer loop
      vertex 19.7 89.6321 10.36
      vertex 18.3 89.5606 10.1494
      vertex 19.7 89.5606 10.1494
    endloop
  endfacet
  facet normal 0 -0.946915 0.321484
    outer loop
      vertex 36.3 89.5606 10.1494
      vertex 42.5 89.6321 10.36
      vertex 36.3 89.6321 10.36
    endloop
  endfacet
  facet normal 0 -0.946915 0.321484
    outer loop
      vertex 42.5 89.6321 10.36
      vertex 36.3 89.5606 10.1494
      vertex 42.5 89.5606 10.1494
    endloop
  endfacet
  facet normal 0 -0.946915 0.321484
    outer loop
      vertex -42.5 89.5606 10.1494
      vertex -38.3 89.6321 10.36
      vertex -42.5 89.6321 10.36
    endloop
  endfacet
  facet normal 0 -0.946915 0.321484
    outer loop
      vertex -38.3 89.6321 10.36
      vertex -42.5 89.5606 10.1494
      vertex -38.3 89.5606 10.1494
    endloop
  endfacet
  facet normal 0 -0.44253 -0.896754
    outer loop
      vertex 37.9138 88.6406 12.3706
      vertex 42.5 88.84 12.2722
      vertex 42.5 88.6406 12.3706
    endloop
  endfacet
  facet normal -1.25656e-05 -0.442298 -0.896868
    outer loop
      vertex 37.648 88.7716 12.306
      vertex 42.5 88.84 12.2722
      vertex 37.9138 88.6406 12.3706
    endloop
  endfacet
  facet normal -0 -0.443014 -0.896514
    outer loop
      vertex 42.5 88.84 12.2722
      vertex 37.648 88.7716 12.306
      vertex 37.4467 88.84 12.2722
    endloop
  endfacet
  facet normal 0 -0.44253 -0.896754
    outer loop
      vertex -42.5 88.6406 12.3706
      vertex -38.3 88.84 12.2722
      vertex -38.3 88.6406 12.3706
    endloop
  endfacet
  facet normal -0 -0.44253 -0.896754
    outer loop
      vertex -38.3 88.84 12.2722
      vertex -42.5 88.6406 12.3706
      vertex -42.5 88.84 12.2722
    endloop
  endfacet
  facet normal 0 0.997872 0.0652057
    outer loop
      vertex -39.48 86.3045 10.5781
      vertex -42.5 86.29 10.8
      vertex -39.481 86.29 10.8
    endloop
  endfacet
  facet normal 0 0.997872 0.0652057
    outer loop
      vertex -42.5 86.29 10.8
      vertex -39.48 86.3045 10.5781
      vertex -42.5 86.3045 10.5781
    endloop
  endfacet
  facet normal 0 0.997872 0.0652057
    outer loop
      vertex 42.5 86.3045 10.5781
      vertex 39.481 86.29 10.8
      vertex 42.5 86.29 10.8
    endloop
  endfacet
  facet normal 0 0.997872 0.0652057
    outer loop
      vertex 39.481 86.29 10.8
      vertex 42.5 86.3045 10.5781
      vertex 39.48 86.3045 10.5781
    endloop
  endfacet
  facet normal 0 -0.0653128 0.997865
    outer loop
      vertex -42.5 88.2119 9.11454
      vertex -38.6213 88.1213 9.10861
      vertex -38.518 88.2119 9.11454
    endloop
  endfacet
  facet normal -2.79748e-06 -0.065432 0.997857
    outer loop
      vertex -42.5 88.2119 9.11454
      vertex -38.7365 87.99 9.1
      vertex -38.6213 88.1213 9.10861
    endloop
  endfacet
  facet normal 0 -0.0653848 0.99786
    outer loop
      vertex -38.7365 87.99 9.1
      vertex -42.5 88.2119 9.11454
      vertex -42.5 87.99 9.1
    endloop
  endfacet
  facet normal 0 -0.0653848 0.99786
    outer loop
      vertex 42.5 88.2119 9.11454
      vertex 38.7365 87.99 9.1
      vertex 42.5 87.99 9.1
    endloop
  endfacet
  facet normal 2.79748e-06 -0.065432 0.997857
    outer loop
      vertex 42.5 88.2119 9.11454
      vertex 38.6213 88.1213 9.10861
      vertex 38.7365 87.99 9.1
    endloop
  endfacet
  facet normal 0 -0.0653128 0.997865
    outer loop
      vertex 38.6213 88.1213 9.10861
      vertex 42.5 88.2119 9.11454
      vertex 38.518 88.2119 9.11454
    endloop
  endfacet
  facet normal 0 0.0652057 -0.997872
    outer loop
      vertex -42.5 87.99 12.5
      vertex -38.9189 87.7681 12.4855
      vertex -42.5 87.7681 12.4855
    endloop
  endfacet
  facet normal -3.12655e-06 0.0651554 -0.997875
    outer loop
      vertex -38.9189 87.7681 12.4855
      vertex -42.5 87.99 12.5
      vertex -38.8801 87.8263 12.4893
    endloop
  endfacet
  facet normal 0 0.0652243 -0.997871
    outer loop
      vertex -38.8801 87.8263 12.4893
      vertex -42.5 87.99 12.5
      vertex -38.7365 87.99 12.5
    endloop
  endfacet
  facet normal 0 0.0652057 -0.997872
    outer loop
      vertex 38.9189 87.7681 12.4855
      vertex 42.5 87.99 12.5
      vertex 42.5 87.7681 12.4855
    endloop
  endfacet
  facet normal 3.12655e-06 0.0651554 -0.997875
    outer loop
      vertex 38.8801 87.8263 12.4893
      vertex 42.5 87.99 12.5
      vertex 38.9189 87.7681 12.4855
    endloop
  endfacet
  facet normal 0 0.0652243 -0.997871
    outer loop
      vertex 42.5 87.99 12.5
      vertex 38.8801 87.8263 12.4893
      vertex 38.7365 87.99 12.5
    endloop
  endfacet
  facet normal -0 0.195122 0.980779
    outer loop
      vertex -42.5 87.7681 9.11454
      vertex -39.0647 87.55 9.15793
      vertex -38.9189 87.7681 9.11454
    endloop
  endfacet
  facet normal 0 0.195122 0.980779
    outer loop
      vertex -39.0647 87.55 9.15793
      vertex -42.5 87.7681 9.11454
      vertex -42.5 87.55 9.15793
    endloop
  endfacet
  facet normal 0 0.195122 0.980779
    outer loop
      vertex 42.5 87.7681 9.11454
      vertex 39.0647 87.55 9.15793
      vertex 42.5 87.55 9.15793
    endloop
  endfacet
  facet normal 0 0.195122 0.980779
    outer loop
      vertex 39.0647 87.55 9.15793
      vertex 42.5 87.7681 9.11454
      vertex 38.9189 87.7681 9.11454
    endloop
  endfacet
  facet normal 0 -0.5547 -0.83205
    outer loop
      vertex -21.7 89 12.1653
      vertex -18.3 89.0249 12.1487
      vertex -18.3 89 12.1653
    endloop
  endfacet
  facet normal -0 -0.5547 -0.83205
    outer loop
      vertex -18.3 89.0249 12.1487
      vertex -21.7 89 12.1653
      vertex -21.7 89.0249 12.1487
    endloop
  endfacet
  facet normal 0 -0.5547 -0.83205
    outer loop
      vertex -1.7 89 12.1653
      vertex 1.7 89.0249 12.1487
      vertex 1.7 89 12.1653
    endloop
  endfacet
  facet normal -0 -0.5547 -0.83205
    outer loop
      vertex 1.7 89.0249 12.1487
      vertex -1.7 89 12.1653
      vertex -1.7 89.0249 12.1487
    endloop
  endfacet
  facet normal 0 -0.5547 -0.83205
    outer loop
      vertex 18.3 89 12.1653
      vertex 19.7 89.0249 12.1487
      vertex 19.7 89 12.1653
    endloop
  endfacet
  facet normal -0 -0.5547 -0.83205
    outer loop
      vertex 19.7 89.0249 12.1487
      vertex 18.3 89 12.1653
      vertex 18.3 89.0249 12.1487
    endloop
  endfacet
  facet normal 0 -0.555426 -0.831566
    outer loop
      vertex 37.4467 88.84 12.2722
      vertex 42.5 89.0249 12.1487
      vertex 42.5 88.84 12.2722
    endloop
  endfacet
  facet normal -2.98148e-06 -0.55537 -0.831603
    outer loop
      vertex 37.2765 88.8978 12.2336
      vertex 42.5 89.0249 12.1487
      vertex 37.4467 88.84 12.2722
    endloop
  endfacet
  facet normal -7.41595e-08 -0.555453 -0.831548
    outer loop
      vertex 36.8916 88.9743 12.1825
      vertex 42.5 89.0249 12.1487
      vertex 37.2765 88.8978 12.2336
    endloop
  endfacet
  facet normal 0.000299955 -0.553031 -0.833161
    outer loop
      vertex 36.3 89.0249 12.1487
      vertex 36.8916 88.9743 12.1825
      vertex 36.5 89 12.1653
    endloop
  endfacet
  facet normal 0 -0.5547 -0.83205
    outer loop
      vertex 36.3 89.0249 12.1487
      vertex 36.5 89 12.1653
      vertex 36.3 89 12.1653
    endloop
  endfacet
  facet normal 0 -0.555458 -0.831544
    outer loop
      vertex 36.8916 88.9743 12.1825
      vertex 36.3 89.0249 12.1487
      vertex 42.5 89.0249 12.1487
    endloop
  endfacet
  facet normal 0 -0.555426 -0.831566
    outer loop
      vertex -42.5 88.84 12.2722
      vertex -38.3 89.0249 12.1487
      vertex -38.3 88.84 12.2722
    endloop
  endfacet
  facet normal -0 -0.555426 -0.831566
    outer loop
      vertex -38.3 89.0249 12.1487
      vertex -42.5 88.84 12.2722
      vertex -42.5 89.0249 12.1487
    endloop
  endfacet
  facet normal 0 0.321484 -0.946915
    outer loop
      vertex -42.5 87.55 12.4421
      vertex -39.1773 87.3394 12.3706
      vertex -42.5 87.3394 12.3706
    endloop
  endfacet
  facet normal -8.94809e-06 0.321357 -0.946958
    outer loop
      vertex -39.1773 87.3394 12.3706
      vertex -42.5 87.55 12.4421
      vertex -39.0981 87.5 12.4251
    endloop
  endfacet
  facet normal 0 0.321903 -0.946773
    outer loop
      vertex -39.0981 87.5 12.4251
      vertex -42.5 87.55 12.4421
      vertex -39.0647 87.55 12.4421
    endloop
  endfacet
  facet normal 0 0.321484 -0.946915
    outer loop
      vertex 39.1773 87.3394 12.3706
      vertex 42.5 87.55 12.4421
      vertex 42.5 87.3394 12.3706
    endloop
  endfacet
  facet normal 8.94809e-06 0.321357 -0.946958
    outer loop
      vertex 39.0981 87.5 12.4251
      vertex 42.5 87.55 12.4421
      vertex 39.1773 87.3394 12.3706
    endloop
  endfacet
  facet normal 0 0.321903 -0.946773
    outer loop
      vertex 42.5 87.55 12.4421
      vertex 39.0981 87.5 12.4251
      vertex 39.0647 87.55 12.4421
    endloop
  endfacet
  facet normal 0 -0.659319 0.751863
    outer loop
      vertex -42.5 89.1921 9.59792
      vertex -38.3 89.0249 9.4513
      vertex -38.3 89.1921 9.59792
    endloop
  endfacet
  facet normal 0 -0.659319 0.751863
    outer loop
      vertex -38.3 89.0249 9.4513
      vertex -42.5 89.1921 9.59792
      vertex -42.5 89.0249 9.4513
    endloop
  endfacet
  facet normal 0 -0.659319 0.751863
    outer loop
      vertex -21.7 89.1921 9.59792
      vertex -18.3 89.0249 9.4513
      vertex -18.3 89.1921 9.59792
    endloop
  endfacet
  facet normal 0 -0.659319 0.751863
    outer loop
      vertex -18.3 89.0249 9.4513
      vertex -21.7 89.1921 9.59792
      vertex -21.7 89.0249 9.4513
    endloop
  endfacet
  facet normal 0 -0.659319 0.751863
    outer loop
      vertex -1.7 89.1921 9.59792
      vertex 1.7 89.0249 9.4513
      vertex 1.7 89.1921 9.59792
    endloop
  endfacet
  facet normal 0 -0.659319 0.751863
    outer loop
      vertex 1.7 89.0249 9.4513
      vertex -1.7 89.1921 9.59792
      vertex -1.7 89.0249 9.4513
    endloop
  endfacet
  facet normal 0 -0.659319 0.751863
    outer loop
      vertex 18.3 89.1921 9.59792
      vertex 19.7 89.0249 9.4513
      vertex 19.7 89.1921 9.59792
    endloop
  endfacet
  facet normal 0 -0.659319 0.751863
    outer loop
      vertex 19.7 89.0249 9.4513
      vertex 18.3 89.1921 9.59792
      vertex 18.3 89.0249 9.4513
    endloop
  endfacet
  facet normal 0 -0.659319 0.751863
    outer loop
      vertex 36.3 89.1921 9.59792
      vertex 42.5 89.0249 9.4513
      vertex 42.5 89.1921 9.59792
    endloop
  endfacet
  facet normal 0 -0.659319 0.751863
    outer loop
      vertex 42.5 89.0249 9.4513
      vertex 36.3 89.1921 9.59792
      vertex 36.3 89.0249 9.4513
    endloop
  endfacet
  facet normal 0 -0.751908 -0.659268
    outer loop
      vertex -42.5 89.3387 11.8349
      vertex -38.3 89.1921 12.0021
      vertex -42.5 89.1921 12.0021
    endloop
  endfacet
  facet normal 0 -0.751908 -0.659268
    outer loop
      vertex -38.3 89.1921 12.0021
      vertex -42.5 89.3387 11.8349
      vertex -38.3 89.3387 11.8349
    endloop
  endfacet
  facet normal 0 -0.751908 -0.659268
    outer loop
      vertex -21.7 89.3387 11.8349
      vertex -18.3 89.1921 12.0021
      vertex -21.7 89.1921 12.0021
    endloop
  endfacet
  facet normal 0 -0.751908 -0.659268
    outer loop
      vertex -18.3 89.1921 12.0021
      vertex -21.7 89.3387 11.8349
      vertex -18.3 89.3387 11.8349
    endloop
  endfacet
  facet normal 0 -0.751908 -0.659268
    outer loop
      vertex -1.7 89.3387 11.8349
      vertex 1.7 89.1921 12.0021
      vertex -1.7 89.1921 12.0021
    endloop
  endfacet
  facet normal 0 -0.751908 -0.659268
    outer loop
      vertex 1.7 89.1921 12.0021
      vertex -1.7 89.3387 11.8349
      vertex 1.7 89.3387 11.8349
    endloop
  endfacet
  facet normal 0 -0.751908 -0.659268
    outer loop
      vertex 18.3 89.3387 11.8349
      vertex 19.7 89.1921 12.0021
      vertex 18.3 89.1921 12.0021
    endloop
  endfacet
  facet normal 0 -0.751908 -0.659268
    outer loop
      vertex 19.7 89.1921 12.0021
      vertex 18.3 89.3387 11.8349
      vertex 19.7 89.3387 11.8349
    endloop
  endfacet
  facet normal 0 -0.751908 -0.659268
    outer loop
      vertex 36.3 89.3387 11.8349
      vertex 42.5 89.1921 12.0021
      vertex 36.3 89.1921 12.0021
    endloop
  endfacet
  facet normal 0 -0.751908 -0.659268
    outer loop
      vertex 42.5 89.1921 12.0021
      vertex 36.3 89.3387 11.8349
      vertex 42.5 89.3387 11.8349
    endloop
  endfacet
  facet normal -1.58625e-05 0.751744 0.659456
    outer loop
      vertex -42.5 86.7879 9.59792
      vertex -39.4247 86.6413 9.76511
      vertex -39.3978 86.7765 9.61099
    endloop
  endfacet
  facet normal -0 0.753612 0.65732
    outer loop
      vertex -42.5 86.7879 9.59792
      vertex -39.3978 86.7765 9.61099
      vertex -39.3939 86.7879 9.59792
    endloop
  endfacet
  facet normal 0 0.751888 0.659291
    outer loop
      vertex -39.4247 86.6413 9.76511
      vertex -42.5 86.7879 9.59792
      vertex -42.5 86.6413 9.76511
    endloop
  endfacet
  facet normal 0 0.751888 0.659291
    outer loop
      vertex 42.5 86.7879 9.59792
      vertex 39.4247 86.6413 9.76511
      vertex 42.5 86.6413 9.76511
    endloop
  endfacet
  facet normal 1.58625e-05 0.751744 0.659456
    outer loop
      vertex 39.4247 86.6413 9.76511
      vertex 42.5 86.7879 9.59792
      vertex 39.3978 86.7765 9.61099
    endloop
  endfacet
  facet normal 0 0.753612 0.65732
    outer loop
      vertex 39.3978 86.7765 9.61099
      vertex 42.5 86.7879 9.59792
      vertex 39.3939 86.7879 9.59792
    endloop
  endfacet
  facet normal -0 0.555551 0.831483
    outer loop
      vertex -42.5 87.14 9.32776
      vertex -39.3371 86.9551 9.4513
      vertex -39.2744 87.14 9.32776
    endloop
  endfacet
  facet normal 0 0.555551 0.831483
    outer loop
      vertex -39.3371 86.9551 9.4513
      vertex -42.5 87.14 9.32776
      vertex -42.5 86.9551 9.4513
    endloop
  endfacet
  facet normal 0 0.555551 0.831483
    outer loop
      vertex 42.5 87.14 9.32776
      vertex 39.3371 86.9551 9.4513
      vertex 42.5 86.9551 9.4513
    endloop
  endfacet
  facet normal 0 0.555551 0.831483
    outer loop
      vertex 39.3371 86.9551 9.4513
      vertex 42.5 87.14 9.32776
      vertex 39.2744 87.14 9.32776
    endloop
  endfacet
  facet normal 0 0.946827 0.321744
    outer loop
      vertex -39.4743 86.3916 10.2314
      vertex -42.5 86.3479 10.36
      vertex -39.4772 86.3479 10.36
    endloop
  endfacet
  facet normal -0 0.947054 0.321074
    outer loop
      vertex -42.5 86.4194 10.1494
      vertex -39.4743 86.3916 10.2314
      vertex -39.4688 86.4194 10.1494
    endloop
  endfacet
  facet normal -1.23637e-05 0.946915 0.321484
    outer loop
      vertex -39.4743 86.3916 10.2314
      vertex -42.5 86.4194 10.1494
      vertex -42.5 86.3479 10.36
    endloop
  endfacet
  facet normal 0 0.946827 0.321744
    outer loop
      vertex 42.5 86.3479 10.36
      vertex 39.4743 86.3916 10.2314
      vertex 39.4772 86.3479 10.36
    endloop
  endfacet
  facet normal 1.23637e-05 0.946915 0.321484
    outer loop
      vertex 42.5 86.4194 10.1494
      vertex 39.4743 86.3916 10.2314
      vertex 42.5 86.3479 10.36
    endloop
  endfacet
  facet normal 0 0.947054 0.321074
    outer loop
      vertex 39.4743 86.3916 10.2314
      vertex 42.5 86.4194 10.1494
      vertex 39.4688 86.4194 10.1494
    endloop
  endfacet
  facet normal 0 0.997872 -0.0652057
    outer loop
      vertex -39.481 86.29 10.8
      vertex -42.5 86.3045 11.0219
      vertex -39.48 86.3045 11.0219
    endloop
  endfacet
  facet normal 0 0.997872 -0.0652057
    outer loop
      vertex -42.5 86.3045 11.0219
      vertex -39.481 86.29 10.8
      vertex -42.5 86.29 10.8
    endloop
  endfacet
  facet normal 0 0.997872 -0.0652057
    outer loop
      vertex 42.5 86.29 10.8
      vertex 39.48 86.3045 11.0219
      vertex 42.5 86.3045 11.0219
    endloop
  endfacet
  facet normal 0 0.997872 -0.0652057
    outer loop
      vertex 39.48 86.3045 11.0219
      vertex 42.5 86.29 10.8
      vertex 39.481 86.29 10.8
    endloop
  endfacet
  facet normal 0 -0.946915 -0.321484
    outer loop
      vertex -21.7 89.6321 11.24
      vertex -18.3 89.5606 11.4506
      vertex -21.7 89.5606 11.4506
    endloop
  endfacet
  facet normal 0 -0.946915 -0.321484
    outer loop
      vertex -18.3 89.5606 11.4506
      vertex -21.7 89.6321 11.24
      vertex -18.3 89.6321 11.24
    endloop
  endfacet
  facet normal 0 -0.946915 -0.321484
    outer loop
      vertex -1.7 89.6321 11.24
      vertex 1.7 89.5606 11.4506
      vertex -1.7 89.5606 11.4506
    endloop
  endfacet
  facet normal 0 -0.946915 -0.321484
    outer loop
      vertex 1.7 89.5606 11.4506
      vertex -1.7 89.6321 11.24
      vertex 1.7 89.6321 11.24
    endloop
  endfacet
  facet normal 0 -0.946915 -0.321484
    outer loop
      vertex 18.3 89.6321 11.24
      vertex 19.7 89.5606 11.4506
      vertex 18.3 89.5606 11.4506
    endloop
  endfacet
  facet normal 0 -0.946915 -0.321484
    outer loop
      vertex 19.7 89.5606 11.4506
      vertex 18.3 89.6321 11.24
      vertex 19.7 89.6321 11.24
    endloop
  endfacet
  facet normal 0 -0.946915 -0.321484
    outer loop
      vertex 36.3 89.6321 11.24
      vertex 42.5 89.5606 11.4506
      vertex 36.3 89.5606 11.4506
    endloop
  endfacet
  facet normal 0 -0.946915 -0.321484
    outer loop
      vertex 42.5 89.5606 11.4506
      vertex 36.3 89.6321 11.24
      vertex 42.5 89.6321 11.24
    endloop
  endfacet
  facet normal 0 -0.946915 -0.321484
    outer loop
      vertex -42.5 89.6321 11.24
      vertex -38.3 89.5606 11.4506
      vertex -42.5 89.5606 11.4506
    endloop
  endfacet
  facet normal 0 -0.946915 -0.321484
    outer loop
      vertex -38.3 89.5606 11.4506
      vertex -42.5 89.6321 11.24
      vertex -38.3 89.6321 11.24
    endloop
  endfacet
  facet normal -0 0.442296 0.896869
    outer loop
      vertex -42.5 87.3394 9.2294
      vertex -39.2716 87.148 9.32379
      vertex -39.1773 87.3394 9.2294
    endloop
  endfacet
  facet normal 0.000160992 0.444479 0.895789
    outer loop
      vertex -42.5 87.3394 9.2294
      vertex -39.2744 87.14 9.32776
      vertex -39.2716 87.148 9.32379
    endloop
  endfacet
  facet normal 0 0.442386 0.896825
    outer loop
      vertex -39.2744 87.14 9.32776
      vertex -42.5 87.3394 9.2294
      vertex -42.5 87.14 9.32776
    endloop
  endfacet
  facet normal 0 0.442386 0.896825
    outer loop
      vertex 42.5 87.3394 9.2294
      vertex 39.2744 87.14 9.32776
      vertex 42.5 87.14 9.32776
    endloop
  endfacet
  facet normal -0.000160992 0.444479 0.895789
    outer loop
      vertex 42.5 87.3394 9.2294
      vertex 39.2716 87.148 9.32379
      vertex 39.2744 87.14 9.32776
    endloop
  endfacet
  facet normal 0 0.442296 0.896869
    outer loop
      vertex 39.2716 87.148 9.32379
      vertex 42.5 87.3394 9.2294
      vertex 39.1773 87.3394 9.2294
    endloop
  endfacet
  facet normal 0 -0.195165 -0.98077
    outer loop
      vertex 38.518 88.2119 12.4855
      vertex 42.5 88.43 12.4421
      vertex 42.5 88.2119 12.4855
    endloop
  endfacet
  facet normal 8.91729e-06 -0.195321 -0.980739
    outer loop
      vertex 38.3263 88.3801 12.452
      vertex 42.5 88.43 12.4421
      vertex 38.518 88.2119 12.4855
    endloop
  endfacet
  facet normal -0 -0.194604 -0.980882
    outer loop
      vertex 42.5 88.43 12.4421
      vertex 38.3263 88.3801 12.452
      vertex 38.2516 88.43 12.4421
    endloop
  endfacet
  facet normal -0.00161181 -0.193786 -0.981042
    outer loop
      vertex -38.3263 88.3801 12.452
      vertex -38.3 88.43 12.4421
      vertex -38.3 88.3976 12.4485
    endloop
  endfacet
  facet normal -0.00123432 -0.193978 -0.981005
    outer loop
      vertex -38.518 88.2119 12.4855
      vertex -38.3 88.43 12.4421
      vertex -38.3263 88.3801 12.452
    endloop
  endfacet
  facet normal 0 -0.195165 -0.98077
    outer loop
      vertex -42.5 88.43 12.4421
      vertex -38.518 88.2119 12.4855
      vertex -42.5 88.2119 12.4855
    endloop
  endfacet
  facet normal 0 -0.195165 -0.98077
    outer loop
      vertex -38.518 88.2119 12.4855
      vertex -42.5 88.43 12.4421
      vertex -38.3 88.43 12.4421
    endloop
  endfacet
  facet normal -0.000805718 -0.194952 0.980813
    outer loop
      vertex -38.3 88.43 9.15793
      vertex -38.3263 88.3801 9.14799
      vertex -38.3 88.3976 9.15149
    endloop
  endfacet
  facet normal 0.000525033 -0.195626 0.980678
    outer loop
      vertex -38.3 88.43 9.15793
      vertex -38.518 88.2119 9.11454
      vertex -38.3263 88.3801 9.14799
    endloop
  endfacet
  facet normal 0 -0.195122 0.980779
    outer loop
      vertex -42.5 88.43 9.15793
      vertex -38.518 88.2119 9.11454
      vertex -38.3 88.43 9.15793
    endloop
  endfacet
  facet normal 0 -0.195122 0.980779
    outer loop
      vertex -38.518 88.2119 9.11454
      vertex -42.5 88.43 9.15793
      vertex -42.5 88.2119 9.11454
    endloop
  endfacet
  facet normal 0 -0.195122 0.980779
    outer loop
      vertex 42.5 88.43 9.15793
      vertex 38.518 88.2119 9.11454
      vertex 42.5 88.2119 9.11454
    endloop
  endfacet
  facet normal -3.79453e-06 -0.195055 0.980792
    outer loop
      vertex 42.5 88.43 9.15793
      vertex 38.3263 88.3801 9.14799
      vertex 38.518 88.2119 9.11454
    endloop
  endfacet
  facet normal 0 -0.19536 0.980732
    outer loop
      vertex 38.3263 88.3801 9.14799
      vertex 42.5 88.43 9.15793
      vertex 38.2516 88.43 9.15793
    endloop
  endfacet
  facet normal 0 0.754358 -0.656464
    outer loop
      vertex -39.3978 86.7765 11.989
      vertex -42.5 86.7879 12.0021
      vertex -39.3939 86.7879 12.0021
    endloop
  endfacet
  facet normal -2.2595e-05 0.751702 -0.659503
    outer loop
      vertex -39.4247 86.6413 11.8349
      vertex -42.5 86.7879 12.0021
      vertex -39.3978 86.7765 11.989
    endloop
  endfacet
  facet normal 0 0.751908 -0.659268
    outer loop
      vertex -42.5 86.7879 12.0021
      vertex -39.4247 86.6413 11.8349
      vertex -42.5 86.6413 11.8349
    endloop
  endfacet
  facet normal 0 0.754358 -0.656464
    outer loop
      vertex 42.5 86.7879 12.0021
      vertex 39.3978 86.7765 11.989
      vertex 39.3939 86.7879 12.0021
    endloop
  endfacet
  facet normal 0 0.751908 -0.659268
    outer loop
      vertex 39.4247 86.6413 11.8349
      vertex 42.5 86.7879 12.0021
      vertex 42.5 86.6413 11.8349
    endloop
  endfacet
  facet normal 2.2595e-05 0.751702 -0.659503
    outer loop
      vertex 42.5 86.7879 12.0021
      vertex 39.4247 86.6413 11.8349
      vertex 39.3978 86.7765 11.989
    endloop
  endfacet
  facet normal 0 0.195165 -0.98077
    outer loop
      vertex -42.5 87.7681 12.4855
      vertex -39.0647 87.55 12.4421
      vertex -42.5 87.55 12.4421
    endloop
  endfacet
  facet normal 0 0.195165 -0.98077
    outer loop
      vertex -39.0647 87.55 12.4421
      vertex -42.5 87.7681 12.4855
      vertex -38.9189 87.7681 12.4855
    endloop
  endfacet
  facet normal 0 0.195165 -0.98077
    outer loop
      vertex 39.0647 87.55 12.4421
      vertex 42.5 87.7681 12.4855
      vertex 42.5 87.55 12.4421
    endloop
  endfacet
  facet normal 0 0.195165 -0.98077
    outer loop
      vertex 42.5 87.7681 12.4855
      vertex 39.0647 87.55 12.4421
      vertex 38.9189 87.7681 12.4855
    endloop
  endfacet
  facet normal -0 0.659319 0.751863
    outer loop
      vertex -42.5 86.9551 9.4513
      vertex -39.3939 86.7879 9.59792
      vertex -39.3371 86.9551 9.4513
    endloop
  endfacet
  facet normal 0 0.659319 0.751863
    outer loop
      vertex -39.3939 86.7879 9.59792
      vertex -42.5 86.9551 9.4513
      vertex -42.5 86.7879 9.59792
    endloop
  endfacet
  facet normal 0 0.659319 0.751863
    outer loop
      vertex 42.5 86.9551 9.4513
      vertex 39.3939 86.7879 9.59792
      vertex 42.5 86.7879 9.59792
    endloop
  endfacet
  facet normal 0 0.659319 0.751863
    outer loop
      vertex 39.3939 86.7879 9.59792
      vertex 42.5 86.9551 9.4513
      vertex 39.3371 86.9551 9.4513
    endloop
  endfacet
  facet normal 0 -0.751888 0.659291
    outer loop
      vertex -42.5 89.1921 9.59792
      vertex -38.3 89.3387 9.76511
      vertex -42.5 89.3387 9.76511
    endloop
  endfacet
  facet normal 0 -0.751888 0.659291
    outer loop
      vertex -38.3 89.3387 9.76511
      vertex -42.5 89.1921 9.59792
      vertex -38.3 89.1921 9.59792
    endloop
  endfacet
  facet normal 0 -0.751888 0.659291
    outer loop
      vertex -21.7 89.1921 9.59792
      vertex -18.3 89.3387 9.76511
      vertex -21.7 89.3387 9.76511
    endloop
  endfacet
  facet normal 0 -0.751888 0.659291
    outer loop
      vertex -18.3 89.3387 9.76511
      vertex -21.7 89.1921 9.59792
      vertex -18.3 89.1921 9.59792
    endloop
  endfacet
  facet normal 0 -0.751888 0.659291
    outer loop
      vertex -1.7 89.1921 9.59792
      vertex 1.7 89.3387 9.76511
      vertex -1.7 89.3387 9.76511
    endloop
  endfacet
  facet normal 0 -0.751888 0.659291
    outer loop
      vertex 1.7 89.3387 9.76511
      vertex -1.7 89.1921 9.59792
      vertex 1.7 89.1921 9.59792
    endloop
  endfacet
  facet normal 0 -0.751888 0.659291
    outer loop
      vertex 18.3 89.1921 9.59792
      vertex 19.7 89.3387 9.76511
      vertex 18.3 89.3387 9.76511
    endloop
  endfacet
  facet normal 0 -0.751888 0.659291
    outer loop
      vertex 19.7 89.3387 9.76511
      vertex 18.3 89.1921 9.59792
      vertex 19.7 89.1921 9.59792
    endloop
  endfacet
  facet normal 0 -0.751888 0.659291
    outer loop
      vertex 36.3 89.1921 9.59792
      vertex 42.5 89.3387 9.76511
      vertex 36.3 89.3387 9.76511
    endloop
  endfacet
  facet normal 0 -0.751888 0.659291
    outer loop
      vertex 42.5 89.3387 9.76511
      vertex 36.3 89.1921 9.59792
      vertex 42.5 89.1921 9.59792
    endloop
  endfacet
  facet normal -0 0.0654064 0.997859
    outer loop
      vertex -42.5 87.99 9.1
      vertex -38.8801 87.8263 9.11073
      vertex -38.7365 87.99 9.1
    endloop
  endfacet
  facet normal -3.62768e-06 0.0653265 0.997864
    outer loop
      vertex -42.5 87.99 9.1
      vertex -38.9189 87.7681 9.11454
      vertex -38.8801 87.8263 9.11073
    endloop
  endfacet
  facet normal 0 0.0653848 0.99786
    outer loop
      vertex -38.9189 87.7681 9.11454
      vertex -42.5 87.99 9.1
      vertex -42.5 87.7681 9.11454
    endloop
  endfacet
  facet normal 0 0.0653848 0.99786
    outer loop
      vertex 42.5 87.99 9.1
      vertex 38.9189 87.7681 9.11454
      vertex 42.5 87.7681 9.11454
    endloop
  endfacet
  facet normal 3.62768e-06 0.0653265 0.997864
    outer loop
      vertex 42.5 87.99 9.1
      vertex 38.8801 87.8263 9.11073
      vertex 38.9189 87.7681 9.11454
    endloop
  endfacet
  facet normal 0 0.0654064 0.997859
    outer loop
      vertex 38.8801 87.8263 9.11073
      vertex 42.5 87.99 9.1
      vertex 38.7365 87.99 9.1
    endloop
  endfacet
  facet normal 0 -0.555625 0.831433
    outer loop
      vertex -21.7 89.0249 9.4513
      vertex -18.3 89 9.43466
      vertex -18.3 89.0249 9.4513
    endloop
  endfacet
  facet normal 0 -0.555625 0.831433
    outer loop
      vertex -18.3 89 9.43466
      vertex -21.7 89.0249 9.4513
      vertex -21.7 89 9.43466
    endloop
  endfacet
  facet normal 0 -0.555625 0.831433
    outer loop
      vertex -1.7 89.0249 9.4513
      vertex 1.7 89 9.43466
      vertex 1.7 89.0249 9.4513
    endloop
  endfacet
  facet normal 0 -0.555625 0.831433
    outer loop
      vertex 1.7 89 9.43466
      vertex -1.7 89.0249 9.4513
      vertex -1.7 89 9.43466
    endloop
  endfacet
  facet normal 0 -0.555625 0.831433
    outer loop
      vertex 18.3 89.0249 9.4513
      vertex 19.7 89 9.43466
      vertex 19.7 89.0249 9.4513
    endloop
  endfacet
  facet normal 0 -0.555625 0.831433
    outer loop
      vertex 19.7 89 9.43466
      vertex 18.3 89.0249 9.4513
      vertex 18.3 89 9.43466
    endloop
  endfacet
  facet normal 0 -0.555551 0.831483
    outer loop
      vertex 42.5 89.0249 9.4513
      vertex 37.4467 88.84 9.32776
      vertex 42.5 88.84 9.32776
    endloop
  endfacet
  facet normal -8.92379e-06 -0.555382 0.831595
    outer loop
      vertex 42.5 89.0249 9.4513
      vertex 37.2765 88.8978 9.36636
      vertex 37.4467 88.84 9.32776
    endloop
  endfacet
  facet normal 6.03301e-06 -0.555807 0.831311
    outer loop
      vertex 42.5 89.0249 9.4513
      vertex 36.8916 88.9743 9.41751
      vertex 37.2765 88.8978 9.36636
    endloop
  endfacet
  facet normal 0 -0.555345 0.83162
    outer loop
      vertex 36.3 89.0249 9.4513
      vertex 36.8916 88.9743 9.41751
      vertex 42.5 89.0249 9.4513
    endloop
  endfacet
  facet normal -0.000110483 -0.556238 0.831023
    outer loop
      vertex 36.8916 88.9743 9.41751
      vertex 36.3 89.0249 9.4513
      vertex 36.5 89 9.43466
    endloop
  endfacet
  facet normal 0 -0.555625 0.831433
    outer loop
      vertex 36.5 89 9.43466
      vertex 36.3 89.0249 9.4513
      vertex 36.3 89 9.43466
    endloop
  endfacet
  facet normal 0 -0.555551 0.831483
    outer loop
      vertex -42.5 89.0249 9.4513
      vertex -38.3 88.84 9.32776
      vertex -38.3 89.0249 9.4513
    endloop
  endfacet
  facet normal 0 -0.555551 0.831483
    outer loop
      vertex -38.3 88.84 9.32776
      vertex -42.5 89.0249 9.4513
      vertex -42.5 88.84 9.32776
    endloop
  endfacet
  facet normal 0 -0.0652057 -0.997872
    outer loop
      vertex -42.5 88.2119 12.4855
      vertex -38.7365 87.99 12.5
      vertex -42.5 87.99 12.5
    endloop
  endfacet
  facet normal -8.62096e-06 -0.0653513 -0.997862
    outer loop
      vertex -38.7365 87.99 12.5
      vertex -42.5 88.2119 12.4855
      vertex -38.6213 88.1213 12.4914
    endloop
  endfacet
  facet normal 0 -0.0649838 -0.997886
    outer loop
      vertex -38.6213 88.1213 12.4914
      vertex -42.5 88.2119 12.4855
      vertex -38.518 88.2119 12.4855
    endloop
  endfacet
  facet normal 0 -0.0652057 -0.997872
    outer loop
      vertex 38.7365 87.99 12.5
      vertex 42.5 88.2119 12.4855
      vertex 42.5 87.99 12.5
    endloop
  endfacet
  facet normal 8.62096e-06 -0.0653513 -0.997862
    outer loop
      vertex 38.6213 88.1213 12.4914
      vertex 42.5 88.2119 12.4855
      vertex 38.7365 87.99 12.5
    endloop
  endfacet
  facet normal -0 -0.0649838 -0.997886
    outer loop
      vertex 42.5 88.2119 12.4855
      vertex 38.6213 88.1213 12.4914
      vertex 38.518 88.2119 12.4855
    endloop
  endfacet
  facet normal 0 -0.896754 0.44253
    outer loop
      vertex -21.7 89.4622 9.95
      vertex -18.3 89.5606 10.1494
      vertex -21.7 89.5606 10.1494
    endloop
  endfacet
  facet normal 0 -0.896754 0.44253
    outer loop
      vertex -18.3 89.5606 10.1494
      vertex -21.7 89.4622 9.95
      vertex -18.3 89.4622 9.95
    endloop
  endfacet
  facet normal 0 -0.896754 0.44253
    outer loop
      vertex -1.7 89.4622 9.95
      vertex 1.7 89.5606 10.1494
      vertex -1.7 89.5606 10.1494
    endloop
  endfacet
  facet normal 0 -0.896754 0.44253
    outer loop
      vertex 1.7 89.5606 10.1494
      vertex -1.7 89.4622 9.95
      vertex 1.7 89.4622 9.95
    endloop
  endfacet
  facet normal 0 -0.896754 0.44253
    outer loop
      vertex 18.3 89.4622 9.95
      vertex 19.7 89.5606 10.1494
      vertex 18.3 89.5606 10.1494
    endloop
  endfacet
  facet normal 0 -0.896754 0.44253
    outer loop
      vertex 19.7 89.5606 10.1494
      vertex 18.3 89.4622 9.95
      vertex 19.7 89.4622 9.95
    endloop
  endfacet
  facet normal 0 -0.896754 0.44253
    outer loop
      vertex 36.3 89.4622 9.95
      vertex 42.5 89.5606 10.1494
      vertex 36.3 89.5606 10.1494
    endloop
  endfacet
  facet normal 0 -0.896754 0.44253
    outer loop
      vertex 42.5 89.5606 10.1494
      vertex 36.3 89.4622 9.95
      vertex 42.5 89.4622 9.95
    endloop
  endfacet
  facet normal 0 -0.896754 0.44253
    outer loop
      vertex -42.5 89.4622 9.95
      vertex -38.3 89.5606 10.1494
      vertex -42.5 89.5606 10.1494
    endloop
  endfacet
  facet normal 0 -0.896754 0.44253
    outer loop
      vertex -38.3 89.5606 10.1494
      vertex -42.5 89.4622 9.95
      vertex -38.3 89.4622 9.95
    endloop
  endfacet
  facet normal 0 -0.831566 -0.555426
    outer loop
      vertex -21.7 89.4622 11.65
      vertex -18.3 89.3387 11.8349
      vertex -21.7 89.3387 11.8349
    endloop
  endfacet
  facet normal 0 -0.831566 -0.555426
    outer loop
      vertex -18.3 89.3387 11.8349
      vertex -21.7 89.4622 11.65
      vertex -18.3 89.4622 11.65
    endloop
  endfacet
  facet normal 0 -0.831566 -0.555426
    outer loop
      vertex -1.7 89.4622 11.65
      vertex 1.7 89.3387 11.8349
      vertex -1.7 89.3387 11.8349
    endloop
  endfacet
  facet normal 0 -0.831566 -0.555426
    outer loop
      vertex 1.7 89.3387 11.8349
      vertex -1.7 89.4622 11.65
      vertex 1.7 89.4622 11.65
    endloop
  endfacet
  facet normal 0 -0.831566 -0.555426
    outer loop
      vertex 18.3 89.4622 11.65
      vertex 19.7 89.3387 11.8349
      vertex 18.3 89.3387 11.8349
    endloop
  endfacet
  facet normal 0 -0.831566 -0.555426
    outer loop
      vertex 19.7 89.3387 11.8349
      vertex 18.3 89.4622 11.65
      vertex 19.7 89.4622 11.65
    endloop
  endfacet
  facet normal 0 -0.831566 -0.555426
    outer loop
      vertex 36.3 89.4622 11.65
      vertex 42.5 89.3387 11.8349
      vertex 36.3 89.3387 11.8349
    endloop
  endfacet
  facet normal 0 -0.831566 -0.555426
    outer loop
      vertex 42.5 89.3387 11.8349
      vertex 36.3 89.4622 11.65
      vertex 42.5 89.4622 11.65
    endloop
  endfacet
  facet normal 0 -0.831566 -0.555426
    outer loop
      vertex -42.5 89.4622 11.65
      vertex -38.3 89.3387 11.8349
      vertex -42.5 89.3387 11.8349
    endloop
  endfacet
  facet normal 0 -0.831566 -0.555426
    outer loop
      vertex -38.3 89.3387 11.8349
      vertex -42.5 89.4622 11.65
      vertex -38.3 89.4622 11.65
    endloop
  endfacet
  facet normal 0 -0.442386 0.896825
    outer loop
      vertex 42.5 88.84 9.32776
      vertex 37.9138 88.6406 9.2294
      vertex 42.5 88.6406 9.2294
    endloop
  endfacet
  facet normal 5.56341e-06 -0.442489 0.896774
    outer loop
      vertex 42.5 88.84 9.32776
      vertex 37.648 88.7716 9.29404
      vertex 37.9138 88.6406 9.2294
    endloop
  endfacet
  facet normal 0 -0.442171 0.896931
    outer loop
      vertex 37.648 88.7716 9.29404
      vertex 42.5 88.84 9.32776
      vertex 37.4467 88.84 9.32776
    endloop
  endfacet
  facet normal 0 -0.442386 0.896825
    outer loop
      vertex -42.5 88.84 9.32776
      vertex -38.3 88.6406 9.2294
      vertex -38.3 88.84 9.32776
    endloop
  endfacet
  facet normal 0 -0.442386 0.896825
    outer loop
      vertex -38.3 88.6406 9.2294
      vertex -42.5 88.84 9.32776
      vertex -42.5 88.6406 9.2294
    endloop
  endfacet
  facet normal 0 0.555426 -0.831566
    outer loop
      vertex -42.5 87.14 12.2722
      vertex -39.3371 86.9551 12.1487
      vertex -42.5 86.9551 12.1487
    endloop
  endfacet
  facet normal 0 0.555426 -0.831566
    outer loop
      vertex -39.3371 86.9551 12.1487
      vertex -42.5 87.14 12.2722
      vertex -39.2744 87.14 12.2722
    endloop
  endfacet
  facet normal 0 0.555426 -0.831566
    outer loop
      vertex 39.3371 86.9551 12.1487
      vertex 42.5 87.14 12.2722
      vertex 42.5 86.9551 12.1487
    endloop
  endfacet
  facet normal 0 0.555426 -0.831566
    outer loop
      vertex 42.5 87.14 12.2722
      vertex 39.3371 86.9551 12.1487
      vertex 39.2744 87.14 12.2722
    endloop
  endfacet
  facet normal 0 -0.831552 0.555447
    outer loop
      vertex -21.7 89.3387 9.76511
      vertex -18.3 89.4622 9.95
      vertex -21.7 89.4622 9.95
    endloop
  endfacet
  facet normal 0 -0.831552 0.555447
    outer loop
      vertex -18.3 89.4622 9.95
      vertex -21.7 89.3387 9.76511
      vertex -18.3 89.3387 9.76511
    endloop
  endfacet
  facet normal 0 -0.831552 0.555447
    outer loop
      vertex -1.7 89.3387 9.76511
      vertex 1.7 89.4622 9.95
      vertex -1.7 89.4622 9.95
    endloop
  endfacet
  facet normal 0 -0.831552 0.555447
    outer loop
      vertex 1.7 89.4622 9.95
      vertex -1.7 89.3387 9.76511
      vertex 1.7 89.3387 9.76511
    endloop
  endfacet
  facet normal 0 -0.831552 0.555447
    outer loop
      vertex 18.3 89.3387 9.76511
      vertex 19.7 89.4622 9.95
      vertex 18.3 89.4622 9.95
    endloop
  endfacet
  facet normal 0 -0.831552 0.555447
    outer loop
      vertex 19.7 89.4622 9.95
      vertex 18.3 89.3387 9.76511
      vertex 19.7 89.3387 9.76511
    endloop
  endfacet
  facet normal 0 -0.831552 0.555447
    outer loop
      vertex 36.3 89.3387 9.76511
      vertex 42.5 89.4622 9.95
      vertex 36.3 89.4622 9.95
    endloop
  endfacet
  facet normal 0 -0.831552 0.555447
    outer loop
      vertex 42.5 89.4622 9.95
      vertex 36.3 89.3387 9.76511
      vertex 42.5 89.3387 9.76511
    endloop
  endfacet
  facet normal 0 -0.831552 0.555447
    outer loop
      vertex -42.5 89.3387 9.76511
      vertex -38.3 89.4622 9.95
      vertex -42.5 89.4622 9.95
    endloop
  endfacet
  facet normal 0 -0.831552 0.555447
    outer loop
      vertex -38.3 89.4622 9.95
      vertex -42.5 89.3387 9.76511
      vertex -38.3 89.3387 9.76511
    endloop
  endfacet
  facet normal 0 0.659268 -0.751908
    outer loop
      vertex -42.5 86.9551 12.1487
      vertex -39.3939 86.7879 12.0021
      vertex -42.5 86.7879 12.0021
    endloop
  endfacet
  facet normal 0 0.659268 -0.751908
    outer loop
      vertex -39.3939 86.7879 12.0021
      vertex -42.5 86.9551 12.1487
      vertex -39.3371 86.9551 12.1487
    endloop
  endfacet
  facet normal 0 0.659268 -0.751908
    outer loop
      vertex 39.3939 86.7879 12.0021
      vertex 42.5 86.9551 12.1487
      vertex 42.5 86.7879 12.0021
    endloop
  endfacet
  facet normal 0 0.659268 -0.751908
    outer loop
      vertex 42.5 86.9551 12.1487
      vertex 39.3939 86.7879 12.0021
      vertex 39.3371 86.9551 12.1487
    endloop
  endfacet
  facet normal -0 0.98077 0.195165
    outer loop
      vertex -42.5 86.3479 10.36
      vertex -39.48 86.3045 10.5781
      vertex -39.4772 86.3479 10.36
    endloop
  endfacet
  facet normal 0 0.98077 0.195165
    outer loop
      vertex -39.48 86.3045 10.5781
      vertex -42.5 86.3479 10.36
      vertex -42.5 86.3045 10.5781
    endloop
  endfacet
  facet normal 0 0.98077 0.195165
    outer loop
      vertex 42.5 86.3479 10.36
      vertex 39.48 86.3045 10.5781
      vertex 42.5 86.3045 10.5781
    endloop
  endfacet
  facet normal 0 0.98077 0.195165
    outer loop
      vertex 39.48 86.3045 10.5781
      vertex 42.5 86.3479 10.36
      vertex 39.4772 86.3479 10.36
    endloop
  endfacet
  facet normal 0 -0.659268 -0.751908
    outer loop
      vertex -42.5 89.0249 12.1487
      vertex -38.3 89.1921 12.0021
      vertex -38.3 89.0249 12.1487
    endloop
  endfacet
  facet normal -0 -0.659268 -0.751908
    outer loop
      vertex -38.3 89.1921 12.0021
      vertex -42.5 89.0249 12.1487
      vertex -42.5 89.1921 12.0021
    endloop
  endfacet
  facet normal 0 -0.659268 -0.751908
    outer loop
      vertex -21.7 89.0249 12.1487
      vertex -18.3 89.1921 12.0021
      vertex -18.3 89.0249 12.1487
    endloop
  endfacet
  facet normal -0 -0.659268 -0.751908
    outer loop
      vertex -18.3 89.1921 12.0021
      vertex -21.7 89.0249 12.1487
      vertex -21.7 89.1921 12.0021
    endloop
  endfacet
  facet normal 0 -0.659268 -0.751908
    outer loop
      vertex -1.7 89.0249 12.1487
      vertex 1.7 89.1921 12.0021
      vertex 1.7 89.0249 12.1487
    endloop
  endfacet
  facet normal -0 -0.659268 -0.751908
    outer loop
      vertex 1.7 89.1921 12.0021
      vertex -1.7 89.0249 12.1487
      vertex -1.7 89.1921 12.0021
    endloop
  endfacet
  facet normal 0 -0.659268 -0.751908
    outer loop
      vertex 18.3 89.0249 12.1487
      vertex 19.7 89.1921 12.0021
      vertex 19.7 89.0249 12.1487
    endloop
  endfacet
  facet normal -0 -0.659268 -0.751908
    outer loop
      vertex 19.7 89.1921 12.0021
      vertex 18.3 89.0249 12.1487
      vertex 18.3 89.1921 12.0021
    endloop
  endfacet
  facet normal 0 -0.659268 -0.751908
    outer loop
      vertex 36.3 89.0249 12.1487
      vertex 42.5 89.1921 12.0021
      vertex 42.5 89.0249 12.1487
    endloop
  endfacet
  facet normal -0 -0.659268 -0.751908
    outer loop
      vertex 42.5 89.1921 12.0021
      vertex 36.3 89.0249 12.1487
      vertex 36.3 89.1921 12.0021
    endloop
  endfacet
  facet normal 0 -0.98077 -0.195165
    outer loop
      vertex -21.7 89.6755 11.0219
      vertex -18.3 89.6321 11.24
      vertex -21.7 89.6321 11.24
    endloop
  endfacet
  facet normal 0 -0.98077 -0.195165
    outer loop
      vertex -18.3 89.6321 11.24
      vertex -21.7 89.6755 11.0219
      vertex -18.3 89.6755 11.0219
    endloop
  endfacet
  facet normal 0 -0.98077 -0.195165
    outer loop
      vertex -1.7 89.6755 11.0219
      vertex 1.7 89.6321 11.24
      vertex -1.7 89.6321 11.24
    endloop
  endfacet
  facet normal 0 -0.98077 -0.195165
    outer loop
      vertex 1.7 89.6321 11.24
      vertex -1.7 89.6755 11.0219
      vertex 1.7 89.6755 11.0219
    endloop
  endfacet
  facet normal 0 -0.98077 -0.195165
    outer loop
      vertex 18.3 89.6755 11.0219
      vertex 19.7 89.6321 11.24
      vertex 18.3 89.6321 11.24
    endloop
  endfacet
  facet normal 0 -0.98077 -0.195165
    outer loop
      vertex 19.7 89.6321 11.24
      vertex 18.3 89.6755 11.0219
      vertex 19.7 89.6755 11.0219
    endloop
  endfacet
  facet normal 0 -0.98077 -0.195165
    outer loop
      vertex 36.3 89.6755 11.0219
      vertex 42.5 89.6321 11.24
      vertex 36.3 89.6321 11.24
    endloop
  endfacet
  facet normal 0 -0.98077 -0.195165
    outer loop
      vertex 42.5 89.6321 11.24
      vertex 36.3 89.6755 11.0219
      vertex 42.5 89.6755 11.0219
    endloop
  endfacet
  facet normal 0 -0.98077 -0.195165
    outer loop
      vertex -42.5 89.6755 11.0219
      vertex -38.3 89.6321 11.24
      vertex -42.5 89.6321 11.24
    endloop
  endfacet
  facet normal 0 -0.98077 -0.195165
    outer loop
      vertex -38.3 89.6321 11.24
      vertex -42.5 89.6755 11.0219
      vertex -38.3 89.6755 11.0219
    endloop
  endfacet
  facet normal 0 -0.896754 -0.44253
    outer loop
      vertex -21.7 89.5606 11.4506
      vertex -18.3 89.4622 11.65
      vertex -21.7 89.4622 11.65
    endloop
  endfacet
  facet normal 0 -0.896754 -0.44253
    outer loop
      vertex -18.3 89.4622 11.65
      vertex -21.7 89.5606 11.4506
      vertex -18.3 89.5606 11.4506
    endloop
  endfacet
  facet normal 0 -0.896754 -0.44253
    outer loop
      vertex -1.7 89.5606 11.4506
      vertex 1.7 89.4622 11.65
      vertex -1.7 89.4622 11.65
    endloop
  endfacet
  facet normal 0 -0.896754 -0.44253
    outer loop
      vertex 1.7 89.4622 11.65
      vertex -1.7 89.5606 11.4506
      vertex 1.7 89.5606 11.4506
    endloop
  endfacet
  facet normal 0 -0.896754 -0.44253
    outer loop
      vertex 18.3 89.5606 11.4506
      vertex 19.7 89.4622 11.65
      vertex 18.3 89.4622 11.65
    endloop
  endfacet
  facet normal 0 -0.896754 -0.44253
    outer loop
      vertex 19.7 89.4622 11.65
      vertex 18.3 89.5606 11.4506
      vertex 19.7 89.5606 11.4506
    endloop
  endfacet
  facet normal 0 -0.896754 -0.44253
    outer loop
      vertex 36.3 89.5606 11.4506
      vertex 42.5 89.4622 11.65
      vertex 36.3 89.4622 11.65
    endloop
  endfacet
  facet normal 0 -0.896754 -0.44253
    outer loop
      vertex 42.5 89.4622 11.65
      vertex 36.3 89.5606 11.4506
      vertex 42.5 89.5606 11.4506
    endloop
  endfacet
  facet normal 0 -0.896754 -0.44253
    outer loop
      vertex -42.5 89.5606 11.4506
      vertex -38.3 89.4622 11.65
      vertex -42.5 89.4622 11.65
    endloop
  endfacet
  facet normal 0 -0.896754 -0.44253
    outer loop
      vertex -38.3 89.4622 11.65
      vertex -42.5 89.5606 11.4506
      vertex -38.3 89.5606 11.4506
    endloop
  endfacet
  facet normal 0 -0.997872 0.0652057
    outer loop
      vertex -21.7 89.6755 10.5781
      vertex -18.3 89.69 10.8
      vertex -21.7 89.69 10.8
    endloop
  endfacet
  facet normal 0 -0.997872 0.0652057
    outer loop
      vertex -18.3 89.69 10.8
      vertex -21.7 89.6755 10.5781
      vertex -18.3 89.6755 10.5781
    endloop
  endfacet
  facet normal 0 -0.997872 0.0652057
    outer loop
      vertex -1.7 89.6755 10.5781
      vertex 1.7 89.69 10.8
      vertex -1.7 89.69 10.8
    endloop
  endfacet
  facet normal 0 -0.997872 0.0652057
    outer loop
      vertex 1.7 89.69 10.8
      vertex -1.7 89.6755 10.5781
      vertex 1.7 89.6755 10.5781
    endloop
  endfacet
  facet normal 0 -0.997872 0.0652057
    outer loop
      vertex 18.3 89.6755 10.5781
      vertex 19.7 89.69 10.8
      vertex 18.3 89.69 10.8
    endloop
  endfacet
  facet normal 0 -0.997872 0.0652057
    outer loop
      vertex 19.7 89.69 10.8
      vertex 18.3 89.6755 10.5781
      vertex 19.7 89.6755 10.5781
    endloop
  endfacet
  facet normal 0 -0.997872 0.0652057
    outer loop
      vertex 36.3 89.6755 10.5781
      vertex 42.5 89.69 10.8
      vertex 36.3 89.69 10.8
    endloop
  endfacet
  facet normal 0 -0.997872 0.0652057
    outer loop
      vertex 42.5 89.69 10.8
      vertex 36.3 89.6755 10.5781
      vertex 42.5 89.6755 10.5781
    endloop
  endfacet
  facet normal 0 -0.997872 0.0652057
    outer loop
      vertex -42.5 89.6755 10.5781
      vertex -38.3 89.69 10.8
      vertex -42.5 89.69 10.8
    endloop
  endfacet
  facet normal 0 -0.997872 0.0652057
    outer loop
      vertex -38.3 89.69 10.8
      vertex -42.5 89.6755 10.5781
      vertex -38.3 89.6755 10.5781
    endloop
  endfacet
  facet normal 0 -0.321484 -0.946915
    outer loop
      vertex 38.2516 88.43 12.4421
      vertex 42.5 88.6406 12.3706
      vertex 42.5 88.43 12.4421
    endloop
  endfacet
  facet normal 7.54145e-06 -0.32162 -0.946869
    outer loop
      vertex 38 88.5981 12.385
      vertex 42.5 88.6406 12.3706
      vertex 38.2516 88.43 12.4421
    endloop
  endfacet
  facet normal -0 -0.320904 -0.947112
    outer loop
      vertex 42.5 88.6406 12.3706
      vertex 38 88.5981 12.385
      vertex 37.9138 88.6406 12.3706
    endloop
  endfacet
  facet normal 0 -0.321484 -0.946915
    outer loop
      vertex -42.5 88.43 12.4421
      vertex -38.3 88.6406 12.3706
      vertex -38.3 88.43 12.4421
    endloop
  endfacet
  facet normal -0 -0.321484 -0.946915
    outer loop
      vertex -38.3 88.6406 12.3706
      vertex -42.5 88.43 12.4421
      vertex -42.5 88.6406 12.3706
    endloop
  endfacet
  facet normal 0 -0.321363 0.946956
    outer loop
      vertex -42.5 88.6406 9.2294
      vertex -38.3 88.43 9.15793
      vertex -38.3 88.6406 9.2294
    endloop
  endfacet
  facet normal 0 -0.321363 0.946956
    outer loop
      vertex -38.3 88.43 9.15793
      vertex -42.5 88.6406 9.2294
      vertex -42.5 88.43 9.15793
    endloop
  endfacet
  facet normal 0 -0.321363 0.946956
    outer loop
      vertex 42.5 88.6406 9.2294
      vertex 38.2516 88.43 9.15793
      vertex 42.5 88.43 9.15793
    endloop
  endfacet
  facet normal 7.69023e-07 -0.321376 0.946952
    outer loop
      vertex 42.5 88.6406 9.2294
      vertex 38 88.5981 9.21498
      vertex 38.2516 88.43 9.15793
    endloop
  endfacet
  facet normal 0 -0.321303 0.946976
    outer loop
      vertex 38 88.5981 9.21498
      vertex 42.5 88.6406 9.2294
      vertex 37.9138 88.6406 9.2294
    endloop
  endfacet
  facet normal -0 0.831552 0.555447
    outer loop
      vertex -42.5 86.6413 9.76511
      vertex -39.4492 86.5178 9.95
      vertex -39.4247 86.6413 9.76511
    endloop
  endfacet
  facet normal 0 0.831552 0.555447
    outer loop
      vertex -39.4492 86.5178 9.95
      vertex -42.5 86.6413 9.76511
      vertex -42.5 86.5178 9.95
    endloop
  endfacet
  facet normal 0 0.831552 0.555447
    outer loop
      vertex 42.5 86.6413 9.76511
      vertex 39.4492 86.5178 9.95
      vertex 42.5 86.5178 9.95
    endloop
  endfacet
  facet normal 0 0.831552 0.555447
    outer loop
      vertex 39.4492 86.5178 9.95
      vertex 42.5 86.6413 9.76511
      vertex 39.4247 86.6413 9.76511
    endloop
  endfacet
  facet normal -0 0.321393 0.946946
    outer loop
      vertex -42.5 87.55 9.15793
      vertex -39.0981 87.5 9.1749
      vertex -39.0647 87.55 9.15793
    endloop
  endfacet
  facet normal -6.57342e-07 0.321353 0.946959
    outer loop
      vertex -42.5 87.55 9.15793
      vertex -39.1773 87.3394 9.2294
      vertex -39.0981 87.5 9.1749
    endloop
  endfacet
  facet normal 0 0.321363 0.946956
    outer loop
      vertex -39.1773 87.3394 9.2294
      vertex -42.5 87.55 9.15793
      vertex -42.5 87.3394 9.2294
    endloop
  endfacet
  facet normal 0 0.321363 0.946956
    outer loop
      vertex 42.5 87.55 9.15793
      vertex 39.1773 87.3394 9.2294
      vertex 42.5 87.3394 9.2294
    endloop
  endfacet
  facet normal 6.57342e-07 0.321353 0.946959
    outer loop
      vertex 42.5 87.55 9.15793
      vertex 39.0981 87.5 9.1749
      vertex 39.1773 87.3394 9.2294
    endloop
  endfacet
  facet normal 0 0.321393 0.946946
    outer loop
      vertex 39.0981 87.5 9.1749
      vertex 42.5 87.55 9.15793
      vertex 39.0647 87.55 9.15793
    endloop
  endfacet
  facet normal 0 -0.997872 -0.0652057
    outer loop
      vertex -21.7 89.69 10.8
      vertex -18.3 89.6755 11.0219
      vertex -21.7 89.6755 11.0219
    endloop
  endfacet
  facet normal 0 -0.997872 -0.0652057
    outer loop
      vertex -18.3 89.6755 11.0219
      vertex -21.7 89.69 10.8
      vertex -18.3 89.69 10.8
    endloop
  endfacet
  facet normal 0 -0.997872 -0.0652057
    outer loop
      vertex -1.7 89.69 10.8
      vertex 1.7 89.6755 11.0219
      vertex -1.7 89.6755 11.0219
    endloop
  endfacet
  facet normal 0 -0.997872 -0.0652057
    outer loop
      vertex 1.7 89.6755 11.0219
      vertex -1.7 89.69 10.8
      vertex 1.7 89.69 10.8
    endloop
  endfacet
  facet normal 0 -0.997872 -0.0652057
    outer loop
      vertex 18.3 89.69 10.8
      vertex 19.7 89.6755 11.0219
      vertex 18.3 89.6755 11.0219
    endloop
  endfacet
  facet normal 0 -0.997872 -0.0652057
    outer loop
      vertex 19.7 89.6755 11.0219
      vertex 18.3 89.69 10.8
      vertex 19.7 89.69 10.8
    endloop
  endfacet
  facet normal 0 -0.997872 -0.0652057
    outer loop
      vertex 36.3 89.69 10.8
      vertex 42.5 89.6755 11.0219
      vertex 36.3 89.6755 11.0219
    endloop
  endfacet
  facet normal 0 -0.997872 -0.0652057
    outer loop
      vertex 42.5 89.6755 11.0219
      vertex 36.3 89.69 10.8
      vertex 42.5 89.69 10.8
    endloop
  endfacet
  facet normal 0 -0.997872 -0.0652057
    outer loop
      vertex -42.5 89.69 10.8
      vertex -38.3 89.6755 11.0219
      vertex -42.5 89.6755 11.0219
    endloop
  endfacet
  facet normal 0 -0.997872 -0.0652057
    outer loop
      vertex -38.3 89.6755 11.0219
      vertex -42.5 89.69 10.8
      vertex -38.3 89.69 10.8
    endloop
  endfacet
  facet normal 0 0.947054 -0.321074
    outer loop
      vertex -39.4743 86.3916 11.3686
      vertex -42.5 86.4194 11.4506
      vertex -39.4688 86.4194 11.4506
    endloop
  endfacet
  facet normal -2.02331e-05 0.946827 -0.321744
    outer loop
      vertex -39.4772 86.3479 11.24
      vertex -42.5 86.4194 11.4506
      vertex -39.4743 86.3916 11.3686
    endloop
  endfacet
  facet normal 0 0.946915 -0.321484
    outer loop
      vertex -42.5 86.4194 11.4506
      vertex -39.4772 86.3479 11.24
      vertex -42.5 86.3479 11.24
    endloop
  endfacet
  facet normal 0 0.947054 -0.321074
    outer loop
      vertex 42.5 86.4194 11.4506
      vertex 39.4743 86.3916 11.3686
      vertex 39.4688 86.4194 11.4506
    endloop
  endfacet
  facet normal 1.23637e-05 0.946915 -0.321484
    outer loop
      vertex 42.5 86.3479 11.24
      vertex 39.4743 86.3916 11.3686
      vertex 42.5 86.4194 11.4506
    endloop
  endfacet
  facet normal 0 0.946827 -0.321744
    outer loop
      vertex 39.4743 86.3916 11.3686
      vertex 42.5 86.3479 11.24
      vertex 39.4772 86.3479 11.24
    endloop
  endfacet
  facet normal -0 0.896754 0.44253
    outer loop
      vertex -42.5 86.5178 9.95
      vertex -39.4688 86.4194 10.1494
      vertex -39.4492 86.5178 9.95
    endloop
  endfacet
  facet normal 0 0.896754 0.44253
    outer loop
      vertex -39.4688 86.4194 10.1494
      vertex -42.5 86.5178 9.95
      vertex -42.5 86.4194 10.1494
    endloop
  endfacet
  facet normal 0 0.896754 0.44253
    outer loop
      vertex 42.5 86.5178 9.95
      vertex 39.4688 86.4194 10.1494
      vertex 42.5 86.4194 10.1494
    endloop
  endfacet
  facet normal 0 0.896754 0.44253
    outer loop
      vertex 39.4688 86.4194 10.1494
      vertex 42.5 86.5178 9.95
      vertex 39.4492 86.5178 9.95
    endloop
  endfacet
  facet normal 0 0.896754 -0.44253
    outer loop
      vertex -39.4688 86.4194 11.4506
      vertex -42.5 86.5178 11.65
      vertex -39.4492 86.5178 11.65
    endloop
  endfacet
  facet normal 0 0.896754 -0.44253
    outer loop
      vertex -42.5 86.5178 11.65
      vertex -39.4688 86.4194 11.4506
      vertex -42.5 86.4194 11.4506
    endloop
  endfacet
  facet normal 0 0.896754 -0.44253
    outer loop
      vertex 39.4688 86.4194 11.4506
      vertex 42.5 86.5178 11.65
      vertex 42.5 86.4194 11.4506
    endloop
  endfacet
  facet normal 0 0.896754 -0.44253
    outer loop
      vertex 42.5 86.5178 11.65
      vertex 39.4688 86.4194 11.4506
      vertex 39.4492 86.5178 11.65
    endloop
  endfacet
  facet normal 0 0.44253 -0.896754
    outer loop
      vertex -42.5 87.3394 12.3706
      vertex -39.2744 87.14 12.2722
      vertex -42.5 87.14 12.2722
    endloop
  endfacet
  facet normal 0.000352862 0.447115 -0.894477
    outer loop
      vertex -39.2744 87.14 12.2722
      vertex -42.5 87.3394 12.3706
      vertex -39.2716 87.148 12.2762
    endloop
  endfacet
  facet normal 0 0.442334 -0.89685
    outer loop
      vertex -39.2716 87.148 12.2762
      vertex -42.5 87.3394 12.3706
      vertex -39.1773 87.3394 12.3706
    endloop
  endfacet
  facet normal 0 0.44253 -0.896754
    outer loop
      vertex 39.2744 87.14 12.2722
      vertex 42.5 87.3394 12.3706
      vertex 42.5 87.14 12.2722
    endloop
  endfacet
  facet normal -0.000352862 0.447115 -0.894477
    outer loop
      vertex 39.2716 87.148 12.2762
      vertex 42.5 87.3394 12.3706
      vertex 39.2744 87.14 12.2722
    endloop
  endfacet
  facet normal 0 0.442334 -0.89685
    outer loop
      vertex 42.5 87.3394 12.3706
      vertex 39.2716 87.148 12.2762
      vertex 39.1773 87.3394 12.3706
    endloop
  endfacet
  facet normal 0 0.831566 -0.555426
    outer loop
      vertex -39.4492 86.5178 11.65
      vertex -42.5 86.6413 11.8349
      vertex -39.4247 86.6413 11.8349
    endloop
  endfacet
  facet normal 0 0.831566 -0.555426
    outer loop
      vertex -42.5 86.6413 11.8349
      vertex -39.4492 86.5178 11.65
      vertex -42.5 86.5178 11.65
    endloop
  endfacet
  facet normal 0 0.831566 -0.555426
    outer loop
      vertex 39.4492 86.5178 11.65
      vertex 42.5 86.6413 11.8349
      vertex 42.5 86.5178 11.65
    endloop
  endfacet
  facet normal 0 0.831566 -0.555426
    outer loop
      vertex 42.5 86.6413 11.8349
      vertex 39.4492 86.5178 11.65
      vertex 39.4247 86.6413 11.8349
    endloop
  endfacet
  facet normal 0 0.98077 -0.195165
    outer loop
      vertex -39.48 86.3045 17.4219
      vertex -42.5 86.3479 17.64
      vertex -39.4772 86.3479 17.64
    endloop
  endfacet
  facet normal 0 0.98077 -0.195165
    outer loop
      vertex -42.5 86.3479 17.64
      vertex -39.48 86.3045 17.4219
      vertex -42.5 86.3045 17.4219
    endloop
  endfacet
  facet normal 0 0.98077 -0.195165
    outer loop
      vertex 39.48 86.3045 17.4219
      vertex 42.5 86.3479 17.64
      vertex 42.5 86.3045 17.4219
    endloop
  endfacet
  facet normal 0 0.98077 -0.195165
    outer loop
      vertex 42.5 86.3479 17.64
      vertex 39.48 86.3045 17.4219
      vertex 39.4772 86.3479 17.64
    endloop
  endfacet
  facet normal 0 -0.997872 0.0652057
    outer loop
      vertex -42.5 89.6755 16.9781
      vertex -38.3 89.69 17.2
      vertex -42.5 89.69 17.2
    endloop
  endfacet
  facet normal 0 -0.997872 0.0652057
    outer loop
      vertex -38.3 89.69 17.2
      vertex -42.5 89.6755 16.9781
      vertex -38.3 89.6755 16.9781
    endloop
  endfacet
  facet normal 0 -0.997872 0.0652057
    outer loop
      vertex -21.7 89.6755 16.9781
      vertex -18.3 89.69 17.2
      vertex -21.7 89.69 17.2
    endloop
  endfacet
  facet normal 0 -0.997872 0.0652057
    outer loop
      vertex -18.3 89.69 17.2
      vertex -21.7 89.6755 16.9781
      vertex -18.3 89.6755 16.9781
    endloop
  endfacet
  facet normal 0 -0.997872 0.0652057
    outer loop
      vertex -1.7 89.6755 16.9781
      vertex 1.7 89.69 17.2
      vertex -1.7 89.69 17.2
    endloop
  endfacet
  facet normal 0 -0.997872 0.0652057
    outer loop
      vertex 1.7 89.69 17.2
      vertex -1.7 89.6755 16.9781
      vertex 1.7 89.6755 16.9781
    endloop
  endfacet
  facet normal 0 -0.997872 0.0652057
    outer loop
      vertex 18.3 89.6755 16.9781
      vertex 19.7 89.69 17.2
      vertex 18.3 89.69 17.2
    endloop
  endfacet
  facet normal 0 -0.997872 0.0652057
    outer loop
      vertex 19.7 89.69 17.2
      vertex 18.3 89.6755 16.9781
      vertex 19.7 89.6755 16.9781
    endloop
  endfacet
  facet normal 0 -0.997872 0.0652057
    outer loop
      vertex 36.3 89.6755 16.9781
      vertex 42.5 89.69 17.2
      vertex 36.3 89.69 17.2
    endloop
  endfacet
  facet normal 0 -0.997872 0.0652057
    outer loop
      vertex 42.5 89.69 17.2
      vertex 36.3 89.6755 16.9781
      vertex 42.5 89.6755 16.9781
    endloop
  endfacet
  facet normal 0 -0.751908 -0.659268
    outer loop
      vertex -42.5 89.3387 18.2349
      vertex -38.3 89.1921 18.4021
      vertex -42.5 89.1921 18.4021
    endloop
  endfacet
  facet normal 0 -0.751908 -0.659268
    outer loop
      vertex -38.3 89.1921 18.4021
      vertex -42.5 89.3387 18.2349
      vertex -38.3 89.3387 18.2349
    endloop
  endfacet
  facet normal 0 -0.751908 -0.659268
    outer loop
      vertex -21.7 89.3387 18.2349
      vertex -18.3 89.1921 18.4021
      vertex -21.7 89.1921 18.4021
    endloop
  endfacet
  facet normal 0 -0.751908 -0.659268
    outer loop
      vertex -18.3 89.1921 18.4021
      vertex -21.7 89.3387 18.2349
      vertex -18.3 89.3387 18.2349
    endloop
  endfacet
  facet normal 0 -0.751908 -0.659268
    outer loop
      vertex -1.7 89.3387 18.2349
      vertex 1.7 89.1921 18.4021
      vertex -1.7 89.1921 18.4021
    endloop
  endfacet
  facet normal 0 -0.751908 -0.659268
    outer loop
      vertex 1.7 89.1921 18.4021
      vertex -1.7 89.3387 18.2349
      vertex 1.7 89.3387 18.2349
    endloop
  endfacet
  facet normal 0 -0.751908 -0.659268
    outer loop
      vertex 18.3 89.3387 18.2349
      vertex 19.7 89.1921 18.4021
      vertex 18.3 89.1921 18.4021
    endloop
  endfacet
  facet normal 0 -0.751908 -0.659268
    outer loop
      vertex 19.7 89.1921 18.4021
      vertex 18.3 89.3387 18.2349
      vertex 19.7 89.3387 18.2349
    endloop
  endfacet
  facet normal 0 -0.751908 -0.659268
    outer loop
      vertex 36.3 89.3387 18.2349
      vertex 42.5 89.1921 18.4021
      vertex 36.3 89.1921 18.4021
    endloop
  endfacet
  facet normal 0 -0.751908 -0.659268
    outer loop
      vertex 42.5 89.1921 18.4021
      vertex 36.3 89.3387 18.2349
      vertex 42.5 89.3387 18.2349
    endloop
  endfacet
  facet normal 0 -0.831566 -0.555426
    outer loop
      vertex -42.5 89.4622 18.05
      vertex -38.3 89.3387 18.2349
      vertex -42.5 89.3387 18.2349
    endloop
  endfacet
  facet normal 0 -0.831566 -0.555426
    outer loop
      vertex -38.3 89.3387 18.2349
      vertex -42.5 89.4622 18.05
      vertex -38.3 89.4622 18.05
    endloop
  endfacet
  facet normal 0 -0.831566 -0.555426
    outer loop
      vertex -21.7 89.4622 18.05
      vertex -18.3 89.3387 18.2349
      vertex -21.7 89.3387 18.2349
    endloop
  endfacet
  facet normal 0 -0.831566 -0.555426
    outer loop
      vertex -18.3 89.3387 18.2349
      vertex -21.7 89.4622 18.05
      vertex -18.3 89.4622 18.05
    endloop
  endfacet
  facet normal 0 -0.831566 -0.555426
    outer loop
      vertex -1.7 89.4622 18.05
      vertex 1.7 89.3387 18.2349
      vertex -1.7 89.3387 18.2349
    endloop
  endfacet
  facet normal 0 -0.831566 -0.555426
    outer loop
      vertex 1.7 89.3387 18.2349
      vertex -1.7 89.4622 18.05
      vertex 1.7 89.4622 18.05
    endloop
  endfacet
  facet normal 0 -0.831566 -0.555426
    outer loop
      vertex 18.3 89.4622 18.05
      vertex 19.7 89.3387 18.2349
      vertex 18.3 89.3387 18.2349
    endloop
  endfacet
  facet normal 0 -0.831566 -0.555426
    outer loop
      vertex 19.7 89.3387 18.2349
      vertex 18.3 89.4622 18.05
      vertex 19.7 89.4622 18.05
    endloop
  endfacet
  facet normal 0 -0.831566 -0.555426
    outer loop
      vertex 36.3 89.4622 18.05
      vertex 42.5 89.3387 18.2349
      vertex 36.3 89.3387 18.2349
    endloop
  endfacet
  facet normal 0 -0.831566 -0.555426
    outer loop
      vertex 42.5 89.3387 18.2349
      vertex 36.3 89.4622 18.05
      vertex 42.5 89.4622 18.05
    endloop
  endfacet
  facet normal 0 -0.0649838 0.997886
    outer loop
      vertex -42.5 88.2119 15.5145
      vertex -38.6213 88.1213 15.5086
      vertex -38.518 88.2119 15.5145
    endloop
  endfacet
  facet normal -8.62096e-06 -0.0653513 0.997862
    outer loop
      vertex -42.5 88.2119 15.5145
      vertex -38.7365 87.99 15.5
      vertex -38.6213 88.1213 15.5086
    endloop
  endfacet
  facet normal 0 -0.0652057 0.997872
    outer loop
      vertex -38.7365 87.99 15.5
      vertex -42.5 88.2119 15.5145
      vertex -42.5 87.99 15.5
    endloop
  endfacet
  facet normal 0 -0.0652057 0.997872
    outer loop
      vertex 42.5 88.2119 15.5145
      vertex 38.7365 87.99 15.5
      vertex 42.5 87.99 15.5
    endloop
  endfacet
  facet normal 8.62096e-06 -0.0653513 0.997862
    outer loop
      vertex 42.5 88.2119 15.5145
      vertex 38.6213 88.1213 15.5086
      vertex 38.7365 87.99 15.5
    endloop
  endfacet
  facet normal 0 -0.0649838 0.997886
    outer loop
      vertex 38.6213 88.1213 15.5086
      vertex 42.5 88.2119 15.5145
      vertex 38.518 88.2119 15.5145
    endloop
  endfacet
  facet normal 0 -0.5547 -0.83205
    outer loop
      vertex -21.7 89 18.5653
      vertex -18.3 89.0249 18.5487
      vertex -18.3 89 18.5653
    endloop
  endfacet
  facet normal -0 -0.5547 -0.83205
    outer loop
      vertex -18.3 89.0249 18.5487
      vertex -21.7 89 18.5653
      vertex -21.7 89.0249 18.5487
    endloop
  endfacet
  facet normal 0 -0.5547 -0.83205
    outer loop
      vertex -1.7 89 18.5653
      vertex 1.7 89.0249 18.5487
      vertex 1.7 89 18.5653
    endloop
  endfacet
  facet normal -0 -0.5547 -0.83205
    outer loop
      vertex 1.7 89.0249 18.5487
      vertex -1.7 89 18.5653
      vertex -1.7 89.0249 18.5487
    endloop
  endfacet
  facet normal 0 -0.5547 -0.83205
    outer loop
      vertex 18.3 89 18.5653
      vertex 19.7 89.0249 18.5487
      vertex 19.7 89 18.5653
    endloop
  endfacet
  facet normal -0 -0.5547 -0.83205
    outer loop
      vertex 19.7 89.0249 18.5487
      vertex 18.3 89 18.5653
      vertex 18.3 89.0249 18.5487
    endloop
  endfacet
  facet normal 0 -0.555426 -0.831566
    outer loop
      vertex 37.4467 88.84 18.6722
      vertex 42.5 89.0249 18.5487
      vertex 42.5 88.84 18.6722
    endloop
  endfacet
  facet normal -2.98148e-06 -0.55537 -0.831603
    outer loop
      vertex 37.2765 88.8978 18.6336
      vertex 42.5 89.0249 18.5487
      vertex 37.4467 88.84 18.6722
    endloop
  endfacet
  facet normal -7.41595e-08 -0.555453 -0.831548
    outer loop
      vertex 36.8916 88.9743 18.5825
      vertex 42.5 89.0249 18.5487
      vertex 37.2765 88.8978 18.6336
    endloop
  endfacet
  facet normal 0.000299955 -0.553031 -0.833161
    outer loop
      vertex 36.3 89.0249 18.5487
      vertex 36.8916 88.9743 18.5825
      vertex 36.5 89 18.5653
    endloop
  endfacet
  facet normal 0 -0.5547 -0.83205
    outer loop
      vertex 36.3 89.0249 18.5487
      vertex 36.5 89 18.5653
      vertex 36.3 89 18.5653
    endloop
  endfacet
  facet normal 0 -0.555458 -0.831544
    outer loop
      vertex 36.8916 88.9743 18.5825
      vertex 36.3 89.0249 18.5487
      vertex 42.5 89.0249 18.5487
    endloop
  endfacet
  facet normal 0 -0.555426 -0.831566
    outer loop
      vertex -42.5 88.84 18.6722
      vertex -38.3 89.0249 18.5487
      vertex -38.3 88.84 18.6722
    endloop
  endfacet
  facet normal -0 -0.555426 -0.831566
    outer loop
      vertex -38.3 89.0249 18.5487
      vertex -42.5 88.84 18.6722
      vertex -42.5 89.0249 18.5487
    endloop
  endfacet
  facet normal 0 0.321484 -0.946915
    outer loop
      vertex -42.5 87.55 18.8421
      vertex -39.1773 87.3394 18.7706
      vertex -42.5 87.3394 18.7706
    endloop
  endfacet
  facet normal -8.94809e-06 0.321357 -0.946958
    outer loop
      vertex -39.1773 87.3394 18.7706
      vertex -42.5 87.55 18.8421
      vertex -39.0981 87.5 18.8251
    endloop
  endfacet
  facet normal 0 0.321903 -0.946773
    outer loop
      vertex -39.0981 87.5 18.8251
      vertex -42.5 87.55 18.8421
      vertex -39.0647 87.55 18.8421
    endloop
  endfacet
  facet normal 0 0.321484 -0.946915
    outer loop
      vertex 39.1773 87.3394 18.7706
      vertex 42.5 87.55 18.8421
      vertex 42.5 87.3394 18.7706
    endloop
  endfacet
  facet normal 8.94809e-06 0.321357 -0.946958
    outer loop
      vertex 39.0981 87.5 18.8251
      vertex 42.5 87.55 18.8421
      vertex 39.1773 87.3394 18.7706
    endloop
  endfacet
  facet normal 0 0.321903 -0.946773
    outer loop
      vertex 42.5 87.55 18.8421
      vertex 39.0981 87.5 18.8251
      vertex 39.0647 87.55 18.8421
    endloop
  endfacet
  facet normal 0 0.0652057 -0.997872
    outer loop
      vertex -42.5 87.99 18.9
      vertex -38.9189 87.7681 18.8855
      vertex -42.5 87.7681 18.8855
    endloop
  endfacet
  facet normal -3.12655e-06 0.0651554 -0.997875
    outer loop
      vertex -38.9189 87.7681 18.8855
      vertex -42.5 87.99 18.9
      vertex -38.8801 87.8263 18.8893
    endloop
  endfacet
  facet normal 0 0.0652243 -0.997871
    outer loop
      vertex -38.8801 87.8263 18.8893
      vertex -42.5 87.99 18.9
      vertex -38.7365 87.99 18.9
    endloop
  endfacet
  facet normal 0 0.0652057 -0.997872
    outer loop
      vertex 38.9189 87.7681 18.8855
      vertex 42.5 87.99 18.9
      vertex 42.5 87.7681 18.8855
    endloop
  endfacet
  facet normal 3.12655e-06 0.0651554 -0.997875
    outer loop
      vertex 38.8801 87.8263 18.8893
      vertex 42.5 87.99 18.9
      vertex 38.9189 87.7681 18.8855
    endloop
  endfacet
  facet normal 0 0.0652243 -0.997871
    outer loop
      vertex 42.5 87.99 18.9
      vertex 38.8801 87.8263 18.8893
      vertex 38.7365 87.99 18.9
    endloop
  endfacet
  facet normal 0 -0.946915 0.321484
    outer loop
      vertex -21.7 89.5606 16.5494
      vertex -18.3 89.6321 16.76
      vertex -21.7 89.6321 16.76
    endloop
  endfacet
  facet normal 0 -0.946915 0.321484
    outer loop
      vertex -18.3 89.6321 16.76
      vertex -21.7 89.5606 16.5494
      vertex -18.3 89.5606 16.5494
    endloop
  endfacet
  facet normal 0 -0.946915 0.321484
    outer loop
      vertex -1.7 89.5606 16.5494
      vertex 1.7 89.6321 16.76
      vertex -1.7 89.6321 16.76
    endloop
  endfacet
  facet normal 0 -0.946915 0.321484
    outer loop
      vertex 1.7 89.6321 16.76
      vertex -1.7 89.5606 16.5494
      vertex 1.7 89.5606 16.5494
    endloop
  endfacet
  facet normal 0 -0.946915 0.321484
    outer loop
      vertex 18.3 89.5606 16.5494
      vertex 19.7 89.6321 16.76
      vertex 18.3 89.6321 16.76
    endloop
  endfacet
  facet normal 0 -0.946915 0.321484
    outer loop
      vertex 19.7 89.6321 16.76
      vertex 18.3 89.5606 16.5494
      vertex 19.7 89.5606 16.5494
    endloop
  endfacet
  facet normal 0 -0.946915 0.321484
    outer loop
      vertex 36.3 89.5606 16.5494
      vertex 42.5 89.6321 16.76
      vertex 36.3 89.6321 16.76
    endloop
  endfacet
  facet normal 0 -0.946915 0.321484
    outer loop
      vertex 42.5 89.6321 16.76
      vertex 36.3 89.5606 16.5494
      vertex 42.5 89.5606 16.5494
    endloop
  endfacet
  facet normal 0 -0.946915 0.321484
    outer loop
      vertex -42.5 89.5606 16.5494
      vertex -38.3 89.6321 16.76
      vertex -42.5 89.6321 16.76
    endloop
  endfacet
  facet normal 0 -0.946915 0.321484
    outer loop
      vertex -38.3 89.6321 16.76
      vertex -42.5 89.5606 16.5494
      vertex -38.3 89.5606 16.5494
    endloop
  endfacet
  facet normal -0 0.321903 0.946773
    outer loop
      vertex -42.5 87.55 15.5579
      vertex -39.0981 87.5 15.5749
      vertex -39.0647 87.55 15.5579
    endloop
  endfacet
  facet normal -8.94809e-06 0.321357 0.946958
    outer loop
      vertex -42.5 87.55 15.5579
      vertex -39.1773 87.3394 15.6294
      vertex -39.0981 87.5 15.5749
    endloop
  endfacet
  facet normal 0 0.321484 0.946915
    outer loop
      vertex -39.1773 87.3394 15.6294
      vertex -42.5 87.55 15.5579
      vertex -42.5 87.3394 15.6294
    endloop
  endfacet
  facet normal 0 0.321484 0.946915
    outer loop
      vertex 42.5 87.55 15.5579
      vertex 39.1773 87.3394 15.6294
      vertex 42.5 87.3394 15.6294
    endloop
  endfacet
  facet normal 8.94809e-06 0.321357 0.946958
    outer loop
      vertex 42.5 87.55 15.5579
      vertex 39.0981 87.5 15.5749
      vertex 39.1773 87.3394 15.6294
    endloop
  endfacet
  facet normal 0 0.321903 0.946773
    outer loop
      vertex 39.0981 87.5 15.5749
      vertex 42.5 87.55 15.5579
      vertex 39.0647 87.55 15.5579
    endloop
  endfacet
  facet normal 0 -0.195165 -0.98077
    outer loop
      vertex 38.518 88.2119 18.8855
      vertex 42.5 88.43 18.8421
      vertex 42.5 88.2119 18.8855
    endloop
  endfacet
  facet normal 8.91729e-06 -0.195321 -0.980739
    outer loop
      vertex 38.3263 88.3801 18.852
      vertex 42.5 88.43 18.8421
      vertex 38.518 88.2119 18.8855
    endloop
  endfacet
  facet normal -0 -0.194604 -0.980882
    outer loop
      vertex 42.5 88.43 18.8421
      vertex 38.3263 88.3801 18.852
      vertex 38.2516 88.43 18.8421
    endloop
  endfacet
  facet normal -0.00161181 -0.193786 -0.981042
    outer loop
      vertex -38.3263 88.3801 18.852
      vertex -38.3 88.43 18.8421
      vertex -38.3 88.3976 18.8485
    endloop
  endfacet
  facet normal -0.00123432 -0.193978 -0.981005
    outer loop
      vertex -38.518 88.2119 18.8855
      vertex -38.3 88.43 18.8421
      vertex -38.3263 88.3801 18.852
    endloop
  endfacet
  facet normal 0 -0.195165 -0.98077
    outer loop
      vertex -42.5 88.43 18.8421
      vertex -38.518 88.2119 18.8855
      vertex -42.5 88.2119 18.8855
    endloop
  endfacet
  facet normal 0 -0.195165 -0.98077
    outer loop
      vertex -38.518 88.2119 18.8855
      vertex -42.5 88.43 18.8421
      vertex -38.3 88.43 18.8421
    endloop
  endfacet
  facet normal 0 0.997872 0.0652057
    outer loop
      vertex -39.48 86.3045 16.9781
      vertex -42.5 86.29 17.2
      vertex -39.481 86.29 17.2
    endloop
  endfacet
  facet normal 0 0.997872 0.0652057
    outer loop
      vertex -42.5 86.29 17.2
      vertex -39.48 86.3045 16.9781
      vertex -42.5 86.3045 16.9781
    endloop
  endfacet
  facet normal 0 0.997872 0.0652057
    outer loop
      vertex 42.5 86.3045 16.9781
      vertex 39.481 86.29 17.2
      vertex 42.5 86.29 17.2
    endloop
  endfacet
  facet normal 0 0.997872 0.0652057
    outer loop
      vertex 39.481 86.29 17.2
      vertex 42.5 86.3045 16.9781
      vertex 39.48 86.3045 16.9781
    endloop
  endfacet
  facet normal 0 0.997872 -0.0652057
    outer loop
      vertex -39.481 86.29 17.2
      vertex -42.5 86.3045 17.4219
      vertex -39.48 86.3045 17.4219
    endloop
  endfacet
  facet normal 0 0.997872 -0.0652057
    outer loop
      vertex -42.5 86.3045 17.4219
      vertex -39.481 86.29 17.2
      vertex -42.5 86.29 17.2
    endloop
  endfacet
  facet normal 0 0.997872 -0.0652057
    outer loop
      vertex 42.5 86.29 17.2
      vertex 39.48 86.3045 17.4219
      vertex 42.5 86.3045 17.4219
    endloop
  endfacet
  facet normal 0 0.997872 -0.0652057
    outer loop
      vertex 39.48 86.3045 17.4219
      vertex 42.5 86.29 17.2
      vertex 39.481 86.29 17.2
    endloop
  endfacet
  facet normal 0 0.946827 0.321744
    outer loop
      vertex -39.4743 86.3916 16.6314
      vertex -42.5 86.3479 16.76
      vertex -39.4772 86.3479 16.76
    endloop
  endfacet
  facet normal -0 0.947054 0.321074
    outer loop
      vertex -42.5 86.4194 16.5494
      vertex -39.4743 86.3916 16.6314
      vertex -39.4688 86.4194 16.5494
    endloop
  endfacet
  facet normal -1.23637e-05 0.946915 0.321484
    outer loop
      vertex -39.4743 86.3916 16.6314
      vertex -42.5 86.4194 16.5494
      vertex -42.5 86.3479 16.76
    endloop
  endfacet
  facet normal 0 0.946827 0.321744
    outer loop
      vertex 42.5 86.3479 16.76
      vertex 39.4743 86.3916 16.6314
      vertex 39.4772 86.3479 16.76
    endloop
  endfacet
  facet normal 1.23637e-05 0.946915 0.321484
    outer loop
      vertex 42.5 86.4194 16.5494
      vertex 39.4743 86.3916 16.6314
      vertex 42.5 86.3479 16.76
    endloop
  endfacet
  facet normal 0 0.947054 0.321074
    outer loop
      vertex 39.4743 86.3916 16.6314
      vertex 42.5 86.4194 16.5494
      vertex 39.4688 86.4194 16.5494
    endloop
  endfacet
  facet normal 0 0.44253 -0.896754
    outer loop
      vertex -42.5 87.3394 18.7706
      vertex -39.2744 87.14 18.6722
      vertex -42.5 87.14 18.6722
    endloop
  endfacet
  facet normal 0.000352862 0.447115 -0.894477
    outer loop
      vertex -39.2744 87.14 18.6722
      vertex -42.5 87.3394 18.7706
      vertex -39.2716 87.148 18.6762
    endloop
  endfacet
  facet normal 0 0.442334 -0.89685
    outer loop
      vertex -39.2716 87.148 18.6762
      vertex -42.5 87.3394 18.7706
      vertex -39.1773 87.3394 18.7706
    endloop
  endfacet
  facet normal 0 0.44253 -0.896754
    outer loop
      vertex 39.2744 87.14 18.6722
      vertex 42.5 87.3394 18.7706
      vertex 42.5 87.14 18.6722
    endloop
  endfacet
  facet normal -0.000352862 0.447115 -0.894477
    outer loop
      vertex 39.2716 87.148 18.6762
      vertex 42.5 87.3394 18.7706
      vertex 39.2744 87.14 18.6722
    endloop
  endfacet
  facet normal 0 0.442334 -0.89685
    outer loop
      vertex 42.5 87.3394 18.7706
      vertex 39.2716 87.148 18.6762
      vertex 39.1773 87.3394 18.7706
    endloop
  endfacet
  facet normal 0 -0.946915 -0.321484
    outer loop
      vertex -42.5 89.6321 17.64
      vertex -38.3 89.5606 17.8506
      vertex -42.5 89.5606 17.8506
    endloop
  endfacet
  facet normal 0 -0.946915 -0.321484
    outer loop
      vertex -38.3 89.5606 17.8506
      vertex -42.5 89.6321 17.64
      vertex -38.3 89.6321 17.64
    endloop
  endfacet
  facet normal 0 -0.946915 -0.321484
    outer loop
      vertex -21.7 89.6321 17.64
      vertex -18.3 89.5606 17.8506
      vertex -21.7 89.5606 17.8506
    endloop
  endfacet
  facet normal 0 -0.946915 -0.321484
    outer loop
      vertex -18.3 89.5606 17.8506
      vertex -21.7 89.6321 17.64
      vertex -18.3 89.6321 17.64
    endloop
  endfacet
  facet normal 0 -0.946915 -0.321484
    outer loop
      vertex -1.7 89.6321 17.64
      vertex 1.7 89.5606 17.8506
      vertex -1.7 89.5606 17.8506
    endloop
  endfacet
  facet normal 0 -0.946915 -0.321484
    outer loop
      vertex 1.7 89.5606 17.8506
      vertex -1.7 89.6321 17.64
      vertex 1.7 89.6321 17.64
    endloop
  endfacet
  facet normal 0 -0.946915 -0.321484
    outer loop
      vertex 18.3 89.6321 17.64
      vertex 19.7 89.5606 17.8506
      vertex 18.3 89.5606 17.8506
    endloop
  endfacet
  facet normal 0 -0.946915 -0.321484
    outer loop
      vertex 19.7 89.5606 17.8506
      vertex 18.3 89.6321 17.64
      vertex 19.7 89.6321 17.64
    endloop
  endfacet
  facet normal 0 -0.946915 -0.321484
    outer loop
      vertex 36.3 89.6321 17.64
      vertex 42.5 89.5606 17.8506
      vertex 36.3 89.5606 17.8506
    endloop
  endfacet
  facet normal 0 -0.946915 -0.321484
    outer loop
      vertex 42.5 89.5606 17.8506
      vertex 36.3 89.6321 17.64
      vertex 42.5 89.6321 17.64
    endloop
  endfacet
  facet normal 0 -0.44253 -0.896754
    outer loop
      vertex -42.5 88.6406 18.7706
      vertex -38.3 88.84 18.6722
      vertex -38.3 88.6406 18.7706
    endloop
  endfacet
  facet normal -0 -0.44253 -0.896754
    outer loop
      vertex -38.3 88.84 18.6722
      vertex -42.5 88.6406 18.7706
      vertex -42.5 88.84 18.6722
    endloop
  endfacet
  facet normal 0 -0.44253 -0.896754
    outer loop
      vertex 37.9138 88.6406 18.7706
      vertex 42.5 88.84 18.6722
      vertex 42.5 88.6406 18.7706
    endloop
  endfacet
  facet normal -1.25656e-05 -0.442298 -0.896868
    outer loop
      vertex 37.648 88.7716 18.706
      vertex 42.5 88.84 18.6722
      vertex 37.9138 88.6406 18.7706
    endloop
  endfacet
  facet normal -0 -0.443014 -0.896514
    outer loop
      vertex 42.5 88.84 18.6722
      vertex 37.648 88.7716 18.706
      vertex 37.4467 88.84 18.6722
    endloop
  endfacet
  facet normal -0.00161181 -0.193786 0.981042
    outer loop
      vertex -38.3 88.43 15.5579
      vertex -38.3263 88.3801 15.548
      vertex -38.3 88.3976 15.5515
    endloop
  endfacet
  facet normal -0.00123432 -0.193978 0.981005
    outer loop
      vertex -38.3 88.43 15.5579
      vertex -38.518 88.2119 15.5145
      vertex -38.3263 88.3801 15.548
    endloop
  endfacet
  facet normal 0 -0.195165 0.98077
    outer loop
      vertex -42.5 88.43 15.5579
      vertex -38.518 88.2119 15.5145
      vertex -38.3 88.43 15.5579
    endloop
  endfacet
  facet normal 0 -0.195165 0.98077
    outer loop
      vertex -38.518 88.2119 15.5145
      vertex -42.5 88.43 15.5579
      vertex -42.5 88.2119 15.5145
    endloop
  endfacet
  facet normal 0 -0.195165 0.98077
    outer loop
      vertex 42.5 88.43 15.5579
      vertex 38.518 88.2119 15.5145
      vertex 42.5 88.2119 15.5145
    endloop
  endfacet
  facet normal 8.91729e-06 -0.195321 0.980739
    outer loop
      vertex 42.5 88.43 15.5579
      vertex 38.3263 88.3801 15.548
      vertex 38.518 88.2119 15.5145
    endloop
  endfacet
  facet normal 0 -0.194604 0.980882
    outer loop
      vertex 38.3263 88.3801 15.548
      vertex 42.5 88.43 15.5579
      vertex 38.2516 88.43 15.5579
    endloop
  endfacet
  facet normal 0 0.896754 -0.44253
    outer loop
      vertex -39.4688 86.4194 17.8506
      vertex -42.5 86.5178 18.05
      vertex -39.4492 86.5178 18.05
    endloop
  endfacet
  facet normal 0 0.896754 -0.44253
    outer loop
      vertex -42.5 86.5178 18.05
      vertex -39.4688 86.4194 17.8506
      vertex -42.5 86.4194 17.8506
    endloop
  endfacet
  facet normal 0 0.896754 -0.44253
    outer loop
      vertex 39.4688 86.4194 17.8506
      vertex 42.5 86.5178 18.05
      vertex 42.5 86.4194 17.8506
    endloop
  endfacet
  facet normal 0 0.896754 -0.44253
    outer loop
      vertex 42.5 86.5178 18.05
      vertex 39.4688 86.4194 17.8506
      vertex 39.4492 86.5178 18.05
    endloop
  endfacet
  facet normal -0 0.896754 0.44253
    outer loop
      vertex -42.5 86.5178 16.35
      vertex -39.4688 86.4194 16.5494
      vertex -39.4492 86.5178 16.35
    endloop
  endfacet
  facet normal 0 0.896754 0.44253
    outer loop
      vertex -39.4688 86.4194 16.5494
      vertex -42.5 86.5178 16.35
      vertex -42.5 86.4194 16.5494
    endloop
  endfacet
  facet normal 0 0.896754 0.44253
    outer loop
      vertex 42.5 86.5178 16.35
      vertex 39.4688 86.4194 16.5494
      vertex 42.5 86.4194 16.5494
    endloop
  endfacet
  facet normal 0 0.896754 0.44253
    outer loop
      vertex 39.4688 86.4194 16.5494
      vertex 42.5 86.5178 16.35
      vertex 39.4492 86.5178 16.35
    endloop
  endfacet
  facet normal -0 0.98077 0.195165
    outer loop
      vertex -42.5 86.3479 16.76
      vertex -39.48 86.3045 16.9781
      vertex -39.4772 86.3479 16.76
    endloop
  endfacet
  facet normal 0 0.98077 0.195165
    outer loop
      vertex -39.48 86.3045 16.9781
      vertex -42.5 86.3479 16.76
      vertex -42.5 86.3045 16.9781
    endloop
  endfacet
  facet normal 0 0.98077 0.195165
    outer loop
      vertex 42.5 86.3479 16.76
      vertex 39.48 86.3045 16.9781
      vertex 42.5 86.3045 16.9781
    endloop
  endfacet
  facet normal 0 0.98077 0.195165
    outer loop
      vertex 39.48 86.3045 16.9781
      vertex 42.5 86.3479 16.76
      vertex 39.4772 86.3479 16.76
    endloop
  endfacet
  facet normal 0 -0.555426 0.831566
    outer loop
      vertex -42.5 89.0249 15.8513
      vertex -38.3 88.84 15.7278
      vertex -38.3 89.0249 15.8513
    endloop
  endfacet
  facet normal 0 -0.555426 0.831566
    outer loop
      vertex -38.3 88.84 15.7278
      vertex -42.5 89.0249 15.8513
      vertex -42.5 88.84 15.7278
    endloop
  endfacet
  facet normal 0 -0.5547 0.83205
    outer loop
      vertex -21.7 89.0249 15.8513
      vertex -18.3 89 15.8347
      vertex -18.3 89.0249 15.8513
    endloop
  endfacet
  facet normal 0 -0.5547 0.83205
    outer loop
      vertex -18.3 89 15.8347
      vertex -21.7 89.0249 15.8513
      vertex -21.7 89 15.8347
    endloop
  endfacet
  facet normal 0 -0.5547 0.83205
    outer loop
      vertex -1.7 89.0249 15.8513
      vertex 1.7 89 15.8347
      vertex 1.7 89.0249 15.8513
    endloop
  endfacet
  facet normal 0 -0.5547 0.83205
    outer loop
      vertex 1.7 89 15.8347
      vertex -1.7 89.0249 15.8513
      vertex -1.7 89 15.8347
    endloop
  endfacet
  facet normal 0 -0.5547 0.83205
    outer loop
      vertex 18.3 89.0249 15.8513
      vertex 19.7 89 15.8347
      vertex 19.7 89.0249 15.8513
    endloop
  endfacet
  facet normal 0 -0.5547 0.83205
    outer loop
      vertex 19.7 89 15.8347
      vertex 18.3 89.0249 15.8513
      vertex 18.3 89 15.8347
    endloop
  endfacet
  facet normal 0 -0.555426 0.831566
    outer loop
      vertex 42.5 89.0249 15.8513
      vertex 37.4467 88.84 15.7278
      vertex 42.5 88.84 15.7278
    endloop
  endfacet
  facet normal -2.98148e-06 -0.55537 0.831603
    outer loop
      vertex 42.5 89.0249 15.8513
      vertex 37.2765 88.8978 15.7664
      vertex 37.4467 88.84 15.7278
    endloop
  endfacet
  facet normal -7.41595e-08 -0.555453 0.831548
    outer loop
      vertex 42.5 89.0249 15.8513
      vertex 36.8916 88.9743 15.8175
      vertex 37.2765 88.8978 15.7664
    endloop
  endfacet
  facet normal 0 -0.555458 0.831544
    outer loop
      vertex 36.3 89.0249 15.8513
      vertex 36.8916 88.9743 15.8175
      vertex 42.5 89.0249 15.8513
    endloop
  endfacet
  facet normal 0.000299955 -0.553031 0.833161
    outer loop
      vertex 36.8916 88.9743 15.8175
      vertex 36.3 89.0249 15.8513
      vertex 36.5 89 15.8347
    endloop
  endfacet
  facet normal 0 -0.5547 0.83205
    outer loop
      vertex 36.5 89 15.8347
      vertex 36.3 89.0249 15.8513
      vertex 36.3 89 15.8347
    endloop
  endfacet
  facet normal -0 0.195165 0.98077
    outer loop
      vertex -42.5 87.7681 15.5145
      vertex -39.0647 87.55 15.5579
      vertex -38.9189 87.7681 15.5145
    endloop
  endfacet
  facet normal 0 0.195165 0.98077
    outer loop
      vertex -39.0647 87.55 15.5579
      vertex -42.5 87.7681 15.5145
      vertex -42.5 87.55 15.5579
    endloop
  endfacet
  facet normal 0 0.195165 0.98077
    outer loop
      vertex 42.5 87.7681 15.5145
      vertex 39.0647 87.55 15.5579
      vertex 42.5 87.55 15.5579
    endloop
  endfacet
  facet normal 0 0.195165 0.98077
    outer loop
      vertex 39.0647 87.55 15.5579
      vertex 42.5 87.7681 15.5145
      vertex 38.9189 87.7681 15.5145
    endloop
  endfacet
  facet normal -0 0.0652243 0.997871
    outer loop
      vertex -42.5 87.99 15.5
      vertex -38.8801 87.8263 15.5107
      vertex -38.7365 87.99 15.5
    endloop
  endfacet
  facet normal -3.12655e-06 0.0651554 0.997875
    outer loop
      vertex -42.5 87.99 15.5
      vertex -38.9189 87.7681 15.5145
      vertex -38.8801 87.8263 15.5107
    endloop
  endfacet
  facet normal 0 0.0652057 0.997872
    outer loop
      vertex -38.9189 87.7681 15.5145
      vertex -42.5 87.99 15.5
      vertex -42.5 87.7681 15.5145
    endloop
  endfacet
  facet normal 0 0.0652057 0.997872
    outer loop
      vertex 42.5 87.99 15.5
      vertex 38.9189 87.7681 15.5145
      vertex 42.5 87.7681 15.5145
    endloop
  endfacet
  facet normal 3.12655e-06 0.0651554 0.997875
    outer loop
      vertex 42.5 87.99 15.5
      vertex 38.8801 87.8263 15.5107
      vertex 38.9189 87.7681 15.5145
    endloop
  endfacet
  facet normal 0 0.0652243 0.997871
    outer loop
      vertex 38.8801 87.8263 15.5107
      vertex 42.5 87.99 15.5
      vertex 38.7365 87.99 15.5
    endloop
  endfacet
  facet normal 0 -0.831566 0.555426
    outer loop
      vertex -42.5 89.3387 16.1651
      vertex -38.3 89.4622 16.35
      vertex -42.5 89.4622 16.35
    endloop
  endfacet
  facet normal 0 -0.831566 0.555426
    outer loop
      vertex -38.3 89.4622 16.35
      vertex -42.5 89.3387 16.1651
      vertex -38.3 89.3387 16.1651
    endloop
  endfacet
  facet normal 0 -0.831566 0.555426
    outer loop
      vertex -21.7 89.3387 16.1651
      vertex -18.3 89.4622 16.35
      vertex -21.7 89.4622 16.35
    endloop
  endfacet
  facet normal 0 -0.831566 0.555426
    outer loop
      vertex -18.3 89.4622 16.35
      vertex -21.7 89.3387 16.1651
      vertex -18.3 89.3387 16.1651
    endloop
  endfacet
  facet normal 0 -0.831566 0.555426
    outer loop
      vertex -1.7 89.3387 16.1651
      vertex 1.7 89.4622 16.35
      vertex -1.7 89.4622 16.35
    endloop
  endfacet
  facet normal 0 -0.831566 0.555426
    outer loop
      vertex 1.7 89.4622 16.35
      vertex -1.7 89.3387 16.1651
      vertex 1.7 89.3387 16.1651
    endloop
  endfacet
  facet normal 0 -0.831566 0.555426
    outer loop
      vertex 18.3 89.3387 16.1651
      vertex 19.7 89.4622 16.35
      vertex 18.3 89.4622 16.35
    endloop
  endfacet
  facet normal 0 -0.831566 0.555426
    outer loop
      vertex 19.7 89.4622 16.35
      vertex 18.3 89.3387 16.1651
      vertex 19.7 89.3387 16.1651
    endloop
  endfacet
  facet normal 0 -0.831566 0.555426
    outer loop
      vertex 36.3 89.3387 16.1651
      vertex 42.5 89.4622 16.35
      vertex 36.3 89.4622 16.35
    endloop
  endfacet
  facet normal 0 -0.831566 0.555426
    outer loop
      vertex 42.5 89.4622 16.35
      vertex 36.3 89.3387 16.1651
      vertex 42.5 89.3387 16.1651
    endloop
  endfacet
  facet normal 0 -0.98077 0.195165
    outer loop
      vertex -42.5 89.6321 16.76
      vertex -38.3 89.6755 16.9781
      vertex -42.5 89.6755 16.9781
    endloop
  endfacet
  facet normal 0 -0.98077 0.195165
    outer loop
      vertex -38.3 89.6755 16.9781
      vertex -42.5 89.6321 16.76
      vertex -38.3 89.6321 16.76
    endloop
  endfacet
  facet normal 0 -0.98077 0.195165
    outer loop
      vertex -21.7 89.6321 16.76
      vertex -18.3 89.6755 16.9781
      vertex -21.7 89.6755 16.9781
    endloop
  endfacet
  facet normal 0 -0.98077 0.195165
    outer loop
      vertex -18.3 89.6755 16.9781
      vertex -21.7 89.6321 16.76
      vertex -18.3 89.6321 16.76
    endloop
  endfacet
  facet normal 0 -0.98077 0.195165
    outer loop
      vertex -1.7 89.6321 16.76
      vertex 1.7 89.6755 16.9781
      vertex -1.7 89.6755 16.9781
    endloop
  endfacet
  facet normal 0 -0.98077 0.195165
    outer loop
      vertex 1.7 89.6755 16.9781
      vertex -1.7 89.6321 16.76
      vertex 1.7 89.6321 16.76
    endloop
  endfacet
  facet normal 0 -0.98077 0.195165
    outer loop
      vertex 18.3 89.6321 16.76
      vertex 19.7 89.6755 16.9781
      vertex 18.3 89.6755 16.9781
    endloop
  endfacet
  facet normal 0 -0.98077 0.195165
    outer loop
      vertex 19.7 89.6755 16.9781
      vertex 18.3 89.6321 16.76
      vertex 19.7 89.6321 16.76
    endloop
  endfacet
  facet normal 0 -0.98077 0.195165
    outer loop
      vertex 36.3 89.6321 16.76
      vertex 42.5 89.6755 16.9781
      vertex 36.3 89.6755 16.9781
    endloop
  endfacet
  facet normal 0 -0.98077 0.195165
    outer loop
      vertex 42.5 89.6755 16.9781
      vertex 36.3 89.6321 16.76
      vertex 42.5 89.6321 16.76
    endloop
  endfacet
  facet normal 0 -0.44253 0.896754
    outer loop
      vertex -42.5 88.84 15.7278
      vertex -38.3 88.6406 15.6294
      vertex -38.3 88.84 15.7278
    endloop
  endfacet
  facet normal 0 -0.44253 0.896754
    outer loop
      vertex -38.3 88.6406 15.6294
      vertex -42.5 88.84 15.7278
      vertex -42.5 88.6406 15.6294
    endloop
  endfacet
  facet normal 0 -0.44253 0.896754
    outer loop
      vertex 42.5 88.84 15.7278
      vertex 37.9138 88.6406 15.6294
      vertex 42.5 88.6406 15.6294
    endloop
  endfacet
  facet normal -1.25656e-05 -0.442298 0.896868
    outer loop
      vertex 42.5 88.84 15.7278
      vertex 37.648 88.7716 15.694
      vertex 37.9138 88.6406 15.6294
    endloop
  endfacet
  facet normal 0 -0.443014 0.896514
    outer loop
      vertex 37.648 88.7716 15.694
      vertex 42.5 88.84 15.7278
      vertex 37.4467 88.84 15.7278
    endloop
  endfacet
  facet normal 0 0.555426 -0.831566
    outer loop
      vertex -42.5 87.14 18.6722
      vertex -39.3371 86.9551 18.5487
      vertex -42.5 86.9551 18.5487
    endloop
  endfacet
  facet normal 0 0.555426 -0.831566
    outer loop
      vertex -39.3371 86.9551 18.5487
      vertex -42.5 87.14 18.6722
      vertex -39.2744 87.14 18.6722
    endloop
  endfacet
  facet normal 0 0.555426 -0.831566
    outer loop
      vertex 39.3371 86.9551 18.5487
      vertex 42.5 87.14 18.6722
      vertex 42.5 86.9551 18.5487
    endloop
  endfacet
  facet normal 0 0.555426 -0.831566
    outer loop
      vertex 42.5 87.14 18.6722
      vertex 39.3371 86.9551 18.5487
      vertex 39.2744 87.14 18.6722
    endloop
  endfacet
  facet normal 0 -0.659268 -0.751908
    outer loop
      vertex -42.5 89.0249 18.5487
      vertex -38.3 89.1921 18.4021
      vertex -38.3 89.0249 18.5487
    endloop
  endfacet
  facet normal -0 -0.659268 -0.751908
    outer loop
      vertex -38.3 89.1921 18.4021
      vertex -42.5 89.0249 18.5487
      vertex -42.5 89.1921 18.4021
    endloop
  endfacet
  facet normal 0 -0.659268 -0.751908
    outer loop
      vertex -21.7 89.0249 18.5487
      vertex -18.3 89.1921 18.4021
      vertex -18.3 89.0249 18.5487
    endloop
  endfacet
  facet normal -0 -0.659268 -0.751908
    outer loop
      vertex -18.3 89.1921 18.4021
      vertex -21.7 89.0249 18.5487
      vertex -21.7 89.1921 18.4021
    endloop
  endfacet
  facet normal 0 -0.659268 -0.751908
    outer loop
      vertex -1.7 89.0249 18.5487
      vertex 1.7 89.1921 18.4021
      vertex 1.7 89.0249 18.5487
    endloop
  endfacet
  facet normal -0 -0.659268 -0.751908
    outer loop
      vertex 1.7 89.1921 18.4021
      vertex -1.7 89.0249 18.5487
      vertex -1.7 89.1921 18.4021
    endloop
  endfacet
  facet normal 0 -0.659268 -0.751908
    outer loop
      vertex 18.3 89.0249 18.5487
      vertex 19.7 89.1921 18.4021
      vertex 19.7 89.0249 18.5487
    endloop
  endfacet
  facet normal -0 -0.659268 -0.751908
    outer loop
      vertex 19.7 89.1921 18.4021
      vertex 18.3 89.0249 18.5487
      vertex 18.3 89.1921 18.4021
    endloop
  endfacet
  facet normal 0 -0.659268 -0.751908
    outer loop
      vertex 36.3 89.0249 18.5487
      vertex 42.5 89.1921 18.4021
      vertex 42.5 89.0249 18.5487
    endloop
  endfacet
  facet normal -0 -0.659268 -0.751908
    outer loop
      vertex 42.5 89.1921 18.4021
      vertex 36.3 89.0249 18.5487
      vertex 36.3 89.1921 18.4021
    endloop
  endfacet
  facet normal 0 -0.659268 0.751908
    outer loop
      vertex -42.5 89.1921 15.9979
      vertex -38.3 89.0249 15.8513
      vertex -38.3 89.1921 15.9979
    endloop
  endfacet
  facet normal 0 -0.659268 0.751908
    outer loop
      vertex -38.3 89.0249 15.8513
      vertex -42.5 89.1921 15.9979
      vertex -42.5 89.0249 15.8513
    endloop
  endfacet
  facet normal 0 -0.659268 0.751908
    outer loop
      vertex -21.7 89.1921 15.9979
      vertex -18.3 89.0249 15.8513
      vertex -18.3 89.1921 15.9979
    endloop
  endfacet
  facet normal 0 -0.659268 0.751908
    outer loop
      vertex -18.3 89.0249 15.8513
      vertex -21.7 89.1921 15.9979
      vertex -21.7 89.0249 15.8513
    endloop
  endfacet
  facet normal 0 -0.659268 0.751908
    outer loop
      vertex -1.7 89.1921 15.9979
      vertex 1.7 89.0249 15.8513
      vertex 1.7 89.1921 15.9979
    endloop
  endfacet
  facet normal 0 -0.659268 0.751908
    outer loop
      vertex 1.7 89.0249 15.8513
      vertex -1.7 89.1921 15.9979
      vertex -1.7 89.0249 15.8513
    endloop
  endfacet
  facet normal 0 -0.659268 0.751908
    outer loop
      vertex 18.3 89.1921 15.9979
      vertex 19.7 89.0249 15.8513
      vertex 19.7 89.1921 15.9979
    endloop
  endfacet
  facet normal 0 -0.659268 0.751908
    outer loop
      vertex 19.7 89.0249 15.8513
      vertex 18.3 89.1921 15.9979
      vertex 18.3 89.0249 15.8513
    endloop
  endfacet
  facet normal 0 -0.659268 0.751908
    outer loop
      vertex 36.3 89.1921 15.9979
      vertex 42.5 89.0249 15.8513
      vertex 42.5 89.1921 15.9979
    endloop
  endfacet
  facet normal 0 -0.659268 0.751908
    outer loop
      vertex 42.5 89.0249 15.8513
      vertex 36.3 89.1921 15.9979
      vertex 36.3 89.0249 15.8513
    endloop
  endfacet
  facet normal 0 -0.896754 -0.44253
    outer loop
      vertex -42.5 89.5606 17.8506
      vertex -38.3 89.4622 18.05
      vertex -42.5 89.4622 18.05
    endloop
  endfacet
  facet normal 0 -0.896754 -0.44253
    outer loop
      vertex -38.3 89.4622 18.05
      vertex -42.5 89.5606 17.8506
      vertex -38.3 89.5606 17.8506
    endloop
  endfacet
  facet normal 0 -0.896754 -0.44253
    outer loop
      vertex -21.7 89.5606 17.8506
      vertex -18.3 89.4622 18.05
      vertex -21.7 89.4622 18.05
    endloop
  endfacet
  facet normal 0 -0.896754 -0.44253
    outer loop
      vertex -18.3 89.4622 18.05
      vertex -21.7 89.5606 17.8506
      vertex -18.3 89.5606 17.8506
    endloop
  endfacet
  facet normal 0 -0.896754 -0.44253
    outer loop
      vertex -1.7 89.5606 17.8506
      vertex 1.7 89.4622 18.05
      vertex -1.7 89.4622 18.05
    endloop
  endfacet
  facet normal 0 -0.896754 -0.44253
    outer loop
      vertex 1.7 89.4622 18.05
      vertex -1.7 89.5606 17.8506
      vertex 1.7 89.5606 17.8506
    endloop
  endfacet
  facet normal 0 -0.896754 -0.44253
    outer loop
      vertex 18.3 89.5606 17.8506
      vertex 19.7 89.4622 18.05
      vertex 18.3 89.4622 18.05
    endloop
  endfacet
  facet normal 0 -0.896754 -0.44253
    outer loop
      vertex 19.7 89.4622 18.05
      vertex 18.3 89.5606 17.8506
      vertex 19.7 89.5606 17.8506
    endloop
  endfacet
  facet normal 0 -0.896754 -0.44253
    outer loop
      vertex 36.3 89.5606 17.8506
      vertex 42.5 89.4622 18.05
      vertex 36.3 89.4622 18.05
    endloop
  endfacet
  facet normal 0 -0.896754 -0.44253
    outer loop
      vertex 42.5 89.4622 18.05
      vertex 36.3 89.5606 17.8506
      vertex 42.5 89.5606 17.8506
    endloop
  endfacet
  facet normal -0 0.555426 0.831566
    outer loop
      vertex -42.5 87.14 15.7278
      vertex -39.3371 86.9551 15.8513
      vertex -39.2744 87.14 15.7278
    endloop
  endfacet
  facet normal 0 0.555426 0.831566
    outer loop
      vertex -39.3371 86.9551 15.8513
      vertex -42.5 87.14 15.7278
      vertex -42.5 86.9551 15.8513
    endloop
  endfacet
  facet normal 0 0.555426 0.831566
    outer loop
      vertex 42.5 87.14 15.7278
      vertex 39.3371 86.9551 15.8513
      vertex 42.5 86.9551 15.8513
    endloop
  endfacet
  facet normal 0 0.555426 0.831566
    outer loop
      vertex 39.3371 86.9551 15.8513
      vertex 42.5 87.14 15.7278
      vertex 39.2744 87.14 15.7278
    endloop
  endfacet
  facet normal -0 0.442334 0.89685
    outer loop
      vertex -42.5 87.3394 15.6294
      vertex -39.2716 87.148 15.7238
      vertex -39.1773 87.3394 15.6294
    endloop
  endfacet
  facet normal 0.000352862 0.447115 0.894477
    outer loop
      vertex -42.5 87.3394 15.6294
      vertex -39.2744 87.14 15.7278
      vertex -39.2716 87.148 15.7238
    endloop
  endfacet
  facet normal 0 0.44253 0.896754
    outer loop
      vertex -39.2744 87.14 15.7278
      vertex -42.5 87.3394 15.6294
      vertex -42.5 87.14 15.7278
    endloop
  endfacet
  facet normal 0 0.44253 0.896754
    outer loop
      vertex 42.5 87.3394 15.6294
      vertex 39.2744 87.14 15.7278
      vertex 42.5 87.14 15.7278
    endloop
  endfacet
  facet normal -0.000352862 0.447115 0.894477
    outer loop
      vertex 42.5 87.3394 15.6294
      vertex 39.2716 87.148 15.7238
      vertex 39.2744 87.14 15.7278
    endloop
  endfacet
  facet normal 0 0.442334 0.89685
    outer loop
      vertex 39.2716 87.148 15.7238
      vertex 42.5 87.3394 15.6294
      vertex 39.1773 87.3394 15.6294
    endloop
  endfacet
  facet normal 0 -0.751908 0.659268
    outer loop
      vertex -42.5 89.1921 15.9979
      vertex -38.3 89.3387 16.1651
      vertex -42.5 89.3387 16.1651
    endloop
  endfacet
  facet normal 0 -0.751908 0.659268
    outer loop
      vertex -38.3 89.3387 16.1651
      vertex -42.5 89.1921 15.9979
      vertex -38.3 89.1921 15.9979
    endloop
  endfacet
  facet normal 0 -0.751908 0.659268
    outer loop
      vertex -21.7 89.1921 15.9979
      vertex -18.3 89.3387 16.1651
      vertex -21.7 89.3387 16.1651
    endloop
  endfacet
  facet normal 0 -0.751908 0.659268
    outer loop
      vertex -18.3 89.3387 16.1651
      vertex -21.7 89.1921 15.9979
      vertex -18.3 89.1921 15.9979
    endloop
  endfacet
  facet normal 0 -0.751908 0.659268
    outer loop
      vertex -1.7 89.1921 15.9979
      vertex 1.7 89.3387 16.1651
      vertex -1.7 89.3387 16.1651
    endloop
  endfacet
  facet normal 0 -0.751908 0.659268
    outer loop
      vertex 1.7 89.3387 16.1651
      vertex -1.7 89.1921 15.9979
      vertex 1.7 89.1921 15.9979
    endloop
  endfacet
  facet normal 0 -0.751908 0.659268
    outer loop
      vertex 18.3 89.1921 15.9979
      vertex 19.7 89.3387 16.1651
      vertex 18.3 89.3387 16.1651
    endloop
  endfacet
  facet normal 0 -0.751908 0.659268
    outer loop
      vertex 19.7 89.3387 16.1651
      vertex 18.3 89.1921 15.9979
      vertex 19.7 89.1921 15.9979
    endloop
  endfacet
  facet normal 0 -0.751908 0.659268
    outer loop
      vertex 36.3 89.1921 15.9979
      vertex 42.5 89.3387 16.1651
      vertex 36.3 89.3387 16.1651
    endloop
  endfacet
  facet normal 0 -0.751908 0.659268
    outer loop
      vertex 42.5 89.3387 16.1651
      vertex 36.3 89.1921 15.9979
      vertex 42.5 89.1921 15.9979
    endloop
  endfacet
  facet normal 0 0.195165 -0.98077
    outer loop
      vertex -42.5 87.7681 18.8855
      vertex -39.0647 87.55 18.8421
      vertex -42.5 87.55 18.8421
    endloop
  endfacet
  facet normal 0 0.195165 -0.98077
    outer loop
      vertex -39.0647 87.55 18.8421
      vertex -42.5 87.7681 18.8855
      vertex -38.9189 87.7681 18.8855
    endloop
  endfacet
  facet normal 0 0.195165 -0.98077
    outer loop
      vertex 39.0647 87.55 18.8421
      vertex 42.5 87.7681 18.8855
      vertex 42.5 87.55 18.8421
    endloop
  endfacet
  facet normal 0 0.195165 -0.98077
    outer loop
      vertex 42.5 87.7681 18.8855
      vertex 39.0647 87.55 18.8421
      vertex 38.9189 87.7681 18.8855
    endloop
  endfacet
  facet normal 0 0.831566 -0.555426
    outer loop
      vertex -39.4492 86.5178 18.05
      vertex -42.5 86.6413 18.2349
      vertex -39.4247 86.6413 18.2349
    endloop
  endfacet
  facet normal 0 0.831566 -0.555426
    outer loop
      vertex -42.5 86.6413 18.2349
      vertex -39.4492 86.5178 18.05
      vertex -42.5 86.5178 18.05
    endloop
  endfacet
  facet normal 0 0.831566 -0.555426
    outer loop
      vertex 39.4492 86.5178 18.05
      vertex 42.5 86.6413 18.2349
      vertex 42.5 86.5178 18.05
    endloop
  endfacet
  facet normal 0 0.831566 -0.555426
    outer loop
      vertex 42.5 86.6413 18.2349
      vertex 39.4492 86.5178 18.05
      vertex 39.4247 86.6413 18.2349
    endloop
  endfacet
  facet normal 0 -0.0652057 -0.997872
    outer loop
      vertex 38.7365 87.99 18.9
      vertex 42.5 88.2119 18.8855
      vertex 42.5 87.99 18.9
    endloop
  endfacet
  facet normal 8.62096e-06 -0.0653513 -0.997862
    outer loop
      vertex 38.6213 88.1213 18.8914
      vertex 42.5 88.2119 18.8855
      vertex 38.7365 87.99 18.9
    endloop
  endfacet
  facet normal -0 -0.0649838 -0.997886
    outer loop
      vertex 42.5 88.2119 18.8855
      vertex 38.6213 88.1213 18.8914
      vertex 38.518 88.2119 18.8855
    endloop
  endfacet
  facet normal 0 -0.0652057 -0.997872
    outer loop
      vertex -42.5 88.2119 18.8855
      vertex -38.7365 87.99 18.9
      vertex -42.5 87.99 18.9
    endloop
  endfacet
  facet normal -8.62096e-06 -0.0653513 -0.997862
    outer loop
      vertex -38.7365 87.99 18.9
      vertex -42.5 88.2119 18.8855
      vertex -38.6213 88.1213 18.8914
    endloop
  endfacet
  facet normal 0 -0.0649838 -0.997886
    outer loop
      vertex -38.6213 88.1213 18.8914
      vertex -42.5 88.2119 18.8855
      vertex -38.518 88.2119 18.8855
    endloop
  endfacet
  facet normal 0 -0.896754 0.44253
    outer loop
      vertex -21.7 89.4622 16.35
      vertex -18.3 89.5606 16.5494
      vertex -21.7 89.5606 16.5494
    endloop
  endfacet
  facet normal 0 -0.896754 0.44253
    outer loop
      vertex -18.3 89.5606 16.5494
      vertex -21.7 89.4622 16.35
      vertex -18.3 89.4622 16.35
    endloop
  endfacet
  facet normal 0 -0.896754 0.44253
    outer loop
      vertex -1.7 89.4622 16.35
      vertex 1.7 89.5606 16.5494
      vertex -1.7 89.5606 16.5494
    endloop
  endfacet
  facet normal 0 -0.896754 0.44253
    outer loop
      vertex 1.7 89.5606 16.5494
      vertex -1.7 89.4622 16.35
      vertex 1.7 89.4622 16.35
    endloop
  endfacet
  facet normal 0 -0.896754 0.44253
    outer loop
      vertex 18.3 89.4622 16.35
      vertex 19.7 89.5606 16.5494
      vertex 18.3 89.5606 16.5494
    endloop
  endfacet
  facet normal 0 -0.896754 0.44253
    outer loop
      vertex 19.7 89.5606 16.5494
      vertex 18.3 89.4622 16.35
      vertex 19.7 89.4622 16.35
    endloop
  endfacet
  facet normal 0 -0.896754 0.44253
    outer loop
      vertex 36.3 89.4622 16.35
      vertex 42.5 89.5606 16.5494
      vertex 36.3 89.5606 16.5494
    endloop
  endfacet
  facet normal 0 -0.896754 0.44253
    outer loop
      vertex 42.5 89.5606 16.5494
      vertex 36.3 89.4622 16.35
      vertex 42.5 89.4622 16.35
    endloop
  endfacet
  facet normal 0 -0.896754 0.44253
    outer loop
      vertex -42.5 89.4622 16.35
      vertex -38.3 89.5606 16.5494
      vertex -42.5 89.5606 16.5494
    endloop
  endfacet
  facet normal 0 -0.896754 0.44253
    outer loop
      vertex -38.3 89.5606 16.5494
      vertex -42.5 89.4622 16.35
      vertex -38.3 89.4622 16.35
    endloop
  endfacet
  facet normal 0 -0.321484 0.946915
    outer loop
      vertex 42.5 88.6406 15.6294
      vertex 38.2516 88.43 15.5579
      vertex 42.5 88.43 15.5579
    endloop
  endfacet
  facet normal 7.54145e-06 -0.32162 0.946869
    outer loop
      vertex 42.5 88.6406 15.6294
      vertex 38 88.5981 15.615
      vertex 38.2516 88.43 15.5579
    endloop
  endfacet
  facet normal 0 -0.320904 0.947112
    outer loop
      vertex 38 88.5981 15.615
      vertex 42.5 88.6406 15.6294
      vertex 37.9138 88.6406 15.6294
    endloop
  endfacet
  facet normal 0 -0.321484 0.946915
    outer loop
      vertex -42.5 88.6406 15.6294
      vertex -38.3 88.43 15.5579
      vertex -38.3 88.6406 15.6294
    endloop
  endfacet
  facet normal 0 -0.321484 0.946915
    outer loop
      vertex -38.3 88.43 15.5579
      vertex -42.5 88.6406 15.6294
      vertex -42.5 88.43 15.5579
    endloop
  endfacet
  facet normal 0 -0.997872 -0.0652057
    outer loop
      vertex -42.5 89.69 17.2
      vertex -38.3 89.6755 17.4219
      vertex -42.5 89.6755 17.4219
    endloop
  endfacet
  facet normal 0 -0.997872 -0.0652057
    outer loop
      vertex -38.3 89.6755 17.4219
      vertex -42.5 89.69 17.2
      vertex -38.3 89.69 17.2
    endloop
  endfacet
  facet normal 0 -0.997872 -0.0652057
    outer loop
      vertex -21.7 89.69 17.2
      vertex -18.3 89.6755 17.4219
      vertex -21.7 89.6755 17.4219
    endloop
  endfacet
  facet normal 0 -0.997872 -0.0652057
    outer loop
      vertex -18.3 89.6755 17.4219
      vertex -21.7 89.69 17.2
      vertex -18.3 89.69 17.2
    endloop
  endfacet
  facet normal 0 -0.997872 -0.0652057
    outer loop
      vertex -1.7 89.69 17.2
      vertex 1.7 89.6755 17.4219
      vertex -1.7 89.6755 17.4219
    endloop
  endfacet
  facet normal 0 -0.997872 -0.0652057
    outer loop
      vertex 1.7 89.6755 17.4219
      vertex -1.7 89.69 17.2
      vertex 1.7 89.69 17.2
    endloop
  endfacet
  facet normal 0 -0.997872 -0.0652057
    outer loop
      vertex 18.3 89.69 17.2
      vertex 19.7 89.6755 17.4219
      vertex 18.3 89.6755 17.4219
    endloop
  endfacet
  facet normal 0 -0.997872 -0.0652057
    outer loop
      vertex 19.7 89.6755 17.4219
      vertex 18.3 89.69 17.2
      vertex 19.7 89.69 17.2
    endloop
  endfacet
  facet normal 0 -0.997872 -0.0652057
    outer loop
      vertex 36.3 89.69 17.2
      vertex 42.5 89.6755 17.4219
      vertex 36.3 89.6755 17.4219
    endloop
  endfacet
  facet normal 0 -0.997872 -0.0652057
    outer loop
      vertex 42.5 89.6755 17.4219
      vertex 36.3 89.69 17.2
      vertex 42.5 89.69 17.2
    endloop
  endfacet
  facet normal 0 -0.98077 -0.195165
    outer loop
      vertex -42.5 89.6755 17.4219
      vertex -38.3 89.6321 17.64
      vertex -42.5 89.6321 17.64
    endloop
  endfacet
  facet normal 0 -0.98077 -0.195165
    outer loop
      vertex -38.3 89.6321 17.64
      vertex -42.5 89.6755 17.4219
      vertex -38.3 89.6755 17.4219
    endloop
  endfacet
  facet normal 0 -0.98077 -0.195165
    outer loop
      vertex -21.7 89.6755 17.4219
      vertex -18.3 89.6321 17.64
      vertex -21.7 89.6321 17.64
    endloop
  endfacet
  facet normal 0 -0.98077 -0.195165
    outer loop
      vertex -18.3 89.6321 17.64
      vertex -21.7 89.6755 17.4219
      vertex -18.3 89.6755 17.4219
    endloop
  endfacet
  facet normal 0 -0.98077 -0.195165
    outer loop
      vertex -1.7 89.6755 17.4219
      vertex 1.7 89.6321 17.64
      vertex -1.7 89.6321 17.64
    endloop
  endfacet
  facet normal 0 -0.98077 -0.195165
    outer loop
      vertex 1.7 89.6321 17.64
      vertex -1.7 89.6755 17.4219
      vertex 1.7 89.6755 17.4219
    endloop
  endfacet
  facet normal 0 -0.98077 -0.195165
    outer loop
      vertex 18.3 89.6755 17.4219
      vertex 19.7 89.6321 17.64
      vertex 18.3 89.6321 17.64
    endloop
  endfacet
  facet normal 0 -0.98077 -0.195165
    outer loop
      vertex 19.7 89.6321 17.64
      vertex 18.3 89.6755 17.4219
      vertex 19.7 89.6755 17.4219
    endloop
  endfacet
  facet normal 0 -0.98077 -0.195165
    outer loop
      vertex 36.3 89.6755 17.4219
      vertex 42.5 89.6321 17.64
      vertex 36.3 89.6321 17.64
    endloop
  endfacet
  facet normal 0 -0.98077 -0.195165
    outer loop
      vertex 42.5 89.6321 17.64
      vertex 36.3 89.6755 17.4219
      vertex 42.5 89.6755 17.4219
    endloop
  endfacet
  facet normal 0 0.947054 -0.321074
    outer loop
      vertex -39.4743 86.3916 17.7686
      vertex -42.5 86.4194 17.8506
      vertex -39.4688 86.4194 17.8506
    endloop
  endfacet
  facet normal -2.02331e-05 0.946827 -0.321744
    outer loop
      vertex -39.4772 86.3479 17.64
      vertex -42.5 86.4194 17.8506
      vertex -39.4743 86.3916 17.7686
    endloop
  endfacet
  facet normal 0 0.946915 -0.321484
    outer loop
      vertex -42.5 86.4194 17.8506
      vertex -39.4772 86.3479 17.64
      vertex -42.5 86.3479 17.64
    endloop
  endfacet
  facet normal 0 0.947054 -0.321074
    outer loop
      vertex 42.5 86.4194 17.8506
      vertex 39.4743 86.3916 17.7686
      vertex 39.4688 86.4194 17.8506
    endloop
  endfacet
  facet normal 1.23637e-05 0.946915 -0.321484
    outer loop
      vertex 42.5 86.3479 17.64
      vertex 39.4743 86.3916 17.7686
      vertex 42.5 86.4194 17.8506
    endloop
  endfacet
  facet normal 0 0.946827 -0.321744
    outer loop
      vertex 39.4743 86.3916 17.7686
      vertex 42.5 86.3479 17.64
      vertex 39.4772 86.3479 17.64
    endloop
  endfacet
  facet normal 0 0.659268 -0.751908
    outer loop
      vertex -42.5 86.9551 18.5487
      vertex -39.3939 86.7879 18.4021
      vertex -42.5 86.7879 18.4021
    endloop
  endfacet
  facet normal 0 0.659268 -0.751908
    outer loop
      vertex -39.3939 86.7879 18.4021
      vertex -42.5 86.9551 18.5487
      vertex -39.3371 86.9551 18.5487
    endloop
  endfacet
  facet normal 0 0.659268 -0.751908
    outer loop
      vertex 39.3939 86.7879 18.4021
      vertex 42.5 86.9551 18.5487
      vertex 42.5 86.7879 18.4021
    endloop
  endfacet
  facet normal 0 0.659268 -0.751908
    outer loop
      vertex 42.5 86.9551 18.5487
      vertex 39.3939 86.7879 18.4021
      vertex 39.3371 86.9551 18.5487
    endloop
  endfacet
  facet normal -0 0.831566 0.555426
    outer loop
      vertex -42.5 86.6413 16.1651
      vertex -39.4492 86.5178 16.35
      vertex -39.4247 86.6413 16.1651
    endloop
  endfacet
  facet normal 0 0.831566 0.555426
    outer loop
      vertex -39.4492 86.5178 16.35
      vertex -42.5 86.6413 16.1651
      vertex -42.5 86.5178 16.35
    endloop
  endfacet
  facet normal 0 0.831566 0.555426
    outer loop
      vertex 42.5 86.6413 16.1651
      vertex 39.4492 86.5178 16.35
      vertex 42.5 86.5178 16.35
    endloop
  endfacet
  facet normal 0 0.831566 0.555426
    outer loop
      vertex 39.4492 86.5178 16.35
      vertex 42.5 86.6413 16.1651
      vertex 39.4247 86.6413 16.1651
    endloop
  endfacet
  facet normal 0 0.754358 -0.656464
    outer loop
      vertex -39.3978 86.7765 18.389
      vertex -42.5 86.7879 18.4021
      vertex -39.3939 86.7879 18.4021
    endloop
  endfacet
  facet normal -2.2595e-05 0.751702 -0.659503
    outer loop
      vertex -39.4247 86.6413 18.2349
      vertex -42.5 86.7879 18.4021
      vertex -39.3978 86.7765 18.389
    endloop
  endfacet
  facet normal 0 0.751908 -0.659268
    outer loop
      vertex -42.5 86.7879 18.4021
      vertex -39.4247 86.6413 18.2349
      vertex -42.5 86.6413 18.2349
    endloop
  endfacet
  facet normal 0 0.754358 -0.656464
    outer loop
      vertex 42.5 86.7879 18.4021
      vertex 39.3978 86.7765 18.389
      vertex 39.3939 86.7879 18.4021
    endloop
  endfacet
  facet normal 0 0.751908 -0.659268
    outer loop
      vertex 39.4247 86.6413 18.2349
      vertex 42.5 86.7879 18.4021
      vertex 42.5 86.6413 18.2349
    endloop
  endfacet
  facet normal 2.2595e-05 0.751702 -0.659503
    outer loop
      vertex 42.5 86.7879 18.4021
      vertex 39.4247 86.6413 18.2349
      vertex 39.3978 86.7765 18.389
    endloop
  endfacet
  facet normal 0 -0.321484 -0.946915
    outer loop
      vertex 38.2516 88.43 18.8421
      vertex 42.5 88.6406 18.7706
      vertex 42.5 88.43 18.8421
    endloop
  endfacet
  facet normal 7.54145e-06 -0.32162 -0.946869
    outer loop
      vertex 38 88.5981 18.785
      vertex 42.5 88.6406 18.7706
      vertex 38.2516 88.43 18.8421
    endloop
  endfacet
  facet normal -0 -0.320904 -0.947112
    outer loop
      vertex 42.5 88.6406 18.7706
      vertex 38 88.5981 18.785
      vertex 37.9138 88.6406 18.7706
    endloop
  endfacet
  facet normal 0 -0.321484 -0.946915
    outer loop
      vertex -42.5 88.43 18.8421
      vertex -38.3 88.6406 18.7706
      vertex -38.3 88.43 18.8421
    endloop
  endfacet
  facet normal -0 -0.321484 -0.946915
    outer loop
      vertex -38.3 88.6406 18.7706
      vertex -42.5 88.43 18.8421
      vertex -42.5 88.6406 18.7706
    endloop
  endfacet
  facet normal -2.2595e-05 0.751702 0.659503
    outer loop
      vertex -42.5 86.7879 15.9979
      vertex -39.4247 86.6413 16.1651
      vertex -39.3978 86.7765 16.011
    endloop
  endfacet
  facet normal -0 0.754358 0.656464
    outer loop
      vertex -42.5 86.7879 15.9979
      vertex -39.3978 86.7765 16.011
      vertex -39.3939 86.7879 15.9979
    endloop
  endfacet
  facet normal 0 0.751908 0.659268
    outer loop
      vertex -39.4247 86.6413 16.1651
      vertex -42.5 86.7879 15.9979
      vertex -42.5 86.6413 16.1651
    endloop
  endfacet
  facet normal 0 0.751908 0.659268
    outer loop
      vertex 42.5 86.7879 15.9979
      vertex 39.4247 86.6413 16.1651
      vertex 42.5 86.6413 16.1651
    endloop
  endfacet
  facet normal 2.2595e-05 0.751702 0.659503
    outer loop
      vertex 39.4247 86.6413 16.1651
      vertex 42.5 86.7879 15.9979
      vertex 39.3978 86.7765 16.011
    endloop
  endfacet
  facet normal 0 0.754358 0.656464
    outer loop
      vertex 39.3978 86.7765 16.011
      vertex 42.5 86.7879 15.9979
      vertex 39.3939 86.7879 15.9979
    endloop
  endfacet
  facet normal -0 0.659268 0.751908
    outer loop
      vertex -42.5 86.9551 15.8513
      vertex -39.3939 86.7879 15.9979
      vertex -39.3371 86.9551 15.8513
    endloop
  endfacet
  facet normal 0 0.659268 0.751908
    outer loop
      vertex -39.3939 86.7879 15.9979
      vertex -42.5 86.9551 15.8513
      vertex -42.5 86.7879 15.9979
    endloop
  endfacet
  facet normal 0 0.659268 0.751908
    outer loop
      vertex 42.5 86.9551 15.8513
      vertex 39.3939 86.7879 15.9979
      vertex 42.5 86.7879 15.9979
    endloop
  endfacet
  facet normal 0 0.659268 0.751908
    outer loop
      vertex 39.3939 86.7879 15.9979
      vertex 42.5 86.9551 15.8513
      vertex 39.3371 86.9551 15.8513
    endloop
  endfacet
  facet normal -1 0 0
    outer loop
      vertex -21.7 95 5.7
      vertex -21.7 89.6321 11.24
      vertex -21.7 95 22
    endloop
  endfacet
  facet normal -1 0 0
    outer loop
      vertex -21.7 95 22
      vertex -21.7 89.6755 16.9781
      vertex -21.7 89.69 17.2
    endloop
  endfacet
  facet normal -1 0 0
    outer loop
      vertex -21.7 89.6321 16.76
      vertex -21.7 95 22
      vertex -21.7 89.6321 11.24
    endloop
  endfacet
  facet normal -1 0 0
    outer loop
      vertex -21.7 95 22
      vertex -21.7 89.6321 16.76
      vertex -21.7 89.6755 16.9781
    endloop
  endfacet
  facet normal -1 0 0
    outer loop
      vertex -21.7 89.5606 11.4506
      vertex -21.7 89.6321 16.76
      vertex -21.7 89.6321 11.24
    endloop
  endfacet
  facet normal -1 0 0
    outer loop
      vertex -21.7 89.5606 11.4506
      vertex -21.7 89.5606 16.5494
      vertex -21.7 89.6321 16.76
    endloop
  endfacet
  facet normal -1 0 0
    outer loop
      vertex -21.7 89.4622 11.65
      vertex -21.7 89.5606 16.5494
      vertex -21.7 89.5606 11.4506
    endloop
  endfacet
  facet normal -1 0 0
    outer loop
      vertex -21.7 89.4622 11.65
      vertex -21.7 89.4622 16.35
      vertex -21.7 89.5606 16.5494
    endloop
  endfacet
  facet normal -1 0 0
    outer loop
      vertex -21.7 89.3387 11.8349
      vertex -21.7 89.4622 16.35
      vertex -21.7 89.4622 11.65
    endloop
  endfacet
  facet normal -1 0 0
    outer loop
      vertex -21.7 89.3387 11.8349
      vertex -21.7 89.3387 16.1651
      vertex -21.7 89.4622 16.35
    endloop
  endfacet
  facet normal -1 0 0
    outer loop
      vertex -21.7 89.1921 12.0021
      vertex -21.7 89.3387 16.1651
      vertex -21.7 89.3387 11.8349
    endloop
  endfacet
  facet normal -1 0 0
    outer loop
      vertex -21.7 89.1921 12.0021
      vertex -21.7 89.1921 15.9979
      vertex -21.7 89.3387 16.1651
    endloop
  endfacet
  facet normal -1 0 0
    outer loop
      vertex -21.7 89.0249 12.1487
      vertex -21.7 89.1921 15.9979
      vertex -21.7 89.1921 12.0021
    endloop
  endfacet
  facet normal -1 0 0
    outer loop
      vertex -21.7 89.0249 12.1487
      vertex -21.7 89.0249 15.8513
      vertex -21.7 89.1921 15.9979
    endloop
  endfacet
  facet normal -1 0 0
    outer loop
      vertex -21.7 89 12.1653
      vertex -21.7 89.0249 15.8513
      vertex -21.7 89.0249 12.1487
    endloop
  endfacet
  facet normal -1 0 0
    outer loop
      vertex -21.7 89.0249 15.8513
      vertex -21.7 89 12.1653
      vertex -21.7 89 15.8347
    endloop
  endfacet
  facet normal -1 0 0
    outer loop
      vertex -21.7 89.6755 11.0219
      vertex -21.7 95 5.7
      vertex -21.7 89.69 10.8
    endloop
  endfacet
  facet normal -1 0 0
    outer loop
      vertex -21.7 95 5.7
      vertex -21.7 89.6755 10.5781
      vertex -21.7 89.69 10.8
    endloop
  endfacet
  facet normal -1 0 0
    outer loop
      vertex -21.7 95 5.7
      vertex -21.7 89.6321 10.36
      vertex -21.7 89.6755 10.5781
    endloop
  endfacet
  facet normal -1 0 0
    outer loop
      vertex -21.7 95 5.7
      vertex -21.7 89.5606 10.1494
      vertex -21.7 89.6321 10.36
    endloop
  endfacet
  facet normal -1 0 0
    outer loop
      vertex -21.7 95 5.7
      vertex -21.7 89.4622 9.95
      vertex -21.7 89.5606 10.1494
    endloop
  endfacet
  facet normal -1 0 0
    outer loop
      vertex -21.7 95 5.7
      vertex -21.7 89.3387 9.76511
      vertex -21.7 89.4622 9.95
    endloop
  endfacet
  facet normal -1 0 0
    outer loop
      vertex -21.7 89 5.7
      vertex -21.7 89.3387 9.76511
      vertex -21.7 95 5.7
    endloop
  endfacet
  facet normal -1 0 0
    outer loop
      vertex -21.7 89.3387 9.76511
      vertex -21.7 89 5.7
      vertex -21.7 89.1921 9.59792
    endloop
  endfacet
  facet normal -1 0 0
    outer loop
      vertex -21.7 89.1921 9.59792
      vertex -21.7 89 5.7
      vertex -21.7 89.0249 9.4513
    endloop
  endfacet
  facet normal -1 0 0
    outer loop
      vertex -21.7 89.0249 9.4513
      vertex -21.7 89 5.7
      vertex -21.7 89 9.43466
    endloop
  endfacet
  facet normal -1 0 0
    outer loop
      vertex -21.7 89.6321 11.24
      vertex -21.7 95 5.7
      vertex -21.7 89.6755 11.0219
    endloop
  endfacet
  facet normal -1 0 0
    outer loop
      vertex -21.7 89.6755 17.4219
      vertex -21.7 95 22
      vertex -21.7 89.69 17.2
    endloop
  endfacet
  facet normal -1 0 0
    outer loop
      vertex -21.7 89.6321 17.64
      vertex -21.7 95 22
      vertex -21.7 89.6755 17.4219
    endloop
  endfacet
  facet normal -1 0 0
    outer loop
      vertex -21.7 89.5606 17.8506
      vertex -21.7 95 22
      vertex -21.7 89.6321 17.64
    endloop
  endfacet
  facet normal -1 0 0
    outer loop
      vertex -21.7 89.4622 18.05
      vertex -21.7 95 22
      vertex -21.7 89.5606 17.8506
    endloop
  endfacet
  facet normal -1 0 0
    outer loop
      vertex -21.7 89.3387 18.2349
      vertex -21.7 95 22
      vertex -21.7 89.4622 18.05
    endloop
  endfacet
  facet normal -1 0 0
    outer loop
      vertex -21.7 89 22
      vertex -21.7 89.3387 18.2349
      vertex -21.7 89.1921 18.4021
    endloop
  endfacet
  facet normal -1 0 0
    outer loop
      vertex -21.7 89 22
      vertex -21.7 89.1921 18.4021
      vertex -21.7 89.0249 18.5487
    endloop
  endfacet
  facet normal -1 0 0
    outer loop
      vertex -21.7 89 22
      vertex -21.7 89.0249 18.5487
      vertex -21.7 89 18.5653
    endloop
  endfacet
  facet normal -1 0 0
    outer loop
      vertex -21.7 89.3387 18.2349
      vertex -21.7 89 22
      vertex -21.7 95 22
    endloop
  endfacet
  facet normal 0 0 1
    outer loop
      vertex -21.7 95 5.7
      vertex -36.5 89 5.7
      vertex -21.7 89 5.7
    endloop
  endfacet
  facet normal -0 0 1
    outer loop
      vertex -38.3 95 5.7
      vertex -36.5 89 5.7
      vertex -21.7 95 5.7
    endloop
  endfacet
  facet normal 0 0 1
    outer loop
      vertex -36.5 89 5.7
      vertex -38.3 95 5.7
      vertex -36.8916 88.9743 5.7
    endloop
  endfacet
  facet normal 0 0 1
    outer loop
      vertex -36.8916 88.9743 5.7
      vertex -38.3 95 5.7
      vertex -37.2765 88.8978 5.7
    endloop
  endfacet
  facet normal 0 0 1
    outer loop
      vertex -37.2765 88.8978 5.7
      vertex -38.3 95 5.7
      vertex -37.648 88.7716 5.7
    endloop
  endfacet
  facet normal 0 0 1
    outer loop
      vertex -38.3 95 5.7
      vertex -38 88.5981 5.7
      vertex -37.648 88.7716 5.7
    endloop
  endfacet
  facet normal 0 0 1
    outer loop
      vertex -38 88.5981 5.7
      vertex -38.3 95 5.7
      vertex -38.3 88.3976 5.7
    endloop
  endfacet
  facet normal 1 0 0
    outer loop
      vertex -38.3 89.6321 16.76
      vertex -38.3 95 22
      vertex -38.3 89.6755 16.9781
    endloop
  endfacet
  facet normal 1 0 0
    outer loop
      vertex -38.3 95 22
      vertex -38.3 89.6755 11.0219
      vertex -38.3 89.69 10.8
    endloop
  endfacet
  facet normal 1 0 0
    outer loop
      vertex -38.3 89.6321 11.24
      vertex -38.3 95 22
      vertex -38.3 89.6321 16.76
    endloop
  endfacet
  facet normal 1 0 0
    outer loop
      vertex -38.3 95 22
      vertex -38.3 89.6321 11.24
      vertex -38.3 89.6755 11.0219
    endloop
  endfacet
  facet normal 1 -0 0
    outer loop
      vertex -38.3 89.5606 16.5494
      vertex -38.3 89.6321 11.24
      vertex -38.3 89.6321 16.76
    endloop
  endfacet
  facet normal 1 0 0
    outer loop
      vertex -38.3 89.5606 16.5494
      vertex -38.3 89.5606 11.4506
      vertex -38.3 89.6321 11.24
    endloop
  endfacet
  facet normal 1 -0 0
    outer loop
      vertex -38.3 89.4622 16.35
      vertex -38.3 89.5606 11.4506
      vertex -38.3 89.5606 16.5494
    endloop
  endfacet
  facet normal 1 0 0
    outer loop
      vertex -38.3 89.4622 16.35
      vertex -38.3 89.4622 11.65
      vertex -38.3 89.5606 11.4506
    endloop
  endfacet
  facet normal 1 -0 0
    outer loop
      vertex -38.3 89.3387 16.1651
      vertex -38.3 89.4622 11.65
      vertex -38.3 89.4622 16.35
    endloop
  endfacet
  facet normal 1 0 0
    outer loop
      vertex -38.3 89.3387 16.1651
      vertex -38.3 89.3387 11.8349
      vertex -38.3 89.4622 11.65
    endloop
  endfacet
  facet normal 1 -0 0
    outer loop
      vertex -38.3 89.1921 15.9979
      vertex -38.3 89.3387 11.8349
      vertex -38.3 89.3387 16.1651
    endloop
  endfacet
  facet normal 1 0 0
    outer loop
      vertex -38.3 89.1921 15.9979
      vertex -38.3 89.1921 12.0021
      vertex -38.3 89.3387 11.8349
    endloop
  endfacet
  facet normal 1 -0 0
    outer loop
      vertex -38.3 89.0249 15.8513
      vertex -38.3 89.1921 12.0021
      vertex -38.3 89.1921 15.9979
    endloop
  endfacet
  facet normal 1 0 0
    outer loop
      vertex -38.3 89.0249 15.8513
      vertex -38.3 89.0249 12.1487
      vertex -38.3 89.1921 12.0021
    endloop
  endfacet
  facet normal 1 -0 0
    outer loop
      vertex -38.3 88.84 15.7278
      vertex -38.3 89.0249 12.1487
      vertex -38.3 89.0249 15.8513
    endloop
  endfacet
  facet normal 1 0 0
    outer loop
      vertex -38.3 88.84 15.7278
      vertex -38.3 88.84 12.2722
      vertex -38.3 89.0249 12.1487
    endloop
  endfacet
  facet normal 1 -0 0
    outer loop
      vertex -38.3 88.6406 15.6294
      vertex -38.3 88.84 12.2722
      vertex -38.3 88.84 15.7278
    endloop
  endfacet
  facet normal 1 0 0
    outer loop
      vertex -38.3 88.6406 15.6294
      vertex -38.3 88.6406 12.3706
      vertex -38.3 88.84 12.2722
    endloop
  endfacet
  facet normal 1 -0 0
    outer loop
      vertex -38.3 88.43 15.5579
      vertex -38.3 88.6406 12.3706
      vertex -38.3 88.6406 15.6294
    endloop
  endfacet
  facet normal 1 0 0
    outer loop
      vertex -38.3 88.43 15.5579
      vertex -38.3 88.43 12.4421
      vertex -38.3 88.6406 12.3706
    endloop
  endfacet
  facet normal 1 -0 0
    outer loop
      vertex -38.3 88.3976 15.5515
      vertex -38.3 88.43 12.4421
      vertex -38.3 88.43 15.5579
    endloop
  endfacet
  facet normal 1 0 0
    outer loop
      vertex -38.3 88.43 12.4421
      vertex -38.3 88.3976 15.5515
      vertex -38.3 88.3976 12.4485
    endloop
  endfacet
  facet normal 1 0 0
    outer loop
      vertex -38.3 89.6755 16.9781
      vertex -38.3 95 22
      vertex -38.3 89.69 17.2
    endloop
  endfacet
  facet normal 1 0 0
    outer loop
      vertex -38.3 95 22
      vertex -38.3 89.6755 17.4219
      vertex -38.3 89.69 17.2
    endloop
  endfacet
  facet normal 1 0 0
    outer loop
      vertex -38.3 95 22
      vertex -38.3 89.6321 17.64
      vertex -38.3 89.6755 17.4219
    endloop
  endfacet
  facet normal 1 0 0
    outer loop
      vertex -38.3 95 22
      vertex -38.3 89.5606 17.8506
      vertex -38.3 89.6321 17.64
    endloop
  endfacet
  facet normal 1 0 0
    outer loop
      vertex -38.3 95 22
      vertex -38.3 89.4622 18.05
      vertex -38.3 89.5606 17.8506
    endloop
  endfacet
  facet normal 1 0 0
    outer loop
      vertex -38.3 95 22
      vertex -38.3 89.3387 18.2349
      vertex -38.3 89.4622 18.05
    endloop
  endfacet
  facet normal 1 0 0
    outer loop
      vertex -38.3 95 22
      vertex -38.3 89.1921 18.4021
      vertex -38.3 89.3387 18.2349
    endloop
  endfacet
  facet normal 1 -0 0
    outer loop
      vertex -38.3 88.3976 22
      vertex -38.3 89.1921 18.4021
      vertex -38.3 95 22
    endloop
  endfacet
  facet normal 1 0 0
    outer loop
      vertex -38.3 89.1921 18.4021
      vertex -38.3 88.3976 22
      vertex -38.3 89.0249 18.5487
    endloop
  endfacet
  facet normal 1 0 0
    outer loop
      vertex -38.3 89.0249 18.5487
      vertex -38.3 88.3976 22
      vertex -38.3 88.84 18.6722
    endloop
  endfacet
  facet normal 1 0 0
    outer loop
      vertex -38.3 88.84 18.6722
      vertex -38.3 88.3976 22
      vertex -38.3 88.6406 18.7706
    endloop
  endfacet
  facet normal 1 0 0
    outer loop
      vertex -38.3 88.6406 18.7706
      vertex -38.3 88.3976 22
      vertex -38.3 88.43 18.8421
    endloop
  endfacet
  facet normal 1 0 0
    outer loop
      vertex -38.3 88.43 18.8421
      vertex -38.3 88.3976 22
      vertex -38.3 88.3976 18.8485
    endloop
  endfacet
  facet normal 1 0 0
    outer loop
      vertex -38.3 95 22
      vertex -38.3 89.69 10.8
      vertex -38.3 95 5.7
    endloop
  endfacet
  facet normal 1 -0 0
    outer loop
      vertex -38.3 89.6755 10.5781
      vertex -38.3 95 5.7
      vertex -38.3 89.69 10.8
    endloop
  endfacet
  facet normal 1 -0 0
    outer loop
      vertex -38.3 89.6321 10.36
      vertex -38.3 95 5.7
      vertex -38.3 89.6755 10.5781
    endloop
  endfacet
  facet normal 1 -0 0
    outer loop
      vertex -38.3 89.5606 10.1494
      vertex -38.3 95 5.7
      vertex -38.3 89.6321 10.36
    endloop
  endfacet
  facet normal 1 -0 0
    outer loop
      vertex -38.3 89.4622 9.95
      vertex -38.3 95 5.7
      vertex -38.3 89.5606 10.1494
    endloop
  endfacet
  facet normal 1 -0 0
    outer loop
      vertex -38.3 89.3387 9.76511
      vertex -38.3 95 5.7
      vertex -38.3 89.4622 9.95
    endloop
  endfacet
  facet normal 1 -0 0
    outer loop
      vertex -38.3 89.1921 9.59792
      vertex -38.3 95 5.7
      vertex -38.3 89.3387 9.76511
    endloop
  endfacet
  facet normal 1 0 0
    outer loop
      vertex -38.3 88.3976 5.7
      vertex -38.3 89.1921 9.59792
      vertex -38.3 89.0249 9.4513
    endloop
  endfacet
  facet normal 1 0 0
    outer loop
      vertex -38.3 88.3976 5.7
      vertex -38.3 89.0249 9.4513
      vertex -38.3 88.84 9.32776
    endloop
  endfacet
  facet normal 1 0 0
    outer loop
      vertex -38.3 88.3976 5.7
      vertex -38.3 88.84 9.32776
      vertex -38.3 88.6406 9.2294
    endloop
  endfacet
  facet normal 1 0 0
    outer loop
      vertex -38.3 88.3976 5.7
      vertex -38.3 88.6406 9.2294
      vertex -38.3 88.43 9.15793
    endloop
  endfacet
  facet normal 1 0 0
    outer loop
      vertex -38.3 88.3976 5.7
      vertex -38.3 88.43 9.15793
      vertex -38.3 88.3976 9.15149
    endloop
  endfacet
  facet normal 1 0 0
    outer loop
      vertex -38.3 89.1921 9.59792
      vertex -38.3 88.3976 5.7
      vertex -38.3 95 5.7
    endloop
  endfacet
  facet normal -1 0 0
    outer loop
      vertex -1.7 95 5.7
      vertex -1.7 89.6321 11.24
      vertex -1.7 95 22
    endloop
  endfacet
  facet normal -1 0 0
    outer loop
      vertex -1.7 95 22
      vertex -1.7 89.6755 16.9781
      vertex -1.7 89.69 17.2
    endloop
  endfacet
  facet normal -1 0 0
    outer loop
      vertex -1.7 89.6321 16.76
      vertex -1.7 95 22
      vertex -1.7 89.6321 11.24
    endloop
  endfacet
  facet normal -1 0 0
    outer loop
      vertex -1.7 95 22
      vertex -1.7 89.6321 16.76
      vertex -1.7 89.6755 16.9781
    endloop
  endfacet
  facet normal -1 0 0
    outer loop
      vertex -1.7 89.5606 11.4506
      vertex -1.7 89.6321 16.76
      vertex -1.7 89.6321 11.24
    endloop
  endfacet
  facet normal -1 0 0
    outer loop
      vertex -1.7 89.5606 11.4506
      vertex -1.7 89.5606 16.5494
      vertex -1.7 89.6321 16.76
    endloop
  endfacet
  facet normal -1 0 0
    outer loop
      vertex -1.7 89.4622 11.65
      vertex -1.7 89.5606 16.5494
      vertex -1.7 89.5606 11.4506
    endloop
  endfacet
  facet normal -1 0 0
    outer loop
      vertex -1.7 89.4622 11.65
      vertex -1.7 89.4622 16.35
      vertex -1.7 89.5606 16.5494
    endloop
  endfacet
  facet normal -1 0 0
    outer loop
      vertex -1.7 89.3387 11.8349
      vertex -1.7 89.4622 16.35
      vertex -1.7 89.4622 11.65
    endloop
  endfacet
  facet normal -1 0 0
    outer loop
      vertex -1.7 89.3387 11.8349
      vertex -1.7 89.3387 16.1651
      vertex -1.7 89.4622 16.35
    endloop
  endfacet
  facet normal -1 0 0
    outer loop
      vertex -1.7 89.1921 12.0021
      vertex -1.7 89.3387 16.1651
      vertex -1.7 89.3387 11.8349
    endloop
  endfacet
  facet normal -1 0 0
    outer loop
      vertex -1.7 89.1921 12.0021
      vertex -1.7 89.1921 15.9979
      vertex -1.7 89.3387 16.1651
    endloop
  endfacet
  facet normal -1 0 0
    outer loop
      vertex -1.7 89.0249 12.1487
      vertex -1.7 89.1921 15.9979
      vertex -1.7 89.1921 12.0021
    endloop
  endfacet
  facet normal -1 0 0
    outer loop
      vertex -1.7 89.0249 12.1487
      vertex -1.7 89.0249 15.8513
      vertex -1.7 89.1921 15.9979
    endloop
  endfacet
  facet normal -1 0 0
    outer loop
      vertex -1.7 89 12.1653
      vertex -1.7 89.0249 15.8513
      vertex -1.7 89.0249 12.1487
    endloop
  endfacet
  facet normal -1 0 0
    outer loop
      vertex -1.7 89.0249 15.8513
      vertex -1.7 89 12.1653
      vertex -1.7 89 15.8347
    endloop
  endfacet
  facet normal -1 0 0
    outer loop
      vertex -1.7 89.6755 11.0219
      vertex -1.7 95 5.7
      vertex -1.7 89.69 10.8
    endloop
  endfacet
  facet normal -1 0 0
    outer loop
      vertex -1.7 95 5.7
      vertex -1.7 89.6755 10.5781
      vertex -1.7 89.69 10.8
    endloop
  endfacet
  facet normal -1 0 0
    outer loop
      vertex -1.7 95 5.7
      vertex -1.7 89.6321 10.36
      vertex -1.7 89.6755 10.5781
    endloop
  endfacet
  facet normal -1 0 0
    outer loop
      vertex -1.7 95 5.7
      vertex -1.7 89.5606 10.1494
      vertex -1.7 89.6321 10.36
    endloop
  endfacet
  facet normal -1 0 0
    outer loop
      vertex -1.7 95 5.7
      vertex -1.7 89.4622 9.95
      vertex -1.7 89.5606 10.1494
    endloop
  endfacet
  facet normal -1 0 0
    outer loop
      vertex -1.7 95 5.7
      vertex -1.7 89.3387 9.76511
      vertex -1.7 89.4622 9.95
    endloop
  endfacet
  facet normal -1 0 0
    outer loop
      vertex -1.7 89 5.7
      vertex -1.7 89.3387 9.76511
      vertex -1.7 95 5.7
    endloop
  endfacet
  facet normal -1 0 0
    outer loop
      vertex -1.7 89.3387 9.76511
      vertex -1.7 89 5.7
      vertex -1.7 89.1921 9.59792
    endloop
  endfacet
  facet normal -1 0 0
    outer loop
      vertex -1.7 89.1921 9.59792
      vertex -1.7 89 5.7
      vertex -1.7 89.0249 9.4513
    endloop
  endfacet
  facet normal -1 0 0
    outer loop
      vertex -1.7 89.0249 9.4513
      vertex -1.7 89 5.7
      vertex -1.7 89 9.43466
    endloop
  endfacet
  facet normal -1 0 0
    outer loop
      vertex -1.7 89.6321 11.24
      vertex -1.7 95 5.7
      vertex -1.7 89.6755 11.0219
    endloop
  endfacet
  facet normal -1 0 0
    outer loop
      vertex -1.7 89.6755 17.4219
      vertex -1.7 95 22
      vertex -1.7 89.69 17.2
    endloop
  endfacet
  facet normal -1 0 0
    outer loop
      vertex -1.7 89.6321 17.64
      vertex -1.7 95 22
      vertex -1.7 89.6755 17.4219
    endloop
  endfacet
  facet normal -1 0 0
    outer loop
      vertex -1.7 89.5606 17.8506
      vertex -1.7 95 22
      vertex -1.7 89.6321 17.64
    endloop
  endfacet
  facet normal -1 0 0
    outer loop
      vertex -1.7 89.4622 18.05
      vertex -1.7 95 22
      vertex -1.7 89.5606 17.8506
    endloop
  endfacet
  facet normal -1 0 0
    outer loop
      vertex -1.7 89.3387 18.2349
      vertex -1.7 95 22
      vertex -1.7 89.4622 18.05
    endloop
  endfacet
  facet normal -1 0 0
    outer loop
      vertex -1.7 89 22
      vertex -1.7 89.3387 18.2349
      vertex -1.7 89.1921 18.4021
    endloop
  endfacet
  facet normal -1 0 0
    outer loop
      vertex -1.7 89 22
      vertex -1.7 89.1921 18.4021
      vertex -1.7 89.0249 18.5487
    endloop
  endfacet
  facet normal -1 0 0
    outer loop
      vertex -1.7 89 22
      vertex -1.7 89.0249 18.5487
      vertex -1.7 89 18.5653
    endloop
  endfacet
  facet normal -1 0 0
    outer loop
      vertex -1.7 89.3387 18.2349
      vertex -1.7 89 22
      vertex -1.7 95 22
    endloop
  endfacet
  facet normal -0 0 1
    outer loop
      vertex -18.3 95 5.7
      vertex -1.7 89 5.7
      vertex -1.7 95 5.7
    endloop
  endfacet
  facet normal 0 0 1
    outer loop
      vertex -1.7 89 5.7
      vertex -18.3 95 5.7
      vertex -18.3 89 5.7
    endloop
  endfacet
  facet normal 1 0 0
    outer loop
      vertex -18.3 89.6321 16.76
      vertex -18.3 95 22
      vertex -18.3 89.6755 16.9781
    endloop
  endfacet
  facet normal 1 0 0
    outer loop
      vertex -18.3 95 22
      vertex -18.3 89.6755 11.0219
      vertex -18.3 89.69 10.8
    endloop
  endfacet
  facet normal 1 0 0
    outer loop
      vertex -18.3 89.6321 11.24
      vertex -18.3 95 22
      vertex -18.3 89.6321 16.76
    endloop
  endfacet
  facet normal 1 0 0
    outer loop
      vertex -18.3 95 22
      vertex -18.3 89.6321 11.24
      vertex -18.3 89.6755 11.0219
    endloop
  endfacet
  facet normal 1 -0 0
    outer loop
      vertex -18.3 89.5606 16.5494
      vertex -18.3 89.6321 11.24
      vertex -18.3 89.6321 16.76
    endloop
  endfacet
  facet normal 1 0 0
    outer loop
      vertex -18.3 89.5606 16.5494
      vertex -18.3 89.5606 11.4506
      vertex -18.3 89.6321 11.24
    endloop
  endfacet
  facet normal 1 -0 0
    outer loop
      vertex -18.3 89.4622 16.35
      vertex -18.3 89.5606 11.4506
      vertex -18.3 89.5606 16.5494
    endloop
  endfacet
  facet normal 1 0 0
    outer loop
      vertex -18.3 89.4622 16.35
      vertex -18.3 89.4622 11.65
      vertex -18.3 89.5606 11.4506
    endloop
  endfacet
  facet normal 1 -0 0
    outer loop
      vertex -18.3 89.3387 16.1651
      vertex -18.3 89.4622 11.65
      vertex -18.3 89.4622 16.35
    endloop
  endfacet
  facet normal 1 0 0
    outer loop
      vertex -18.3 89.3387 16.1651
      vertex -18.3 89.3387 11.8349
      vertex -18.3 89.4622 11.65
    endloop
  endfacet
  facet normal 1 -0 0
    outer loop
      vertex -18.3 89.1921 15.9979
      vertex -18.3 89.3387 11.8349
      vertex -18.3 89.3387 16.1651
    endloop
  endfacet
  facet normal 1 0 0
    outer loop
      vertex -18.3 89.1921 15.9979
      vertex -18.3 89.1921 12.0021
      vertex -18.3 89.3387 11.8349
    endloop
  endfacet
  facet normal 1 -0 0
    outer loop
      vertex -18.3 89.0249 15.8513
      vertex -18.3 89.1921 12.0021
      vertex -18.3 89.1921 15.9979
    endloop
  endfacet
  facet normal 1 0 0
    outer loop
      vertex -18.3 89.0249 15.8513
      vertex -18.3 89.0249 12.1487
      vertex -18.3 89.1921 12.0021
    endloop
  endfacet
  facet normal 1 -0 0
    outer loop
      vertex -18.3 89 15.8347
      vertex -18.3 89.0249 12.1487
      vertex -18.3 89.0249 15.8513
    endloop
  endfacet
  facet normal 1 0 0
    outer loop
      vertex -18.3 89.0249 12.1487
      vertex -18.3 89 15.8347
      vertex -18.3 89 12.1653
    endloop
  endfacet
  facet normal 1 0 0
    outer loop
      vertex -18.3 89.6755 16.9781
      vertex -18.3 95 22
      vertex -18.3 89.69 17.2
    endloop
  endfacet
  facet normal 1 0 0
    outer loop
      vertex -18.3 95 22
      vertex -18.3 89.6755 17.4219
      vertex -18.3 89.69 17.2
    endloop
  endfacet
  facet normal 1 0 0
    outer loop
      vertex -18.3 95 22
      vertex -18.3 89.6321 17.64
      vertex -18.3 89.6755 17.4219
    endloop
  endfacet
  facet normal 1 0 0
    outer loop
      vertex -18.3 95 22
      vertex -18.3 89.5606 17.8506
      vertex -18.3 89.6321 17.64
    endloop
  endfacet
  facet normal 1 0 0
    outer loop
      vertex -18.3 95 22
      vertex -18.3 89.4622 18.05
      vertex -18.3 89.5606 17.8506
    endloop
  endfacet
  facet normal 1 0 0
    outer loop
      vertex -18.3 95 22
      vertex -18.3 89.3387 18.2349
      vertex -18.3 89.4622 18.05
    endloop
  endfacet
  facet normal 1 -0 0
    outer loop
      vertex -18.3 89 22
      vertex -18.3 89.3387 18.2349
      vertex -18.3 95 22
    endloop
  endfacet
  facet normal 1 0 0
    outer loop
      vertex -18.3 89.3387 18.2349
      vertex -18.3 89 22
      vertex -18.3 89.1921 18.4021
    endloop
  endfacet
  facet normal 1 0 0
    outer loop
      vertex -18.3 89.1921 18.4021
      vertex -18.3 89 22
      vertex -18.3 89.0249 18.5487
    endloop
  endfacet
  facet normal 1 0 0
    outer loop
      vertex -18.3 89.0249 18.5487
      vertex -18.3 89 22
      vertex -18.3 89 18.5653
    endloop
  endfacet
  facet normal 1 0 0
    outer loop
      vertex -18.3 95 22
      vertex -18.3 89.69 10.8
      vertex -18.3 95 5.7
    endloop
  endfacet
  facet normal 1 -0 0
    outer loop
      vertex -18.3 89.6755 10.5781
      vertex -18.3 95 5.7
      vertex -18.3 89.69 10.8
    endloop
  endfacet
  facet normal 1 -0 0
    outer loop
      vertex -18.3 89.6321 10.36
      vertex -18.3 95 5.7
      vertex -18.3 89.6755 10.5781
    endloop
  endfacet
  facet normal 1 -0 0
    outer loop
      vertex -18.3 89.5606 10.1494
      vertex -18.3 95 5.7
      vertex -18.3 89.6321 10.36
    endloop
  endfacet
  facet normal 1 -0 0
    outer loop
      vertex -18.3 89.4622 9.95
      vertex -18.3 95 5.7
      vertex -18.3 89.5606 10.1494
    endloop
  endfacet
  facet normal 1 -0 0
    outer loop
      vertex -18.3 89.3387 9.76511
      vertex -18.3 95 5.7
      vertex -18.3 89.4622 9.95
    endloop
  endfacet
  facet normal 1 0 0
    outer loop
      vertex -18.3 89 5.7
      vertex -18.3 89.3387 9.76511
      vertex -18.3 89.1921 9.59792
    endloop
  endfacet
  facet normal 1 0 0
    outer loop
      vertex -18.3 89 5.7
      vertex -18.3 89.1921 9.59792
      vertex -18.3 89.0249 9.4513
    endloop
  endfacet
  facet normal 1 0 0
    outer loop
      vertex -18.3 89 5.7
      vertex -18.3 89.0249 9.4513
      vertex -18.3 89 9.43466
    endloop
  endfacet
  facet normal 1 0 0
    outer loop
      vertex -18.3 89.3387 9.76511
      vertex -18.3 89 5.7
      vertex -18.3 95 5.7
    endloop
  endfacet
  facet normal -1 0 0
    outer loop
      vertex 18.3 95 5.7
      vertex 18.3 89.6321 11.24
      vertex 18.3 95 22
    endloop
  endfacet
  facet normal -1 0 0
    outer loop
      vertex 18.3 95 22
      vertex 18.3 89.6755 16.9781
      vertex 18.3 89.69 17.2
    endloop
  endfacet
  facet normal -1 0 0
    outer loop
      vertex 18.3 89.6321 16.76
      vertex 18.3 95 22
      vertex 18.3 89.6321 11.24
    endloop
  endfacet
  facet normal -1 0 0
    outer loop
      vertex 18.3 95 22
      vertex 18.3 89.6321 16.76
      vertex 18.3 89.6755 16.9781
    endloop
  endfacet
  facet normal -1 0 0
    outer loop
      vertex 18.3 89.5606 11.4506
      vertex 18.3 89.6321 16.76
      vertex 18.3 89.6321 11.24
    endloop
  endfacet
  facet normal -1 0 0
    outer loop
      vertex 18.3 89.5606 11.4506
      vertex 18.3 89.5606 16.5494
      vertex 18.3 89.6321 16.76
    endloop
  endfacet
  facet normal -1 0 0
    outer loop
      vertex 18.3 89.4622 11.65
      vertex 18.3 89.5606 16.5494
      vertex 18.3 89.5606 11.4506
    endloop
  endfacet
  facet normal -1 0 0
    outer loop
      vertex 18.3 89.4622 11.65
      vertex 18.3 89.4622 16.35
      vertex 18.3 89.5606 16.5494
    endloop
  endfacet
  facet normal -1 0 0
    outer loop
      vertex 18.3 89.3387 11.8349
      vertex 18.3 89.4622 16.35
      vertex 18.3 89.4622 11.65
    endloop
  endfacet
  facet normal -1 0 0
    outer loop
      vertex 18.3 89.3387 11.8349
      vertex 18.3 89.3387 16.1651
      vertex 18.3 89.4622 16.35
    endloop
  endfacet
  facet normal -1 0 0
    outer loop
      vertex 18.3 89.1921 12.0021
      vertex 18.3 89.3387 16.1651
      vertex 18.3 89.3387 11.8349
    endloop
  endfacet
  facet normal -1 0 0
    outer loop
      vertex 18.3 89.1921 12.0021
      vertex 18.3 89.1921 15.9979
      vertex 18.3 89.3387 16.1651
    endloop
  endfacet
  facet normal -1 0 0
    outer loop
      vertex 18.3 89.0249 12.1487
      vertex 18.3 89.1921 15.9979
      vertex 18.3 89.1921 12.0021
    endloop
  endfacet
  facet normal -1 0 0
    outer loop
      vertex 18.3 89.0249 12.1487
      vertex 18.3 89.0249 15.8513
      vertex 18.3 89.1921 15.9979
    endloop
  endfacet
  facet normal -1 0 0
    outer loop
      vertex 18.3 89 12.1653
      vertex 18.3 89.0249 15.8513
      vertex 18.3 89.0249 12.1487
    endloop
  endfacet
  facet normal -1 0 0
    outer loop
      vertex 18.3 89.0249 15.8513
      vertex 18.3 89 12.1653
      vertex 18.3 89 15.8347
    endloop
  endfacet
  facet normal -1 0 0
    outer loop
      vertex 18.3 89.6755 11.0219
      vertex 18.3 95 5.7
      vertex 18.3 89.69 10.8
    endloop
  endfacet
  facet normal -1 0 0
    outer loop
      vertex 18.3 95 5.7
      vertex 18.3 89.6755 10.5781
      vertex 18.3 89.69 10.8
    endloop
  endfacet
  facet normal -1 0 0
    outer loop
      vertex 18.3 95 5.7
      vertex 18.3 89.6321 10.36
      vertex 18.3 89.6755 10.5781
    endloop
  endfacet
  facet normal -1 0 0
    outer loop
      vertex 18.3 95 5.7
      vertex 18.3 89.5606 10.1494
      vertex 18.3 89.6321 10.36
    endloop
  endfacet
  facet normal -1 0 0
    outer loop
      vertex 18.3 95 5.7
      vertex 18.3 89.4622 9.95
      vertex 18.3 89.5606 10.1494
    endloop
  endfacet
  facet normal -1 0 0
    outer loop
      vertex 18.3 95 5.7
      vertex 18.3 89.3387 9.76511
      vertex 18.3 89.4622 9.95
    endloop
  endfacet
  facet normal -1 0 0
    outer loop
      vertex 18.3 89 5.7
      vertex 18.3 89.3387 9.76511
      vertex 18.3 95 5.7
    endloop
  endfacet
  facet normal -1 0 0
    outer loop
      vertex 18.3 89.3387 9.76511
      vertex 18.3 89 5.7
      vertex 18.3 89.1921 9.59792
    endloop
  endfacet
  facet normal -1 0 0
    outer loop
      vertex 18.3 89.1921 9.59792
      vertex 18.3 89 5.7
      vertex 18.3 89.0249 9.4513
    endloop
  endfacet
  facet normal -1 0 0
    outer loop
      vertex 18.3 89.0249 9.4513
      vertex 18.3 89 5.7
      vertex 18.3 89 9.43466
    endloop
  endfacet
  facet normal -1 0 0
    outer loop
      vertex 18.3 89.6321 11.24
      vertex 18.3 95 5.7
      vertex 18.3 89.6755 11.0219
    endloop
  endfacet
  facet normal -1 0 0
    outer loop
      vertex 18.3 89.6755 17.4219
      vertex 18.3 95 22
      vertex 18.3 89.69 17.2
    endloop
  endfacet
  facet normal -1 0 0
    outer loop
      vertex 18.3 89.6321 17.64
      vertex 18.3 95 22
      vertex 18.3 89.6755 17.4219
    endloop
  endfacet
  facet normal -1 0 0
    outer loop
      vertex 18.3 89.5606 17.8506
      vertex 18.3 95 22
      vertex 18.3 89.6321 17.64
    endloop
  endfacet
  facet normal -1 0 0
    outer loop
      vertex 18.3 89.4622 18.05
      vertex 18.3 95 22
      vertex 18.3 89.5606 17.8506
    endloop
  endfacet
  facet normal -1 0 0
    outer loop
      vertex 18.3 89.3387 18.2349
      vertex 18.3 95 22
      vertex 18.3 89.4622 18.05
    endloop
  endfacet
  facet normal -1 0 0
    outer loop
      vertex 18.3 89 22
      vertex 18.3 89.3387 18.2349
      vertex 18.3 89.1921 18.4021
    endloop
  endfacet
  facet normal -1 0 0
    outer loop
      vertex 18.3 89 22
      vertex 18.3 89.1921 18.4021
      vertex 18.3 89.0249 18.5487
    endloop
  endfacet
  facet normal -1 0 0
    outer loop
      vertex 18.3 89 22
      vertex 18.3 89.0249 18.5487
      vertex 18.3 89 18.5653
    endloop
  endfacet
  facet normal -1 0 0
    outer loop
      vertex 18.3 89.3387 18.2349
      vertex 18.3 89 22
      vertex 18.3 95 22
    endloop
  endfacet
  facet normal -0 0 1
    outer loop
      vertex 1.7 95 5.7
      vertex 18.3 89 5.7
      vertex 18.3 95 5.7
    endloop
  endfacet
  facet normal 0 0 1
    outer loop
      vertex 18.3 89 5.7
      vertex 1.7 95 5.7
      vertex 1.7 89 5.7
    endloop
  endfacet
  facet normal 1 0 0
    outer loop
      vertex 1.7 89.6321 16.76
      vertex 1.7 95 22
      vertex 1.7 89.6755 16.9781
    endloop
  endfacet
  facet normal 1 0 0
    outer loop
      vertex 1.7 95 22
      vertex 1.7 89.6755 11.0219
      vertex 1.7 89.69 10.8
    endloop
  endfacet
  facet normal 1 0 0
    outer loop
      vertex 1.7 89.6321 11.24
      vertex 1.7 95 22
      vertex 1.7 89.6321 16.76
    endloop
  endfacet
  facet normal 1 0 0
    outer loop
      vertex 1.7 95 22
      vertex 1.7 89.6321 11.24
      vertex 1.7 89.6755 11.0219
    endloop
  endfacet
  facet normal 1 -0 0
    outer loop
      vertex 1.7 89.5606 16.5494
      vertex 1.7 89.6321 11.24
      vertex 1.7 89.6321 16.76
    endloop
  endfacet
  facet normal 1 0 0
    outer loop
      vertex 1.7 89.5606 16.5494
      vertex 1.7 89.5606 11.4506
      vertex 1.7 89.6321 11.24
    endloop
  endfacet
  facet normal 1 -0 0
    outer loop
      vertex 1.7 89.4622 16.35
      vertex 1.7 89.5606 11.4506
      vertex 1.7 89.5606 16.5494
    endloop
  endfacet
  facet normal 1 0 0
    outer loop
      vertex 1.7 89.4622 16.35
      vertex 1.7 89.4622 11.65
      vertex 1.7 89.5606 11.4506
    endloop
  endfacet
  facet normal 1 -0 0
    outer loop
      vertex 1.7 89.3387 16.1651
      vertex 1.7 89.4622 11.65
      vertex 1.7 89.4622 16.35
    endloop
  endfacet
  facet normal 1 0 0
    outer loop
      vertex 1.7 89.3387 16.1651
      vertex 1.7 89.3387 11.8349
      vertex 1.7 89.4622 11.65
    endloop
  endfacet
  facet normal 1 -0 0
    outer loop
      vertex 1.7 89.1921 15.9979
      vertex 1.7 89.3387 11.8349
      vertex 1.7 89.3387 16.1651
    endloop
  endfacet
  facet normal 1 0 0
    outer loop
      vertex 1.7 89.1921 15.9979
      vertex 1.7 89.1921 12.0021
      vertex 1.7 89.3387 11.8349
    endloop
  endfacet
  facet normal 1 -0 0
    outer loop
      vertex 1.7 89.0249 15.8513
      vertex 1.7 89.1921 12.0021
      vertex 1.7 89.1921 15.9979
    endloop
  endfacet
  facet normal 1 0 0
    outer loop
      vertex 1.7 89.0249 15.8513
      vertex 1.7 89.0249 12.1487
      vertex 1.7 89.1921 12.0021
    endloop
  endfacet
  facet normal 1 -0 0
    outer loop
      vertex 1.7 89 15.8347
      vertex 1.7 89.0249 12.1487
      vertex 1.7 89.0249 15.8513
    endloop
  endfacet
  facet normal 1 0 0
    outer loop
      vertex 1.7 89.0249 12.1487
      vertex 1.7 89 15.8347
      vertex 1.7 89 12.1653
    endloop
  endfacet
  facet normal 1 0 0
    outer loop
      vertex 1.7 89.6755 16.9781
      vertex 1.7 95 22
      vertex 1.7 89.69 17.2
    endloop
  endfacet
  facet normal 1 0 0
    outer loop
      vertex 1.7 95 22
      vertex 1.7 89.6755 17.4219
      vertex 1.7 89.69 17.2
    endloop
  endfacet
  facet normal 1 0 0
    outer loop
      vertex 1.7 95 22
      vertex 1.7 89.6321 17.64
      vertex 1.7 89.6755 17.4219
    endloop
  endfacet
  facet normal 1 0 0
    outer loop
      vertex 1.7 95 22
      vertex 1.7 89.5606 17.8506
      vertex 1.7 89.6321 17.64
    endloop
  endfacet
  facet normal 1 0 0
    outer loop
      vertex 1.7 95 22
      vertex 1.7 89.4622 18.05
      vertex 1.7 89.5606 17.8506
    endloop
  endfacet
  facet normal 1 0 0
    outer loop
      vertex 1.7 95 22
      vertex 1.7 89.3387 18.2349
      vertex 1.7 89.4622 18.05
    endloop
  endfacet
  facet normal 1 -0 0
    outer loop
      vertex 1.7 89 22
      vertex 1.7 89.3387 18.2349
      vertex 1.7 95 22
    endloop
  endfacet
  facet normal 1 0 0
    outer loop
      vertex 1.7 89.3387 18.2349
      vertex 1.7 89 22
      vertex 1.7 89.1921 18.4021
    endloop
  endfacet
  facet normal 1 0 0
    outer loop
      vertex 1.7 89.1921 18.4021
      vertex 1.7 89 22
      vertex 1.7 89.0249 18.5487
    endloop
  endfacet
  facet normal 1 0 0
    outer loop
      vertex 1.7 89.0249 18.5487
      vertex 1.7 89 22
      vertex 1.7 89 18.5653
    endloop
  endfacet
  facet normal 1 0 0
    outer loop
      vertex 1.7 95 22
      vertex 1.7 89.69 10.8
      vertex 1.7 95 5.7
    endloop
  endfacet
  facet normal 1 -0 0
    outer loop
      vertex 1.7 89.6755 10.5781
      vertex 1.7 95 5.7
      vertex 1.7 89.69 10.8
    endloop
  endfacet
  facet normal 1 -0 0
    outer loop
      vertex 1.7 89.6321 10.36
      vertex 1.7 95 5.7
      vertex 1.7 89.6755 10.5781
    endloop
  endfacet
  facet normal 1 -0 0
    outer loop
      vertex 1.7 89.5606 10.1494
      vertex 1.7 95 5.7
      vertex 1.7 89.6321 10.36
    endloop
  endfacet
  facet normal 1 -0 0
    outer loop
      vertex 1.7 89.4622 9.95
      vertex 1.7 95 5.7
      vertex 1.7 89.5606 10.1494
    endloop
  endfacet
  facet normal 1 -0 0
    outer loop
      vertex 1.7 89.3387 9.76511
      vertex 1.7 95 5.7
      vertex 1.7 89.4622 9.95
    endloop
  endfacet
  facet normal 1 0 0
    outer loop
      vertex 1.7 89 5.7
      vertex 1.7 89.3387 9.76511
      vertex 1.7 89.1921 9.59792
    endloop
  endfacet
  facet normal 1 0 0
    outer loop
      vertex 1.7 89 5.7
      vertex 1.7 89.1921 9.59792
      vertex 1.7 89.0249 9.4513
    endloop
  endfacet
  facet normal 1 0 0
    outer loop
      vertex 1.7 89 5.7
      vertex 1.7 89.0249 9.4513
      vertex 1.7 89 9.43466
    endloop
  endfacet
  facet normal 1 0 0
    outer loop
      vertex 1.7 89.3387 9.76511
      vertex 1.7 89 5.7
      vertex 1.7 95 5.7
    endloop
  endfacet
  facet normal -1 0 0
    outer loop
      vertex 36.3 95 5.7
      vertex 36.3 89.6321 11.24
      vertex 36.3 95 22
    endloop
  endfacet
  facet normal -1 0 0
    outer loop
      vertex 36.3 95 22
      vertex 36.3 89.6755 16.9781
      vertex 36.3 89.69 17.2
    endloop
  endfacet
  facet normal -1 0 0
    outer loop
      vertex 36.3 89.6321 16.76
      vertex 36.3 95 22
      vertex 36.3 89.6321 11.24
    endloop
  endfacet
  facet normal -1 0 0
    outer loop
      vertex 36.3 95 22
      vertex 36.3 89.6321 16.76
      vertex 36.3 89.6755 16.9781
    endloop
  endfacet
  facet normal -1 0 0
    outer loop
      vertex 36.3 89.5606 11.4506
      vertex 36.3 89.6321 16.76
      vertex 36.3 89.6321 11.24
    endloop
  endfacet
  facet normal -1 0 0
    outer loop
      vertex 36.3 89.5606 11.4506
      vertex 36.3 89.5606 16.5494
      vertex 36.3 89.6321 16.76
    endloop
  endfacet
  facet normal -1 0 0
    outer loop
      vertex 36.3 89.4622 11.65
      vertex 36.3 89.5606 16.5494
      vertex 36.3 89.5606 11.4506
    endloop
  endfacet
  facet normal -1 0 0
    outer loop
      vertex 36.3 89.4622 11.65
      vertex 36.3 89.4622 16.35
      vertex 36.3 89.5606 16.5494
    endloop
  endfacet
  facet normal -1 0 0
    outer loop
      vertex 36.3 89.3387 11.8349
      vertex 36.3 89.4622 16.35
      vertex 36.3 89.4622 11.65
    endloop
  endfacet
  facet normal -1 0 0
    outer loop
      vertex 36.3 89.3387 11.8349
      vertex 36.3 89.3387 16.1651
      vertex 36.3 89.4622 16.35
    endloop
  endfacet
  facet normal -1 0 0
    outer loop
      vertex 36.3 89.1921 12.0021
      vertex 36.3 89.3387 16.1651
      vertex 36.3 89.3387 11.8349
    endloop
  endfacet
  facet normal -1 0 0
    outer loop
      vertex 36.3 89.1921 12.0021
      vertex 36.3 89.1921 15.9979
      vertex 36.3 89.3387 16.1651
    endloop
  endfacet
  facet normal -1 0 0
    outer loop
      vertex 36.3 89.0249 12.1487
      vertex 36.3 89.1921 15.9979
      vertex 36.3 89.1921 12.0021
    endloop
  endfacet
  facet normal -1 0 0
    outer loop
      vertex 36.3 89.0249 12.1487
      vertex 36.3 89.0249 15.8513
      vertex 36.3 89.1921 15.9979
    endloop
  endfacet
  facet normal -1 0 0
    outer loop
      vertex 36.3 89 12.1653
      vertex 36.3 89.0249 15.8513
      vertex 36.3 89.0249 12.1487
    endloop
  endfacet
  facet normal -1 0 0
    outer loop
      vertex 36.3 89.0249 15.8513
      vertex 36.3 89 12.1653
      vertex 36.3 89 15.8347
    endloop
  endfacet
  facet normal -1 0 0
    outer loop
      vertex 36.3 89.6755 11.0219
      vertex 36.3 95 5.7
      vertex 36.3 89.69 10.8
    endloop
  endfacet
  facet normal -1 0 0
    outer loop
      vertex 36.3 95 5.7
      vertex 36.3 89.6755 10.5781
      vertex 36.3 89.69 10.8
    endloop
  endfacet
  facet normal -1 0 0
    outer loop
      vertex 36.3 95 5.7
      vertex 36.3 89.6321 10.36
      vertex 36.3 89.6755 10.5781
    endloop
  endfacet
  facet normal -1 0 0
    outer loop
      vertex 36.3 95 5.7
      vertex 36.3 89.5606 10.1494
      vertex 36.3 89.6321 10.36
    endloop
  endfacet
  facet normal -1 0 0
    outer loop
      vertex 36.3 95 5.7
      vertex 36.3 89.4622 9.95
      vertex 36.3 89.5606 10.1494
    endloop
  endfacet
  facet normal -1 0 0
    outer loop
      vertex 36.3 95 5.7
      vertex 36.3 89.3387 9.76511
      vertex 36.3 89.4622 9.95
    endloop
  endfacet
  facet normal -1 0 0
    outer loop
      vertex 36.3 89 5.7
      vertex 36.3 89.3387 9.76511
      vertex 36.3 95 5.7
    endloop
  endfacet
  facet normal -1 0 0
    outer loop
      vertex 36.3 89.3387 9.76511
      vertex 36.3 89 5.7
      vertex 36.3 89.1921 9.59792
    endloop
  endfacet
  facet normal -1 0 0
    outer loop
      vertex 36.3 89.1921 9.59792
      vertex 36.3 89 5.7
      vertex 36.3 89.0249 9.4513
    endloop
  endfacet
  facet normal -1 0 0
    outer loop
      vertex 36.3 89.0249 9.4513
      vertex 36.3 89 5.7
      vertex 36.3 89 9.43466
    endloop
  endfacet
  facet normal -1 0 0
    outer loop
      vertex 36.3 89.6321 11.24
      vertex 36.3 95 5.7
      vertex 36.3 89.6755 11.0219
    endloop
  endfacet
  facet normal -1 0 0
    outer loop
      vertex 36.3 89.6755 17.4219
      vertex 36.3 95 22
      vertex 36.3 89.69 17.2
    endloop
  endfacet
  facet normal -1 0 0
    outer loop
      vertex 36.3 89.6321 17.64
      vertex 36.3 95 22
      vertex 36.3 89.6755 17.4219
    endloop
  endfacet
  facet normal -1 0 0
    outer loop
      vertex 36.3 89.5606 17.8506
      vertex 36.3 95 22
      vertex 36.3 89.6321 17.64
    endloop
  endfacet
  facet normal -1 0 0
    outer loop
      vertex 36.3 89.4622 18.05
      vertex 36.3 95 22
      vertex 36.3 89.5606 17.8506
    endloop
  endfacet
  facet normal -1 0 0
    outer loop
      vertex 36.3 89.3387 18.2349
      vertex 36.3 95 22
      vertex 36.3 89.4622 18.05
    endloop
  endfacet
  facet normal -1 0 0
    outer loop
      vertex 36.3 89 22
      vertex 36.3 89.3387 18.2349
      vertex 36.3 89.1921 18.4021
    endloop
  endfacet
  facet normal -1 0 0
    outer loop
      vertex 36.3 89 22
      vertex 36.3 89.1921 18.4021
      vertex 36.3 89.0249 18.5487
    endloop
  endfacet
  facet normal -1 0 0
    outer loop
      vertex 36.3 89 22
      vertex 36.3 89.0249 18.5487
      vertex 36.3 89 18.5653
    endloop
  endfacet
  facet normal -1 0 0
    outer loop
      vertex 36.3 89.3387 18.2349
      vertex 36.3 89 22
      vertex 36.3 95 22
    endloop
  endfacet
  facet normal -0 0 1
    outer loop
      vertex 19.7 95 5.7
      vertex 36.3 89 5.7
      vertex 36.3 95 5.7
    endloop
  endfacet
  facet normal 0 0 1
    outer loop
      vertex 36.3 89 5.7
      vertex 19.7 95 5.7
      vertex 19.7 89 5.7
    endloop
  endfacet
  facet normal 1 0 0
    outer loop
      vertex 19.7 89.6321 16.76
      vertex 19.7 95 22
      vertex 19.7 89.6755 16.9781
    endloop
  endfacet
  facet normal 1 0 0
    outer loop
      vertex 19.7 95 22
      vertex 19.7 89.6755 11.0219
      vertex 19.7 89.69 10.8
    endloop
  endfacet
  facet normal 1 0 0
    outer loop
      vertex 19.7 89.6321 11.24
      vertex 19.7 95 22
      vertex 19.7 89.6321 16.76
    endloop
  endfacet
  facet normal 1 0 0
    outer loop
      vertex 19.7 95 22
      vertex 19.7 89.6321 11.24
      vertex 19.7 89.6755 11.0219
    endloop
  endfacet
  facet normal 1 -0 0
    outer loop
      vertex 19.7 89.5606 16.5494
      vertex 19.7 89.6321 11.24
      vertex 19.7 89.6321 16.76
    endloop
  endfacet
  facet normal 1 0 0
    outer loop
      vertex 19.7 89.5606 16.5494
      vertex 19.7 89.5606 11.4506
      vertex 19.7 89.6321 11.24
    endloop
  endfacet
  facet normal 1 -0 0
    outer loop
      vertex 19.7 89.4622 16.35
      vertex 19.7 89.5606 11.4506
      vertex 19.7 89.5606 16.5494
    endloop
  endfacet
  facet normal 1 0 0
    outer loop
      vertex 19.7 89.4622 16.35
      vertex 19.7 89.4622 11.65
      vertex 19.7 89.5606 11.4506
    endloop
  endfacet
  facet normal 1 -0 0
    outer loop
      vertex 19.7 89.3387 16.1651
      vertex 19.7 89.4622 11.65
      vertex 19.7 89.4622 16.35
    endloop
  endfacet
  facet normal 1 0 0
    outer loop
      vertex 19.7 89.3387 16.1651
      vertex 19.7 89.3387 11.8349
      vertex 19.7 89.4622 11.65
    endloop
  endfacet
  facet normal 1 -0 0
    outer loop
      vertex 19.7 89.1921 15.9979
      vertex 19.7 89.3387 11.8349
      vertex 19.7 89.3387 16.1651
    endloop
  endfacet
  facet normal 1 0 0
    outer loop
      vertex 19.7 89.1921 15.9979
      vertex 19.7 89.1921 12.0021
      vertex 19.7 89.3387 11.8349
    endloop
  endfacet
  facet normal 1 -0 0
    outer loop
      vertex 19.7 89.0249 15.8513
      vertex 19.7 89.1921 12.0021
      vertex 19.7 89.1921 15.9979
    endloop
  endfacet
  facet normal 1 0 0
    outer loop
      vertex 19.7 89.0249 15.8513
      vertex 19.7 89.0249 12.1487
      vertex 19.7 89.1921 12.0021
    endloop
  endfacet
  facet normal 1 -0 0
    outer loop
      vertex 19.7 89 15.8347
      vertex 19.7 89.0249 12.1487
      vertex 19.7 89.0249 15.8513
    endloop
  endfacet
  facet normal 1 0 0
    outer loop
      vertex 19.7 89.0249 12.1487
      vertex 19.7 89 15.8347
      vertex 19.7 89 12.1653
    endloop
  endfacet
  facet normal 1 0 0
    outer loop
      vertex 19.7 89.6755 16.9781
      vertex 19.7 95 22
      vertex 19.7 89.69 17.2
    endloop
  endfacet
  facet normal 1 0 0
    outer loop
      vertex 19.7 95 22
      vertex 19.7 89.6755 17.4219
      vertex 19.7 89.69 17.2
    endloop
  endfacet
  facet normal 1 0 0
    outer loop
      vertex 19.7 95 22
      vertex 19.7 89.6321 17.64
      vertex 19.7 89.6755 17.4219
    endloop
  endfacet
  facet normal 1 0 0
    outer loop
      vertex 19.7 95 22
      vertex 19.7 89.5606 17.8506
      vertex 19.7 89.6321 17.64
    endloop
  endfacet
  facet normal 1 0 0
    outer loop
      vertex 19.7 95 22
      vertex 19.7 89.4622 18.05
      vertex 19.7 89.5606 17.8506
    endloop
  endfacet
  facet normal 1 0 0
    outer loop
      vertex 19.7 95 22
      vertex 19.7 89.3387 18.2349
      vertex 19.7 89.4622 18.05
    endloop
  endfacet
  facet normal 1 -0 0
    outer loop
      vertex 19.7 89 22
      vertex 19.7 89.3387 18.2349
      vertex 19.7 95 22
    endloop
  endfacet
  facet normal 1 0 0
    outer loop
      vertex 19.7 89.3387 18.2349
      vertex 19.7 89 22
      vertex 19.7 89.1921 18.4021
    endloop
  endfacet
  facet normal 1 0 0
    outer loop
      vertex 19.7 89.1921 18.4021
      vertex 19.7 89 22
      vertex 19.7 89.0249 18.5487
    endloop
  endfacet
  facet normal 1 0 0
    outer loop
      vertex 19.7 89.0249 18.5487
      vertex 19.7 89 22
      vertex 19.7 89 18.5653
    endloop
  endfacet
  facet normal 1 0 0
    outer loop
      vertex 19.7 95 22
      vertex 19.7 89.69 10.8
      vertex 19.7 95 5.7
    endloop
  endfacet
  facet normal 1 -0 0
    outer loop
      vertex 19.7 89.6755 10.5781
      vertex 19.7 95 5.7
      vertex 19.7 89.69 10.8
    endloop
  endfacet
  facet normal 1 -0 0
    outer loop
      vertex 19.7 89.6321 10.36
      vertex 19.7 95 5.7
      vertex 19.7 89.6755 10.5781
    endloop
  endfacet
  facet normal 1 -0 0
    outer loop
      vertex 19.7 89.5606 10.1494
      vertex 19.7 95 5.7
      vertex 19.7 89.6321 10.36
    endloop
  endfacet
  facet normal 1 -0 0
    outer loop
      vertex 19.7 89.4622 9.95
      vertex 19.7 95 5.7
      vertex 19.7 89.5606 10.1494
    endloop
  endfacet
  facet normal 1 -0 0
    outer loop
      vertex 19.7 89.3387 9.76511
      vertex 19.7 95 5.7
      vertex 19.7 89.4622 9.95
    endloop
  endfacet
  facet normal 1 0 0
    outer loop
      vertex 19.7 89 5.7
      vertex 19.7 89.3387 9.76511
      vertex 19.7 89.1921 9.59792
    endloop
  endfacet
  facet normal 1 0 0
    outer loop
      vertex 19.7 89 5.7
      vertex 19.7 89.1921 9.59792
      vertex 19.7 89.0249 9.4513
    endloop
  endfacet
  facet normal 1 0 0
    outer loop
      vertex 19.7 89 5.7
      vertex 19.7 89.0249 9.4513
      vertex 19.7 89 9.43466
    endloop
  endfacet
  facet normal 1 0 0
    outer loop
      vertex 19.7 89.3387 9.76511
      vertex 19.7 89 5.7
      vertex 19.7 95 5.7
    endloop
  endfacet
  facet normal -0.98077 0 -0.195167
    outer loop
      vertex 21.6855 0 0.211894
      vertex 21.6421 3 0.429992
      vertex 21.6855 3 0.211894
    endloop
  endfacet
  facet normal -0.98077 -0 -0.195167
    outer loop
      vertex 21.6421 3 0.429992
      vertex 21.6855 0 0.211894
      vertex 21.6421 0 0.429992
    endloop
  endfacet
  facet normal -0.997886 0 -0.0649892
    outer loop
      vertex 21.6993 0 0
      vertex 21.6855 3 0.211894
      vertex 21.6993 3 0
    endloop
  endfacet
  facet normal -0.997886 -0 -0.0649892
    outer loop
      vertex 21.6855 3 0.211894
      vertex 21.6993 0 0
      vertex 21.6855 0 0.211894
    endloop
  endfacet
  facet normal 0.896787 0 -0.442463
    outer loop
      vertex 18.5278 0 0.839999
      vertex 18.4294 3 0.640561
      vertex 18.5278 3 0.839999
    endloop
  endfacet
  facet normal 0.896787 0 -0.442463
    outer loop
      vertex 18.4294 3 0.640561
      vertex 18.5278 0 0.839999
      vertex 18.4294 0 0.640561
    endloop
  endfacet
  facet normal -0.659319 0 -0.751863
    outer loop
      vertex 21.0349 0 1.3387
      vertex 21.2021 3 1.19208
      vertex 21.2021 0 1.19208
    endloop
  endfacet
  facet normal -0.659319 0 -0.751863
    outer loop
      vertex 21.2021 3 1.19208
      vertex 21.0349 0 1.3387
      vertex 21.0349 3 1.3387
    endloop
  endfacet
  facet normal -0.751888 0 -0.659291
    outer loop
      vertex 21.3487 0 1.02489
      vertex 21.2021 3 1.19208
      vertex 21.3487 3 1.02489
    endloop
  endfacet
  facet normal -0.751888 -0 -0.659291
    outer loop
      vertex 21.2021 3 1.19208
      vertex 21.3487 0 1.02489
      vertex 21.2021 0 1.19208
    endloop
  endfacet
  facet normal -0.442349 0 -0.896843
    outer loop
      vertex 20.6506 0 1.56059
      vertex 20.85 3 1.46224
      vertex 20.85 0 1.46224
    endloop
  endfacet
  facet normal -0.442349 0 -0.896843
    outer loop
      vertex 20.85 3 1.46224
      vertex 20.6506 0 1.56059
      vertex 20.6506 3 1.56059
    endloop
  endfacet
  facet normal 0.442349 0 -0.896843
    outer loop
      vertex 19.15 0 1.46224
      vertex 19.3494 3 1.56059
      vertex 19.3494 0 1.56059
    endloop
  endfacet
  facet normal 0.442349 0 -0.896843
    outer loop
      vertex 19.3494 3 1.56059
      vertex 19.15 0 1.46224
      vertex 19.15 3 1.46224
    endloop
  endfacet
  facet normal 0.831553 0 -0.555445
    outer loop
      vertex 18.6513 0 1.02489
      vertex 18.5278 3 0.839999
      vertex 18.6513 3 1.02489
    endloop
  endfacet
  facet normal 0.831553 0 -0.555445
    outer loop
      vertex 18.5278 3 0.839999
      vertex 18.6513 0 1.02489
      vertex 18.5278 0 0.839999
    endloop
  endfacet
  facet normal 0.195122 0 -0.980779
    outer loop
      vertex 19.56 0 1.63207
      vertex 19.7781 3 1.67546
      vertex 19.7781 0 1.67546
    endloop
  endfacet
  facet normal 0.195122 0 -0.980779
    outer loop
      vertex 19.7781 3 1.67546
      vertex 19.56 0 1.63207
      vertex 19.56 3 1.63207
    endloop
  endfacet
  facet normal -0.946901 0 -0.321526
    outer loop
      vertex 21.6421 0 0.429992
      vertex 21.5706 3 0.640561
      vertex 21.6421 3 0.429992
    endloop
  endfacet
  facet normal -0.946901 -0 -0.321526
    outer loop
      vertex 21.5706 3 0.640561
      vertex 21.6421 0 0.429992
      vertex 21.5706 0 0.640561
    endloop
  endfacet
  facet normal 0.98077 0 -0.195167
    outer loop
      vertex 18.3579 0 0.429992
      vertex 18.3145 3 0.211894
      vertex 18.3579 3 0.429992
    endloop
  endfacet
  facet normal 0.98077 0 -0.195167
    outer loop
      vertex 18.3145 3 0.211894
      vertex 18.3579 0 0.429992
      vertex 18.3145 0 0.211894
    endloop
  endfacet
  facet normal 0 -1 0
    outer loop
      vertex 19.7781 3 1.67546
      vertex 20.2219 3 1.67546
      vertex 20 3 1.69
    endloop
  endfacet
  facet normal 0 -1 0
    outer loop
      vertex 19.56 3 1.63207
      vertex 20.2219 3 1.67546
      vertex 19.7781 3 1.67546
    endloop
  endfacet
  facet normal 0 -1 0
    outer loop
      vertex 19.56 3 1.63207
      vertex 20.44 3 1.63207
      vertex 20.2219 3 1.67546
    endloop
  endfacet
  facet normal 0 -1 0
    outer loop
      vertex 19.3494 3 1.56059
      vertex 20.44 3 1.63207
      vertex 19.56 3 1.63207
    endloop
  endfacet
  facet normal 0 -1 0
    outer loop
      vertex 19.3494 3 1.56059
      vertex 20.6506 3 1.56059
      vertex 20.44 3 1.63207
    endloop
  endfacet
  facet normal 0 -1 0
    outer loop
      vertex 19.15 3 1.46224
      vertex 20.6506 3 1.56059
      vertex 19.3494 3 1.56059
    endloop
  endfacet
  facet normal 0 -1 0
    outer loop
      vertex 19.15 3 1.46224
      vertex 20.85 3 1.46224
      vertex 20.6506 3 1.56059
    endloop
  endfacet
  facet normal 0 -1 0
    outer loop
      vertex 18.9651 3 1.3387
      vertex 20.85 3 1.46224
      vertex 19.15 3 1.46224
    endloop
  endfacet
  facet normal 0 -1 0
    outer loop
      vertex 18.9651 3 1.3387
      vertex 21.0349 3 1.3387
      vertex 20.85 3 1.46224
    endloop
  endfacet
  facet normal 0 -1 0
    outer loop
      vertex 18.7979 3 1.19208
      vertex 21.0349 3 1.3387
      vertex 18.9651 3 1.3387
    endloop
  endfacet
  facet normal 0 -1 0
    outer loop
      vertex 18.7979 3 1.19208
      vertex 21.2021 3 1.19208
      vertex 21.0349 3 1.3387
    endloop
  endfacet
  facet normal 0 -1 0
    outer loop
      vertex 18.6513 3 1.02489
      vertex 21.2021 3 1.19208
      vertex 18.7979 3 1.19208
    endloop
  endfacet
  facet normal 0 -1 0
    outer loop
      vertex 18.6513 3 1.02489
      vertex 21.3487 3 1.02489
      vertex 21.2021 3 1.19208
    endloop
  endfacet
  facet normal 0 -1 0
    outer loop
      vertex 18.5278 3 0.839999
      vertex 21.3487 3 1.02489
      vertex 18.6513 3 1.02489
    endloop
  endfacet
  facet normal 0 -1 0
    outer loop
      vertex 18.5278 3 0.839999
      vertex 21.4722 3 0.839999
      vertex 21.3487 3 1.02489
    endloop
  endfacet
  facet normal 0 -1 0
    outer loop
      vertex 18.4294 3 0.640561
      vertex 21.4722 3 0.839999
      vertex 18.5278 3 0.839999
    endloop
  endfacet
  facet normal 0 -1 0
    outer loop
      vertex 18.4294 3 0.640561
      vertex 21.5706 3 0.640561
      vertex 21.4722 3 0.839999
    endloop
  endfacet
  facet normal 0 -1 0
    outer loop
      vertex 18.3579 3 0.429992
      vertex 21.5706 3 0.640561
      vertex 18.4294 3 0.640561
    endloop
  endfacet
  facet normal 0 -1 0
    outer loop
      vertex 18.3579 3 0.429992
      vertex 21.6421 3 0.429992
      vertex 21.5706 3 0.640561
    endloop
  endfacet
  facet normal 0 -1 0
    outer loop
      vertex 18.3145 3 0.211894
      vertex 21.6421 3 0.429992
      vertex 18.3579 3 0.429992
    endloop
  endfacet
  facet normal 0 -1 0
    outer loop
      vertex 18.3145 3 0.211894
      vertex 21.6855 3 0.211894
      vertex 21.6421 3 0.429992
    endloop
  endfacet
  facet normal 0 -1 0
    outer loop
      vertex 18.3007 3 0
      vertex 21.6855 3 0.211894
      vertex 18.3145 3 0.211894
    endloop
  endfacet
  facet normal 0 -1 -0
    outer loop
      vertex 21.6855 3 0.211894
      vertex 18.3007 3 0
      vertex 21.6993 3 0
    endloop
  endfacet
  facet normal -0.321403 0 -0.946943
    outer loop
      vertex 20.44 0 1.63207
      vertex 20.6506 3 1.56059
      vertex 20.6506 0 1.56059
    endloop
  endfacet
  facet normal -0.321403 0 -0.946943
    outer loop
      vertex 20.6506 3 1.56059
      vertex 20.44 0 1.63207
      vertex 20.44 3 1.63207
    endloop
  endfacet
  facet normal -0.555551 0 -0.831483
    outer loop
      vertex 20.85 0 1.46224
      vertex 21.0349 3 1.3387
      vertex 21.0349 0 1.3387
    endloop
  endfacet
  facet normal -0.555551 0 -0.831483
    outer loop
      vertex 21.0349 3 1.3387
      vertex 20.85 0 1.46224
      vertex 20.85 3 1.46224
    endloop
  endfacet
  facet normal 0.321403 0 -0.946943
    outer loop
      vertex 19.3494 0 1.56059
      vertex 19.56 3 1.63207
      vertex 19.56 0 1.63207
    endloop
  endfacet
  facet normal 0.321403 0 -0.946943
    outer loop
      vertex 19.56 3 1.63207
      vertex 19.3494 0 1.56059
      vertex 19.3494 3 1.56059
    endloop
  endfacet
  facet normal -0.831553 0 -0.555445
    outer loop
      vertex 21.4722 0 0.839999
      vertex 21.3487 3 1.02489
      vertex 21.4722 3 0.839999
    endloop
  endfacet
  facet normal -0.831553 -0 -0.555445
    outer loop
      vertex 21.3487 3 1.02489
      vertex 21.4722 0 0.839999
      vertex 21.3487 0 1.02489
    endloop
  endfacet
  facet normal 0.751888 0 -0.659291
    outer loop
      vertex 18.7979 0 1.19208
      vertex 18.6513 3 1.02489
      vertex 18.7979 3 1.19208
    endloop
  endfacet
  facet normal 0.751888 0 -0.659291
    outer loop
      vertex 18.6513 3 1.02489
      vertex 18.7979 0 1.19208
      vertex 18.6513 0 1.02489
    endloop
  endfacet
  facet normal 0.659319 0 -0.751863
    outer loop
      vertex 18.7979 0 1.19208
      vertex 18.9651 3 1.3387
      vertex 18.9651 0 1.3387
    endloop
  endfacet
  facet normal 0.659319 0 -0.751863
    outer loop
      vertex 18.9651 3 1.3387
      vertex 18.7979 0 1.19208
      vertex 18.7979 3 1.19208
    endloop
  endfacet
  facet normal -0.195122 0 -0.980779
    outer loop
      vertex 20.2219 0 1.67546
      vertex 20.44 3 1.63207
      vertex 20.44 0 1.63207
    endloop
  endfacet
  facet normal -0.195122 0 -0.980779
    outer loop
      vertex 20.44 3 1.63207
      vertex 20.2219 0 1.67546
      vertex 20.2219 3 1.67546
    endloop
  endfacet
  facet normal 0.0653848 0 -0.99786
    outer loop
      vertex 19.7781 0 1.67546
      vertex 20 3 1.69
      vertex 20 0 1.69
    endloop
  endfacet
  facet normal 0.0653848 0 -0.99786
    outer loop
      vertex 20 3 1.69
      vertex 19.7781 0 1.67546
      vertex 19.7781 3 1.67546
    endloop
  endfacet
  facet normal -0.896787 0 -0.442463
    outer loop
      vertex 21.5706 0 0.640561
      vertex 21.4722 3 0.839999
      vertex 21.5706 3 0.640561
    endloop
  endfacet
  facet normal -0.896787 -0 -0.442463
    outer loop
      vertex 21.4722 3 0.839999
      vertex 21.5706 0 0.640561
      vertex 21.4722 0 0.839999
    endloop
  endfacet
  facet normal 0.555551 0 -0.831483
    outer loop
      vertex 18.9651 0 1.3387
      vertex 19.15 3 1.46224
      vertex 19.15 0 1.46224
    endloop
  endfacet
  facet normal 0.555551 0 -0.831483
    outer loop
      vertex 19.15 3 1.46224
      vertex 18.9651 0 1.3387
      vertex 18.9651 3 1.3387
    endloop
  endfacet
  facet normal 0.946901 0 -0.321526
    outer loop
      vertex 18.4294 0 0.640561
      vertex 18.3579 3 0.429992
      vertex 18.4294 3 0.640561
    endloop
  endfacet
  facet normal 0.946901 0 -0.321526
    outer loop
      vertex 18.3579 3 0.429992
      vertex 18.4294 0 0.640561
      vertex 18.3579 0 0.429992
    endloop
  endfacet
  facet normal -0.0653848 0 -0.99786
    outer loop
      vertex 20 0 1.69
      vertex 20.2219 3 1.67546
      vertex 20.2219 0 1.67546
    endloop
  endfacet
  facet normal -0.0653848 0 -0.99786
    outer loop
      vertex 20.2219 3 1.67546
      vertex 20 0 1.69
      vertex 20 3 1.69
    endloop
  endfacet
  facet normal 0.997886 0 -0.0649892
    outer loop
      vertex 18.3145 0 0.211894
      vertex 18.3007 3 0
      vertex 18.3145 3 0.211894
    endloop
  endfacet
  facet normal 0.997886 0 -0.0649892
    outer loop
      vertex 18.3007 3 0
      vertex 18.3145 0 0.211894
      vertex 18.3007 0 0
    endloop
  endfacet
  facet normal 0 -0.98077 -0.195167
    outer loop
      vertex -3 21.6855 0.211894
      vertex 5 21.6421 0.429992
      vertex -3 21.6421 0.429992
    endloop
  endfacet
  facet normal 0 -0.98077 -0.195167
    outer loop
      vertex 5 21.6421 0.429992
      vertex -3 21.6855 0.211894
      vertex 5 21.6855 0.211894
    endloop
  endfacet
  facet normal 0 -0.997886 -0.0649892
    outer loop
      vertex -3 21.6993 0
      vertex 5 21.6855 0.211894
      vertex -3 21.6855 0.211894
    endloop
  endfacet
  facet normal 0 -0.997886 -0.0649892
    outer loop
      vertex 5 21.6855 0.211894
      vertex -3 21.6993 0
      vertex 5 21.6993 0
    endloop
  endfacet
  facet normal 0 0.659319 -0.751863
    outer loop
      vertex -3 18.7979 1.19208
      vertex 5 18.9651 1.3387
      vertex 5 18.7979 1.19208
    endloop
  endfacet
  facet normal 0 0.659319 -0.751863
    outer loop
      vertex 5 18.9651 1.3387
      vertex -3 18.7979 1.19208
      vertex -3 18.9651 1.3387
    endloop
  endfacet
  facet normal 0 0.896787 -0.442463
    outer loop
      vertex 5 18.4294 0.640561
      vertex -3 18.5278 0.839999
      vertex 5 18.5278 0.839999
    endloop
  endfacet
  facet normal 0 0.896787 -0.442463
    outer loop
      vertex -3 18.5278 0.839999
      vertex 5 18.4294 0.640561
      vertex -3 18.4294 0.640561
    endloop
  endfacet
  facet normal 0 -0.442349 -0.896843
    outer loop
      vertex -3 20.6506 1.56059
      vertex 5 20.85 1.46224
      vertex 5 20.6506 1.56059
    endloop
  endfacet
  facet normal -0 -0.442349 -0.896843
    outer loop
      vertex 5 20.85 1.46224
      vertex -3 20.6506 1.56059
      vertex -3 20.85 1.46224
    endloop
  endfacet
  facet normal 0 -0.751888 -0.659291
    outer loop
      vertex -3 21.3487 1.02489
      vertex 5 21.2021 1.19208
      vertex -3 21.2021 1.19208
    endloop
  endfacet
  facet normal 0 -0.751888 -0.659291
    outer loop
      vertex 5 21.2021 1.19208
      vertex -3 21.3487 1.02489
      vertex 5 21.3487 1.02489
    endloop
  endfacet
  facet normal 0 0.442349 -0.896843
    outer loop
      vertex -3 19.15 1.46224
      vertex 5 19.3494 1.56059
      vertex 5 19.15 1.46224
    endloop
  endfacet
  facet normal 0 0.442349 -0.896843
    outer loop
      vertex 5 19.3494 1.56059
      vertex -3 19.15 1.46224
      vertex -3 19.3494 1.56059
    endloop
  endfacet
  facet normal 0 -0.659319 -0.751863
    outer loop
      vertex -3 21.0349 1.3387
      vertex 5 21.2021 1.19208
      vertex 5 21.0349 1.3387
    endloop
  endfacet
  facet normal -0 -0.659319 -0.751863
    outer loop
      vertex 5 21.2021 1.19208
      vertex -3 21.0349 1.3387
      vertex -3 21.2021 1.19208
    endloop
  endfacet
  facet normal 0 0.98077 -0.195167
    outer loop
      vertex 5 18.3145 0.211894
      vertex -3 18.3579 0.429992
      vertex 5 18.3579 0.429992
    endloop
  endfacet
  facet normal 0 0.98077 -0.195167
    outer loop
      vertex -3 18.3579 0.429992
      vertex 5 18.3145 0.211894
      vertex -3 18.3145 0.211894
    endloop
  endfacet
  facet normal 1 0 0
    outer loop
      vertex -3 21.6421 0.429992
      vertex -3 21.6993 0
      vertex -3 21.6855 0.211894
    endloop
  endfacet
  facet normal 1 0 0
    outer loop
      vertex -3 21.5706 0.640561
      vertex -3 21.6993 0
      vertex -3 21.6421 0.429992
    endloop
  endfacet
  facet normal 1 0 0
    outer loop
      vertex -3 21.4722 0.839999
      vertex -3 21.6993 0
      vertex -3 21.5706 0.640561
    endloop
  endfacet
  facet normal 1 0 0
    outer loop
      vertex -3 21.3487 1.02489
      vertex -3 21.6993 0
      vertex -3 21.4722 0.839999
    endloop
  endfacet
  facet normal 1 0 0
    outer loop
      vertex -3 21.2021 1.19208
      vertex -3 21.6993 0
      vertex -3 21.3487 1.02489
    endloop
  endfacet
  facet normal 1 0 0
    outer loop
      vertex -3 21.0349 1.3387
      vertex -3 21.6993 0
      vertex -3 21.2021 1.19208
    endloop
  endfacet
  facet normal 1 0 0
    outer loop
      vertex -3 20.85 1.46224
      vertex -3 21.6993 0
      vertex -3 21.0349 1.3387
    endloop
  endfacet
  facet normal 1 0 0
    outer loop
      vertex -3 20.6506 1.56059
      vertex -3 21.6993 0
      vertex -3 20.85 1.46224
    endloop
  endfacet
  facet normal 1 0 0
    outer loop
      vertex -3 20.44 1.63207
      vertex -3 21.6993 0
      vertex -3 20.6506 1.56059
    endloop
  endfacet
  facet normal 1 0 0
    outer loop
      vertex -3 20.2219 1.67546
      vertex -3 21.6993 0
      vertex -3 20.44 1.63207
    endloop
  endfacet
  facet normal 1 0 0
    outer loop
      vertex -3 20 1.69
      vertex -3 21.6993 0
      vertex -3 20.2219 1.67546
    endloop
  endfacet
  facet normal 1 -0 0
    outer loop
      vertex -3 19.7781 1.67546
      vertex -3 21.6993 0
      vertex -3 20 1.69
    endloop
  endfacet
  facet normal 1 -0 0
    outer loop
      vertex -3 19.56 1.63207
      vertex -3 21.6993 0
      vertex -3 19.7781 1.67546
    endloop
  endfacet
  facet normal 1 -0 0
    outer loop
      vertex -3 19.3494 1.56059
      vertex -3 21.6993 0
      vertex -3 19.56 1.63207
    endloop
  endfacet
  facet normal 1 -0 0
    outer loop
      vertex -3 19.15 1.46224
      vertex -3 21.6993 0
      vertex -3 19.3494 1.56059
    endloop
  endfacet
  facet normal 1 -0 0
    outer loop
      vertex -3 18.9651 1.3387
      vertex -3 21.6993 0
      vertex -3 19.15 1.46224
    endloop
  endfacet
  facet normal 1 -0 0
    outer loop
      vertex -3 18.7979 1.19208
      vertex -3 21.6993 0
      vertex -3 18.9651 1.3387
    endloop
  endfacet
  facet normal 1 -0 0
    outer loop
      vertex -3 18.6513 1.02489
      vertex -3 21.6993 0
      vertex -3 18.7979 1.19208
    endloop
  endfacet
  facet normal 1 -0 0
    outer loop
      vertex -3 18.5278 0.839999
      vertex -3 21.6993 0
      vertex -3 18.6513 1.02489
    endloop
  endfacet
  facet normal 1 -0 0
    outer loop
      vertex -3 18.4294 0.640561
      vertex -3 21.6993 0
      vertex -3 18.5278 0.839999
    endloop
  endfacet
  facet normal 1 -0 0
    outer loop
      vertex -3 18.3579 0.429992
      vertex -3 21.6993 0
      vertex -3 18.4294 0.640561
    endloop
  endfacet
  facet normal 1 -0 0
    outer loop
      vertex -3 18.3145 0.211894
      vertex -3 21.6993 0
      vertex -3 18.3579 0.429992
    endloop
  endfacet
  facet normal 1 0 0
    outer loop
      vertex -3 21.6993 0
      vertex -3 18.3145 0.211894
      vertex -3 18.3007 0
    endloop
  endfacet
  facet normal 0 -0.831553 -0.555445
    outer loop
      vertex -3 21.4722 0.839999
      vertex 5 21.3487 1.02489
      vertex -3 21.3487 1.02489
    endloop
  endfacet
  facet normal 0 -0.831553 -0.555445
    outer loop
      vertex 5 21.3487 1.02489
      vertex -3 21.4722 0.839999
      vertex 5 21.4722 0.839999
    endloop
  endfacet
  facet normal 0 -0.321403 -0.946943
    outer loop
      vertex -3 20.44 1.63207
      vertex 5 20.6506 1.56059
      vertex 5 20.44 1.63207
    endloop
  endfacet
  facet normal -0 -0.321403 -0.946943
    outer loop
      vertex 5 20.6506 1.56059
      vertex -3 20.44 1.63207
      vertex -3 20.6506 1.56059
    endloop
  endfacet
  facet normal 0 0.751888 -0.659291
    outer loop
      vertex 5 18.6513 1.02489
      vertex -3 18.7979 1.19208
      vertex 5 18.7979 1.19208
    endloop
  endfacet
  facet normal 0 0.751888 -0.659291
    outer loop
      vertex -3 18.7979 1.19208
      vertex 5 18.6513 1.02489
      vertex -3 18.6513 1.02489
    endloop
  endfacet
  facet normal 0 -0.555551 -0.831483
    outer loop
      vertex -3 20.85 1.46224
      vertex 5 21.0349 1.3387
      vertex 5 20.85 1.46224
    endloop
  endfacet
  facet normal -0 -0.555551 -0.831483
    outer loop
      vertex 5 21.0349 1.3387
      vertex -3 20.85 1.46224
      vertex -3 21.0349 1.3387
    endloop
  endfacet
  facet normal 0 -0.195122 -0.980779
    outer loop
      vertex -3 20.2219 1.67546
      vertex 5 20.44 1.63207
      vertex 5 20.2219 1.67546
    endloop
  endfacet
  facet normal -0 -0.195122 -0.980779
    outer loop
      vertex 5 20.44 1.63207
      vertex -3 20.2219 1.67546
      vertex -3 20.44 1.63207
    endloop
  endfacet
  facet normal 0 0.0653848 -0.99786
    outer loop
      vertex -3 19.7781 1.67546
      vertex 5 20 1.69
      vertex 5 19.7781 1.67546
    endloop
  endfacet
  facet normal 0 0.0653848 -0.99786
    outer loop
      vertex 5 20 1.69
      vertex -3 19.7781 1.67546
      vertex -3 20 1.69
    endloop
  endfacet
  facet normal 0 0.195122 -0.980779
    outer loop
      vertex -3 19.56 1.63207
      vertex 5 19.7781 1.67546
      vertex 5 19.56 1.63207
    endloop
  endfacet
  facet normal 0 0.195122 -0.980779
    outer loop
      vertex 5 19.7781 1.67546
      vertex -3 19.56 1.63207
      vertex -3 19.7781 1.67546
    endloop
  endfacet
  facet normal -1 0 0
    outer loop
      vertex 5 21.6993 0
      vertex 5 21.6421 0.429992
      vertex 5 21.6855 0.211894
    endloop
  endfacet
  facet normal -1 0 0
    outer loop
      vertex 5 21.6993 0
      vertex 5 21.5706 0.640561
      vertex 5 21.6421 0.429992
    endloop
  endfacet
  facet normal -1 0 0
    outer loop
      vertex 5 21.6993 0
      vertex 5 21.4722 0.839999
      vertex 5 21.5706 0.640561
    endloop
  endfacet
  facet normal -1 0 0
    outer loop
      vertex 5 21.6993 0
      vertex 5 21.3487 1.02489
      vertex 5 21.4722 0.839999
    endloop
  endfacet
  facet normal -1 0 0
    outer loop
      vertex 5 21.6993 0
      vertex 5 21.2021 1.19208
      vertex 5 21.3487 1.02489
    endloop
  endfacet
  facet normal -1 0 0
    outer loop
      vertex 5 21.6993 0
      vertex 5 21.0349 1.3387
      vertex 5 21.2021 1.19208
    endloop
  endfacet
  facet normal -1 0 0
    outer loop
      vertex 5 21.6993 0
      vertex 5 20.85 1.46224
      vertex 5 21.0349 1.3387
    endloop
  endfacet
  facet normal -1 0 0
    outer loop
      vertex 5 21.6993 0
      vertex 5 20.6506 1.56059
      vertex 5 20.85 1.46224
    endloop
  endfacet
  facet normal -1 0 0
    outer loop
      vertex 5 21.6993 0
      vertex 5 20.44 1.63207
      vertex 5 20.6506 1.56059
    endloop
  endfacet
  facet normal -1 0 0
    outer loop
      vertex 5 21.6993 0
      vertex 5 20.2219 1.67546
      vertex 5 20.44 1.63207
    endloop
  endfacet
  facet normal -1 0 0
    outer loop
      vertex 5 21.6993 0
      vertex 5 20 1.69
      vertex 5 20.2219 1.67546
    endloop
  endfacet
  facet normal -1 0 0
    outer loop
      vertex 5 21.6993 0
      vertex 5 19.7781 1.67546
      vertex 5 20 1.69
    endloop
  endfacet
  facet normal -1 0 0
    outer loop
      vertex 5 21.6993 0
      vertex 5 19.56 1.63207
      vertex 5 19.7781 1.67546
    endloop
  endfacet
  facet normal -1 0 0
    outer loop
      vertex 5 21.6993 0
      vertex 5 19.3494 1.56059
      vertex 5 19.56 1.63207
    endloop
  endfacet
  facet normal -1 0 0
    outer loop
      vertex 5 21.6993 0
      vertex 5 19.15 1.46224
      vertex 5 19.3494 1.56059
    endloop
  endfacet
  facet normal -1 0 0
    outer loop
      vertex 5 21.6993 0
      vertex 5 18.9651 1.3387
      vertex 5 19.15 1.46224
    endloop
  endfacet
  facet normal -1 0 0
    outer loop
      vertex 5 21.6993 0
      vertex 5 18.7979 1.19208
      vertex 5 18.9651 1.3387
    endloop
  endfacet
  facet normal -1 0 0
    outer loop
      vertex 5 21.6993 0
      vertex 5 18.6513 1.02489
      vertex 5 18.7979 1.19208
    endloop
  endfacet
  facet normal -1 0 0
    outer loop
      vertex 5 21.6993 0
      vertex 5 18.5278 0.839999
      vertex 5 18.6513 1.02489
    endloop
  endfacet
  facet normal -1 0 0
    outer loop
      vertex 5 21.6993 0
      vertex 5 18.4294 0.640561
      vertex 5 18.5278 0.839999
    endloop
  endfacet
  facet normal -1 0 0
    outer loop
      vertex 5 21.6993 0
      vertex 5 18.3579 0.429992
      vertex 5 18.4294 0.640561
    endloop
  endfacet
  facet normal -1 0 0
    outer loop
      vertex 5 21.6993 0
      vertex 5 18.3145 0.211894
      vertex 5 18.3579 0.429992
    endloop
  endfacet
  facet normal -1 0 -0
    outer loop
      vertex 5 18.3145 0.211894
      vertex 5 21.6993 0
      vertex 5 18.3007 0
    endloop
  endfacet
  facet normal 0 -0.896787 -0.442463
    outer loop
      vertex -3 21.5706 0.640561
      vertex 5 21.4722 0.839999
      vertex -3 21.4722 0.839999
    endloop
  endfacet
  facet normal 0 -0.896787 -0.442463
    outer loop
      vertex 5 21.4722 0.839999
      vertex -3 21.5706 0.640561
      vertex 5 21.5706 0.640561
    endloop
  endfacet
  facet normal 0 0.555551 -0.831483
    outer loop
      vertex -3 18.9651 1.3387
      vertex 5 19.15 1.46224
      vertex 5 18.9651 1.3387
    endloop
  endfacet
  facet normal 0 0.555551 -0.831483
    outer loop
      vertex 5 19.15 1.46224
      vertex -3 18.9651 1.3387
      vertex -3 19.15 1.46224
    endloop
  endfacet
  facet normal 0 -0.946901 -0.321526
    outer loop
      vertex -3 21.6421 0.429992
      vertex 5 21.5706 0.640561
      vertex -3 21.5706 0.640561
    endloop
  endfacet
  facet normal 0 -0.946901 -0.321526
    outer loop
      vertex 5 21.5706 0.640561
      vertex -3 21.6421 0.429992
      vertex 5 21.6421 0.429992
    endloop
  endfacet
  facet normal 0 0.946901 -0.321526
    outer loop
      vertex 5 18.3579 0.429992
      vertex -3 18.4294 0.640561
      vertex 5 18.4294 0.640561
    endloop
  endfacet
  facet normal 0 0.946901 -0.321526
    outer loop
      vertex -3 18.4294 0.640561
      vertex 5 18.3579 0.429992
      vertex -3 18.3579 0.429992
    endloop
  endfacet
  facet normal 0 -0.0653848 -0.99786
    outer loop
      vertex -3 20 1.69
      vertex 5 20.2219 1.67546
      vertex 5 20 1.69
    endloop
  endfacet
  facet normal -0 -0.0653848 -0.99786
    outer loop
      vertex 5 20.2219 1.67546
      vertex -3 20 1.69
      vertex -3 20.2219 1.67546
    endloop
  endfacet
  facet normal 0 0.997886 -0.0649892
    outer loop
      vertex 5 18.3007 0
      vertex -3 18.3145 0.211894
      vertex 5 18.3145 0.211894
    endloop
  endfacet
  facet normal 0 0.997886 -0.0649892
    outer loop
      vertex -3 18.3145 0.211894
      vertex 5 18.3007 0
      vertex -3 18.3007 0
    endloop
  endfacet
  facet normal 0 0.321403 -0.946943
    outer loop
      vertex -3 19.3494 1.56059
      vertex 5 19.56 1.63207
      vertex 5 19.3494 1.56059
    endloop
  endfacet
  facet normal 0 0.321403 -0.946943
    outer loop
      vertex 5 19.56 1.63207
      vertex -3 19.3494 1.56059
      vertex -3 19.56 1.63207
    endloop
  endfacet
  facet normal 0 0.831553 -0.555445
    outer loop
      vertex 5 18.5278 0.839999
      vertex -3 18.6513 1.02489
      vertex 5 18.6513 1.02489
    endloop
  endfacet
  facet normal 0 0.831553 -0.555445
    outer loop
      vertex -3 18.6513 1.02489
      vertex 5 18.5278 0.839999
      vertex -3 18.5278 0.839999
    endloop
  endfacet
  facet normal -0.659319 0 -0.751863
    outer loop
      vertex -18.9651 0 1.3387
      vertex -18.7979 5 1.19208
      vertex -18.7979 0 1.19208
    endloop
  endfacet
  facet normal -0.659319 0 -0.751863
    outer loop
      vertex -18.7979 5 1.19208
      vertex -18.9651 0 1.3387
      vertex -18.9651 5 1.3387
    endloop
  endfacet
  facet normal 0.442349 0 -0.896843
    outer loop
      vertex -20.85 0 1.46224
      vertex -20.6506 5 1.56059
      vertex -20.6506 0 1.56059
    endloop
  endfacet
  facet normal 0.442349 0 -0.896843
    outer loop
      vertex -20.6506 5 1.56059
      vertex -20.85 0 1.46224
      vertex -20.85 5 1.46224
    endloop
  endfacet
  facet normal 0.997886 0 -0.0649892
    outer loop
      vertex -21.6855 0 0.211894
      vertex -21.6993 5 0
      vertex -21.6855 5 0.211894
    endloop
  endfacet
  facet normal 0.997886 0 -0.0649892
    outer loop
      vertex -21.6993 5 0
      vertex -21.6855 0 0.211894
      vertex -21.6993 0 0
    endloop
  endfacet
  facet normal 0.751888 0 -0.659291
    outer loop
      vertex -21.2021 0 1.19208
      vertex -21.3487 5 1.02489
      vertex -21.2021 5 1.19208
    endloop
  endfacet
  facet normal 0.751888 0 -0.659291
    outer loop
      vertex -21.3487 5 1.02489
      vertex -21.2021 0 1.19208
      vertex -21.3487 0 1.02489
    endloop
  endfacet
  facet normal -0.442349 0 -0.896843
    outer loop
      vertex -19.3494 0 1.56059
      vertex -19.15 5 1.46224
      vertex -19.15 0 1.46224
    endloop
  endfacet
  facet normal -0.442349 0 -0.896843
    outer loop
      vertex -19.15 5 1.46224
      vertex -19.3494 0 1.56059
      vertex -19.3494 5 1.56059
    endloop
  endfacet
  facet normal 0.321403 0 -0.946943
    outer loop
      vertex -20.6506 0 1.56059
      vertex -20.44 5 1.63207
      vertex -20.44 0 1.63207
    endloop
  endfacet
  facet normal 0.321403 0 -0.946943
    outer loop
      vertex -20.44 5 1.63207
      vertex -20.6506 0 1.56059
      vertex -20.6506 5 1.56059
    endloop
  endfacet
  facet normal 0.659319 0 -0.751863
    outer loop
      vertex -21.2021 0 1.19208
      vertex -21.0349 5 1.3387
      vertex -21.0349 0 1.3387
    endloop
  endfacet
  facet normal 0.659319 0 -0.751863
    outer loop
      vertex -21.0349 5 1.3387
      vertex -21.2021 0 1.19208
      vertex -21.2021 5 1.19208
    endloop
  endfacet
  facet normal 0.195122 0 -0.980779
    outer loop
      vertex -20.44 0 1.63207
      vertex -20.2219 5 1.67546
      vertex -20.2219 0 1.67546
    endloop
  endfacet
  facet normal 0.195122 0 -0.980779
    outer loop
      vertex -20.2219 5 1.67546
      vertex -20.44 0 1.63207
      vertex -20.44 5 1.63207
    endloop
  endfacet
  facet normal 0.98077 0 -0.195167
    outer loop
      vertex -21.6421 0 0.429992
      vertex -21.6855 5 0.211894
      vertex -21.6421 5 0.429992
    endloop
  endfacet
  facet normal 0.98077 0 -0.195167
    outer loop
      vertex -21.6855 5 0.211894
      vertex -21.6421 0 0.429992
      vertex -21.6855 0 0.211894
    endloop
  endfacet
  facet normal -0.751888 0 -0.659291
    outer loop
      vertex -18.6513 0 1.02489
      vertex -18.7979 5 1.19208
      vertex -18.6513 5 1.02489
    endloop
  endfacet
  facet normal -0.751888 -0 -0.659291
    outer loop
      vertex -18.7979 5 1.19208
      vertex -18.6513 0 1.02489
      vertex -18.7979 0 1.19208
    endloop
  endfacet
  facet normal 0.831553 0 -0.555445
    outer loop
      vertex -21.3487 0 1.02489
      vertex -21.4722 5 0.839999
      vertex -21.3487 5 1.02489
    endloop
  endfacet
  facet normal 0.831553 0 -0.555445
    outer loop
      vertex -21.4722 5 0.839999
      vertex -21.3487 0 1.02489
      vertex -21.4722 0 0.839999
    endloop
  endfacet
  facet normal -0.98077 0 -0.195167
    outer loop
      vertex -18.3145 0 0.211894
      vertex -18.3579 5 0.429992
      vertex -18.3145 5 0.211894
    endloop
  endfacet
  facet normal -0.98077 -0 -0.195167
    outer loop
      vertex -18.3579 5 0.429992
      vertex -18.3145 0 0.211894
      vertex -18.3579 0 0.429992
    endloop
  endfacet
  facet normal 0.896787 0 -0.442463
    outer loop
      vertex -21.4722 0 0.839999
      vertex -21.5706 5 0.640561
      vertex -21.4722 5 0.839999
    endloop
  endfacet
  facet normal 0.896787 0 -0.442463
    outer loop
      vertex -21.5706 5 0.640561
      vertex -21.4722 0 0.839999
      vertex -21.5706 0 0.640561
    endloop
  endfacet
  facet normal 0.555551 0 -0.831483
    outer loop
      vertex -21.0349 0 1.3387
      vertex -20.85 5 1.46224
      vertex -20.85 0 1.46224
    endloop
  endfacet
  facet normal 0.555551 0 -0.831483
    outer loop
      vertex -20.85 5 1.46224
      vertex -21.0349 0 1.3387
      vertex -21.0349 5 1.3387
    endloop
  endfacet
  facet normal -0.0653848 0 -0.99786
    outer loop
      vertex -20 0 1.69
      vertex -19.7781 5 1.67546
      vertex -19.7781 0 1.67546
    endloop
  endfacet
  facet normal -0.0653848 0 -0.99786
    outer loop
      vertex -19.7781 5 1.67546
      vertex -20 0 1.69
      vertex -20 5 1.69
    endloop
  endfacet
  facet normal -0.195122 0 -0.980779
    outer loop
      vertex -19.7781 0 1.67546
      vertex -19.56 5 1.63207
      vertex -19.56 0 1.63207
    endloop
  endfacet
  facet normal -0.195122 0 -0.980779
    outer loop
      vertex -19.56 5 1.63207
      vertex -19.7781 0 1.67546
      vertex -19.7781 5 1.67546
    endloop
  endfacet
  facet normal 0.946901 0 -0.321526
    outer loop
      vertex -21.5706 0 0.640561
      vertex -21.6421 5 0.429992
      vertex -21.5706 5 0.640561
    endloop
  endfacet
  facet normal 0.946901 0 -0.321526
    outer loop
      vertex -21.6421 5 0.429992
      vertex -21.5706 0 0.640561
      vertex -21.6421 0 0.429992
    endloop
  endfacet
  facet normal 0.0653848 0 -0.99786
    outer loop
      vertex -20.2219 0 1.67546
      vertex -20 5 1.69
      vertex -20 0 1.69
    endloop
  endfacet
  facet normal 0.0653848 0 -0.99786
    outer loop
      vertex -20 5 1.69
      vertex -20.2219 0 1.67546
      vertex -20.2219 5 1.67546
    endloop
  endfacet
  facet normal -0.997886 0 -0.0649892
    outer loop
      vertex -18.3007 0 0
      vertex -18.3145 5 0.211894
      vertex -18.3007 5 0
    endloop
  endfacet
  facet normal -0.997886 -0 -0.0649892
    outer loop
      vertex -18.3145 5 0.211894
      vertex -18.3007 0 0
      vertex -18.3145 0 0.211894
    endloop
  endfacet
  facet normal -0.321403 0 -0.946943
    outer loop
      vertex -19.56 0 1.63207
      vertex -19.3494 5 1.56059
      vertex -19.3494 0 1.56059
    endloop
  endfacet
  facet normal -0.321403 0 -0.946943
    outer loop
      vertex -19.3494 5 1.56059
      vertex -19.56 0 1.63207
      vertex -19.56 5 1.63207
    endloop
  endfacet
  facet normal -0.896787 0 -0.442463
    outer loop
      vertex -18.4294 0 0.640561
      vertex -18.5278 5 0.839999
      vertex -18.4294 5 0.640561
    endloop
  endfacet
  facet normal -0.896787 -0 -0.442463
    outer loop
      vertex -18.5278 5 0.839999
      vertex -18.4294 0 0.640561
      vertex -18.5278 0 0.839999
    endloop
  endfacet
  facet normal -0.946901 0 -0.321526
    outer loop
      vertex -18.3579 0 0.429992
      vertex -18.4294 5 0.640561
      vertex -18.3579 5 0.429992
    endloop
  endfacet
  facet normal -0.946901 -0 -0.321526
    outer loop
      vertex -18.4294 5 0.640561
      vertex -18.3579 0 0.429992
      vertex -18.4294 0 0.640561
    endloop
  endfacet
  facet normal -0.555551 0 -0.831483
    outer loop
      vertex -19.15 0 1.46224
      vertex -18.9651 5 1.3387
      vertex -18.9651 0 1.3387
    endloop
  endfacet
  facet normal -0.555551 0 -0.831483
    outer loop
      vertex -18.9651 5 1.3387
      vertex -19.15 0 1.46224
      vertex -19.15 5 1.46224
    endloop
  endfacet
  facet normal -0.831553 0 -0.555445
    outer loop
      vertex -18.5278 0 0.839999
      vertex -18.6513 5 1.02489
      vertex -18.5278 5 0.839999
    endloop
  endfacet
  facet normal -0.831553 -0 -0.555445
    outer loop
      vertex -18.6513 5 1.02489
      vertex -18.5278 0 0.839999
      vertex -18.6513 0 1.02489
    endloop
  endfacet
  facet normal 0 -1 0
    outer loop
      vertex -20.2219 5 1.67546
      vertex -19.7781 5 1.67546
      vertex -20 5 1.69
    endloop
  endfacet
  facet normal 0 -1 0
    outer loop
      vertex -20.44 5 1.63207
      vertex -19.7781 5 1.67546
      vertex -20.2219 5 1.67546
    endloop
  endfacet
  facet normal 0 -1 0
    outer loop
      vertex -20.44 5 1.63207
      vertex -19.56 5 1.63207
      vertex -19.7781 5 1.67546
    endloop
  endfacet
  facet normal 0 -1 0
    outer loop
      vertex -20.6506 5 1.56059
      vertex -19.56 5 1.63207
      vertex -20.44 5 1.63207
    endloop
  endfacet
  facet normal 0 -1 0
    outer loop
      vertex -20.6506 5 1.56059
      vertex -19.3494 5 1.56059
      vertex -19.56 5 1.63207
    endloop
  endfacet
  facet normal 0 -1 0
    outer loop
      vertex -20.85 5 1.46224
      vertex -19.3494 5 1.56059
      vertex -20.6506 5 1.56059
    endloop
  endfacet
  facet normal 0 -1 0
    outer loop
      vertex -20.85 5 1.46224
      vertex -19.15 5 1.46224
      vertex -19.3494 5 1.56059
    endloop
  endfacet
  facet normal 0 -1 0
    outer loop
      vertex -21.0349 5 1.3387
      vertex -19.15 5 1.46224
      vertex -20.85 5 1.46224
    endloop
  endfacet
  facet normal 0 -1 0
    outer loop
      vertex -21.0349 5 1.3387
      vertex -18.9651 5 1.3387
      vertex -19.15 5 1.46224
    endloop
  endfacet
  facet normal 0 -1 0
    outer loop
      vertex -21.2021 5 1.19208
      vertex -18.9651 5 1.3387
      vertex -21.0349 5 1.3387
    endloop
  endfacet
  facet normal 0 -1 0
    outer loop
      vertex -21.2021 5 1.19208
      vertex -18.7979 5 1.19208
      vertex -18.9651 5 1.3387
    endloop
  endfacet
  facet normal 0 -1 0
    outer loop
      vertex -21.3487 5 1.02489
      vertex -18.7979 5 1.19208
      vertex -21.2021 5 1.19208
    endloop
  endfacet
  facet normal 0 -1 0
    outer loop
      vertex -21.3487 5 1.02489
      vertex -18.6513 5 1.02489
      vertex -18.7979 5 1.19208
    endloop
  endfacet
  facet normal 0 -1 0
    outer loop
      vertex -21.4722 5 0.839999
      vertex -18.6513 5 1.02489
      vertex -21.3487 5 1.02489
    endloop
  endfacet
  facet normal 0 -1 0
    outer loop
      vertex -21.4722 5 0.839999
      vertex -18.5278 5 0.839999
      vertex -18.6513 5 1.02489
    endloop
  endfacet
  facet normal 0 -1 0
    outer loop
      vertex -21.5706 5 0.640561
      vertex -18.5278 5 0.839999
      vertex -21.4722 5 0.839999
    endloop
  endfacet
  facet normal 0 -1 0
    outer loop
      vertex -21.5706 5 0.640561
      vertex -18.4294 5 0.640561
      vertex -18.5278 5 0.839999
    endloop
  endfacet
  facet normal 0 -1 0
    outer loop
      vertex -21.6421 5 0.429992
      vertex -18.4294 5 0.640561
      vertex -21.5706 5 0.640561
    endloop
  endfacet
  facet normal 0 -1 0
    outer loop
      vertex -21.6421 5 0.429992
      vertex -18.3579 5 0.429992
      vertex -18.4294 5 0.640561
    endloop
  endfacet
  facet normal 0 -1 0
    outer loop
      vertex -21.6855 5 0.211894
      vertex -18.3579 5 0.429992
      vertex -21.6421 5 0.429992
    endloop
  endfacet
  facet normal 0 -1 0
    outer loop
      vertex -21.6855 5 0.211894
      vertex -18.3145 5 0.211894
      vertex -18.3579 5 0.429992
    endloop
  endfacet
  facet normal 0 -1 0
    outer loop
      vertex -21.6993 5 0
      vertex -18.3145 5 0.211894
      vertex -21.6855 5 0.211894
    endloop
  endfacet
  facet normal 0 -1 -0
    outer loop
      vertex -18.3145 5 0.211894
      vertex -21.6993 5 0
      vertex -18.3007 5 0
    endloop
  endfacet
  facet normal 0.555626 0.831432 -0
    outer loop
      vertex 40.935 94.1734 0
      vertex 40.5 94.4641 22
      vertex 40.935 94.1734 22
    endloop
  endfacet
  facet normal 0.555626 0.831432 0
    outer loop
      vertex 40.5 94.4641 22
      vertex 40.935 94.1734 0
      vertex 40.5 94.4641 0
    endloop
  endfacet
  facet normal 0.659326 -0.751857 0
    outer loop
      vertex 40.935 0.826586 0
      vertex 41.3284 1.17157 22
      vertex 40.935 0.826586 22
    endloop
  endfacet
  facet normal 0.659326 -0.751857 0
    outer loop
      vertex 41.3284 1.17157 22
      vertex 40.935 0.826586 0
      vertex 41.3284 1.17157 0
    endloop
  endfacet
  facet normal -0.659326 -0.751857 0
    outer loop
      vertex -41.3284 1.17157 0
      vertex -40.935 0.826586 22
      vertex -41.3284 1.17157 22
    endloop
  endfacet
  facet normal -0.659326 -0.751857 -0
    outer loop
      vertex -40.935 0.826586 22
      vertex -41.3284 1.17157 0
      vertex -40.935 0.826586 0
    endloop
  endfacet
  facet normal 0.751842 0.659343 0
    outer loop
      vertex 41.6734 93.435 22
      vertex 41.3284 93.8284 0
      vertex 41.3284 93.8284 22
    endloop
  endfacet
  facet normal 0.751842 0.659343 0
    outer loop
      vertex 41.3284 93.8284 0
      vertex 41.6734 93.435 22
      vertex 41.6734 93.435 0
    endloop
  endfacet
  facet normal -0.442238 0.896898 0
    outer loop
      vertex -40.0307 94.6955 0
      vertex -40.5 94.4641 22
      vertex -40.0307 94.6955 22
    endloop
  endfacet
  facet normal -0.442238 0.896898 0
    outer loop
      vertex -40.5 94.4641 22
      vertex -40.0307 94.6955 0
      vertex -40.5 94.4641 0
    endloop
  endfacet
  facet normal 1 0 0
    outer loop
      vertex 42.5 89.6755 11.0219
      vertex 42.5 91 22
      vertex 42.5 89.6755 16.9781
    endloop
  endfacet
  facet normal 1 0 0
    outer loop
      vertex 42.5 91 22
      vertex 42.5 89.6755 11.0219
      vertex 42.5 89.69 10.8
    endloop
  endfacet
  facet normal 1 -0 0
    outer loop
      vertex 42.5 89.6321 16.76
      vertex 42.5 89.6755 11.0219
      vertex 42.5 89.6755 16.9781
    endloop
  endfacet
  facet normal 1 0 0
    outer loop
      vertex 42.5 89.6321 16.76
      vertex 42.5 89.6321 11.24
      vertex 42.5 89.6755 11.0219
    endloop
  endfacet
  facet normal 1 -0 0
    outer loop
      vertex 42.5 89.5606 16.5494
      vertex 42.5 89.6321 11.24
      vertex 42.5 89.6321 16.76
    endloop
  endfacet
  facet normal 1 0 0
    outer loop
      vertex 42.5 89.5606 16.5494
      vertex 42.5 89.5606 11.4506
      vertex 42.5 89.6321 11.24
    endloop
  endfacet
  facet normal 1 -0 0
    outer loop
      vertex 42.5 89.4622 16.35
      vertex 42.5 89.5606 11.4506
      vertex 42.5 89.5606 16.5494
    endloop
  endfacet
  facet normal 1 0 0
    outer loop
      vertex 42.5 89.4622 16.35
      vertex 42.5 89.4622 11.65
      vertex 42.5 89.5606 11.4506
    endloop
  endfacet
  facet normal 1 -0 0
    outer loop
      vertex 42.5 89.3387 16.1651
      vertex 42.5 89.4622 11.65
      vertex 42.5 89.4622 16.35
    endloop
  endfacet
  facet normal 1 0 0
    outer loop
      vertex 42.5 89.3387 16.1651
      vertex 42.5 89.3387 11.8349
      vertex 42.5 89.4622 11.65
    endloop
  endfacet
  facet normal 1 -0 0
    outer loop
      vertex 42.5 89.1921 15.9979
      vertex 42.5 89.3387 11.8349
      vertex 42.5 89.3387 16.1651
    endloop
  endfacet
  facet normal 1 0 0
    outer loop
      vertex 42.5 89.1921 15.9979
      vertex 42.5 89.1921 12.0021
      vertex 42.5 89.3387 11.8349
    endloop
  endfacet
  facet normal 1 -0 0
    outer loop
      vertex 42.5 89.0249 15.8513
      vertex 42.5 89.1921 12.0021
      vertex 42.5 89.1921 15.9979
    endloop
  endfacet
  facet normal 1 0 0
    outer loop
      vertex 42.5 89.0249 15.8513
      vertex 42.5 89.0249 12.1487
      vertex 42.5 89.1921 12.0021
    endloop
  endfacet
  facet normal 1 -0 0
    outer loop
      vertex 42.5 88.84 15.7278
      vertex 42.5 89.0249 12.1487
      vertex 42.5 89.0249 15.8513
    endloop
  endfacet
  facet normal 1 0 0
    outer loop
      vertex 42.5 88.84 15.7278
      vertex 42.5 88.84 12.2722
      vertex 42.5 89.0249 12.1487
    endloop
  endfacet
  facet normal 1 -0 0
    outer loop
      vertex 42.5 88.6406 15.6294
      vertex 42.5 88.84 12.2722
      vertex 42.5 88.84 15.7278
    endloop
  endfacet
  facet normal 1 0 0
    outer loop
      vertex 42.5 88.6406 15.6294
      vertex 42.5 88.6406 12.3706
      vertex 42.5 88.84 12.2722
    endloop
  endfacet
  facet normal 1 -0 0
    outer loop
      vertex 42.5 88.43 15.5579
      vertex 42.5 88.6406 12.3706
      vertex 42.5 88.6406 15.6294
    endloop
  endfacet
  facet normal 1 0 0
    outer loop
      vertex 42.5 88.43 15.5579
      vertex 42.5 88.43 12.4421
      vertex 42.5 88.6406 12.3706
    endloop
  endfacet
  facet normal 1 -0 0
    outer loop
      vertex 42.5 88.2119 15.5145
      vertex 42.5 88.43 12.4421
      vertex 42.5 88.43 15.5579
    endloop
  endfacet
  facet normal 1 0 0
    outer loop
      vertex 42.5 88.2119 15.5145
      vertex 42.5 88.2119 12.4855
      vertex 42.5 88.43 12.4421
    endloop
  endfacet
  facet normal 1 -0 0
    outer loop
      vertex 42.5 87.99 15.5
      vertex 42.5 88.2119 12.4855
      vertex 42.5 88.2119 15.5145
    endloop
  endfacet
  facet normal 1 0 0
    outer loop
      vertex 42.5 87.99 15.5
      vertex 42.5 87.99 12.5
      vertex 42.5 88.2119 12.4855
    endloop
  endfacet
  facet normal 1 0 0
    outer loop
      vertex 42.5 87.7681 15.5145
      vertex 42.5 87.99 12.5
      vertex 42.5 87.99 15.5
    endloop
  endfacet
  facet normal 1 0 0
    outer loop
      vertex 42.5 87.7681 15.5145
      vertex 42.5 87.7681 12.4855
      vertex 42.5 87.99 12.5
    endloop
  endfacet
  facet normal 1 0 0
    outer loop
      vertex 42.5 87.55 15.5579
      vertex 42.5 87.7681 12.4855
      vertex 42.5 87.7681 15.5145
    endloop
  endfacet
  facet normal 1 0 0
    outer loop
      vertex 42.5 87.55 15.5579
      vertex 42.5 87.55 12.4421
      vertex 42.5 87.7681 12.4855
    endloop
  endfacet
  facet normal 1 0 0
    outer loop
      vertex 42.5 87.3394 15.6294
      vertex 42.5 87.55 12.4421
      vertex 42.5 87.55 15.5579
    endloop
  endfacet
  facet normal 1 0 0
    outer loop
      vertex 42.5 87.3394 15.6294
      vertex 42.5 87.3394 12.3706
      vertex 42.5 87.55 12.4421
    endloop
  endfacet
  facet normal 1 0 0
    outer loop
      vertex 42.5 87.14 15.7278
      vertex 42.5 87.3394 12.3706
      vertex 42.5 87.3394 15.6294
    endloop
  endfacet
  facet normal 1 0 0
    outer loop
      vertex 42.5 87.14 15.7278
      vertex 42.5 87.14 12.2722
      vertex 42.5 87.3394 12.3706
    endloop
  endfacet
  facet normal 1 0 0
    outer loop
      vertex 42.5 86.9551 15.8513
      vertex 42.5 87.14 12.2722
      vertex 42.5 87.14 15.7278
    endloop
  endfacet
  facet normal 1 0 0
    outer loop
      vertex 42.5 86.9551 15.8513
      vertex 42.5 86.9551 12.1487
      vertex 42.5 87.14 12.2722
    endloop
  endfacet
  facet normal 1 0 0
    outer loop
      vertex 42.5 86.7879 15.9979
      vertex 42.5 86.9551 12.1487
      vertex 42.5 86.9551 15.8513
    endloop
  endfacet
  facet normal 1 0 0
    outer loop
      vertex 42.5 86.7879 15.9979
      vertex 42.5 86.7879 12.0021
      vertex 42.5 86.9551 12.1487
    endloop
  endfacet
  facet normal 1 0 0
    outer loop
      vertex 42.5 86.6413 16.1651
      vertex 42.5 86.7879 12.0021
      vertex 42.5 86.7879 15.9979
    endloop
  endfacet
  facet normal 1 0 0
    outer loop
      vertex 42.5 86.6413 16.1651
      vertex 42.5 86.6413 11.8349
      vertex 42.5 86.7879 12.0021
    endloop
  endfacet
  facet normal 1 0 0
    outer loop
      vertex 42.5 86.5178 16.35
      vertex 42.5 86.6413 11.8349
      vertex 42.5 86.6413 16.1651
    endloop
  endfacet
  facet normal 1 0 0
    outer loop
      vertex 42.5 86.5178 16.35
      vertex 42.5 86.5178 11.65
      vertex 42.5 86.6413 11.8349
    endloop
  endfacet
  facet normal 1 0 0
    outer loop
      vertex 42.5 86.4194 16.5494
      vertex 42.5 86.5178 11.65
      vertex 42.5 86.5178 16.35
    endloop
  endfacet
  facet normal 1 0 0
    outer loop
      vertex 42.5 86.4194 16.5494
      vertex 42.5 86.4194 11.4506
      vertex 42.5 86.5178 11.65
    endloop
  endfacet
  facet normal 1 0 0
    outer loop
      vertex 42.5 86.3479 16.76
      vertex 42.5 86.4194 11.4506
      vertex 42.5 86.4194 16.5494
    endloop
  endfacet
  facet normal 1 0 0
    outer loop
      vertex 42.5 86.3479 16.76
      vertex 42.5 86.3479 11.24
      vertex 42.5 86.4194 11.4506
    endloop
  endfacet
  facet normal 1 0 0
    outer loop
      vertex 42.5 86.3045 16.9781
      vertex 42.5 86.3479 11.24
      vertex 42.5 86.3479 16.76
    endloop
  endfacet
  facet normal 1 0 0
    outer loop
      vertex 42.5 86.3045 16.9781
      vertex 42.5 86.3045 11.0219
      vertex 42.5 86.3479 11.24
    endloop
  endfacet
  facet normal 1 0 0
    outer loop
      vertex 42.5 60.05 22
      vertex 42.5 86.3045 16.9781
      vertex 42.5 86.29 17.2
    endloop
  endfacet
  facet normal 1 0 0
    outer loop
      vertex 42.5 86.3045 16.9781
      vertex 42.5 60.05 22
      vertex 42.5 86.3045 11.0219
    endloop
  endfacet
  facet normal 1 0 0
    outer loop
      vertex 42.5 89.6755 16.9781
      vertex 42.5 91 22
      vertex 42.5 89.69 17.2
    endloop
  endfacet
  facet normal 1 0 0
    outer loop
      vertex 42.5 91 22
      vertex 42.5 89.6755 17.4219
      vertex 42.5 89.69 17.2
    endloop
  endfacet
  facet normal 1 0 0
    outer loop
      vertex 42.5 91 22
      vertex 42.5 89.6321 17.64
      vertex 42.5 89.6755 17.4219
    endloop
  endfacet
  facet normal 1 0 0
    outer loop
      vertex 42.5 91 22
      vertex 42.5 89.5606 17.8506
      vertex 42.5 89.6321 17.64
    endloop
  endfacet
  facet normal 1 0 0
    outer loop
      vertex 42.5 91 22
      vertex 42.5 89.4622 18.05
      vertex 42.5 89.5606 17.8506
    endloop
  endfacet
  facet normal 1 0 0
    outer loop
      vertex 42.5 91 22
      vertex 42.5 89.3387 18.2349
      vertex 42.5 89.4622 18.05
    endloop
  endfacet
  facet normal 1 0 0
    outer loop
      vertex 42.5 91 22
      vertex 42.5 89.1921 18.4021
      vertex 42.5 89.3387 18.2349
    endloop
  endfacet
  facet normal 1 0 0
    outer loop
      vertex 42.5 91 22
      vertex 42.5 89.0249 18.5487
      vertex 42.5 89.1921 18.4021
    endloop
  endfacet
  facet normal 1 0 0
    outer loop
      vertex 42.5 91 22
      vertex 42.5 88.84 18.6722
      vertex 42.5 89.0249 18.5487
    endloop
  endfacet
  facet normal 1 0 0
    outer loop
      vertex 42.5 91 22
      vertex 42.5 88.6406 18.7706
      vertex 42.5 88.84 18.6722
    endloop
  endfacet
  facet normal 1 0 0
    outer loop
      vertex 42.5 91 22
      vertex 42.5 88.43 18.8421
      vertex 42.5 88.6406 18.7706
    endloop
  endfacet
  facet normal 1 0 0
    outer loop
      vertex 42.5 91 22
      vertex 42.5 88.2119 18.8855
      vertex 42.5 88.43 18.8421
    endloop
  endfacet
  facet normal 1 0 0
    outer loop
      vertex 42.5 91 22
      vertex 42.5 87.99 18.9
      vertex 42.5 88.2119 18.8855
    endloop
  endfacet
  facet normal 1 0 0
    outer loop
      vertex 42.5 91 22
      vertex 42.5 87.7681 18.8855
      vertex 42.5 87.99 18.9
    endloop
  endfacet
  facet normal 1 0 0
    outer loop
      vertex 42.5 91 22
      vertex 42.5 87.55 18.8421
      vertex 42.5 87.7681 18.8855
    endloop
  endfacet
  facet normal 1 0 0
    outer loop
      vertex 42.5 91 22
      vertex 42.5 87.3394 18.7706
      vertex 42.5 87.55 18.8421
    endloop
  endfacet
  facet normal 1 0 0
    outer loop
      vertex 42.5 91 22
      vertex 42.5 87.14 18.6722
      vertex 42.5 87.3394 18.7706
    endloop
  endfacet
  facet normal 1 0 0
    outer loop
      vertex 42.5 91 22
      vertex 42.5 86.9551 18.5487
      vertex 42.5 87.14 18.6722
    endloop
  endfacet
  facet normal 1 0 0
    outer loop
      vertex 42.5 86.3045 11.0219
      vertex 42.5 60.05 22
      vertex 42.5 86.29 10.8
    endloop
  endfacet
  facet normal 1 0 0
    outer loop
      vertex 42.5 86.3045 17.4219
      vertex 42.5 60.05 22
      vertex 42.5 86.29 17.2
    endloop
  endfacet
  facet normal 1 0 0
    outer loop
      vertex 42.5 86.3479 17.64
      vertex 42.5 60.05 22
      vertex 42.5 86.3045 17.4219
    endloop
  endfacet
  facet normal 1 0 0
    outer loop
      vertex 42.5 86.4194 17.8506
      vertex 42.5 60.05 22
      vertex 42.5 86.3479 17.64
    endloop
  endfacet
  facet normal 1 0 0
    outer loop
      vertex 42.5 86.5178 18.05
      vertex 42.5 60.05 22
      vertex 42.5 86.4194 17.8506
    endloop
  endfacet
  facet normal 1 0 0
    outer loop
      vertex 42.5 86.6413 18.2349
      vertex 42.5 60.05 22
      vertex 42.5 86.5178 18.05
    endloop
  endfacet
  facet normal 1 0 0
    outer loop
      vertex 42.5 86.7879 18.4021
      vertex 42.5 60.05 22
      vertex 42.5 86.6413 18.2349
    endloop
  endfacet
  facet normal 1 0 0
    outer loop
      vertex 42.5 86.9551 18.5487
      vertex 42.5 60.05 22
      vertex 42.5 86.7879 18.4021
    endloop
  endfacet
  facet normal 1 -0 0
    outer loop
      vertex 42.5 60.05 22
      vertex 42.5 86.9551 18.5487
      vertex 42.5 91 22
    endloop
  endfacet
  facet normal 1 0 0
    outer loop
      vertex 42.5 91 22
      vertex 42.5 89.69 10.8
      vertex 42.5 91 0
    endloop
  endfacet
  facet normal 1 -0 0
    outer loop
      vertex 42.5 89.6755 10.5781
      vertex 42.5 91 0
      vertex 42.5 89.69 10.8
    endloop
  endfacet
  facet normal 1 -0 0
    outer loop
      vertex 42.5 89.6321 10.36
      vertex 42.5 91 0
      vertex 42.5 89.6755 10.5781
    endloop
  endfacet
  facet normal 1 -0 0
    outer loop
      vertex 42.5 89.5606 10.1494
      vertex 42.5 91 0
      vertex 42.5 89.6321 10.36
    endloop
  endfacet
  facet normal 1 -0 0
    outer loop
      vertex 42.5 89.4622 9.95
      vertex 42.5 91 0
      vertex 42.5 89.5606 10.1494
    endloop
  endfacet
  facet normal 1 -0 0
    outer loop
      vertex 42.5 89.3387 9.76511
      vertex 42.5 91 0
      vertex 42.5 89.4622 9.95
    endloop
  endfacet
  facet normal 1 -0 0
    outer loop
      vertex 42.5 89.1921 9.59792
      vertex 42.5 91 0
      vertex 42.5 89.3387 9.76511
    endloop
  endfacet
  facet normal 1 -0 0
    outer loop
      vertex 42.5 89.0249 9.4513
      vertex 42.5 91 0
      vertex 42.5 89.1921 9.59792
    endloop
  endfacet
  facet normal 1 -0 0
    outer loop
      vertex 42.5 88.84 9.32776
      vertex 42.5 91 0
      vertex 42.5 89.0249 9.4513
    endloop
  endfacet
  facet normal 1 -0 0
    outer loop
      vertex 42.5 88.6406 9.2294
      vertex 42.5 91 0
      vertex 42.5 88.84 9.32776
    endloop
  endfacet
  facet normal 1 -0 0
    outer loop
      vertex 42.5 88.43 9.15793
      vertex 42.5 91 0
      vertex 42.5 88.6406 9.2294
    endloop
  endfacet
  facet normal 1 -0 0
    outer loop
      vertex 42.5 88.2119 9.11454
      vertex 42.5 91 0
      vertex 42.5 88.43 9.15793
    endloop
  endfacet
  facet normal 1 -0 0
    outer loop
      vertex 42.5 87.99 9.1
      vertex 42.5 91 0
      vertex 42.5 88.2119 9.11454
    endloop
  endfacet
  facet normal 1 0 0
    outer loop
      vertex 42.5 87.7681 9.11454
      vertex 42.5 91 0
      vertex 42.5 87.99 9.1
    endloop
  endfacet
  facet normal 1 0 0
    outer loop
      vertex 42.5 87.55 9.15793
      vertex 42.5 91 0
      vertex 42.5 87.7681 9.11454
    endloop
  endfacet
  facet normal 1 0 0
    outer loop
      vertex 42.5 87.3394 9.2294
      vertex 42.5 91 0
      vertex 42.5 87.55 9.15793
    endloop
  endfacet
  facet normal 1 0 0
    outer loop
      vertex 42.5 87.14 9.32776
      vertex 42.5 91 0
      vertex 42.5 87.3394 9.2294
    endloop
  endfacet
  facet normal 1 0 0
    outer loop
      vertex 42.5 86.9551 9.4513
      vertex 42.5 91 0
      vertex 42.5 87.14 9.32776
    endloop
  endfacet
  facet normal 1 0 0
    outer loop
      vertex 42.5 86.7879 9.59792
      vertex 42.5 91 0
      vertex 42.5 86.9551 9.4513
    endloop
  endfacet
  facet normal 1 0 0
    outer loop
      vertex 42.5 60.05 0
      vertex 42.5 86.7879 9.59792
      vertex 42.5 86.6413 9.76511
    endloop
  endfacet
  facet normal 1 0 0
    outer loop
      vertex 42.5 60.05 0
      vertex 42.5 86.6413 9.76511
      vertex 42.5 86.5178 9.95
    endloop
  endfacet
  facet normal 1 0 0
    outer loop
      vertex 42.5 60.05 0
      vertex 42.5 86.5178 9.95
      vertex 42.5 86.4194 10.1494
    endloop
  endfacet
  facet normal 1 0 0
    outer loop
      vertex 42.5 60.05 0
      vertex 42.5 86.29 10.8
      vertex 42.5 60.05 22
    endloop
  endfacet
  facet normal 1 0 0
    outer loop
      vertex 42.5 86.29 10.8
      vertex 42.5 60.05 0
      vertex 42.5 86.3045 10.5781
    endloop
  endfacet
  facet normal 1 0 0
    outer loop
      vertex 42.5 86.3045 10.5781
      vertex 42.5 60.05 0
      vertex 42.5 86.3479 10.36
    endloop
  endfacet
  facet normal 1 0 0
    outer loop
      vertex 42.5 86.3479 10.36
      vertex 42.5 60.05 0
      vertex 42.5 86.4194 10.1494
    endloop
  endfacet
  facet normal 1 0 0
    outer loop
      vertex 42.5 86.7879 9.59792
      vertex 42.5 60.05 0
      vertex 42.5 91 0
    endloop
  endfacet
  facet normal 1 -0 0
    outer loop
      vertex 42.5 4 22
      vertex 42.5 34.95 0
      vertex 42.5 34.95 22
    endloop
  endfacet
  facet normal 1 0 0
    outer loop
      vertex 42.5 34.95 0
      vertex 42.5 4 22
      vertex 42.5 4 0
    endloop
  endfacet
  facet normal 0 -1 0
    outer loop
      vertex -19.7781 0 1.67546
      vertex 20 0 1.69
      vertex -20 0 1.69
    endloop
  endfacet
  facet normal 0 -1 0
    outer loop
      vertex -19.7781 0 1.67546
      vertex 19.7781 0 1.67546
      vertex 20 0 1.69
    endloop
  endfacet
  facet normal 0 -1 0
    outer loop
      vertex -19.56 0 1.63207
      vertex 19.7781 0 1.67546
      vertex -19.7781 0 1.67546
    endloop
  endfacet
  facet normal 0 -1 0
    outer loop
      vertex -19.56 0 1.63207
      vertex 19.56 0 1.63207
      vertex 19.7781 0 1.67546
    endloop
  endfacet
  facet normal 0 -1 0
    outer loop
      vertex -19.3494 0 1.56059
      vertex 19.56 0 1.63207
      vertex -19.56 0 1.63207
    endloop
  endfacet
  facet normal 0 -1 0
    outer loop
      vertex -19.3494 0 1.56059
      vertex 19.3494 0 1.56059
      vertex 19.56 0 1.63207
    endloop
  endfacet
  facet normal 0 -1 0
    outer loop
      vertex -19.15 0 1.46224
      vertex 19.3494 0 1.56059
      vertex -19.3494 0 1.56059
    endloop
  endfacet
  facet normal 0 -1 0
    outer loop
      vertex -19.15 0 1.46224
      vertex 19.15 0 1.46224
      vertex 19.3494 0 1.56059
    endloop
  endfacet
  facet normal 0 -1 0
    outer loop
      vertex -18.9651 0 1.3387
      vertex 19.15 0 1.46224
      vertex -19.15 0 1.46224
    endloop
  endfacet
  facet normal 0 -1 0
    outer loop
      vertex -18.9651 0 1.3387
      vertex 18.9651 0 1.3387
      vertex 19.15 0 1.46224
    endloop
  endfacet
  facet normal 0 -1 0
    outer loop
      vertex -18.7979 0 1.19208
      vertex 18.9651 0 1.3387
      vertex -18.9651 0 1.3387
    endloop
  endfacet
  facet normal 0 -1 0
    outer loop
      vertex -18.7979 0 1.19208
      vertex 18.7979 0 1.19208
      vertex 18.9651 0 1.3387
    endloop
  endfacet
  facet normal 0 -1 0
    outer loop
      vertex -18.6513 0 1.02489
      vertex 18.7979 0 1.19208
      vertex -18.7979 0 1.19208
    endloop
  endfacet
  facet normal 0 -1 0
    outer loop
      vertex -18.6513 0 1.02489
      vertex 18.6513 0 1.02489
      vertex 18.7979 0 1.19208
    endloop
  endfacet
  facet normal 0 -1 0
    outer loop
      vertex -18.5278 0 0.839999
      vertex 18.6513 0 1.02489
      vertex -18.6513 0 1.02489
    endloop
  endfacet
  facet normal 0 -1 0
    outer loop
      vertex -18.5278 0 0.839999
      vertex 18.5278 0 0.839999
      vertex 18.6513 0 1.02489
    endloop
  endfacet
  facet normal 0 -1 0
    outer loop
      vertex -18.4294 0 0.640561
      vertex 18.5278 0 0.839999
      vertex -18.5278 0 0.839999
    endloop
  endfacet
  facet normal 0 -1 0
    outer loop
      vertex -18.4294 0 0.640561
      vertex 18.4294 0 0.640561
      vertex 18.5278 0 0.839999
    endloop
  endfacet
  facet normal 0 -1 0
    outer loop
      vertex -18.3579 0 0.429992
      vertex 18.4294 0 0.640561
      vertex -18.4294 0 0.640561
    endloop
  endfacet
  facet normal 0 -1 0
    outer loop
      vertex -18.3579 0 0.429992
      vertex 18.3579 0 0.429992
      vertex 18.4294 0 0.640561
    endloop
  endfacet
  facet normal 0 -1 0
    outer loop
      vertex -18.3145 0 0.211894
      vertex 18.3579 0 0.429992
      vertex -18.3579 0 0.429992
    endloop
  endfacet
  facet normal 0 -1 0
    outer loop
      vertex -18.3145 0 0.211894
      vertex 18.3145 0 0.211894
      vertex 18.3579 0 0.429992
    endloop
  endfacet
  facet normal 0 -1 0
    outer loop
      vertex -18.3007 0 0
      vertex 18.3145 0 0.211894
      vertex -18.3145 0 0.211894
    endloop
  endfacet
  facet normal 0 -1 0
    outer loop
      vertex 18.3145 0 0.211894
      vertex -18.3007 0 0
      vertex 18.3007 0 0
    endloop
  endfacet
  facet normal 0 -1 0
    outer loop
      vertex -38.5 0 22
      vertex -36.5 0 3
      vertex -36.5 0 22
    endloop
  endfacet
  facet normal 0 -1 0
    outer loop
      vertex -36.5 0 3
      vertex -20 0 1.69
      vertex 36.5 0 3
    endloop
  endfacet
  facet normal 0 -1 0
    outer loop
      vertex -36.5 0 3
      vertex -20.2219 0 1.67546
      vertex -20 0 1.69
    endloop
  endfacet
  facet normal 0 -1 0
    outer loop
      vertex -36.5 0 3
      vertex -20.44 0 1.63207
      vertex -20.2219 0 1.67546
    endloop
  endfacet
  facet normal 0 -1 0
    outer loop
      vertex -36.5 0 3
      vertex -20.6506 0 1.56059
      vertex -20.44 0 1.63207
    endloop
  endfacet
  facet normal 0 -1 0
    outer loop
      vertex -36.5 0 3
      vertex -20.85 0 1.46224
      vertex -20.6506 0 1.56059
    endloop
  endfacet
  facet normal 0 -1 0
    outer loop
      vertex -36.5 0 3
      vertex -21.0349 0 1.3387
      vertex -20.85 0 1.46224
    endloop
  endfacet
  facet normal 0 -1 0
    outer loop
      vertex -36.5 0 3
      vertex -21.2021 0 1.19208
      vertex -21.0349 0 1.3387
    endloop
  endfacet
  facet normal 0 -1 0
    outer loop
      vertex -36.5 0 3
      vertex -21.3487 0 1.02489
      vertex -21.2021 0 1.19208
    endloop
  endfacet
  facet normal 0 -1 0
    outer loop
      vertex -36.5 0 3
      vertex -21.4722 0 0.839999
      vertex -21.3487 0 1.02489
    endloop
  endfacet
  facet normal 0 -1 0
    outer loop
      vertex -36.5 0 3
      vertex -21.5706 0 0.640561
      vertex -21.4722 0 0.839999
    endloop
  endfacet
  facet normal 0 -1 0
    outer loop
      vertex -36.5 0 3
      vertex -21.6421 0 0.429992
      vertex -21.5706 0 0.640561
    endloop
  endfacet
  facet normal 0 -1 0
    outer loop
      vertex -36.5 0 3
      vertex -21.6855 0 0.211894
      vertex -21.6421 0 0.429992
    endloop
  endfacet
  facet normal 0 -1 0
    outer loop
      vertex -38.5 0 0
      vertex -36.5 0 3
      vertex -38.5 0 22
    endloop
  endfacet
  facet normal 0 -1 0
    outer loop
      vertex -21.6993 0 0
      vertex -36.5 0 3
      vertex -38.5 0 0
    endloop
  endfacet
  facet normal 0 -1 0
    outer loop
      vertex -36.5 0 3
      vertex -21.6993 0 0
      vertex -21.6855 0 0.211894
    endloop
  endfacet
  facet normal 0 -1 0
    outer loop
      vertex 36.5 0 3
      vertex 38.5 0 22
      vertex 36.5 0 22
    endloop
  endfacet
  facet normal 0 -1 0
    outer loop
      vertex 20 0 1.69
      vertex 36.5 0 3
      vertex -20 0 1.69
    endloop
  endfacet
  facet normal 0 -1 0
    outer loop
      vertex 20.2219 0 1.67546
      vertex 36.5 0 3
      vertex 20 0 1.69
    endloop
  endfacet
  facet normal 0 -1 0
    outer loop
      vertex 20.44 0 1.63207
      vertex 36.5 0 3
      vertex 20.2219 0 1.67546
    endloop
  endfacet
  facet normal 0 -1 0
    outer loop
      vertex 20.6506 0 1.56059
      vertex 36.5 0 3
      vertex 20.44 0 1.63207
    endloop
  endfacet
  facet normal 0 -1 0
    outer loop
      vertex 20.85 0 1.46224
      vertex 36.5 0 3
      vertex 20.6506 0 1.56059
    endloop
  endfacet
  facet normal 0 -1 0
    outer loop
      vertex 21.0349 0 1.3387
      vertex 36.5 0 3
      vertex 20.85 0 1.46224
    endloop
  endfacet
  facet normal 0 -1 0
    outer loop
      vertex 21.2021 0 1.19208
      vertex 36.5 0 3
      vertex 21.0349 0 1.3387
    endloop
  endfacet
  facet normal 0 -1 0
    outer loop
      vertex 21.3487 0 1.02489
      vertex 36.5 0 3
      vertex 21.2021 0 1.19208
    endloop
  endfacet
  facet normal 0 -1 0
    outer loop
      vertex 21.4722 0 0.839999
      vertex 36.5 0 3
      vertex 21.3487 0 1.02489
    endloop
  endfacet
  facet normal 0 -1 0
    outer loop
      vertex 21.5706 0 0.640561
      vertex 36.5 0 3
      vertex 21.4722 0 0.839999
    endloop
  endfacet
  facet normal 0 -1 0
    outer loop
      vertex 21.6421 0 0.429992
      vertex 36.5 0 3
      vertex 21.5706 0 0.640561
    endloop
  endfacet
  facet normal 0 -1 0
    outer loop
      vertex 21.6855 0 0.211894
      vertex 36.5 0 3
      vertex 21.6421 0 0.429992
    endloop
  endfacet
  facet normal 0 -1 0
    outer loop
      vertex 21.6993 0 0
      vertex 36.5 0 3
      vertex 21.6855 0 0.211894
    endloop
  endfacet
  facet normal 0 -1 0
    outer loop
      vertex 36.5 0 3
      vertex 38.5 0 0
      vertex 38.5 0 22
    endloop
  endfacet
  facet normal 0 -1 0
    outer loop
      vertex 38.5 0 0
      vertex 36.5 0 3
      vertex 21.6993 0 0
    endloop
  endfacet
  facet normal -0.997862 -0.0653634 0
    outer loop
      vertex -42.4658 3.47789 0
      vertex -42.5 4 22
      vertex -42.5 4 0
    endloop
  endfacet
  facet normal -0.997862 -0.0653634 0
    outer loop
      vertex -42.5 4 22
      vertex -42.4658 3.47789 0
      vertex -42.4658 3.47789 22
    endloop
  endfacet
  facet normal -0.321498 0.94691 0
    outer loop
      vertex -39.5353 94.8637 0
      vertex -40.0307 94.6955 22
      vertex -39.5353 94.8637 22
    endloop
  endfacet
  facet normal -0.321498 0.94691 0
    outer loop
      vertex -40.0307 94.6955 22
      vertex -39.5353 94.8637 0
      vertex -40.0307 94.6955 0
    endloop
  endfacet
  facet normal 0 1 0
    outer loop
      vertex 38.5 95 22
      vertex 36.3 95 5.7
      vertex 36.3 95 22
    endloop
  endfacet
  facet normal 0 1 0
    outer loop
      vertex 38.5 95 0
      vertex 19.7 95 5.7
      vertex 36.3 95 5.7
    endloop
  endfacet
  facet normal 0 1 0
    outer loop
      vertex 19.7 95 5.7
      vertex 38.5 95 0
      vertex 18.3 95 5.7
    endloop
  endfacet
  facet normal 0 1 0
    outer loop
      vertex 18.3 95 5.7
      vertex 38.5 95 0
      vertex 1.7 95 5.7
    endloop
  endfacet
  facet normal 0 1 0
    outer loop
      vertex 1.7 95 5.7
      vertex 38.5 95 0
      vertex -1.7 95 5.7
    endloop
  endfacet
  facet normal 0 1 0
    outer loop
      vertex -38.5 95 0
      vertex -1.7 95 5.7
      vertex 38.5 95 0
    endloop
  endfacet
  facet normal 0 1 0
    outer loop
      vertex -1.7 95 5.7
      vertex -38.5 95 0
      vertex -18.3 95 5.7
    endloop
  endfacet
  facet normal 0 1 0
    outer loop
      vertex -18.3 95 5.7
      vertex -38.5 95 0
      vertex -21.7 95 5.7
    endloop
  endfacet
  facet normal 0 1 -0
    outer loop
      vertex 38.5 95 0
      vertex 36.3 95 5.7
      vertex 38.5 95 22
    endloop
  endfacet
  facet normal 0 1 -0
    outer loop
      vertex 19.7 95 5.7
      vertex 18.3 95 22
      vertex 19.7 95 22
    endloop
  endfacet
  facet normal 0 1 0
    outer loop
      vertex 18.3 95 22
      vertex 19.7 95 5.7
      vertex 18.3 95 5.7
    endloop
  endfacet
  facet normal 0 1 -0
    outer loop
      vertex 1.7 95 5.7
      vertex -1.7 95 22
      vertex 1.7 95 22
    endloop
  endfacet
  facet normal 0 1 0
    outer loop
      vertex -1.7 95 22
      vertex 1.7 95 5.7
      vertex -1.7 95 5.7
    endloop
  endfacet
  facet normal 0 1 -0
    outer loop
      vertex -18.3 95 5.7
      vertex -21.7 95 22
      vertex -18.3 95 22
    endloop
  endfacet
  facet normal 0 1 0
    outer loop
      vertex -21.7 95 22
      vertex -18.3 95 5.7
      vertex -21.7 95 5.7
    endloop
  endfacet
  facet normal 0 1 -0
    outer loop
      vertex -38.3 95 5.7
      vertex -38.5 95 22
      vertex -38.3 95 22
    endloop
  endfacet
  facet normal 0 1 0
    outer loop
      vertex -38.3 95 5.7
      vertex -38.5 95 0
      vertex -38.5 95 22
    endloop
  endfacet
  facet normal 0 1 0
    outer loop
      vertex -21.7 95 5.7
      vertex -38.5 95 0
      vertex -38.3 95 5.7
    endloop
  endfacet
  facet normal -1 0 0
    outer loop
      vertex -42.5 89.6755 16.9781
      vertex -42.5 91 22
      vertex -42.5 89.6755 11.0219
    endloop
  endfacet
  facet normal -1 0 0
    outer loop
      vertex -42.5 91 22
      vertex -42.5 89.6755 16.9781
      vertex -42.5 89.69 17.2
    endloop
  endfacet
  facet normal -1 0 0
    outer loop
      vertex -42.5 89.6321 11.24
      vertex -42.5 89.6755 16.9781
      vertex -42.5 89.6755 11.0219
    endloop
  endfacet
  facet normal -1 0 0
    outer loop
      vertex -42.5 89.6321 11.24
      vertex -42.5 89.6321 16.76
      vertex -42.5 89.6755 16.9781
    endloop
  endfacet
  facet normal -1 0 0
    outer loop
      vertex -42.5 89.5606 11.4506
      vertex -42.5 89.6321 16.76
      vertex -42.5 89.6321 11.24
    endloop
  endfacet
  facet normal -1 0 0
    outer loop
      vertex -42.5 89.5606 11.4506
      vertex -42.5 89.5606 16.5494
      vertex -42.5 89.6321 16.76
    endloop
  endfacet
  facet normal -1 0 0
    outer loop
      vertex -42.5 89.4622 11.65
      vertex -42.5 89.5606 16.5494
      vertex -42.5 89.5606 11.4506
    endloop
  endfacet
  facet normal -1 0 0
    outer loop
      vertex -42.5 89.4622 11.65
      vertex -42.5 89.4622 16.35
      vertex -42.5 89.5606 16.5494
    endloop
  endfacet
  facet normal -1 0 0
    outer loop
      vertex -42.5 89.3387 11.8349
      vertex -42.5 89.4622 16.35
      vertex -42.5 89.4622 11.65
    endloop
  endfacet
  facet normal -1 0 0
    outer loop
      vertex -42.5 89.3387 11.8349
      vertex -42.5 89.3387 16.1651
      vertex -42.5 89.4622 16.35
    endloop
  endfacet
  facet normal -1 0 0
    outer loop
      vertex -42.5 89.1921 12.0021
      vertex -42.5 89.3387 16.1651
      vertex -42.5 89.3387 11.8349
    endloop
  endfacet
  facet normal -1 0 0
    outer loop
      vertex -42.5 89.1921 12.0021
      vertex -42.5 89.1921 15.9979
      vertex -42.5 89.3387 16.1651
    endloop
  endfacet
  facet normal -1 0 0
    outer loop
      vertex -42.5 89.0249 12.1487
      vertex -42.5 89.1921 15.9979
      vertex -42.5 89.1921 12.0021
    endloop
  endfacet
  facet normal -1 0 0
    outer loop
      vertex -42.5 89.0249 12.1487
      vertex -42.5 89.0249 15.8513
      vertex -42.5 89.1921 15.9979
    endloop
  endfacet
  facet normal -1 0 0
    outer loop
      vertex -42.5 88.84 12.2722
      vertex -42.5 89.0249 15.8513
      vertex -42.5 89.0249 12.1487
    endloop
  endfacet
  facet normal -1 0 0
    outer loop
      vertex -42.5 88.84 12.2722
      vertex -42.5 88.84 15.7278
      vertex -42.5 89.0249 15.8513
    endloop
  endfacet
  facet normal -1 0 0
    outer loop
      vertex -42.5 88.6406 12.3706
      vertex -42.5 88.84 15.7278
      vertex -42.5 88.84 12.2722
    endloop
  endfacet
  facet normal -1 0 0
    outer loop
      vertex -42.5 88.6406 12.3706
      vertex -42.5 88.6406 15.6294
      vertex -42.5 88.84 15.7278
    endloop
  endfacet
  facet normal -1 0 0
    outer loop
      vertex -42.5 88.43 12.4421
      vertex -42.5 88.6406 15.6294
      vertex -42.5 88.6406 12.3706
    endloop
  endfacet
  facet normal -1 0 0
    outer loop
      vertex -42.5 88.43 12.4421
      vertex -42.5 88.43 15.5579
      vertex -42.5 88.6406 15.6294
    endloop
  endfacet
  facet normal -1 0 0
    outer loop
      vertex -42.5 88.2119 12.4855
      vertex -42.5 88.43 15.5579
      vertex -42.5 88.43 12.4421
    endloop
  endfacet
  facet normal -1 0 0
    outer loop
      vertex -42.5 88.2119 12.4855
      vertex -42.5 88.2119 15.5145
      vertex -42.5 88.43 15.5579
    endloop
  endfacet
  facet normal -1 0 0
    outer loop
      vertex -42.5 87.99 12.5
      vertex -42.5 88.2119 15.5145
      vertex -42.5 88.2119 12.4855
    endloop
  endfacet
  facet normal -1 0 0
    outer loop
      vertex -42.5 87.99 12.5
      vertex -42.5 87.99 15.5
      vertex -42.5 88.2119 15.5145
    endloop
  endfacet
  facet normal -1 0 0
    outer loop
      vertex -42.5 87.7681 12.4855
      vertex -42.5 87.99 15.5
      vertex -42.5 87.99 12.5
    endloop
  endfacet
  facet normal -1 0 0
    outer loop
      vertex -42.5 87.7681 12.4855
      vertex -42.5 87.7681 15.5145
      vertex -42.5 87.99 15.5
    endloop
  endfacet
  facet normal -1 0 0
    outer loop
      vertex -42.5 87.55 12.4421
      vertex -42.5 87.7681 15.5145
      vertex -42.5 87.7681 12.4855
    endloop
  endfacet
  facet normal -1 0 0
    outer loop
      vertex -42.5 87.55 12.4421
      vertex -42.5 87.55 15.5579
      vertex -42.5 87.7681 15.5145
    endloop
  endfacet
  facet normal -1 0 0
    outer loop
      vertex -42.5 87.3394 12.3706
      vertex -42.5 87.55 15.5579
      vertex -42.5 87.55 12.4421
    endloop
  endfacet
  facet normal -1 0 0
    outer loop
      vertex -42.5 87.3394 12.3706
      vertex -42.5 87.3394 15.6294
      vertex -42.5 87.55 15.5579
    endloop
  endfacet
  facet normal -1 0 0
    outer loop
      vertex -42.5 87.14 12.2722
      vertex -42.5 87.3394 15.6294
      vertex -42.5 87.3394 12.3706
    endloop
  endfacet
  facet normal -1 0 0
    outer loop
      vertex -42.5 87.14 12.2722
      vertex -42.5 87.14 15.7278
      vertex -42.5 87.3394 15.6294
    endloop
  endfacet
  facet normal -1 0 0
    outer loop
      vertex -42.5 86.9551 12.1487
      vertex -42.5 87.14 15.7278
      vertex -42.5 87.14 12.2722
    endloop
  endfacet
  facet normal -1 0 0
    outer loop
      vertex -42.5 86.9551 12.1487
      vertex -42.5 86.9551 15.8513
      vertex -42.5 87.14 15.7278
    endloop
  endfacet
  facet normal -1 0 0
    outer loop
      vertex -42.5 86.7879 12.0021
      vertex -42.5 86.9551 15.8513
      vertex -42.5 86.9551 12.1487
    endloop
  endfacet
  facet normal -1 0 0
    outer loop
      vertex -42.5 86.7879 12.0021
      vertex -42.5 86.7879 15.9979
      vertex -42.5 86.9551 15.8513
    endloop
  endfacet
  facet normal -1 0 0
    outer loop
      vertex -42.5 86.6413 11.8349
      vertex -42.5 86.7879 15.9979
      vertex -42.5 86.7879 12.0021
    endloop
  endfacet
  facet normal -1 0 0
    outer loop
      vertex -42.5 86.6413 11.8349
      vertex -42.5 86.6413 16.1651
      vertex -42.5 86.7879 15.9979
    endloop
  endfacet
  facet normal -1 0 0
    outer loop
      vertex -42.5 86.5178 11.65
      vertex -42.5 86.6413 16.1651
      vertex -42.5 86.6413 11.8349
    endloop
  endfacet
  facet normal -1 0 0
    outer loop
      vertex -42.5 86.5178 11.65
      vertex -42.5 86.5178 16.35
      vertex -42.5 86.6413 16.1651
    endloop
  endfacet
  facet normal -1 0 0
    outer loop
      vertex -42.5 86.4194 11.4506
      vertex -42.5 86.5178 16.35
      vertex -42.5 86.5178 11.65
    endloop
  endfacet
  facet normal -1 0 0
    outer loop
      vertex -42.5 86.4194 11.4506
      vertex -42.5 86.4194 16.5494
      vertex -42.5 86.5178 16.35
    endloop
  endfacet
  facet normal -1 0 0
    outer loop
      vertex -42.5 86.3479 11.24
      vertex -42.5 86.4194 16.5494
      vertex -42.5 86.4194 11.4506
    endloop
  endfacet
  facet normal -1 0 0
    outer loop
      vertex -42.5 86.3479 11.24
      vertex -42.5 86.3479 16.76
      vertex -42.5 86.4194 16.5494
    endloop
  endfacet
  facet normal -1 0 0
    outer loop
      vertex -42.5 86.3045 11.0219
      vertex -42.5 86.3479 16.76
      vertex -42.5 86.3479 11.24
    endloop
  endfacet
  facet normal -1 0 0
    outer loop
      vertex -42.5 86.3045 11.0219
      vertex -42.5 86.3045 16.9781
      vertex -42.5 86.3479 16.76
    endloop
  endfacet
  facet normal -1 0 0
    outer loop
      vertex -42.5 44.238 5.7
      vertex -42.5 86.3045 11.0219
      vertex -42.5 86.29 10.8
    endloop
  endfacet
  facet normal -1 -0 0
    outer loop
      vertex -42.5 86.3045 11.0219
      vertex -42.5 44.238 5.7
      vertex -42.5 86.3045 16.9781
    endloop
  endfacet
  facet normal -1 0 0
    outer loop
      vertex -42.5 91 0
      vertex -42.5 89.69 10.8
      vertex -42.5 91 22
    endloop
  endfacet
  facet normal -1 0 0
    outer loop
      vertex -42.5 91 0
      vertex -42.5 89.6755 10.5781
      vertex -42.5 89.69 10.8
    endloop
  endfacet
  facet normal -1 0 0
    outer loop
      vertex -42.5 91 0
      vertex -42.5 89.6321 10.36
      vertex -42.5 89.6755 10.5781
    endloop
  endfacet
  facet normal -1 0 0
    outer loop
      vertex -42.5 91 0
      vertex -42.5 89.5606 10.1494
      vertex -42.5 89.6321 10.36
    endloop
  endfacet
  facet normal -1 0 0
    outer loop
      vertex -42.5 91 0
      vertex -42.5 89.4622 9.95
      vertex -42.5 89.5606 10.1494
    endloop
  endfacet
  facet normal -1 0 0
    outer loop
      vertex -42.5 91 0
      vertex -42.5 89.3387 9.76511
      vertex -42.5 89.4622 9.95
    endloop
  endfacet
  facet normal -1 0 0
    outer loop
      vertex -42.5 91 0
      vertex -42.5 89.1921 9.59792
      vertex -42.5 89.3387 9.76511
    endloop
  endfacet
  facet normal -1 0 0
    outer loop
      vertex -42.5 91 0
      vertex -42.5 89.0249 9.4513
      vertex -42.5 89.1921 9.59792
    endloop
  endfacet
  facet normal -1 0 0
    outer loop
      vertex -42.5 91 0
      vertex -42.5 88.84 9.32776
      vertex -42.5 89.0249 9.4513
    endloop
  endfacet
  facet normal -1 0 0
    outer loop
      vertex -42.5 91 0
      vertex -42.5 88.6406 9.2294
      vertex -42.5 88.84 9.32776
    endloop
  endfacet
  facet normal -1 0 0
    outer loop
      vertex -42.5 91 0
      vertex -42.5 88.43 9.15793
      vertex -42.5 88.6406 9.2294
    endloop
  endfacet
  facet normal -1 0 0
    outer loop
      vertex -42.5 91 0
      vertex -42.5 88.2119 9.11454
      vertex -42.5 88.43 9.15793
    endloop
  endfacet
  facet normal -1 0 0
    outer loop
      vertex -42.5 91 0
      vertex -42.5 87.99 9.1
      vertex -42.5 88.2119 9.11454
    endloop
  endfacet
  facet normal -1 0 0
    outer loop
      vertex -42.5 91 0
      vertex -42.5 87.7681 9.11454
      vertex -42.5 87.99 9.1
    endloop
  endfacet
  facet normal -1 0 0
    outer loop
      vertex -42.5 91 0
      vertex -42.5 87.55 9.15793
      vertex -42.5 87.7681 9.11454
    endloop
  endfacet
  facet normal -1 0 0
    outer loop
      vertex -42.5 91 0
      vertex -42.5 87.3394 9.2294
      vertex -42.5 87.55 9.15793
    endloop
  endfacet
  facet normal -1 0 0
    outer loop
      vertex -42.5 91 0
      vertex -42.5 87.14 9.32776
      vertex -42.5 87.3394 9.2294
    endloop
  endfacet
  facet normal -1 0 0
    outer loop
      vertex -42.5 91 0
      vertex -42.5 86.9551 9.4513
      vertex -42.5 87.14 9.32776
    endloop
  endfacet
  facet normal -1 0 0
    outer loop
      vertex -42.5 91 0
      vertex -42.5 86.7879 9.59792
      vertex -42.5 86.9551 9.4513
    endloop
  endfacet
  facet normal -1 0 0
    outer loop
      vertex -42.5 91 0
      vertex -42.5 86.6413 9.76511
      vertex -42.5 86.7879 9.59792
    endloop
  endfacet
  facet normal -1 0 0
    outer loop
      vertex -42.5 44.238 5.7
      vertex -42.5 86.6413 9.76511
      vertex -42.5 91 0
    endloop
  endfacet
  facet normal -1 -0 0
    outer loop
      vertex -42.5 86.6413 9.76511
      vertex -42.5 44.238 5.7
      vertex -42.5 86.5178 9.95
    endloop
  endfacet
  facet normal -1 0 0
    outer loop
      vertex -42.5 44.238 22
      vertex -42.5 86.3045 16.9781
      vertex -42.5 44.238 5.7
    endloop
  endfacet
  facet normal -1 -0 0
    outer loop
      vertex -42.5 86.3045 10.5781
      vertex -42.5 44.238 5.7
      vertex -42.5 86.29 10.8
    endloop
  endfacet
  facet normal -1 -0 0
    outer loop
      vertex -42.5 86.3479 10.36
      vertex -42.5 44.238 5.7
      vertex -42.5 86.3045 10.5781
    endloop
  endfacet
  facet normal -1 -0 0
    outer loop
      vertex -42.5 86.4194 10.1494
      vertex -42.5 44.238 5.7
      vertex -42.5 86.3479 10.36
    endloop
  endfacet
  facet normal -1 -0 0
    outer loop
      vertex -42.5 86.5178 9.95
      vertex -42.5 44.238 5.7
      vertex -42.5 86.4194 10.1494
    endloop
  endfacet
  facet normal -1 0 0
    outer loop
      vertex -42.5 4 0
      vertex -42.5 44.238 5.7
      vertex -42.5 91 0
    endloop
  endfacet
  facet normal -1 -0 0
    outer loop
      vertex -42.5 44.238 5.7
      vertex -42.5 4 0
      vertex -42.5 23.5 5.7
    endloop
  endfacet
  facet normal -1 0 0
    outer loop
      vertex -42.5 4 22
      vertex -42.5 23.5 5.7
      vertex -42.5 4 0
    endloop
  endfacet
  facet normal -1 0 0
    outer loop
      vertex -42.5 23.5 5.7
      vertex -42.5 4 22
      vertex -42.5 23.5 22
    endloop
  endfacet
  facet normal -1 0 0
    outer loop
      vertex -42.5 89.6755 11.0219
      vertex -42.5 91 22
      vertex -42.5 89.69 10.8
    endloop
  endfacet
  facet normal -1 0 0
    outer loop
      vertex -42.5 89.6755 17.4219
      vertex -42.5 91 22
      vertex -42.5 89.69 17.2
    endloop
  endfacet
  facet normal -1 0 0
    outer loop
      vertex -42.5 89.6321 17.64
      vertex -42.5 91 22
      vertex -42.5 89.6755 17.4219
    endloop
  endfacet
  facet normal -1 0 0
    outer loop
      vertex -42.5 89.5606 17.8506
      vertex -42.5 91 22
      vertex -42.5 89.6321 17.64
    endloop
  endfacet
  facet normal -1 0 0
    outer loop
      vertex -42.5 89.4622 18.05
      vertex -42.5 91 22
      vertex -42.5 89.5606 17.8506
    endloop
  endfacet
  facet normal -1 0 0
    outer loop
      vertex -42.5 89.3387 18.2349
      vertex -42.5 91 22
      vertex -42.5 89.4622 18.05
    endloop
  endfacet
  facet normal -1 0 0
    outer loop
      vertex -42.5 89.1921 18.4021
      vertex -42.5 91 22
      vertex -42.5 89.3387 18.2349
    endloop
  endfacet
  facet normal -1 0 0
    outer loop
      vertex -42.5 89.0249 18.5487
      vertex -42.5 91 22
      vertex -42.5 89.1921 18.4021
    endloop
  endfacet
  facet normal -1 0 0
    outer loop
      vertex -42.5 88.84 18.6722
      vertex -42.5 91 22
      vertex -42.5 89.0249 18.5487
    endloop
  endfacet
  facet normal -1 0 0
    outer loop
      vertex -42.5 88.6406 18.7706
      vertex -42.5 91 22
      vertex -42.5 88.84 18.6722
    endloop
  endfacet
  facet normal -1 0 0
    outer loop
      vertex -42.5 88.43 18.8421
      vertex -42.5 91 22
      vertex -42.5 88.6406 18.7706
    endloop
  endfacet
  facet normal -1 0 0
    outer loop
      vertex -42.5 88.2119 18.8855
      vertex -42.5 91 22
      vertex -42.5 88.43 18.8421
    endloop
  endfacet
  facet normal -1 0 0
    outer loop
      vertex -42.5 87.99 18.9
      vertex -42.5 91 22
      vertex -42.5 88.2119 18.8855
    endloop
  endfacet
  facet normal -1 0 0
    outer loop
      vertex -42.5 87.7681 18.8855
      vertex -42.5 91 22
      vertex -42.5 87.99 18.9
    endloop
  endfacet
  facet normal -1 0 0
    outer loop
      vertex -42.5 87.55 18.8421
      vertex -42.5 91 22
      vertex -42.5 87.7681 18.8855
    endloop
  endfacet
  facet normal -1 0 0
    outer loop
      vertex -42.5 87.3394 18.7706
      vertex -42.5 91 22
      vertex -42.5 87.55 18.8421
    endloop
  endfacet
  facet normal -1 0 0
    outer loop
      vertex -42.5 87.14 18.6722
      vertex -42.5 91 22
      vertex -42.5 87.3394 18.7706
    endloop
  endfacet
  facet normal -1 0 0
    outer loop
      vertex -42.5 86.9551 18.5487
      vertex -42.5 91 22
      vertex -42.5 87.14 18.6722
    endloop
  endfacet
  facet normal -1 0 0
    outer loop
      vertex -42.5 86.3045 16.9781
      vertex -42.5 44.238 22
      vertex -42.5 86.29 17.2
    endloop
  endfacet
  facet normal -1 0 0
    outer loop
      vertex -42.5 86.29 17.2
      vertex -42.5 44.238 22
      vertex -42.5 86.3045 17.4219
    endloop
  endfacet
  facet normal -1 0 0
    outer loop
      vertex -42.5 86.3045 17.4219
      vertex -42.5 44.238 22
      vertex -42.5 86.3479 17.64
    endloop
  endfacet
  facet normal -1 0 0
    outer loop
      vertex -42.5 86.3479 17.64
      vertex -42.5 44.238 22
      vertex -42.5 86.4194 17.8506
    endloop
  endfacet
  facet normal -1 0 0
    outer loop
      vertex -42.5 86.4194 17.8506
      vertex -42.5 44.238 22
      vertex -42.5 86.5178 18.05
    endloop
  endfacet
  facet normal -1 0 0
    outer loop
      vertex -42.5 86.5178 18.05
      vertex -42.5 44.238 22
      vertex -42.5 86.6413 18.2349
    endloop
  endfacet
  facet normal -1 0 0
    outer loop
      vertex -42.5 86.6413 18.2349
      vertex -42.5 44.238 22
      vertex -42.5 86.7879 18.4021
    endloop
  endfacet
  facet normal -1 0 0
    outer loop
      vertex -42.5 86.7879 18.4021
      vertex -42.5 44.238 22
      vertex -42.5 86.9551 18.5487
    endloop
  endfacet
  facet normal -1 0 0
    outer loop
      vertex -42.5 86.9551 18.5487
      vertex -42.5 44.238 22
      vertex -42.5 91 22
    endloop
  endfacet
  facet normal 0.831432 0.555626 0
    outer loop
      vertex 41.9641 93 22
      vertex 41.6734 93.435 0
      vertex 41.6734 93.435 22
    endloop
  endfacet
  facet normal 0.831432 0.555626 0
    outer loop
      vertex 41.6734 93.435 0
      vertex 41.9641 93 22
      vertex 41.9641 93 0
    endloop
  endfacet
  facet normal 0.94692 -0.321469 0
    outer loop
      vertex 42.1955 2.46927 22
      vertex 42.3637 2.96472 0
      vertex 42.3637 2.96472 22
    endloop
  endfacet
  facet normal 0.94692 -0.321469 0
    outer loop
      vertex 42.3637 2.96472 0
      vertex 42.1955 2.46927 22
      vertex 42.1955 2.46927 0
    endloop
  endfacet
  facet normal 0.55561 -0.831443 0
    outer loop
      vertex 40.5 0.535898 0
      vertex 40.935 0.826586 22
      vertex 40.5 0.535898 22
    endloop
  endfacet
  facet normal 0.55561 -0.831443 0
    outer loop
      vertex 40.935 0.826586 22
      vertex 40.5 0.535898 0
      vertex 40.935 0.826586 0
    endloop
  endfacet
  facet normal -0.321474 -0.946918 0
    outer loop
      vertex -40.0307 0.304482 0
      vertex -39.5353 0.136296 22
      vertex -40.0307 0.304482 22
    endloop
  endfacet
  facet normal -0.321474 -0.946918 -0
    outer loop
      vertex -39.5353 0.136296 22
      vertex -40.0307 0.304482 0
      vertex -39.5353 0.136296 0
    endloop
  endfacet
  facet normal 0 0 -1
    outer loop
      vertex -21.6993 0 0
      vertex -38.5 0 0
      vertex -21.6993 5 0
    endloop
  endfacet
  facet normal 0 0 -1
    outer loop
      vertex 5 18.3007 0
      vertex 18.3007 3 0
      vertex 18.3007 0 0
    endloop
  endfacet
  facet normal 0 0 -1
    outer loop
      vertex 7.97433 38.3916 0
      vertex 14.8 41.9804 0
      vertex 14.8 34.95 0
    endloop
  endfacet
  facet normal 0 0 -1
    outer loop
      vertex 18.3007 3 0
      vertex 5 18.3007 0
      vertex 14.8 34.95 0
    endloop
  endfacet
  facet normal 0 0 -1
    outer loop
      vertex 7.89778 38.7765 0
      vertex 14.8 41.9804 0
      vertex 7.97433 38.3916 0
    endloop
  endfacet
  facet normal 0 -0 -1
    outer loop
      vertex 8 38 0
      vertex 14.8 34.95 0
      vertex 7.97433 37.6084 0
    endloop
  endfacet
  facet normal 0 0 -1
    outer loop
      vertex 7.97433 38.3916 0
      vertex 14.8 34.95 0
      vertex 8 38 0
    endloop
  endfacet
  facet normal 0 0 -1
    outer loop
      vertex 14.8 34.95 0
      vertex 7.89778 37.2235 0
      vertex 7.97433 37.6084 0
    endloop
  endfacet
  facet normal 0 0 -1
    outer loop
      vertex 14.8 34.95 0
      vertex 7.77164 36.852 0
      vertex 7.89778 37.2235 0
    endloop
  endfacet
  facet normal 0 -0 -1
    outer loop
      vertex 6.5 35.4019 0
      vertex 14.8 34.95 0
      vertex 5 21.6993 0
    endloop
  endfacet
  facet normal 0 0 -1
    outer loop
      vertex 14.8 34.95 0
      vertex 7.59808 36.5 0
      vertex 7.77164 36.852 0
    endloop
  endfacet
  facet normal 0 0 -1
    outer loop
      vertex 14.8 34.95 0
      vertex 7.38006 36.1737 0
      vertex 7.59808 36.5 0
    endloop
  endfacet
  facet normal 0 0 -1
    outer loop
      vertex 14.8 34.95 0
      vertex 7.12132 35.8787 0
      vertex 7.38006 36.1737 0
    endloop
  endfacet
  facet normal 0 0 -1
    outer loop
      vertex 14.8 34.95 0
      vertex 6.82628 35.6199 0
      vertex 7.12132 35.8787 0
    endloop
  endfacet
  facet normal 0 0 -1
    outer loop
      vertex 14.8 34.95 0
      vertex 6.5 35.4019 0
      vertex 6.82628 35.6199 0
    endloop
  endfacet
  facet normal 0 0 -1
    outer loop
      vertex 6.5 35.4019 0
      vertex 5 21.6993 0
      vertex 6.14805 35.2284 0
    endloop
  endfacet
  facet normal 0 0 -1
    outer loop
      vertex 6.14805 35.2284 0
      vertex 5 21.6993 0
      vertex 5.77646 35.1022 0
    endloop
  endfacet
  facet normal 0 0 -1
    outer loop
      vertex 14.8 34.95 0
      vertex 5 18.3007 0
      vertex 5 21.6993 0
    endloop
  endfacet
  facet normal 0 0 -1
    outer loop
      vertex 18.3007 0 0
      vertex -3 18.3007 0
      vertex 5 18.3007 0
    endloop
  endfacet
  facet normal 0 0 -1
    outer loop
      vertex -18.3007 5 0
      vertex -3 18.3007 0
      vertex -18.3007 0 0
    endloop
  endfacet
  facet normal 0 0 -1
    outer loop
      vertex -18.3007 0 0
      vertex -3 18.3007 0
      vertex 18.3007 0 0
    endloop
  endfacet
  facet normal 0 0 -1
    outer loop
      vertex 38.5 0 0
      vertex 42.5 4 0
      vertex 42.4658 3.47789 0
    endloop
  endfacet
  facet normal 0 0 -1
    outer loop
      vertex 38.5 0 0
      vertex 42.4658 3.47789 0
      vertex 42.3637 2.96472 0
    endloop
  endfacet
  facet normal 0 0 -1
    outer loop
      vertex 38.5 0 0
      vertex 42.3637 2.96472 0
      vertex 42.1955 2.46927 0
    endloop
  endfacet
  facet normal 0 0 -1
    outer loop
      vertex 38.5 0 0
      vertex 42.1955 2.46927 0
      vertex 41.9641 2 0
    endloop
  endfacet
  facet normal 0 0 -1
    outer loop
      vertex 38.5 0 0
      vertex 41.9641 2 0
      vertex 41.6734 1.56495 0
    endloop
  endfacet
  facet normal 0 0 -1
    outer loop
      vertex 38.5 0 0
      vertex 41.6734 1.56495 0
      vertex 41.3284 1.17157 0
    endloop
  endfacet
  facet normal 0 0 -1
    outer loop
      vertex 38.5 0 0
      vertex 41.3284 1.17157 0
      vertex 40.935 0.826586 0
    endloop
  endfacet
  facet normal 0 0 -1
    outer loop
      vertex 38.5 0 0
      vertex 40.935 0.826586 0
      vertex 40.5 0.535898 0
    endloop
  endfacet
  facet normal 0 0 -1
    outer loop
      vertex 38.5 0 0
      vertex 40.5 0.535898 0
      vertex 40.0307 0.304482 0
    endloop
  endfacet
  facet normal 0 0 -1
    outer loop
      vertex 38.5 0 0
      vertex 40.0307 0.304482 0
      vertex 39.5353 0.136296 0
    endloop
  endfacet
  facet normal 0 0 -1
    outer loop
      vertex 38.5 0 0
      vertex 39.5353 0.136296 0
      vertex 39.0221 0.0342197 0
    endloop
  endfacet
  facet normal 0 0 -1
    outer loop
      vertex 42.5 4 0
      vertex 38.5 0 0
      vertex 21.6993 3 0
    endloop
  endfacet
  facet normal 0 0 -1
    outer loop
      vertex 21.6993 3 0
      vertex 38.5 0 0
      vertex 21.6993 0 0
    endloop
  endfacet
  facet normal -0 0 -1
    outer loop
      vertex 42.5 4 0
      vertex 21.6993 3 0
      vertex 42.5 34.95 0
    endloop
  endfacet
  facet normal 0 0 -1
    outer loop
      vertex 14.8 34.95 0
      vertex 21.6993 3 0
      vertex 18.3007 3 0
    endloop
  endfacet
  facet normal 0 0 -1
    outer loop
      vertex 21.6993 3 0
      vertex 14.8 34.95 0
      vertex 42.5 34.95 0
    endloop
  endfacet
  facet normal 0 0 -1
    outer loop
      vertex 14.8 53.0196 0
      vertex 8.8 53.0196 0
      vertex 14.8 60.05 0
    endloop
  endfacet
  facet normal 0 0 -1
    outer loop
      vertex 14.8 60.05 0
      vertex 42.5 91 0
      vertex 42.5 60.05 0
    endloop
  endfacet
  facet normal 0 -0 -1
    outer loop
      vertex 38.5 95 0
      vertex 42.5 91 0
      vertex 14.8 60.05 0
    endloop
  endfacet
  facet normal 0 0 -1
    outer loop
      vertex 42.5 91 0
      vertex 38.5 95 0
      vertex 42.4658 91.5221 0
    endloop
  endfacet
  facet normal 0 0 -1
    outer loop
      vertex 42.3637 92.0353 0
      vertex 38.5 95 0
      vertex 42.1955 92.5307 0
    endloop
  endfacet
  facet normal 0 0 -1
    outer loop
      vertex 42.1955 92.5307 0
      vertex 38.5 95 0
      vertex 41.9641 93 0
    endloop
  endfacet
  facet normal 0 0 -1
    outer loop
      vertex 41.9641 93 0
      vertex 38.5 95 0
      vertex 41.6734 93.435 0
    endloop
  endfacet
  facet normal 0 0 -1
    outer loop
      vertex 41.6734 93.435 0
      vertex 38.5 95 0
      vertex 41.3284 93.8284 0
    endloop
  endfacet
  facet normal 0 0 -1
    outer loop
      vertex 41.3284 93.8284 0
      vertex 38.5 95 0
      vertex 40.935 94.1734 0
    endloop
  endfacet
  facet normal 0 0 -1
    outer loop
      vertex 40.935 94.1734 0
      vertex 38.5 95 0
      vertex 40.5 94.4641 0
    endloop
  endfacet
  facet normal 0 0 -1
    outer loop
      vertex 40.5 94.4641 0
      vertex 38.5 95 0
      vertex 40.0307 94.6955 0
    endloop
  endfacet
  facet normal 0 0 -1
    outer loop
      vertex 40.0307 94.6955 0
      vertex 38.5 95 0
      vertex 39.5353 94.8637 0
    endloop
  endfacet
  facet normal 0 0 -1
    outer loop
      vertex 39.5353 94.8637 0
      vertex 38.5 95 0
      vertex 39.0221 94.9658 0
    endloop
  endfacet
  facet normal 0 0 -1
    outer loop
      vertex 42.4658 91.5221 0
      vertex 38.5 95 0
      vertex 42.3637 92.0353 0
    endloop
  endfacet
  facet normal 0 0 -1
    outer loop
      vertex -38.5 95 0
      vertex 14.8 60.05 0
      vertex 8.8 53.0196 0
    endloop
  endfacet
  facet normal -0 0 -1
    outer loop
      vertex 14.8 41.9804 0
      vertex 7.89778 38.7765 0
      vertex 8.8 41.9804 0
    endloop
  endfacet
  facet normal 0 0 -1
    outer loop
      vertex 7.77164 39.148 0
      vertex 8.8 41.9804 0
      vertex 7.89778 38.7765 0
    endloop
  endfacet
  facet normal 0 0 -1
    outer loop
      vertex 7.59808 39.5 0
      vertex 8.8 41.9804 0
      vertex 7.77164 39.148 0
    endloop
  endfacet
  facet normal 0 0 -1
    outer loop
      vertex 7.38006 39.8263 0
      vertex 8.8 41.9804 0
      vertex 7.59808 39.5 0
    endloop
  endfacet
  facet normal 0 0 -1
    outer loop
      vertex 7.12132 40.1213 0
      vertex 8.8 41.9804 0
      vertex 7.38006 39.8263 0
    endloop
  endfacet
  facet normal 0 0 -1
    outer loop
      vertex 6.82628 40.3801 0
      vertex 8.8 41.9804 0
      vertex 7.12132 40.1213 0
    endloop
  endfacet
  facet normal 0 0 -1
    outer loop
      vertex 6.5 40.5981 0
      vertex 8.8 41.9804 0
      vertex 6.82628 40.3801 0
    endloop
  endfacet
  facet normal 0 0 -1
    outer loop
      vertex 6.14805 40.7716 0
      vertex 8.8 41.9804 0
      vertex 6.5 40.5981 0
    endloop
  endfacet
  facet normal 0 0 -1
    outer loop
      vertex 5.77646 40.8978 0
      vertex 8.8 41.9804 0
      vertex 6.14805 40.7716 0
    endloop
  endfacet
  facet normal 0 0 -1
    outer loop
      vertex 5.39158 40.9743 0
      vertex 8.8 41.9804 0
      vertex 5.77646 40.8978 0
    endloop
  endfacet
  facet normal 0 0 -1
    outer loop
      vertex 5 41 0
      vertex 8.8 41.9804 0
      vertex 5.39158 40.9743 0
    endloop
  endfacet
  facet normal -0 0 -1
    outer loop
      vertex 8.8 41.9804 0
      vertex 5 41 0
      vertex 8.8 53.0196 0
    endloop
  endfacet
  facet normal 0 0 -1
    outer loop
      vertex 4.60842 40.9743 0
      vertex 8.8 53.0196 0
      vertex 5 41 0
    endloop
  endfacet
  facet normal 0 0 -1
    outer loop
      vertex 4.22354 40.8978 0
      vertex 8.8 53.0196 0
      vertex 4.60842 40.9743 0
    endloop
  endfacet
  facet normal 0 0 -1
    outer loop
      vertex 3.85195 40.7716 0
      vertex 8.8 53.0196 0
      vertex 4.22354 40.8978 0
    endloop
  endfacet
  facet normal 0 0 -1
    outer loop
      vertex 3.5 40.5981 0
      vertex 8.8 53.0196 0
      vertex 3.85195 40.7716 0
    endloop
  endfacet
  facet normal 0 0 -1
    outer loop
      vertex 3.17372 40.3801 0
      vertex 8.8 53.0196 0
      vertex 3.5 40.5981 0
    endloop
  endfacet
  facet normal 0 0 -1
    outer loop
      vertex 2.87868 40.1213 0
      vertex 8.8 53.0196 0
      vertex 3.17372 40.3801 0
    endloop
  endfacet
  facet normal 0 0 -1
    outer loop
      vertex 2.61994 39.8263 0
      vertex 8.8 53.0196 0
      vertex 2.87868 40.1213 0
    endloop
  endfacet
  facet normal 0 0 -1
    outer loop
      vertex -42.5 91 0
      vertex 2.61994 39.8263 0
      vertex 2.40192 39.5 0
    endloop
  endfacet
  facet normal 0 0 -1
    outer loop
      vertex -42.5 91 0
      vertex 2.40192 39.5 0
      vertex 2.22836 39.148 0
    endloop
  endfacet
  facet normal 0 0 -1
    outer loop
      vertex -3 21.6993 0
      vertex 2.02567 38.3916 0
      vertex 2 38 0
    endloop
  endfacet
  facet normal 0 0 -1
    outer loop
      vertex -42.5 4 0
      vertex 2.02567 38.3916 0
      vertex -3 21.6993 0
    endloop
  endfacet
  facet normal -0 0 -1
    outer loop
      vertex -3 18.3007 0
      vertex -18.3007 5 0
      vertex -3 21.6993 0
    endloop
  endfacet
  facet normal 0 0 -1
    outer loop
      vertex -21.6993 5 0
      vertex -3 21.6993 0
      vertex -18.3007 5 0
    endloop
  endfacet
  facet normal 0 0 -1
    outer loop
      vertex -42.5 4 0
      vertex -3 21.6993 0
      vertex -21.6993 5 0
    endloop
  endfacet
  facet normal -0 0 -1
    outer loop
      vertex 2.02567 38.3916 0
      vertex -42.5 4 0
      vertex 2.10222 38.7765 0
    endloop
  endfacet
  facet normal 0 0 -1
    outer loop
      vertex -42.5 91 0
      vertex 2.10222 38.7765 0
      vertex -42.5 4 0
    endloop
  endfacet
  facet normal 0 0 -1
    outer loop
      vertex -42.5 4 0
      vertex -21.6993 5 0
      vertex -38.5 0 0
    endloop
  endfacet
  facet normal 0 0 -1
    outer loop
      vertex 2.10222 38.7765 0
      vertex -42.5 91 0
      vertex 2.22836 39.148 0
    endloop
  endfacet
  facet normal 0 0 -1
    outer loop
      vertex 2.61994 39.8263 0
      vertex -42.5 91 0
      vertex 8.8 53.0196 0
    endloop
  endfacet
  facet normal 0 0 -1
    outer loop
      vertex -42.5 4 0
      vertex -38.5 0 0
      vertex -39.0221 0.0342197 0
    endloop
  endfacet
  facet normal 0 -0 -1
    outer loop
      vertex -38.5 95 0
      vertex 8.8 53.0196 0
      vertex -42.5 91 0
    endloop
  endfacet
  facet normal 0 0 -1
    outer loop
      vertex -42.5 4 0
      vertex -39.0221 0.0342197 0
      vertex -39.5353 0.136296 0
    endloop
  endfacet
  facet normal 0 0 -1
    outer loop
      vertex 14.8 60.05 0
      vertex -38.5 95 0
      vertex 38.5 95 0
    endloop
  endfacet
  facet normal 0 0 -1
    outer loop
      vertex -42.5 4 0
      vertex -39.5353 0.136296 0
      vertex -40.0307 0.304482 0
    endloop
  endfacet
  facet normal 0 0 -1
    outer loop
      vertex -38.5 95 0
      vertex -42.5 91 0
      vertex -39.0221 94.9658 0
    endloop
  endfacet
  facet normal 0 0 -1
    outer loop
      vertex -42.5 4 0
      vertex -40.0307 0.304482 0
      vertex -40.5 0.535898 0
    endloop
  endfacet
  facet normal 0 0 -1
    outer loop
      vertex -39.0221 94.9658 0
      vertex -42.5 91 0
      vertex -39.5353 94.8637 0
    endloop
  endfacet
  facet normal 0 0 -1
    outer loop
      vertex -42.5 4 0
      vertex -40.5 0.535898 0
      vertex -40.935 0.826586 0
    endloop
  endfacet
  facet normal 0 0 -1
    outer loop
      vertex -39.5353 94.8637 0
      vertex -42.5 91 0
      vertex -40.0307 94.6955 0
    endloop
  endfacet
  facet normal 0 0 -1
    outer loop
      vertex -42.5 4 0
      vertex -40.935 0.826586 0
      vertex -41.3284 1.17157 0
    endloop
  endfacet
  facet normal 0 0 -1
    outer loop
      vertex -40.0307 94.6955 0
      vertex -42.5 91 0
      vertex -40.5 94.4641 0
    endloop
  endfacet
  facet normal 0 0 -1
    outer loop
      vertex -42.5 4 0
      vertex -41.3284 1.17157 0
      vertex -41.6734 1.56495 0
    endloop
  endfacet
  facet normal 0 0 -1
    outer loop
      vertex -40.5 94.4641 0
      vertex -42.5 91 0
      vertex -40.935 94.1734 0
    endloop
  endfacet
  facet normal 0 0 -1
    outer loop
      vertex -42.5 4 0
      vertex -41.6734 1.56495 0
      vertex -41.9641 2 0
    endloop
  endfacet
  facet normal 0 0 -1
    outer loop
      vertex -40.935 94.1734 0
      vertex -42.5 91 0
      vertex -41.3284 93.8284 0
    endloop
  endfacet
  facet normal 0 0 -1
    outer loop
      vertex -42.5 4 0
      vertex -41.9641 2 0
      vertex -42.1955 2.46927 0
    endloop
  endfacet
  facet normal 0 0 -1
    outer loop
      vertex -41.3284 93.8284 0
      vertex -42.5 91 0
      vertex -41.6734 93.435 0
    endloop
  endfacet
  facet normal 0 0 -1
    outer loop
      vertex -42.5 4 0
      vertex -42.1955 2.46927 0
      vertex -42.3637 2.96472 0
    endloop
  endfacet
  facet normal 0 0 -1
    outer loop
      vertex -41.6734 93.435 0
      vertex -42.5 91 0
      vertex -41.9641 93 0
    endloop
  endfacet
  facet normal 0 0 -1
    outer loop
      vertex -42.5 4 0
      vertex -42.3637 2.96472 0
      vertex -42.4658 3.47789 0
    endloop
  endfacet
  facet normal 0 0 -1
    outer loop
      vertex -41.9641 93 0
      vertex -42.5 91 0
      vertex -42.1955 92.5307 0
    endloop
  endfacet
  facet normal 0 0 -1
    outer loop
      vertex -42.1955 92.5307 0
      vertex -42.5 91 0
      vertex -42.3637 92.0353 0
    endloop
  endfacet
  facet normal 0 0 -1
    outer loop
      vertex -42.3637 92.0353 0
      vertex -42.5 91 0
      vertex -42.4658 91.5221 0
    endloop
  endfacet
  facet normal 0 0 -1
    outer loop
      vertex 5.77646 35.1022 0
      vertex 5 21.6993 0
      vertex 5.39158 35.0257 0
    endloop
  endfacet
  facet normal 0 0 -1
    outer loop
      vertex 5 21.6993 0
      vertex 5 35 0
      vertex 5.39158 35.0257 0
    endloop
  endfacet
  facet normal 0 0 -1
    outer loop
      vertex 5 21.6993 0
      vertex 4.60842 35.0257 0
      vertex 5 35 0
    endloop
  endfacet
  facet normal 0 0 -1
    outer loop
      vertex 5 21.6993 0
      vertex 4.22354 35.1022 0
      vertex 4.60842 35.0257 0
    endloop
  endfacet
  facet normal 0 0 -1
    outer loop
      vertex 5 21.6993 0
      vertex 3.85195 35.2284 0
      vertex 4.22354 35.1022 0
    endloop
  endfacet
  facet normal 0 0 -1
    outer loop
      vertex -3 21.6993 0
      vertex 3.85195 35.2284 0
      vertex 5 21.6993 0
    endloop
  endfacet
  facet normal -0 0 -1
    outer loop
      vertex 3.85195 35.2284 0
      vertex -3 21.6993 0
      vertex 3.5 35.4019 0
    endloop
  endfacet
  facet normal -0 0 -1
    outer loop
      vertex 3.5 35.4019 0
      vertex -3 21.6993 0
      vertex 3.17372 35.6199 0
    endloop
  endfacet
  facet normal -0 0 -1
    outer loop
      vertex 3.17372 35.6199 0
      vertex -3 21.6993 0
      vertex 2.87868 35.8787 0
    endloop
  endfacet
  facet normal -0 0 -1
    outer loop
      vertex 2.87868 35.8787 0
      vertex -3 21.6993 0
      vertex 2.61994 36.1737 0
    endloop
  endfacet
  facet normal -0 0 -1
    outer loop
      vertex 2.61994 36.1737 0
      vertex -3 21.6993 0
      vertex 2.40192 36.5 0
    endloop
  endfacet
  facet normal -0 0 -1
    outer loop
      vertex 2.40192 36.5 0
      vertex -3 21.6993 0
      vertex 2.22836 36.852 0
    endloop
  endfacet
  facet normal -0 0 -1
    outer loop
      vertex 2.22836 36.852 0
      vertex -3 21.6993 0
      vertex 2.10222 37.2235 0
    endloop
  endfacet
  facet normal -0 0 -1
    outer loop
      vertex 2.02567 37.6084 0
      vertex -3 21.6993 0
      vertex 2 38 0
    endloop
  endfacet
  facet normal -0 0 -1
    outer loop
      vertex 2.10222 37.2235 0
      vertex -3 21.6993 0
      vertex 2.02567 37.6084 0
    endloop
  endfacet
  facet normal -0.0654021 -0.997859 0
    outer loop
      vertex -39.0221 0.0342197 0
      vertex -38.5 0 22
      vertex -39.0221 0.0342197 22
    endloop
  endfacet
  facet normal -0.0654021 -0.997859 -0
    outer loop
      vertex -38.5 0 22
      vertex -39.0221 0.0342197 0
      vertex -38.5 0 0
    endloop
  endfacet
  facet normal 0.980779 0.195124 0
    outer loop
      vertex 42.4658 91.5221 22
      vertex 42.3637 92.0353 0
      vertex 42.3637 92.0353 22
    endloop
  endfacet
  facet normal 0.980779 0.195124 0
    outer loop
      vertex 42.3637 92.0353 0
      vertex 42.4658 91.5221 22
      vertex 42.4658 91.5221 0
    endloop
  endfacet
  facet normal -0.980776 -0.195135 0
    outer loop
      vertex -42.3637 2.96472 0
      vertex -42.4658 3.47789 22
      vertex -42.4658 3.47789 0
    endloop
  endfacet
  facet normal -0.980776 -0.195135 0
    outer loop
      vertex -42.4658 3.47789 22
      vertex -42.3637 2.96472 0
      vertex -42.3637 2.96472 22
    endloop
  endfacet
  facet normal 0.997862 -0.0653634 0
    outer loop
      vertex 42.4658 3.47789 22
      vertex 42.5 4 0
      vertex 42.5 4 22
    endloop
  endfacet
  facet normal 0.997862 -0.0653634 0
    outer loop
      vertex 42.5 4 0
      vertex 42.4658 3.47789 22
      vertex 42.4658 3.47789 0
    endloop
  endfacet
  facet normal 0.321474 -0.946918 0
    outer loop
      vertex 39.5353 0.136296 0
      vertex 40.0307 0.304482 22
      vertex 39.5353 0.136296 22
    endloop
  endfacet
  facet normal 0.321474 -0.946918 0
    outer loop
      vertex 40.0307 0.304482 22
      vertex 39.5353 0.136296 0
      vertex 40.0307 0.304482 0
    endloop
  endfacet
  facet normal 0.19508 -0.980787 0
    outer loop
      vertex 39.0221 0.0342197 0
      vertex 39.5353 0.136296 22
      vertex 39.0221 0.0342197 22
    endloop
  endfacet
  facet normal 0.19508 -0.980787 0
    outer loop
      vertex 39.5353 0.136296 22
      vertex 39.0221 0.0342197 0
      vertex 39.5353 0.136296 0
    endloop
  endfacet
  facet normal -0.19508 -0.980787 0
    outer loop
      vertex -39.5353 0.136296 0
      vertex -39.0221 0.0342197 22
      vertex -39.5353 0.136296 22
    endloop
  endfacet
  facet normal -0.19508 -0.980787 -0
    outer loop
      vertex -39.0221 0.0342197 22
      vertex -39.5353 0.136296 0
      vertex -39.0221 0.0342197 0
    endloop
  endfacet
  facet normal -0.896887 -0.44226 0
    outer loop
      vertex -41.9641 2 0
      vertex -42.1955 2.46927 22
      vertex -42.1955 2.46927 0
    endloop
  endfacet
  facet normal -0.896887 -0.44226 0
    outer loop
      vertex -42.1955 2.46927 22
      vertex -41.9641 2 0
      vertex -41.9641 2 22
    endloop
  endfacet
  facet normal -0.659343 0.751842 0
    outer loop
      vertex -40.935 94.1734 0
      vertex -41.3284 93.8284 22
      vertex -40.935 94.1734 22
    endloop
  endfacet
  facet normal -0.659343 0.751842 0
    outer loop
      vertex -41.3284 93.8284 22
      vertex -40.935 94.1734 0
      vertex -41.3284 93.8284 0
    endloop
  endfacet
  facet normal 0.751826 -0.659362 0
    outer loop
      vertex 41.3284 1.17157 22
      vertex 41.6734 1.56495 0
      vertex 41.6734 1.56495 22
    endloop
  endfacet
  facet normal 0.751826 -0.659362 0
    outer loop
      vertex 41.6734 1.56495 0
      vertex 41.3284 1.17157 22
      vertex 41.3284 1.17157 0
    endloop
  endfacet
  facet normal -0.555626 0.831432 0
    outer loop
      vertex -40.5 94.4641 0
      vertex -40.935 94.1734 22
      vertex -40.5 94.4641 22
    endloop
  endfacet
  facet normal -0.555626 0.831432 0
    outer loop
      vertex -40.935 94.1734 22
      vertex -40.5 94.4641 0
      vertex -40.935 94.1734 0
    endloop
  endfacet
  facet normal -0.751826 -0.659362 0
    outer loop
      vertex -41.3284 1.17157 0
      vertex -41.6734 1.56495 22
      vertex -41.6734 1.56495 0
    endloop
  endfacet
  facet normal -0.751826 -0.659362 0
    outer loop
      vertex -41.6734 1.56495 22
      vertex -41.3284 1.17157 0
      vertex -41.3284 1.17157 22
    endloop
  endfacet
  facet normal 0.0654021 -0.997859 0
    outer loop
      vertex 38.5 0 0
      vertex 39.0221 0.0342197 22
      vertex 38.5 0 22
    endloop
  endfacet
  facet normal 0.0654021 -0.997859 0
    outer loop
      vertex 39.0221 0.0342197 22
      vertex 38.5 0 0
      vertex 39.0221 0.0342197 0
    endloop
  endfacet
  facet normal 0.896887 -0.44226 0
    outer loop
      vertex 41.9641 2 22
      vertex 42.1955 2.46927 0
      vertex 42.1955 2.46927 22
    endloop
  endfacet
  facet normal 0.896887 -0.44226 0
    outer loop
      vertex 42.1955 2.46927 0
      vertex 41.9641 2 22
      vertex 41.9641 2 0
    endloop
  endfacet
  facet normal 0.896898 0.442238 0
    outer loop
      vertex 42.1955 92.5307 22
      vertex 41.9641 93 0
      vertex 41.9641 93 22
    endloop
  endfacet
  facet normal 0.896898 0.442238 0
    outer loop
      vertex 41.9641 93 0
      vertex 42.1955 92.5307 22
      vertex 42.1955 92.5307 0
    endloop
  endfacet
  facet normal 0.831462 -0.555582 0
    outer loop
      vertex 41.6734 1.56495 22
      vertex 41.9641 2 0
      vertex 41.9641 2 22
    endloop
  endfacet
  facet normal 0.831462 -0.555582 0
    outer loop
      vertex 41.9641 2 0
      vertex 41.6734 1.56495 22
      vertex 41.6734 1.56495 0
    endloop
  endfacet
  facet normal 0.321498 0.94691 -0
    outer loop
      vertex 40.0307 94.6955 0
      vertex 39.5353 94.8637 22
      vertex 40.0307 94.6955 22
    endloop
  endfacet
  facet normal 0.321498 0.94691 0
    outer loop
      vertex 39.5353 94.8637 22
      vertex 40.0307 94.6955 0
      vertex 39.5353 94.8637 0
    endloop
  endfacet
  facet normal -0.896898 0.442238 0
    outer loop
      vertex -42.1955 92.5307 0
      vertex -41.9641 93 22
      vertex -41.9641 93 0
    endloop
  endfacet
  facet normal -0.896898 0.442238 0
    outer loop
      vertex -41.9641 93 22
      vertex -42.1955 92.5307 0
      vertex -42.1955 92.5307 22
    endloop
  endfacet
  facet normal 0.980776 -0.195135 0
    outer loop
      vertex 42.3637 2.96472 22
      vertex 42.4658 3.47789 0
      vertex 42.4658 3.47789 22
    endloop
  endfacet
  facet normal 0.980776 -0.195135 0
    outer loop
      vertex 42.4658 3.47789 0
      vertex 42.3637 2.96472 22
      vertex 42.3637 2.96472 0
    endloop
  endfacet
  facet normal 0.0653646 0.997861 -0
    outer loop
      vertex 39.0221 94.9658 0
      vertex 38.5 95 22
      vertex 39.0221 94.9658 22
    endloop
  endfacet
  facet normal 0.0653646 0.997861 0
    outer loop
      vertex 38.5 95 22
      vertex 39.0221 94.9658 0
      vertex 38.5 95 0
    endloop
  endfacet
  facet normal -0.997861 0.0653646 0
    outer loop
      vertex -42.5 91 0
      vertex -42.4658 91.5221 22
      vertex -42.4658 91.5221 0
    endloop
  endfacet
  facet normal -0.997861 0.0653646 0
    outer loop
      vertex -42.4658 91.5221 22
      vertex -42.5 91 0
      vertex -42.5 91 22
    endloop
  endfacet
  facet normal -0.0653646 0.997861 0
    outer loop
      vertex -38.5 95 0
      vertex -39.0221 94.9658 22
      vertex -38.5 95 22
    endloop
  endfacet
  facet normal -0.0653646 0.997861 0
    outer loop
      vertex -39.0221 94.9658 22
      vertex -38.5 95 0
      vertex -39.0221 94.9658 0
    endloop
  endfacet
  facet normal -0.55561 -0.831443 0
    outer loop
      vertex -40.935 0.826586 0
      vertex -40.5 0.535898 22
      vertex -40.935 0.826586 22
    endloop
  endfacet
  facet normal -0.55561 -0.831443 -0
    outer loop
      vertex -40.5 0.535898 22
      vertex -40.935 0.826586 0
      vertex -40.5 0.535898 0
    endloop
  endfacet
  facet normal -0.442262 -0.896886 0
    outer loop
      vertex -40.5 0.535898 0
      vertex -40.0307 0.304482 22
      vertex -40.5 0.535898 22
    endloop
  endfacet
  facet normal -0.442262 -0.896886 -0
    outer loop
      vertex -40.0307 0.304482 22
      vertex -40.5 0.535898 0
      vertex -40.0307 0.304482 0
    endloop
  endfacet
  facet normal -0.831462 -0.555582 0
    outer loop
      vertex -41.6734 1.56495 0
      vertex -41.9641 2 22
      vertex -41.9641 2 0
    endloop
  endfacet
  facet normal -0.831462 -0.555582 0
    outer loop
      vertex -41.9641 2 22
      vertex -41.6734 1.56495 0
      vertex -41.6734 1.56495 22
    endloop
  endfacet
  facet normal 0.659343 0.751842 -0
    outer loop
      vertex 41.3284 93.8284 0
      vertex 40.935 94.1734 22
      vertex 41.3284 93.8284 22
    endloop
  endfacet
  facet normal 0.659343 0.751842 0
    outer loop
      vertex 40.935 94.1734 22
      vertex 41.3284 93.8284 0
      vertex 40.935 94.1734 0
    endloop
  endfacet
  facet normal -0.195124 0.980779 0
    outer loop
      vertex -39.0221 94.9658 0
      vertex -39.5353 94.8637 22
      vertex -39.0221 94.9658 22
    endloop
  endfacet
  facet normal -0.195124 0.980779 0
    outer loop
      vertex -39.5353 94.8637 22
      vertex -39.0221 94.9658 0
      vertex -39.5353 94.8637 0
    endloop
  endfacet
  facet normal 0.442262 -0.896886 0
    outer loop
      vertex 40.0307 0.304482 0
      vertex 40.5 0.535898 22
      vertex 40.0307 0.304482 22
    endloop
  endfacet
  facet normal 0.442262 -0.896886 0
    outer loop
      vertex 40.5 0.535898 22
      vertex 40.0307 0.304482 0
      vertex 40.5 0.535898 0
    endloop
  endfacet
  facet normal -0.980779 0.195124 0
    outer loop
      vertex -42.4658 91.5221 0
      vertex -42.3637 92.0353 22
      vertex -42.3637 92.0353 0
    endloop
  endfacet
  facet normal -0.980779 0.195124 0
    outer loop
      vertex -42.3637 92.0353 22
      vertex -42.4658 91.5221 0
      vertex -42.4658 91.5221 22
    endloop
  endfacet
  facet normal -0.751842 0.659343 0
    outer loop
      vertex -41.6734 93.435 0
      vertex -41.3284 93.8284 22
      vertex -41.3284 93.8284 0
    endloop
  endfacet
  facet normal -0.751842 0.659343 0
    outer loop
      vertex -41.3284 93.8284 22
      vertex -41.6734 93.435 0
      vertex -41.6734 93.435 22
    endloop
  endfacet
  facet normal -0.94692 -0.321469 0
    outer loop
      vertex -42.1955 2.46927 0
      vertex -42.3637 2.96472 22
      vertex -42.3637 2.96472 0
    endloop
  endfacet
  facet normal -0.94692 -0.321469 0
    outer loop
      vertex -42.3637 2.96472 22
      vertex -42.1955 2.46927 0
      vertex -42.1955 2.46927 22
    endloop
  endfacet
  facet normal 0.997861 0.0653646 0
    outer loop
      vertex 42.5 91 22
      vertex 42.4658 91.5221 0
      vertex 42.4658 91.5221 22
    endloop
  endfacet
  facet normal 0.997861 0.0653646 0
    outer loop
      vertex 42.4658 91.5221 0
      vertex 42.5 91 22
      vertex 42.5 91 0
    endloop
  endfacet
  facet normal 0.195124 0.980779 -0
    outer loop
      vertex 39.5353 94.8637 0
      vertex 39.0221 94.9658 22
      vertex 39.5353 94.8637 22
    endloop
  endfacet
  facet normal 0.195124 0.980779 0
    outer loop
      vertex 39.0221 94.9658 22
      vertex 39.5353 94.8637 0
      vertex 39.0221 94.9658 0
    endloop
  endfacet
  facet normal -0.94691 0.321498 0
    outer loop
      vertex -42.3637 92.0353 0
      vertex -42.1955 92.5307 22
      vertex -42.1955 92.5307 0
    endloop
  endfacet
  facet normal -0.94691 0.321498 0
    outer loop
      vertex -42.1955 92.5307 22
      vertex -42.3637 92.0353 0
      vertex -42.3637 92.0353 22
    endloop
  endfacet
  facet normal 0.94691 0.321498 0
    outer loop
      vertex 42.3637 92.0353 22
      vertex 42.1955 92.5307 0
      vertex 42.1955 92.5307 22
    endloop
  endfacet
  facet normal 0.94691 0.321498 0
    outer loop
      vertex 42.1955 92.5307 0
      vertex 42.3637 92.0353 22
      vertex 42.3637 92.0353 0
    endloop
  endfacet
  facet normal -0.831432 0.555626 0
    outer loop
      vertex -41.9641 93 0
      vertex -41.6734 93.435 22
      vertex -41.6734 93.435 0
    endloop
  endfacet
  facet normal -0.831432 0.555626 0
    outer loop
      vertex -41.6734 93.435 22
      vertex -41.9641 93 0
      vertex -41.9641 93 22
    endloop
  endfacet
  facet normal 0 0 1
    outer loop
      vertex 42.5 91 22
      vertex 39.4743 86.3916 22
      vertex 39.5 86 22
    endloop
  endfacet
  facet normal 0 0 1
    outer loop
      vertex 42.5 91 22
      vertex 39.3978 86.7765 22
      vertex 39.4743 86.3916 22
    endloop
  endfacet
  facet normal 0 0 1
    outer loop
      vertex 42.5 91 22
      vertex 39.2716 87.148 22
      vertex 39.3978 86.7765 22
    endloop
  endfacet
  facet normal 0 0 1
    outer loop
      vertex 42.5 91 22
      vertex 39.0981 87.5 22
      vertex 39.2716 87.148 22
    endloop
  endfacet
  facet normal 0 0 1
    outer loop
      vertex 37.648 88.7716 22
      vertex 39.5353 94.8637 22
      vertex 39.0221 94.9658 22
    endloop
  endfacet
  facet normal 0 0 1
    outer loop
      vertex 42.5 91 22
      vertex 38.8801 87.8263 22
      vertex 39.0981 87.5 22
    endloop
  endfacet
  facet normal 0 0 1
    outer loop
      vertex 42.5 91 22
      vertex 38.6213 88.1213 22
      vertex 38.8801 87.8263 22
    endloop
  endfacet
  facet normal 0 0 1
    outer loop
      vertex 37.648 88.7716 22
      vertex 39.0221 94.9658 22
      vertex 38.5 95 22
    endloop
  endfacet
  facet normal 0 0 1
    outer loop
      vertex 42.5 91 22
      vertex 38.3263 88.3801 22
      vertex 38.6213 88.1213 22
    endloop
  endfacet
  facet normal 0 0 1
    outer loop
      vertex 42.5 91 22
      vertex 38 88.5981 22
      vertex 38.3263 88.3801 22
    endloop
  endfacet
  facet normal 0 0 1
    outer loop
      vertex 39.5353 94.8637 22
      vertex 37.648 88.7716 22
      vertex 38 88.5981 22
    endloop
  endfacet
  facet normal 0 0 1
    outer loop
      vertex 38.5 95 22
      vertex 37.2765 88.8978 22
      vertex 37.648 88.7716 22
    endloop
  endfacet
  facet normal 0 0 1
    outer loop
      vertex 38.5 95 22
      vertex 36.8916 88.9743 22
      vertex 37.2765 88.8978 22
    endloop
  endfacet
  facet normal -0 0 1
    outer loop
      vertex 36.3 95 22
      vertex 36.8916 88.9743 22
      vertex 38.5 95 22
    endloop
  endfacet
  facet normal 0 0 1
    outer loop
      vertex 36.8916 88.9743 22
      vertex 36.3 95 22
      vertex 36.5 89 22
    endloop
  endfacet
  facet normal 0 0 1
    outer loop
      vertex 36.5 89 22
      vertex 36.3 95 22
      vertex 36.3 89 22
    endloop
  endfacet
  facet normal 0 0 1
    outer loop
      vertex 42.3637 92.0353 22
      vertex 38 88.5981 22
      vertex 42.4658 91.5221 22
    endloop
  endfacet
  facet normal 0 0 1
    outer loop
      vertex 42.1955 92.5307 22
      vertex 38 88.5981 22
      vertex 42.3637 92.0353 22
    endloop
  endfacet
  facet normal 0 0 1
    outer loop
      vertex 41.9641 93 22
      vertex 38 88.5981 22
      vertex 42.1955 92.5307 22
    endloop
  endfacet
  facet normal 0 0 1
    outer loop
      vertex 41.6734 93.435 22
      vertex 38 88.5981 22
      vertex 41.9641 93 22
    endloop
  endfacet
  facet normal 0 0 1
    outer loop
      vertex 41.3284 93.8284 22
      vertex 38 88.5981 22
      vertex 41.6734 93.435 22
    endloop
  endfacet
  facet normal 0 0 1
    outer loop
      vertex 40.935 94.1734 22
      vertex 38 88.5981 22
      vertex 41.3284 93.8284 22
    endloop
  endfacet
  facet normal 0 0 1
    outer loop
      vertex 40.5 94.4641 22
      vertex 38 88.5981 22
      vertex 40.935 94.1734 22
    endloop
  endfacet
  facet normal 0 0 1
    outer loop
      vertex 40.0307 94.6955 22
      vertex 38 88.5981 22
      vertex 40.5 94.4641 22
    endloop
  endfacet
  facet normal 0 0 1
    outer loop
      vertex 38 88.5981 22
      vertex 40.0307 94.6955 22
      vertex 39.5353 94.8637 22
    endloop
  endfacet
  facet normal 0 0 1
    outer loop
      vertex 42.4658 91.5221 22
      vertex 38 88.5981 22
      vertex 42.5 91 22
    endloop
  endfacet
  facet normal 0 0 1
    outer loop
      vertex 42.5 91 22
      vertex 39.5 86 22
      vertex 42.5 60.05 22
    endloop
  endfacet
  facet normal 0 0 1
    outer loop
      vertex 42.5 60.05 22
      vertex 39.5 86 22
      vertex 39.5 60.05 22
    endloop
  endfacet
  facet normal -0 0 1
    outer loop
      vertex -38.5 95 22
      vertex -38.3 88.3976 22
      vertex -38.3 95 22
    endloop
  endfacet
  facet normal -0 0 1
    outer loop
      vertex -39.0221 94.9658 22
      vertex -38.3 88.3976 22
      vertex -38.5 95 22
    endloop
  endfacet
  facet normal -0 0 1
    outer loop
      vertex -39.5353 94.8637 22
      vertex -38.3 88.3976 22
      vertex -39.0221 94.9658 22
    endloop
  endfacet
  facet normal -0 0 1
    outer loop
      vertex -40.0307 94.6955 22
      vertex -38.3 88.3976 22
      vertex -39.5353 94.8637 22
    endloop
  endfacet
  facet normal -0 0 1
    outer loop
      vertex -40.5 94.4641 22
      vertex -38.3 88.3976 22
      vertex -40.0307 94.6955 22
    endloop
  endfacet
  facet normal -0 0 1
    outer loop
      vertex -40.935 94.1734 22
      vertex -38.3 88.3976 22
      vertex -40.5 94.4641 22
    endloop
  endfacet
  facet normal -0 0 1
    outer loop
      vertex -41.3284 93.8284 22
      vertex -38.3 88.3976 22
      vertex -40.935 94.1734 22
    endloop
  endfacet
  facet normal 0 0 1
    outer loop
      vertex -39.0981 87.5 22
      vertex -42.5 91 22
      vertex -39.2716 87.148 22
    endloop
  endfacet
  facet normal 0 0 1
    outer loop
      vertex -39.2716 87.148 22
      vertex -42.5 91 22
      vertex -39.3978 86.7765 22
    endloop
  endfacet
  facet normal 0 0 1
    outer loop
      vertex -39.3978 86.7765 22
      vertex -42.5 91 22
      vertex -39.4743 86.3916 22
    endloop
  endfacet
  facet normal -0 0 1
    outer loop
      vertex -41.6734 93.435 22
      vertex -38.3 88.3976 22
      vertex -41.3284 93.8284 22
    endloop
  endfacet
  facet normal 0 0 1
    outer loop
      vertex -39.4743 86.3916 22
      vertex -42.5 91 22
      vertex -39.5 86 22
    endloop
  endfacet
  facet normal -0 0 1
    outer loop
      vertex -41.9641 93 22
      vertex -38.3 88.3976 22
      vertex -41.6734 93.435 22
    endloop
  endfacet
  facet normal -0 0 1
    outer loop
      vertex -42.1955 92.5307 22
      vertex -38.3 88.3976 22
      vertex -41.9641 93 22
    endloop
  endfacet
  facet normal -0 0 1
    outer loop
      vertex -42.3637 92.0353 22
      vertex -38.3 88.3976 22
      vertex -42.1955 92.5307 22
    endloop
  endfacet
  facet normal -0 0 1
    outer loop
      vertex -42.4658 91.5221 22
      vertex -38.3 88.3976 22
      vertex -42.3637 92.0353 22
    endloop
  endfacet
  facet normal -0 0 1
    outer loop
      vertex -42.5 91 22
      vertex -38.3 88.3976 22
      vertex -42.4658 91.5221 22
    endloop
  endfacet
  facet normal 0 0 1
    outer loop
      vertex -38.3 88.3976 22
      vertex -42.5 91 22
      vertex -38.3263 88.3801 22
    endloop
  endfacet
  facet normal 0 0 1
    outer loop
      vertex -38.3263 88.3801 22
      vertex -42.5 91 22
      vertex -38.6213 88.1213 22
    endloop
  endfacet
  facet normal 0 0 1
    outer loop
      vertex -38.6213 88.1213 22
      vertex -42.5 91 22
      vertex -38.8801 87.8263 22
    endloop
  endfacet
  facet normal 0 0 1
    outer loop
      vertex -38.8801 87.8263 22
      vertex -42.5 91 22
      vertex -39.0981 87.5 22
    endloop
  endfacet
  facet normal 0 0 1
    outer loop
      vertex -42.5 44.238 22
      vertex -39.5 86 22
      vertex -42.5 91 22
    endloop
  endfacet
  facet normal 0 0 1
    outer loop
      vertex -39.5 86 22
      vertex -42.5 44.238 22
      vertex -39.5 41.238 22
    endloop
  endfacet
  facet normal -0 0 1
    outer loop
      vertex 39.5 34.95 22
      vertex 42.5 4 22
      vertex 42.5 34.95 22
    endloop
  endfacet
  facet normal 0 0 1
    outer loop
      vertex 39.5 3 22
      vertex 42.5 4 22
      vertex 39.5 34.95 22
    endloop
  endfacet
  facet normal 0 0 1
    outer loop
      vertex 42.4658 3.47789 22
      vertex 39.5 3 22
      vertex 42.3637 2.96472 22
    endloop
  endfacet
  facet normal 0 0 1
    outer loop
      vertex 42.3637 2.96472 22
      vertex 39.5 3 22
      vertex 42.1955 2.46927 22
    endloop
  endfacet
  facet normal 0 0 1
    outer loop
      vertex 42.1955 2.46927 22
      vertex 39.5 3 22
      vertex 41.9641 2 22
    endloop
  endfacet
  facet normal -0 0 1
    outer loop
      vertex 39.4743 2.60842 22
      vertex 41.9641 2 22
      vertex 39.5 3 22
    endloop
  endfacet
  facet normal 0 0 1
    outer loop
      vertex 41.9641 2 22
      vertex 39.4743 2.60842 22
      vertex 41.6734 1.56495 22
    endloop
  endfacet
  facet normal -0 0 1
    outer loop
      vertex 39.3978 2.22354 22
      vertex 41.6734 1.56495 22
      vertex 39.4743 2.60842 22
    endloop
  endfacet
  facet normal 0 0 1
    outer loop
      vertex 41.6734 1.56495 22
      vertex 39.3978 2.22354 22
      vertex 41.3284 1.17157 22
    endloop
  endfacet
  facet normal 0 0 1
    outer loop
      vertex 41.3284 1.17157 22
      vertex 39.3978 2.22354 22
      vertex 40.935 0.826586 22
    endloop
  endfacet
  facet normal 0 0 1
    outer loop
      vertex 42.5 4 22
      vertex 39.5 3 22
      vertex 42.4658 3.47789 22
    endloop
  endfacet
  facet normal -0 0 1
    outer loop
      vertex 39.2716 1.85195 22
      vertex 40.935 0.826586 22
      vertex 39.3978 2.22354 22
    endloop
  endfacet
  facet normal 0 0 1
    outer loop
      vertex 40.935 0.826586 22
      vertex 39.2716 1.85195 22
      vertex 40.5 0.535898 22
    endloop
  endfacet
  facet normal -0 0 1
    outer loop
      vertex 39.0981 1.5 22
      vertex 40.5 0.535898 22
      vertex 39.2716 1.85195 22
    endloop
  endfacet
  facet normal 0 0 1
    outer loop
      vertex 40.5 0.535898 22
      vertex 39.0981 1.5 22
      vertex 40.0307 0.304482 22
    endloop
  endfacet
  facet normal -0 0 1
    outer loop
      vertex 38.8801 1.17372 22
      vertex 40.0307 0.304482 22
      vertex 39.0981 1.5 22
    endloop
  endfacet
  facet normal 0 0 1
    outer loop
      vertex 40.0307 0.304482 22
      vertex 38.8801 1.17372 22
      vertex 39.5353 0.136296 22
    endloop
  endfacet
  facet normal -0 0 1
    outer loop
      vertex 38.6213 0.878679 22
      vertex 39.5353 0.136296 22
      vertex 38.8801 1.17372 22
    endloop
  endfacet
  facet normal 0 0 1
    outer loop
      vertex 39.5353 0.136296 22
      vertex 38.6213 0.878679 22
      vertex 39.0221 0.0342197 22
    endloop
  endfacet
  facet normal -0 0 1
    outer loop
      vertex 38.3263 0.61994 22
      vertex 39.0221 0.0342197 22
      vertex 38.6213 0.878679 22
    endloop
  endfacet
  facet normal 0 0 1
    outer loop
      vertex 39.0221 0.0342197 22
      vertex 38.3263 0.61994 22
      vertex 38.5 0 22
    endloop
  endfacet
  facet normal -0 0 1
    outer loop
      vertex 38 0.401923 22
      vertex 38.5 0 22
      vertex 38.3263 0.61994 22
    endloop
  endfacet
  facet normal -0 0 1
    outer loop
      vertex 37.648 0.228361 22
      vertex 38.5 0 22
      vertex 38 0.401923 22
    endloop
  endfacet
  facet normal -0 0 1
    outer loop
      vertex 37.2765 0.102222 22
      vertex 38.5 0 22
      vertex 37.648 0.228361 22
    endloop
  endfacet
  facet normal -0 0 1
    outer loop
      vertex 36.8916 0.0256653 22
      vertex 38.5 0 22
      vertex 37.2765 0.102222 22
    endloop
  endfacet
  facet normal 0 0 1
    outer loop
      vertex 38.5 0 22
      vertex 36.8916 0.0256653 22
      vertex 36.5 0 22
    endloop
  endfacet
  facet normal -0 0 1
    outer loop
      vertex -42.5 23.5 22
      vertex -39.5 3 22
      vertex -39.5 26.5 22
    endloop
  endfacet
  facet normal -0 -0 1
    outer loop
      vertex -42.4658 3.47789 22
      vertex -39.5 3 22
      vertex -42.5 4 22
    endloop
  endfacet
  facet normal 0 0 1
    outer loop
      vertex -39.5 3 22
      vertex -40.0307 0.304482 22
      vertex -39.5353 0.136296 22
    endloop
  endfacet
  facet normal 0 0 1
    outer loop
      vertex -39.5 3 22
      vertex -40.5 0.535898 22
      vertex -40.0307 0.304482 22
    endloop
  endfacet
  facet normal 0 0 1
    outer loop
      vertex -39.5 3 22
      vertex -40.935 0.826586 22
      vertex -40.5 0.535898 22
    endloop
  endfacet
  facet normal 0 0 1
    outer loop
      vertex -39.5 3 22
      vertex -41.3284 1.17157 22
      vertex -40.935 0.826586 22
    endloop
  endfacet
  facet normal 0 0 1
    outer loop
      vertex -39.5 3 22
      vertex -41.6734 1.56495 22
      vertex -41.3284 1.17157 22
    endloop
  endfacet
  facet normal 0 0 1
    outer loop
      vertex -39.5 3 22
      vertex -41.9641 2 22
      vertex -41.6734 1.56495 22
    endloop
  endfacet
  facet normal 0 0 1
    outer loop
      vertex -39.5 3 22
      vertex -42.1955 2.46927 22
      vertex -41.9641 2 22
    endloop
  endfacet
  facet normal 0 0 1
    outer loop
      vertex -39.5 3 22
      vertex -42.3637 2.96472 22
      vertex -42.1955 2.46927 22
    endloop
  endfacet
  facet normal 0 0 1
    outer loop
      vertex -39.5 3 22
      vertex -42.5 23.5 22
      vertex -42.5 4 22
    endloop
  endfacet
  facet normal 0 0 1
    outer loop
      vertex -39.5 3 22
      vertex -42.4658 3.47789 22
      vertex -42.3637 2.96472 22
    endloop
  endfacet
  facet normal 0 0 1
    outer loop
      vertex -36.8916 0.0256653 22
      vertex -38.5 0 22
      vertex -36.5 0 22
    endloop
  endfacet
  facet normal 0 0 1
    outer loop
      vertex -37.2765 0.102222 22
      vertex -38.5 0 22
      vertex -36.8916 0.0256653 22
    endloop
  endfacet
  facet normal 0 0 1
    outer loop
      vertex -37.648 0.228361 22
      vertex -38.5 0 22
      vertex -37.2765 0.102222 22
    endloop
  endfacet
  facet normal 0 0 1
    outer loop
      vertex -38 0.401923 22
      vertex -38.5 0 22
      vertex -37.648 0.228361 22
    endloop
  endfacet
  facet normal 0 0 1
    outer loop
      vertex -38.3263 0.61994 22
      vertex -38.5 0 22
      vertex -38 0.401923 22
    endloop
  endfacet
  facet normal 0 0 1
    outer loop
      vertex -39.0221 0.0342197 22
      vertex -38.3263 0.61994 22
      vertex -38.6213 0.878679 22
    endloop
  endfacet
  facet normal 0 0 1
    outer loop
      vertex -39.5353 0.136296 22
      vertex -38.6213 0.878679 22
      vertex -38.8801 1.17372 22
    endloop
  endfacet
  facet normal 0 0 1
    outer loop
      vertex -38.3263 0.61994 22
      vertex -39.0221 0.0342197 22
      vertex -38.5 0 22
    endloop
  endfacet
  facet normal 0 0 1
    outer loop
      vertex -39.5353 0.136296 22
      vertex -38.8801 1.17372 22
      vertex -39.0981 1.5 22
    endloop
  endfacet
  facet normal 0 0 1
    outer loop
      vertex -39.5353 0.136296 22
      vertex -39.0981 1.5 22
      vertex -39.2716 1.85195 22
    endloop
  endfacet
  facet normal 0 0 1
    outer loop
      vertex -39.5353 0.136296 22
      vertex -39.2716 1.85195 22
      vertex -39.3978 2.22354 22
    endloop
  endfacet
  facet normal 0 0 1
    outer loop
      vertex -39.5353 0.136296 22
      vertex -39.3978 2.22354 22
      vertex -39.4743 2.60842 22
    endloop
  endfacet
  facet normal 0 0 1
    outer loop
      vertex -38.6213 0.878679 22
      vertex -39.5353 0.136296 22
      vertex -39.0221 0.0342197 22
    endloop
  endfacet
  facet normal 0 0 1
    outer loop
      vertex -39.5353 0.136296 22
      vertex -39.4743 2.60842 22
      vertex -39.5 3 22
    endloop
  endfacet
  facet normal -0 0 1
    outer loop
      vertex -21.7 95 22
      vertex -18.3 89 22
      vertex -18.3 95 22
    endloop
  endfacet
  facet normal 0 0 1
    outer loop
      vertex -18.3 89 22
      vertex -21.7 95 22
      vertex -21.7 89 22
    endloop
  endfacet
  facet normal -0 0 1
    outer loop
      vertex -1.7 95 22
      vertex 1.7 89 22
      vertex 1.7 95 22
    endloop
  endfacet
  facet normal 0 0 1
    outer loop
      vertex 1.7 89 22
      vertex -1.7 95 22
      vertex -1.7 89 22
    endloop
  endfacet
  facet normal -0 0 1
    outer loop
      vertex 18.3 95 22
      vertex 19.7 89 22
      vertex 19.7 95 22
    endloop
  endfacet
  facet normal 0 0 1
    outer loop
      vertex 19.7 89 22
      vertex 18.3 95 22
      vertex 18.3 89 22
    endloop
  endfacet
  facet normal 0.442238 0.896898 -0
    outer loop
      vertex 40.5 94.4641 0
      vertex 40.0307 94.6955 22
      vertex 40.5 94.4641 22
    endloop
  endfacet
  facet normal 0.442238 0.896898 0
    outer loop
      vertex 40.0307 94.6955 22
      vertex 40.5 94.4641 0
      vertex 40.0307 94.6955 0
    endloop
  endfacet
  facet normal 0.896873 -0.442289 1.26873e-05
    outer loop
      vertex -39.2716 87.148 3
      vertex -39.0981 87.5 9.1749
      vertex -39.1773 87.3394 9.2294
    endloop
  endfacet
  facet normal 0.897036 -0.441957 0
    outer loop
      vertex -39.2716 87.148 3
      vertex -39.1773 87.3394 9.2294
      vertex -39.2716 87.148 9.32379
    endloop
  endfacet
  facet normal 0.896961 -0.44211 0
    outer loop
      vertex -39.0981 87.5 9.1749
      vertex -39.2716 87.148 3
      vertex -39.0981 87.5 3
    endloop
  endfacet
  facet normal 0.896961 -0.44211 0
    outer loop
      vertex -39.2716 87.148 22
      vertex -39.0981 87.5 18.8251
      vertex -39.0981 87.5 22
    endloop
  endfacet
  facet normal 0.896874 -0.442286 -2.42411e-05
    outer loop
      vertex -39.0981 87.5 18.8251
      vertex -39.2716 87.148 22
      vertex -39.1773 87.3394 18.7706
    endloop
  endfacet
  facet normal 0.897036 -0.441957 0
    outer loop
      vertex -39.1773 87.3394 18.7706
      vertex -39.2716 87.148 22
      vertex -39.2716 87.148 18.6762
    endloop
  endfacet
  facet normal 0.896871 -0.442292 0
    outer loop
      vertex -39.1773 87.3394 15.6294
      vertex -39.0981 87.5 12.4251
      vertex -39.0981 87.5 15.5749
    endloop
  endfacet
  facet normal 0.896871 -0.442292 0
    outer loop
      vertex -39.1773 87.3394 15.6294
      vertex -39.1773 87.3394 12.3706
      vertex -39.0981 87.5 12.4251
    endloop
  endfacet
  facet normal 0.897036 -0.441957 0
    outer loop
      vertex -39.2716 87.148 15.7238
      vertex -39.1773 87.3394 12.3706
      vertex -39.1773 87.3394 15.6294
    endloop
  endfacet
  facet normal 0.897036 -0.441957 0
    outer loop
      vertex -39.1773 87.3394 12.3706
      vertex -39.2716 87.148 15.7238
      vertex -39.2716 87.148 12.2762
    endloop
  endfacet
  facet normal -0.997853 -0.0654873 0
    outer loop
      vertex 39.5 86 3
      vertex 39.4743 86.3916 10.2314
      vertex 39.4743 86.3916 3
    endloop
  endfacet
  facet normal -0.997812 -0.0661158 3.41799e-05
    outer loop
      vertex 39.4743 86.3916 10.2314
      vertex 39.5 86 3
      vertex 39.4772 86.3479 10.36
    endloop
  endfacet
  facet normal -0.997913 -0.0645768 -3.88763e-05
    outer loop
      vertex 39.4772 86.3479 10.36
      vertex 39.5 86 3
      vertex 39.48 86.3045 10.5781
    endloop
  endfacet
  facet normal -0.997861 -0.0653771 -0
    outer loop
      vertex 39.5 86 22
      vertex 39.481 86.29 10.8
      vertex 39.5 86 3
    endloop
  endfacet
  facet normal -0.997715 -0.0675603 8.1526e-05
    outer loop
      vertex 39.48 86.3045 10.5781
      vertex 39.5 86 3
      vertex 39.481 86.29 10.8
    endloop
  endfacet
  facet normal -0.997805 -0.0662159 0
    outer loop
      vertex 39.4772 86.3479 11.24
      vertex 39.4743 86.3916 16.6314
      vertex 39.4743 86.3916 11.3686
    endloop
  endfacet
  facet normal -0.997805 -0.0662159 0
    outer loop
      vertex 39.4772 86.3479 11.24
      vertex 39.4772 86.3479 16.76
      vertex 39.4743 86.3916 16.6314
    endloop
  endfacet
  facet normal -0.997925 -0.0643823 0
    outer loop
      vertex 39.48 86.3045 11.0219
      vertex 39.4772 86.3479 16.76
      vertex 39.4772 86.3479 11.24
    endloop
  endfacet
  facet normal -0.997925 -0.0643823 0
    outer loop
      vertex 39.48 86.3045 11.0219
      vertex 39.48 86.3045 16.9781
      vertex 39.4772 86.3479 16.76
    endloop
  endfacet
  facet normal -0.99763 -0.0688021 0
    outer loop
      vertex 39.481 86.29 10.8
      vertex 39.48 86.3045 16.9781
      vertex 39.48 86.3045 11.0219
    endloop
  endfacet
  facet normal -0.99763 -0.0688021 0
    outer loop
      vertex 39.48 86.3045 16.9781
      vertex 39.481 86.29 10.8
      vertex 39.481 86.29 17.2
    endloop
  endfacet
  facet normal -0.997816 -0.06606 -5.3226e-05
    outer loop
      vertex 39.5 86 22
      vertex 39.4743 86.3916 17.7686
      vertex 39.4772 86.3479 17.64
    endloop
  endfacet
  facet normal -0.997907 -0.0646724 5.79695e-05
    outer loop
      vertex 39.5 86 22
      vertex 39.4772 86.3479 17.64
      vertex 39.48 86.3045 17.4219
    endloop
  endfacet
  facet normal -0.997742 -0.067157 -0.000108004
    outer loop
      vertex 39.5 86 22
      vertex 39.48 86.3045 17.4219
      vertex 39.481 86.29 17.2
    endloop
  endfacet
  facet normal -0.997853 -0.0654873 0
    outer loop
      vertex 39.4743 86.3916 17.7686
      vertex 39.5 86 22
      vertex 39.4743 86.3916 22
    endloop
  endfacet
  facet normal -0.997861 -0.0653771 0
    outer loop
      vertex 39.481 86.29 10.8
      vertex 39.5 86 22
      vertex 39.481 86.29 17.2
    endloop
  endfacet
  facet normal 0.321512 0.946905 -0
    outer loop
      vertex -37.2765 0.102222 3
      vertex -37.648 0.228361 22
      vertex -37.2765 0.102222 22
    endloop
  endfacet
  facet normal 0.321512 0.946905 0
    outer loop
      vertex -37.648 0.228361 22
      vertex -37.2765 0.102222 3
      vertex -37.648 0.228361 3
    endloop
  endfacet
  facet normal 1 0 0
    outer loop
      vertex -39.5 26.5 22
      vertex -39.5 3 22
      vertex -39.5 26.5 5.7
    endloop
  endfacet
  facet normal 1 0 0
    outer loop
      vertex -39.5 41.238 5.7
      vertex -39.5 86 22
      vertex -39.5 41.238 22
    endloop
  endfacet
  facet normal 1 0 0
    outer loop
      vertex -39.5 86 22
      vertex -39.5 41.238 5.7
      vertex -39.5 86 3
    endloop
  endfacet
  facet normal 1 0 0
    outer loop
      vertex -39.5 3 3
      vertex -39.5 41.238 5.7
      vertex -39.5 26.5 5.7
    endloop
  endfacet
  facet normal 1 0 0
    outer loop
      vertex -39.5 41.238 5.7
      vertex -39.5 3 3
      vertex -39.5 86 3
    endloop
  endfacet
  facet normal 1 0 0
    outer loop
      vertex -39.5 3 3
      vertex -39.5 26.5 5.7
      vertex -39.5 3 22
    endloop
  endfacet
  facet normal 0.997853 -0.0654873 0
    outer loop
      vertex -39.5 86 22
      vertex -39.4743 86.3916 17.7686
      vertex -39.4743 86.3916 22
    endloop
  endfacet
  facet normal 0.997816 -0.06606 -5.3226e-05
    outer loop
      vertex -39.4743 86.3916 17.7686
      vertex -39.5 86 22
      vertex -39.4772 86.3479 17.64
    endloop
  endfacet
  facet normal 0.997907 -0.0646724 5.79695e-05
    outer loop
      vertex -39.4772 86.3479 17.64
      vertex -39.5 86 22
      vertex -39.48 86.3045 17.4219
    endloop
  endfacet
  facet normal 0.997861 -0.0653771 0
    outer loop
      vertex -39.481 86.29 17.2
      vertex -39.5 86 22
      vertex -39.481 86.29 10.8
    endloop
  endfacet
  facet normal 0.997742 -0.067157 -0.000108004
    outer loop
      vertex -39.48 86.3045 17.4219
      vertex -39.5 86 22
      vertex -39.481 86.29 17.2
    endloop
  endfacet
  facet normal 0.997805 -0.0662159 0
    outer loop
      vertex -39.4772 86.3479 16.76
      vertex -39.4743 86.3916 11.3686
      vertex -39.4743 86.3916 16.6314
    endloop
  endfacet
  facet normal 0.997805 -0.0662159 0
    outer loop
      vertex -39.4772 86.3479 16.76
      vertex -39.4772 86.3479 11.24
      vertex -39.4743 86.3916 11.3686
    endloop
  endfacet
  facet normal 0.997925 -0.0643823 0
    outer loop
      vertex -39.48 86.3045 16.9781
      vertex -39.4772 86.3479 11.24
      vertex -39.4772 86.3479 16.76
    endloop
  endfacet
  facet normal 0.997925 -0.0643823 0
    outer loop
      vertex -39.48 86.3045 16.9781
      vertex -39.48 86.3045 11.0219
      vertex -39.4772 86.3479 11.24
    endloop
  endfacet
  facet normal 0.99763 -0.0688021 0
    outer loop
      vertex -39.481 86.29 17.2
      vertex -39.48 86.3045 11.0219
      vertex -39.48 86.3045 16.9781
    endloop
  endfacet
  facet normal 0.99763 -0.0688021 0
    outer loop
      vertex -39.48 86.3045 11.0219
      vertex -39.481 86.29 17.2
      vertex -39.481 86.29 10.8
    endloop
  endfacet
  facet normal 0.997812 -0.0661158 3.41799e-05
    outer loop
      vertex -39.5 86 3
      vertex -39.4743 86.3916 10.2314
      vertex -39.4772 86.3479 10.36
    endloop
  endfacet
  facet normal 0.997913 -0.0645768 -3.88763e-05
    outer loop
      vertex -39.5 86 3
      vertex -39.4772 86.3479 10.36
      vertex -39.48 86.3045 10.5781
    endloop
  endfacet
  facet normal 0.997715 -0.0675603 8.1526e-05
    outer loop
      vertex -39.5 86 3
      vertex -39.48 86.3045 10.5781
      vertex -39.481 86.29 10.8
    endloop
  endfacet
  facet normal 0.997861 -0.0653771 0
    outer loop
      vertex -39.5 86 3
      vertex -39.481 86.29 10.8
      vertex -39.5 86 22
    endloop
  endfacet
  facet normal 0.997853 -0.0654873 0
    outer loop
      vertex -39.4743 86.3916 10.2314
      vertex -39.5 86 3
      vertex -39.4743 86.3916 3
    endloop
  endfacet
  facet normal -0.195079 0.980788 0
    outer loop
      vertex 37.2765 0.102222 3
      vertex 36.8916 0.0256653 22
      vertex 37.2765 0.102222 22
    endloop
  endfacet
  facet normal -0.195079 0.980788 0
    outer loop
      vertex 36.8916 0.0256653 22
      vertex 37.2765 0.102222 3
      vertex 36.8916 0.0256653 3
    endloop
  endfacet
  facet normal -1 0 0
    outer loop
      vertex 39.5 60.05 3
      vertex 39.5 86 22
      vertex 39.5 86 3
    endloop
  endfacet
  facet normal -1 -0 0
    outer loop
      vertex 39.5 86 22
      vertex 39.5 60.05 3
      vertex 39.5 60.05 22
    endloop
  endfacet
  facet normal -1 0 0
    outer loop
      vertex 39.5 3 3
      vertex 39.5 34.95 22
      vertex 39.5 34.95 3
    endloop
  endfacet
  facet normal -1 -0 0
    outer loop
      vertex 39.5 34.95 22
      vertex 39.5 3 3
      vertex 39.5 3 22
    endloop
  endfacet
  facet normal 0.65939 0.751801 -0
    outer loop
      vertex -38.3263 0.61994 3
      vertex -38.6213 0.878679 22
      vertex -38.3263 0.61994 22
    endloop
  endfacet
  facet normal 0.65939 0.751801 0
    outer loop
      vertex -38.6213 0.878679 22
      vertex -38.3263 0.61994 3
      vertex -38.6213 0.878679 3
    endloop
  endfacet
  facet normal 0.831485 0.555547 0
    outer loop
      vertex -38.8801 1.17372 22
      vertex -39.0981 1.5 3
      vertex -39.0981 1.5 22
    endloop
  endfacet
  facet normal 0.831485 0.555547 0
    outer loop
      vertex -39.0981 1.5 3
      vertex -38.8801 1.17372 22
      vertex -38.8801 1.17372 3
    endloop
  endfacet
  facet normal 0.980813 0.19495 0
    outer loop
      vertex -39.3978 2.22354 22
      vertex -39.4743 2.60842 3
      vertex -39.4743 2.60842 22
    endloop
  endfacet
  facet normal 0.980813 0.19495 0
    outer loop
      vertex -39.4743 2.60842 3
      vertex -39.3978 2.22354 22
      vertex -39.3978 2.22354 3
    endloop
  endfacet
  facet normal 0.980778 -0.195127 1.13294e-05
    outer loop
      vertex -39.4743 86.3916 3
      vertex -39.3978 86.7765 9.61099
      vertex -39.4247 86.6413 9.76511
    endloop
  endfacet
  facet normal 0.980882 -0.194601 -8.84472e-06
    outer loop
      vertex -39.4743 86.3916 3
      vertex -39.4247 86.6413 9.76511
      vertex -39.4492 86.5178 9.95
    endloop
  endfacet
  facet normal 0.980736 -0.195339 5.0901e-06
    outer loop
      vertex -39.4743 86.3916 3
      vertex -39.4492 86.5178 9.95
      vertex -39.4688 86.4194 10.1494
    endloop
  endfacet
  facet normal 0.980986 -0.19408 0
    outer loop
      vertex -39.4743 86.3916 3
      vertex -39.4688 86.4194 10.1494
      vertex -39.4743 86.3916 10.2314
    endloop
  endfacet
  facet normal 0.980815 -0.19494 0
    outer loop
      vertex -39.3978 86.7765 9.61099
      vertex -39.4743 86.3916 3
      vertex -39.3978 86.7765 3
    endloop
  endfacet
  facet normal 0.980815 -0.19494 0
    outer loop
      vertex -39.4743 86.3916 22
      vertex -39.3978 86.7765 18.389
      vertex -39.3978 86.7765 22
    endloop
  endfacet
  facet normal 0.98078 -0.195118 -1.97223e-05
    outer loop
      vertex -39.3978 86.7765 18.389
      vertex -39.4743 86.3916 22
      vertex -39.4247 86.6413 18.2349
    endloop
  endfacet
  facet normal 0.980881 -0.19461 1.52555e-05
    outer loop
      vertex -39.4247 86.6413 18.2349
      vertex -39.4743 86.3916 22
      vertex -39.4492 86.5178 18.05
    endloop
  endfacet
  facet normal 0.980737 -0.195332 -8.72094e-06
    outer loop
      vertex -39.4492 86.5178 18.05
      vertex -39.4743 86.3916 22
      vertex -39.4688 86.4194 17.8506
    endloop
  endfacet
  facet normal 0.980986 -0.19408 0
    outer loop
      vertex -39.4688 86.4194 17.8506
      vertex -39.4743 86.3916 22
      vertex -39.4743 86.3916 17.7686
    endloop
  endfacet
  facet normal 0.980775 -0.19514 0
    outer loop
      vertex -39.4247 86.6413 16.1651
      vertex -39.3978 86.7765 11.989
      vertex -39.3978 86.7765 16.011
    endloop
  endfacet
  facet normal 0.980775 -0.19514 0
    outer loop
      vertex -39.4247 86.6413 16.1651
      vertex -39.4247 86.6413 11.8349
      vertex -39.3978 86.7765 11.989
    endloop
  endfacet
  facet normal 0.980885 -0.194589 0
    outer loop
      vertex -39.4492 86.5178 16.35
      vertex -39.4247 86.6413 11.8349
      vertex -39.4247 86.6413 16.1651
    endloop
  endfacet
  facet normal 0.980885 -0.194589 0
    outer loop
      vertex -39.4492 86.5178 16.35
      vertex -39.4492 86.5178 11.65
      vertex -39.4247 86.6413 11.8349
    endloop
  endfacet
  facet normal 0.980734 -0.195349 0
    outer loop
      vertex -39.4688 86.4194 16.5494
      vertex -39.4492 86.5178 11.65
      vertex -39.4492 86.5178 16.35
    endloop
  endfacet
  facet normal 0.980734 -0.195349 0
    outer loop
      vertex -39.4688 86.4194 16.5494
      vertex -39.4688 86.4194 11.4506
      vertex -39.4492 86.5178 11.65
    endloop
  endfacet
  facet normal 0.980986 -0.19408 0
    outer loop
      vertex -39.4743 86.3916 16.6314
      vertex -39.4688 86.4194 11.4506
      vertex -39.4688 86.4194 16.5494
    endloop
  endfacet
  facet normal 0.980986 -0.19408 0
    outer loop
      vertex -39.4688 86.4194 11.4506
      vertex -39.4743 86.3916 16.6314
      vertex -39.4743 86.3916 11.3686
    endloop
  endfacet
  facet normal 0.943944 -0.330105 0.000554779
    outer loop
      vertex -39.3978 86.7765 3
      vertex -39.2716 87.148 9.32379
      vertex -39.2744 87.14 9.32776
    endloop
  endfacet
  facet normal 0.947028 -0.321152 -1.96513e-05
    outer loop
      vertex -39.3978 86.7765 3
      vertex -39.2744 87.14 9.32776
      vertex -39.3371 86.9551 9.4513
    endloop
  endfacet
  facet normal 0.946855 -0.321662 -3.90793e-06
    outer loop
      vertex -39.3978 86.7765 3
      vertex -39.3371 86.9551 9.4513
      vertex -39.3939 86.7879 9.59792
    endloop
  endfacet
  facet normal 0.946164 -0.323688 0
    outer loop
      vertex -39.3978 86.7765 3
      vertex -39.3939 86.7879 9.59792
      vertex -39.3978 86.7765 9.61099
    endloop
  endfacet
  facet normal 0.946858 -0.321651 0
    outer loop
      vertex -39.2716 87.148 9.32379
      vertex -39.3978 86.7765 3
      vertex -39.2716 87.148 3
    endloop
  endfacet
  facet normal 0.946858 -0.321651 0
    outer loop
      vertex -39.3978 86.7765 22
      vertex -39.2716 87.148 18.6762
      vertex -39.2716 87.148 22
    endloop
  endfacet
  facet normal 0.944018 -0.329892 -0.00102887
    outer loop
      vertex -39.2716 87.148 18.6762
      vertex -39.3978 86.7765 22
      vertex -39.2744 87.14 18.6722
    endloop
  endfacet
  facet normal 0.947024 -0.321162 3.61624e-05
    outer loop
      vertex -39.2744 87.14 18.6722
      vertex -39.3978 86.7765 22
      vertex -39.3371 86.9551 18.5487
    endloop
  endfacet
  facet normal 0.946854 -0.321665 7.15744e-06
    outer loop
      vertex -39.3371 86.9551 18.5487
      vertex -39.3978 86.7765 22
      vertex -39.3939 86.7879 18.4021
    endloop
  endfacet
  facet normal 0.946164 -0.323688 0
    outer loop
      vertex -39.3939 86.7879 18.4021
      vertex -39.3978 86.7765 22
      vertex -39.3978 86.7765 18.389
    endloop
  endfacet
  facet normal 0.943858 -0.33035 0
    outer loop
      vertex -39.2744 87.14 15.7278
      vertex -39.2716 87.148 12.2762
      vertex -39.2716 87.148 15.7238
    endloop
  endfacet
  facet normal 0.943858 -0.33035 0
    outer loop
      vertex -39.2744 87.14 15.7278
      vertex -39.2744 87.14 12.2722
      vertex -39.2716 87.148 12.2762
    endloop
  endfacet
  facet normal 0.947032 -0.321141 0
    outer loop
      vertex -39.3371 86.9551 15.8513
      vertex -39.2744 87.14 12.2722
      vertex -39.2744 87.14 15.7278
    endloop
  endfacet
  facet normal 0.947032 -0.321141 0
    outer loop
      vertex -39.3371 86.9551 15.8513
      vertex -39.3371 86.9551 12.1487
      vertex -39.2744 87.14 12.2722
    endloop
  endfacet
  facet normal 0.946856 -0.321659 0
    outer loop
      vertex -39.3939 86.7879 15.9979
      vertex -39.3371 86.9551 12.1487
      vertex -39.3371 86.9551 15.8513
    endloop
  endfacet
  facet normal 0.946856 -0.321659 0
    outer loop
      vertex -39.3939 86.7879 15.9979
      vertex -39.3939 86.7879 12.0021
      vertex -39.3371 86.9551 12.1487
    endloop
  endfacet
  facet normal 0.946164 -0.323688 0
    outer loop
      vertex -39.3978 86.7765 16.011
      vertex -39.3939 86.7879 12.0021
      vertex -39.3939 86.7879 15.9979
    endloop
  endfacet
  facet normal 0.946164 -0.323688 0
    outer loop
      vertex -39.3939 86.7879 12.0021
      vertex -39.3978 86.7765 16.011
      vertex -39.3978 86.7765 11.989
    endloop
  endfacet
  facet normal 0.946882 0.321582 0
    outer loop
      vertex -39.2716 1.85195 22
      vertex -39.3978 2.22354 3
      vertex -39.3978 2.22354 22
    endloop
  endfacet
  facet normal 0.946882 0.321582 0
    outer loop
      vertex -39.3978 2.22354 3
      vertex -39.2716 1.85195 22
      vertex -39.2716 1.85195 3
    endloop
  endfacet
  facet normal 0.321651 -0.946858 0
    outer loop
      vertex -37.648 88.7716 3
      vertex -37.2765 88.8978 5.7
      vertex -37.648 88.7716 5.7
    endloop
  endfacet
  facet normal 0.321651 -0.946858 0
    outer loop
      vertex -37.2765 88.8978 5.7
      vertex -37.648 88.7716 3
      vertex -37.2765 88.8978 3
    endloop
  endfacet
  facet normal -0.751769 0.659426 0
    outer loop
      vertex 38.6213 0.878679 3
      vertex 38.8801 1.17372 22
      vertex 38.8801 1.17372 3
    endloop
  endfacet
  facet normal -0.751769 0.659426 0
    outer loop
      vertex 38.8801 1.17372 22
      vertex 38.6213 0.878679 3
      vertex 38.6213 0.878679 22
    endloop
  endfacet
  facet normal 0.896936 0.44216 0
    outer loop
      vertex -39.0981 1.5 22
      vertex -39.2716 1.85195 3
      vertex -39.2716 1.85195 22
    endloop
  endfacet
  facet normal 0.896936 0.44216 0
    outer loop
      vertex -39.2716 1.85195 3
      vertex -39.0981 1.5 22
      vertex -39.0981 1.5 3
    endloop
  endfacet
  facet normal 0.19494 -0.980815 0
    outer loop
      vertex -37.2765 88.8978 3
      vertex -36.8916 88.9743 5.7
      vertex -37.2765 88.8978 5.7
    endloop
  endfacet
  facet normal 0.19494 -0.980815 0
    outer loop
      vertex -36.8916 88.9743 5.7
      vertex -37.2765 88.8978 3
      vertex -36.8916 88.9743 3
    endloop
  endfacet
  facet normal 0.442237 0.896898 -0
    outer loop
      vertex -37.648 0.228361 3
      vertex -38 0.401923 22
      vertex -37.648 0.228361 22
    endloop
  endfacet
  facet normal 0.442237 0.896898 0
    outer loop
      vertex -38 0.401923 22
      vertex -37.648 0.228361 3
      vertex -38 0.401923 3
    endloop
  endfacet
  facet normal 0.997853 0.0654906 0
    outer loop
      vertex -39.4743 2.60842 22
      vertex -39.5 3 3
      vertex -39.5 3 22
    endloop
  endfacet
  facet normal 0.997853 0.0654906 0
    outer loop
      vertex -39.5 3 3
      vertex -39.4743 2.60842 22
      vertex -39.4743 2.60842 3
    endloop
  endfacet
  facet normal 0.44211 -0.896961 0
    outer loop
      vertex -38 88.5981 3
      vertex -37.648 88.7716 5.7
      vertex -38 88.5981 5.7
    endloop
  endfacet
  facet normal 0.44211 -0.896961 0
    outer loop
      vertex -37.648 88.7716 5.7
      vertex -38 88.5981 3
      vertex -37.648 88.7716 3
    endloop
  endfacet
  facet normal 0 -1 0
    outer loop
      vertex -36.5 89 3
      vertex -21.7 89 5.7
      vertex -36.5 89 5.7
    endloop
  endfacet
  facet normal 0 -1 -0
    outer loop
      vertex -21.7 89 5.7
      vertex -36.5 89 3
      vertex -18.3 89 5.7
    endloop
  endfacet
  facet normal 0 -1 -0
    outer loop
      vertex -18.3 89 5.7
      vertex -36.5 89 3
      vertex -1.7 89 5.7
    endloop
  endfacet
  facet normal 0 -1 -0
    outer loop
      vertex -1.7 89 5.7
      vertex -36.5 89 3
      vertex 1.7 89 5.7
    endloop
  endfacet
  facet normal 0 -1 0
    outer loop
      vertex 36.5 89 3
      vertex 1.7 89 5.7
      vertex -36.5 89 3
    endloop
  endfacet
  facet normal 0 -1 0
    outer loop
      vertex 1.7 89 5.7
      vertex 36.5 89 3
      vertex 18.3 89 5.7
    endloop
  endfacet
  facet normal 0 -1 0
    outer loop
      vertex 18.3 89 5.7
      vertex 36.5 89 3
      vertex 19.7 89 5.7
    endloop
  endfacet
  facet normal 0 -1 0
    outer loop
      vertex -21.7 89 5.7
      vertex -18.3 89 9.43466
      vertex -21.7 89 9.43466
    endloop
  endfacet
  facet normal 0 -1 -0
    outer loop
      vertex -18.3 89 9.43466
      vertex -21.7 89 5.7
      vertex -18.3 89 5.7
    endloop
  endfacet
  facet normal 0 -1 0
    outer loop
      vertex -1.7 89 5.7
      vertex 1.7 89 9.43466
      vertex -1.7 89 9.43466
    endloop
  endfacet
  facet normal 0 -1 -0
    outer loop
      vertex 1.7 89 9.43466
      vertex -1.7 89 5.7
      vertex 1.7 89 5.7
    endloop
  endfacet
  facet normal 0 -1 0
    outer loop
      vertex 18.3 89 5.7
      vertex 19.7 89 9.43466
      vertex 18.3 89 9.43466
    endloop
  endfacet
  facet normal 0 -1 -0
    outer loop
      vertex 19.7 89 9.43466
      vertex 18.3 89 5.7
      vertex 19.7 89 5.7
    endloop
  endfacet
  facet normal 0 -1 0
    outer loop
      vertex 36.3 89 5.7
      vertex 36.5 89 9.43466
      vertex 36.3 89 9.43466
    endloop
  endfacet
  facet normal 0 -1 0
    outer loop
      vertex 36.3 89 5.7
      vertex 36.5 89 3
      vertex 36.5 89 9.43466
    endloop
  endfacet
  facet normal 0 -1 0
    outer loop
      vertex 19.7 89 5.7
      vertex 36.5 89 3
      vertex 36.3 89 5.7
    endloop
  endfacet
  facet normal 0 -1 0
    outer loop
      vertex 36.3 89 18.5653
      vertex 36.5 89 22
      vertex 36.3 89 22
    endloop
  endfacet
  facet normal 0 -1 -0
    outer loop
      vertex 36.5 89 22
      vertex 36.3 89 18.5653
      vertex 36.5 89 18.5653
    endloop
  endfacet
  facet normal 0 -1 0
    outer loop
      vertex -21.7 89 18.5653
      vertex -18.3 89 22
      vertex -21.7 89 22
    endloop
  endfacet
  facet normal 0 -1 -0
    outer loop
      vertex -18.3 89 22
      vertex -21.7 89 18.5653
      vertex -18.3 89 18.5653
    endloop
  endfacet
  facet normal 0 -1 0
    outer loop
      vertex -1.7 89 18.5653
      vertex 1.7 89 22
      vertex -1.7 89 22
    endloop
  endfacet
  facet normal 0 -1 -0
    outer loop
      vertex 1.7 89 22
      vertex -1.7 89 18.5653
      vertex 1.7 89 18.5653
    endloop
  endfacet
  facet normal 0 -1 0
    outer loop
      vertex 18.3 89 18.5653
      vertex 19.7 89 22
      vertex 18.3 89 22
    endloop
  endfacet
  facet normal 0 -1 -0
    outer loop
      vertex 19.7 89 22
      vertex 18.3 89 18.5653
      vertex 19.7 89 18.5653
    endloop
  endfacet
  facet normal 0 -1 0
    outer loop
      vertex 36.3 89 12.1653
      vertex 36.5 89 15.8347
      vertex 36.3 89 15.8347
    endloop
  endfacet
  facet normal 0 -1 -0
    outer loop
      vertex 36.5 89 15.8347
      vertex 36.3 89 12.1653
      vertex 36.5 89 12.1653
    endloop
  endfacet
  facet normal 0 -1 0
    outer loop
      vertex -21.7 89 12.1653
      vertex -18.3 89 15.8347
      vertex -21.7 89 15.8347
    endloop
  endfacet
  facet normal 0 -1 -0
    outer loop
      vertex -18.3 89 15.8347
      vertex -21.7 89 12.1653
      vertex -18.3 89 12.1653
    endloop
  endfacet
  facet normal 0 -1 0
    outer loop
      vertex -1.7 89 12.1653
      vertex 1.7 89 15.8347
      vertex -1.7 89 15.8347
    endloop
  endfacet
  facet normal 0 -1 -0
    outer loop
      vertex 1.7 89 15.8347
      vertex -1.7 89 12.1653
      vertex 1.7 89 12.1653
    endloop
  endfacet
  facet normal 0 -1 0
    outer loop
      vertex 18.3 89 12.1653
      vertex 19.7 89 15.8347
      vertex 18.3 89 15.8347
    endloop
  endfacet
  facet normal 0 -1 -0
    outer loop
      vertex 19.7 89 15.8347
      vertex 18.3 89 12.1653
      vertex 19.7 89 12.1653
    endloop
  endfacet
  facet normal -0.997853 0.0654906 0
    outer loop
      vertex 39.4743 2.60842 3
      vertex 39.5 3 22
      vertex 39.5 3 3
    endloop
  endfacet
  facet normal -0.997853 0.0654906 0
    outer loop
      vertex 39.5 3 22
      vertex 39.4743 2.60842 3
      vertex 39.4743 2.60842 22
    endloop
  endfacet
  facet normal -0.555553 0.831481 0
    outer loop
      vertex 38.3263 0.61994 3
      vertex 38 0.401923 22
      vertex 38.3263 0.61994 22
    endloop
  endfacet
  facet normal -0.555553 0.831481 0
    outer loop
      vertex 38 0.401923 22
      vertex 38.3263 0.61994 3
      vertex 38 0.401923 3
    endloop
  endfacet
  facet normal -0.896961 -0.44211 0
    outer loop
      vertex 39.2716 87.148 3
      vertex 39.0981 87.5 9.1749
      vertex 39.0981 87.5 3
    endloop
  endfacet
  facet normal -0.896873 -0.442289 1.26873e-05
    outer loop
      vertex 39.0981 87.5 9.1749
      vertex 39.2716 87.148 3
      vertex 39.1773 87.3394 9.2294
    endloop
  endfacet
  facet normal -0.897036 -0.441957 0
    outer loop
      vertex 39.1773 87.3394 9.2294
      vertex 39.2716 87.148 3
      vertex 39.2716 87.148 9.32379
    endloop
  endfacet
  facet normal -0.896874 -0.442286 -2.42411e-05
    outer loop
      vertex 39.2716 87.148 22
      vertex 39.0981 87.5 18.8251
      vertex 39.1773 87.3394 18.7706
    endloop
  endfacet
  facet normal -0.897036 -0.441957 -0
    outer loop
      vertex 39.2716 87.148 22
      vertex 39.1773 87.3394 18.7706
      vertex 39.2716 87.148 18.6762
    endloop
  endfacet
  facet normal -0.896961 -0.44211 0
    outer loop
      vertex 39.0981 87.5 18.8251
      vertex 39.2716 87.148 22
      vertex 39.0981 87.5 22
    endloop
  endfacet
  facet normal -0.896871 -0.442292 0
    outer loop
      vertex 39.1773 87.3394 12.3706
      vertex 39.0981 87.5 15.5749
      vertex 39.0981 87.5 12.4251
    endloop
  endfacet
  facet normal -0.896871 -0.442292 0
    outer loop
      vertex 39.1773 87.3394 12.3706
      vertex 39.1773 87.3394 15.6294
      vertex 39.0981 87.5 15.5749
    endloop
  endfacet
  facet normal -0.897036 -0.441957 0
    outer loop
      vertex 39.2716 87.148 12.2762
      vertex 39.1773 87.3394 15.6294
      vertex 39.1773 87.3394 12.3706
    endloop
  endfacet
  facet normal -0.897036 -0.441957 0
    outer loop
      vertex 39.1773 87.3394 15.6294
      vertex 39.2716 87.148 12.2762
      vertex 39.2716 87.148 15.7238
    endloop
  endfacet
  facet normal -0.896936 0.44216 0
    outer loop
      vertex 39.0981 1.5 3
      vertex 39.2716 1.85195 22
      vertex 39.2716 1.85195 3
    endloop
  endfacet
  facet normal -0.896936 0.44216 0
    outer loop
      vertex 39.2716 1.85195 22
      vertex 39.0981 1.5 3
      vertex 39.0981 1.5 22
    endloop
  endfacet
  facet normal -0.831485 0.555547 0
    outer loop
      vertex 38.8801 1.17372 3
      vertex 39.0981 1.5 22
      vertex 39.0981 1.5 3
    endloop
  endfacet
  facet normal -0.831485 0.555547 0
    outer loop
      vertex 39.0981 1.5 22
      vertex 38.8801 1.17372 3
      vertex 38.8801 1.17372 22
    endloop
  endfacet
  facet normal -0.65939 0.751801 0
    outer loop
      vertex 38.6213 0.878679 3
      vertex 38.3263 0.61994 22
      vertex 38.6213 0.878679 22
    endloop
  endfacet
  facet normal -0.65939 0.751801 0
    outer loop
      vertex 38.3263 0.61994 22
      vertex 38.6213 0.878679 3
      vertex 38.3263 0.61994 3
    endloop
  endfacet
  facet normal 0.751769 0.659426 0
    outer loop
      vertex -38.6213 0.878679 22
      vertex -38.8801 1.17372 3
      vertex -38.8801 1.17372 22
    endloop
  endfacet
  facet normal 0.751769 0.659426 0
    outer loop
      vertex -38.8801 1.17372 3
      vertex -38.6213 0.878679 22
      vertex -38.6213 0.878679 3
    endloop
  endfacet
  facet normal -0.555539 -0.831491 0
    outer loop
      vertex 38 88.5981 3
      vertex 38.2516 88.43 9.15793
      vertex 38 88.5981 9.21498
    endloop
  endfacet
  facet normal -0.555471 -0.831536 -4.00937e-06
    outer loop
      vertex 38 88.5981 3
      vertex 38.3263 88.3801 9.14799
      vertex 38.2516 88.43 9.15793
    endloop
  endfacet
  facet normal -0.555523 -0.831501 -0
    outer loop
      vertex 38.3263 88.3801 9.14799
      vertex 38 88.5981 3
      vertex 38.3263 88.3801 3
    endloop
  endfacet
  facet normal -0.555523 -0.831501 0
    outer loop
      vertex 38 88.5981 22
      vertex 38.3263 88.3801 18.852
      vertex 38.3263 88.3801 22
    endloop
  endfacet
  facet normal -0.555471 -0.831536 7.77866e-06
    outer loop
      vertex 38 88.5981 22
      vertex 38.2516 88.43 18.8421
      vertex 38.3263 88.3801 18.852
    endloop
  endfacet
  facet normal -0.555539 -0.831491 0
    outer loop
      vertex 38.2516 88.43 18.8421
      vertex 38 88.5981 22
      vertex 38 88.5981 18.785
    endloop
  endfacet
  facet normal -0.555471 -0.831536 0
    outer loop
      vertex 38.2516 88.43 15.5579
      vertex 38.3263 88.3801 12.452
      vertex 38.3263 88.3801 15.548
    endloop
  endfacet
  facet normal -0.555539 -0.831491 0
    outer loop
      vertex 38.2516 88.43 12.4421
      vertex 38.2516 88.43 15.5579
      vertex 38 88.5981 15.615
    endloop
  endfacet
  facet normal -0.555471 -0.831536 -0
    outer loop
      vertex 38.2516 88.43 15.5579
      vertex 38.2516 88.43 12.4421
      vertex 38.3263 88.3801 12.452
    endloop
  endfacet
  facet normal -0.555539 -0.831491 0
    outer loop
      vertex 38.2516 88.43 12.4421
      vertex 38 88.5981 15.615
      vertex 38 88.5981 12.385
    endloop
  endfacet
  facet normal 0.195079 0.980788 -0
    outer loop
      vertex -36.8916 0.0256653 3
      vertex -37.2765 0.102222 22
      vertex -36.8916 0.0256653 22
    endloop
  endfacet
  facet normal 0.195079 0.980788 0
    outer loop
      vertex -37.2765 0.102222 22
      vertex -36.8916 0.0256653 3
      vertex -37.2765 0.102222 3
    endloop
  endfacet
  facet normal -0.980815 -0.19494 0
    outer loop
      vertex 39.4743 86.3916 3
      vertex 39.3978 86.7765 9.61099
      vertex 39.3978 86.7765 3
    endloop
  endfacet
  facet normal -0.980778 -0.195127 1.13294e-05
    outer loop
      vertex 39.3978 86.7765 9.61099
      vertex 39.4743 86.3916 3
      vertex 39.4247 86.6413 9.76511
    endloop
  endfacet
  facet normal -0.980882 -0.194601 -8.84472e-06
    outer loop
      vertex 39.4247 86.6413 9.76511
      vertex 39.4743 86.3916 3
      vertex 39.4492 86.5178 9.95
    endloop
  endfacet
  facet normal -0.980736 -0.195339 5.0901e-06
    outer loop
      vertex 39.4492 86.5178 9.95
      vertex 39.4743 86.3916 3
      vertex 39.4688 86.4194 10.1494
    endloop
  endfacet
  facet normal -0.980986 -0.19408 0
    outer loop
      vertex 39.4688 86.4194 10.1494
      vertex 39.4743 86.3916 3
      vertex 39.4743 86.3916 10.2314
    endloop
  endfacet
  facet normal -0.98078 -0.195118 -1.97223e-05
    outer loop
      vertex 39.4743 86.3916 22
      vertex 39.3978 86.7765 18.389
      vertex 39.4247 86.6413 18.2349
    endloop
  endfacet
  facet normal -0.980881 -0.19461 1.52555e-05
    outer loop
      vertex 39.4743 86.3916 22
      vertex 39.4247 86.6413 18.2349
      vertex 39.4492 86.5178 18.05
    endloop
  endfacet
  facet normal -0.980737 -0.195332 -8.72094e-06
    outer loop
      vertex 39.4743 86.3916 22
      vertex 39.4492 86.5178 18.05
      vertex 39.4688 86.4194 17.8506
    endloop
  endfacet
  facet normal -0.980986 -0.19408 -0
    outer loop
      vertex 39.4743 86.3916 22
      vertex 39.4688 86.4194 17.8506
      vertex 39.4743 86.3916 17.7686
    endloop
  endfacet
  facet normal -0.980815 -0.19494 0
    outer loop
      vertex 39.3978 86.7765 18.389
      vertex 39.4743 86.3916 22
      vertex 39.3978 86.7765 22
    endloop
  endfacet
  facet normal -0.980775 -0.19514 0
    outer loop
      vertex 39.4247 86.6413 11.8349
      vertex 39.3978 86.7765 16.011
      vertex 39.3978 86.7765 11.989
    endloop
  endfacet
  facet normal -0.980775 -0.19514 0
    outer loop
      vertex 39.4247 86.6413 11.8349
      vertex 39.4247 86.6413 16.1651
      vertex 39.3978 86.7765 16.011
    endloop
  endfacet
  facet normal -0.980885 -0.194589 0
    outer loop
      vertex 39.4492 86.5178 11.65
      vertex 39.4247 86.6413 16.1651
      vertex 39.4247 86.6413 11.8349
    endloop
  endfacet
  facet normal -0.980885 -0.194589 0
    outer loop
      vertex 39.4492 86.5178 11.65
      vertex 39.4492 86.5178 16.35
      vertex 39.4247 86.6413 16.1651
    endloop
  endfacet
  facet normal -0.980734 -0.195349 0
    outer loop
      vertex 39.4688 86.4194 11.4506
      vertex 39.4492 86.5178 16.35
      vertex 39.4492 86.5178 11.65
    endloop
  endfacet
  facet normal -0.980734 -0.195349 0
    outer loop
      vertex 39.4688 86.4194 11.4506
      vertex 39.4688 86.4194 16.5494
      vertex 39.4492 86.5178 16.35
    endloop
  endfacet
  facet normal -0.980986 -0.19408 0
    outer loop
      vertex 39.4743 86.3916 11.3686
      vertex 39.4688 86.4194 16.5494
      vertex 39.4688 86.4194 11.4506
    endloop
  endfacet
  facet normal -0.980986 -0.19408 0
    outer loop
      vertex 39.4688 86.4194 16.5494
      vertex 39.4743 86.3916 11.3686
      vertex 39.4743 86.3916 16.6314
    endloop
  endfacet
  facet normal -0.831501 -0.555523 0
    outer loop
      vertex 39.0981 87.5 3
      vertex 38.8801 87.8263 9.11073
      vertex 38.8801 87.8263 3
    endloop
  endfacet
  facet normal -0.832048 -0.554703 -6.33209e-05
    outer loop
      vertex 38.8801 87.8263 9.11073
      vertex 39.0981 87.5 3
      vertex 38.9189 87.7681 9.11454
    endloop
  endfacet
  facet normal -0.831346 -0.555755 3.3743e-06
    outer loop
      vertex 38.9189 87.7681 9.11454
      vertex 39.0981 87.5 3
      vertex 39.0647 87.55 9.15793
    endloop
  endfacet
  facet normal -0.831538 -0.555468 0
    outer loop
      vertex 39.0647 87.55 9.15793
      vertex 39.0981 87.5 3
      vertex 39.0981 87.5 9.1749
    endloop
  endfacet
  facet normal -0.83205 -0.5547 0
    outer loop
      vertex 38.9189 87.7681 18.8855
      vertex 38.8801 87.8263 22
      vertex 38.8801 87.8263 18.8893
    endloop
  endfacet
  facet normal -0.831347 -0.555754 -6.56984e-06
    outer loop
      vertex 39.0981 87.5 22
      vertex 38.9189 87.7681 18.8855
      vertex 39.0647 87.55 18.8421
    endloop
  endfacet
  facet normal -0.831538 -0.555468 -0
    outer loop
      vertex 39.0981 87.5 22
      vertex 39.0647 87.55 18.8421
      vertex 39.0981 87.5 18.8251
    endloop
  endfacet
  facet normal -0.831501 -0.555523 2.22222e-05
    outer loop
      vertex 38.9189 87.7681 18.8855
      vertex 39.0981 87.5 22
      vertex 38.8801 87.8263 22
    endloop
  endfacet
  facet normal -0.83205 -0.5547 0
    outer loop
      vertex 38.9189 87.7681 12.4855
      vertex 38.8801 87.8263 15.5107
      vertex 38.8801 87.8263 12.4893
    endloop
  endfacet
  facet normal -0.83205 -0.5547 0
    outer loop
      vertex 38.9189 87.7681 12.4855
      vertex 38.9189 87.7681 15.5145
      vertex 38.8801 87.8263 15.5107
    endloop
  endfacet
  facet normal -0.831346 -0.555755 0
    outer loop
      vertex 39.0647 87.55 12.4421
      vertex 38.9189 87.7681 15.5145
      vertex 38.9189 87.7681 12.4855
    endloop
  endfacet
  facet normal -0.831346 -0.555755 0
    outer loop
      vertex 39.0647 87.55 12.4421
      vertex 39.0647 87.55 15.5579
      vertex 38.9189 87.7681 15.5145
    endloop
  endfacet
  facet normal -0.831538 -0.555468 0
    outer loop
      vertex 39.0981 87.5 12.4251
      vertex 39.0647 87.55 15.5579
      vertex 39.0647 87.55 12.4421
    endloop
  endfacet
  facet normal -0.831538 -0.555468 0
    outer loop
      vertex 39.0647 87.55 15.5579
      vertex 39.0981 87.5 12.4251
      vertex 39.0981 87.5 15.5749
    endloop
  endfacet
  facet normal -0.980813 0.19495 0
    outer loop
      vertex 39.3978 2.22354 3
      vertex 39.4743 2.60842 22
      vertex 39.4743 2.60842 3
    endloop
  endfacet
  facet normal -0.980813 0.19495 0
    outer loop
      vertex 39.4743 2.60842 22
      vertex 39.3978 2.22354 3
      vertex 39.3978 2.22354 22
    endloop
  endfacet
  facet normal -0.0654873 -0.997853 0
    outer loop
      vertex 36.5 89 3
      vertex 36.8916 88.9743 9.41751
      vertex 36.5 89 9.43466
    endloop
  endfacet
  facet normal -0.0654873 -0.997853 -0
    outer loop
      vertex 36.8916 88.9743 9.41751
      vertex 36.5 89 3
      vertex 36.8916 88.9743 3
    endloop
  endfacet
  facet normal -0.0654873 -0.997853 0
    outer loop
      vertex 36.5 89 22
      vertex 36.8916 88.9743 18.5825
      vertex 36.8916 88.9743 22
    endloop
  endfacet
  facet normal -0.0654873 -0.997853 0
    outer loop
      vertex 36.8916 88.9743 18.5825
      vertex 36.5 89 22
      vertex 36.5 89 18.5653
    endloop
  endfacet
  facet normal -0.0654873 -0.997853 0
    outer loop
      vertex 36.5 89 15.8347
      vertex 36.8916 88.9743 12.1825
      vertex 36.8916 88.9743 15.8175
    endloop
  endfacet
  facet normal -0.0654873 -0.997853 0
    outer loop
      vertex 36.8916 88.9743 12.1825
      vertex 36.5 89 15.8347
      vertex 36.5 89 12.1653
    endloop
  endfacet
  facet normal 0.659478 -0.751724 0
    outer loop
      vertex -38.3263 88.3801 3
      vertex -38.6213 88.1213 9.10861
      vertex -38.6213 88.1213 3
    endloop
  endfacet
  facet normal 0.65938 -0.75181 -8.36441e-06
    outer loop
      vertex -38.6213 88.1213 9.10861
      vertex -38.3263 88.3801 3
      vertex -38.518 88.2119 9.11454
    endloop
  endfacet
  facet normal 0.659531 -0.751677 0
    outer loop
      vertex -38.518 88.2119 9.11454
      vertex -38.3263 88.3801 3
      vertex -38.3263 88.3801 9.14799
    endloop
  endfacet
  facet normal 0.659478 -0.751724 0
    outer loop
      vertex -38.6213 88.1213 18.8914
      vertex -38.3263 88.3801 22
      vertex -38.6213 88.1213 22
    endloop
  endfacet
  facet normal 0.659381 -0.751809 1.63933e-05
    outer loop
      vertex -38.518 88.2119 18.8855
      vertex -38.3263 88.3801 22
      vertex -38.6213 88.1213 18.8914
    endloop
  endfacet
  facet normal 0.659531 -0.751677 0
    outer loop
      vertex -38.3263 88.3801 22
      vertex -38.518 88.2119 18.8855
      vertex -38.3263 88.3801 18.852
    endloop
  endfacet
  facet normal 0.65938 -0.75181 0
    outer loop
      vertex -38.6213 88.1213 12.4914
      vertex -38.518 88.2119 15.5145
      vertex -38.6213 88.1213 15.5086
    endloop
  endfacet
  facet normal 0.65938 -0.75181 0
    outer loop
      vertex -38.518 88.2119 12.4855
      vertex -38.518 88.2119 15.5145
      vertex -38.6213 88.1213 12.4914
    endloop
  endfacet
  facet normal 0.659531 -0.751677 0
    outer loop
      vertex -38.518 88.2119 15.5145
      vertex -38.518 88.2119 12.4855
      vertex -38.3263 88.3801 15.548
    endloop
  endfacet
  facet normal 0.659531 -0.751677 0
    outer loop
      vertex -38.3263 88.3801 15.548
      vertex -38.518 88.2119 12.4855
      vertex -38.3263 88.3801 12.452
    endloop
  endfacet
  facet normal 0.553969 -0.832537 0
    outer loop
      vertex -38.3263 88.3801 9.14799
      vertex -38.3 88.3976 5.7
      vertex -38.3 88.3976 9.15149
    endloop
  endfacet
  facet normal 0.553969 -0.832537 0
    outer loop
      vertex -38.3263 88.3801 3
      vertex -38.3 88.3976 5.7
      vertex -38.3263 88.3801 9.14799
    endloop
  endfacet
  facet normal 0.555659 -0.83141 -2.37619e-05
    outer loop
      vertex -38.3263 88.3801 3
      vertex -38 88.5981 5.7
      vertex -38.3 88.3976 5.7
    endloop
  endfacet
  facet normal 0.555523 -0.831501 0
    outer loop
      vertex -38 88.5981 5.7
      vertex -38.3263 88.3801 3
      vertex -38 88.5981 3
    endloop
  endfacet
  facet normal 0.553969 -0.832537 0
    outer loop
      vertex -38.3263 88.3801 18.852
      vertex -38.3 88.3976 22
      vertex -38.3263 88.3801 22
    endloop
  endfacet
  facet normal 0.553969 -0.832537 0
    outer loop
      vertex -38.3 88.3976 22
      vertex -38.3263 88.3801 18.852
      vertex -38.3 88.3976 18.8485
    endloop
  endfacet
  facet normal 0.553969 -0.832537 0
    outer loop
      vertex -38.3263 88.3801 12.452
      vertex -38.3 88.3976 15.5515
      vertex -38.3263 88.3801 15.548
    endloop
  endfacet
  facet normal 0.553969 -0.832537 0
    outer loop
      vertex -38.3 88.3976 15.5515
      vertex -38.3263 88.3801 12.452
      vertex -38.3 88.3976 12.4485
    endloop
  endfacet
  facet normal -0.19494 -0.980815 0
    outer loop
      vertex 36.8916 88.9743 3
      vertex 37.2765 88.8978 9.36636
      vertex 36.8916 88.9743 9.41751
    endloop
  endfacet
  facet normal -0.19494 -0.980815 -0
    outer loop
      vertex 37.2765 88.8978 9.36636
      vertex 36.8916 88.9743 3
      vertex 37.2765 88.8978 3
    endloop
  endfacet
  facet normal -0.19494 -0.980815 0
    outer loop
      vertex 36.8916 88.9743 22
      vertex 37.2765 88.8978 18.6336
      vertex 37.2765 88.8978 22
    endloop
  endfacet
  facet normal -0.19494 -0.980815 0
    outer loop
      vertex 37.2765 88.8978 18.6336
      vertex 36.8916 88.9743 22
      vertex 36.8916 88.9743 18.5825
    endloop
  endfacet
  facet normal -0.19494 -0.980815 0
    outer loop
      vertex 36.8916 88.9743 15.8175
      vertex 37.2765 88.8978 12.2336
      vertex 37.2765 88.8978 15.7664
    endloop
  endfacet
  facet normal -0.19494 -0.980815 0
    outer loop
      vertex 37.2765 88.8978 12.2336
      vertex 36.8916 88.9743 15.8175
      vertex 36.8916 88.9743 12.1825
    endloop
  endfacet
  facet normal -0.946858 -0.321651 0
    outer loop
      vertex 39.3978 86.7765 3
      vertex 39.2716 87.148 9.32379
      vertex 39.2716 87.148 3
    endloop
  endfacet
  facet normal -0.943944 -0.330105 0.000554779
    outer loop
      vertex 39.2716 87.148 9.32379
      vertex 39.3978 86.7765 3
      vertex 39.2744 87.14 9.32776
    endloop
  endfacet
  facet normal -0.947028 -0.321152 -1.96513e-05
    outer loop
      vertex 39.2744 87.14 9.32776
      vertex 39.3978 86.7765 3
      vertex 39.3371 86.9551 9.4513
    endloop
  endfacet
  facet normal -0.946855 -0.321662 -3.90793e-06
    outer loop
      vertex 39.3371 86.9551 9.4513
      vertex 39.3978 86.7765 3
      vertex 39.3939 86.7879 9.59792
    endloop
  endfacet
  facet normal -0.946164 -0.323688 0
    outer loop
      vertex 39.3939 86.7879 9.59792
      vertex 39.3978 86.7765 3
      vertex 39.3978 86.7765 9.61099
    endloop
  endfacet
  facet normal -0.944018 -0.329892 -0.00102887
    outer loop
      vertex 39.3978 86.7765 22
      vertex 39.2716 87.148 18.6762
      vertex 39.2744 87.14 18.6722
    endloop
  endfacet
  facet normal -0.947024 -0.321162 3.61624e-05
    outer loop
      vertex 39.3978 86.7765 22
      vertex 39.2744 87.14 18.6722
      vertex 39.3371 86.9551 18.5487
    endloop
  endfacet
  facet normal -0.946854 -0.321665 7.15744e-06
    outer loop
      vertex 39.3978 86.7765 22
      vertex 39.3371 86.9551 18.5487
      vertex 39.3939 86.7879 18.4021
    endloop
  endfacet
  facet normal -0.946164 -0.323688 -0
    outer loop
      vertex 39.3978 86.7765 22
      vertex 39.3939 86.7879 18.4021
      vertex 39.3978 86.7765 18.389
    endloop
  endfacet
  facet normal -0.946858 -0.321651 0
    outer loop
      vertex 39.2716 87.148 18.6762
      vertex 39.3978 86.7765 22
      vertex 39.2716 87.148 22
    endloop
  endfacet
  facet normal -0.943858 -0.33035 0
    outer loop
      vertex 39.2744 87.14 12.2722
      vertex 39.2716 87.148 15.7238
      vertex 39.2716 87.148 12.2762
    endloop
  endfacet
  facet normal -0.943858 -0.33035 0
    outer loop
      vertex 39.2744 87.14 12.2722
      vertex 39.2744 87.14 15.7278
      vertex 39.2716 87.148 15.7238
    endloop
  endfacet
  facet normal -0.947032 -0.321141 0
    outer loop
      vertex 39.3371 86.9551 12.1487
      vertex 39.2744 87.14 15.7278
      vertex 39.2744 87.14 12.2722
    endloop
  endfacet
  facet normal -0.947032 -0.321141 0
    outer loop
      vertex 39.3371 86.9551 12.1487
      vertex 39.3371 86.9551 15.8513
      vertex 39.2744 87.14 15.7278
    endloop
  endfacet
  facet normal -0.946856 -0.321659 0
    outer loop
      vertex 39.3939 86.7879 12.0021
      vertex 39.3371 86.9551 15.8513
      vertex 39.3371 86.9551 12.1487
    endloop
  endfacet
  facet normal -0.946856 -0.321659 0
    outer loop
      vertex 39.3939 86.7879 12.0021
      vertex 39.3939 86.7879 15.9979
      vertex 39.3371 86.9551 15.8513
    endloop
  endfacet
  facet normal -0.946164 -0.323688 0
    outer loop
      vertex 39.3978 86.7765 11.989
      vertex 39.3939 86.7879 15.9979
      vertex 39.3939 86.7879 12.0021
    endloop
  endfacet
  facet normal -0.946164 -0.323688 0
    outer loop
      vertex 39.3939 86.7879 15.9979
      vertex 39.3978 86.7765 11.989
      vertex 39.3978 86.7765 16.011
    endloop
  endfacet
  facet normal -0.442237 0.896898 0
    outer loop
      vertex 38 0.401923 3
      vertex 37.648 0.228361 22
      vertex 38 0.401923 22
    endloop
  endfacet
  facet normal -0.442237 0.896898 0
    outer loop
      vertex 37.648 0.228361 22
      vertex 38 0.401923 3
      vertex 37.648 0.228361 3
    endloop
  endfacet
  facet normal 0.555553 0.831481 -0
    outer loop
      vertex -38 0.401923 3
      vertex -38.3263 0.61994 22
      vertex -38 0.401923 22
    endloop
  endfacet
  facet normal 0.555553 0.831481 0
    outer loop
      vertex -38.3263 0.61994 22
      vertex -38 0.401923 3
      vertex -38.3263 0.61994 3
    endloop
  endfacet
  facet normal -0.321564 -0.946888 0
    outer loop
      vertex 37.2765 88.8978 3
      vertex 37.4467 88.84 9.32776
      vertex 37.2765 88.8978 9.36636
    endloop
  endfacet
  facet normal -0.321725 -0.946833 4.83955e-06
    outer loop
      vertex 37.2765 88.8978 3
      vertex 37.648 88.7716 9.29404
      vertex 37.4467 88.84 9.32776
    endloop
  endfacet
  facet normal -0.321651 -0.946858 -0
    outer loop
      vertex 37.648 88.7716 9.29404
      vertex 37.2765 88.8978 3
      vertex 37.648 88.7716 3
    endloop
  endfacet
  facet normal -0.321651 -0.946858 0
    outer loop
      vertex 37.2765 88.8978 22
      vertex 37.648 88.7716 18.706
      vertex 37.648 88.7716 22
    endloop
  endfacet
  facet normal -0.321724 -0.946833 -9.16509e-06
    outer loop
      vertex 37.2765 88.8978 22
      vertex 37.4467 88.84 18.6722
      vertex 37.648 88.7716 18.706
    endloop
  endfacet
  facet normal -0.321564 -0.946888 0
    outer loop
      vertex 37.4467 88.84 18.6722
      vertex 37.2765 88.8978 22
      vertex 37.2765 88.8978 18.6336
    endloop
  endfacet
  facet normal -0.321726 -0.946833 0
    outer loop
      vertex 37.4467 88.84 15.7278
      vertex 37.648 88.7716 12.306
      vertex 37.648 88.7716 15.694
    endloop
  endfacet
  facet normal -0.321564 -0.946888 0
    outer loop
      vertex 37.4467 88.84 12.2722
      vertex 37.4467 88.84 15.7278
      vertex 37.2765 88.8978 15.7664
    endloop
  endfacet
  facet normal -0.321726 -0.946833 -0
    outer loop
      vertex 37.4467 88.84 15.7278
      vertex 37.4467 88.84 12.2722
      vertex 37.648 88.7716 12.306
    endloop
  endfacet
  facet normal -0.321564 -0.946888 0
    outer loop
      vertex 37.4467 88.84 12.2722
      vertex 37.2765 88.8978 15.7664
      vertex 37.2765 88.8978 12.2336
    endloop
  endfacet
  facet normal 0.751689 -0.659517 0
    outer loop
      vertex -38.7365 87.99 9.1
      vertex -38.6213 88.1213 3
      vertex -38.6213 88.1213 9.10861
    endloop
  endfacet
  facet normal 0.751751 -0.659447 0
    outer loop
      vertex -38.8801 87.8263 3
      vertex -38.7365 87.99 9.1
      vertex -38.8801 87.8263 9.11073
    endloop
  endfacet
  facet normal 0.751724 -0.659478 1.48716e-06
    outer loop
      vertex -38.7365 87.99 9.1
      vertex -38.8801 87.8263 3
      vertex -38.6213 88.1213 3
    endloop
  endfacet
  facet normal 0.751689 -0.659517 0
    outer loop
      vertex -38.6213 88.1213 22
      vertex -38.7365 87.99 18.9
      vertex -38.6213 88.1213 18.8914
    endloop
  endfacet
  facet normal 0.751724 -0.659478 -2.92634e-06
    outer loop
      vertex -38.8801 87.8263 22
      vertex -38.7365 87.99 18.9
      vertex -38.6213 88.1213 22
    endloop
  endfacet
  facet normal 0.751751 -0.659447 0
    outer loop
      vertex -38.7365 87.99 18.9
      vertex -38.8801 87.8263 22
      vertex -38.8801 87.8263 18.8893
    endloop
  endfacet
  facet normal 0.751689 -0.659517 0
    outer loop
      vertex -38.7365 87.99 15.5
      vertex -38.6213 88.1213 12.4914
      vertex -38.6213 88.1213 15.5086
    endloop
  endfacet
  facet normal 0.751689 -0.659517 0
    outer loop
      vertex -38.7365 87.99 15.5
      vertex -38.7365 87.99 12.5
      vertex -38.6213 88.1213 12.4914
    endloop
  endfacet
  facet normal 0.751751 -0.659447 0
    outer loop
      vertex -38.8801 87.8263 15.5107
      vertex -38.7365 87.99 12.5
      vertex -38.7365 87.99 15.5
    endloop
  endfacet
  facet normal 0.751751 -0.659447 0
    outer loop
      vertex -38.7365 87.99 12.5
      vertex -38.8801 87.8263 15.5107
      vertex -38.8801 87.8263 12.4893
    endloop
  endfacet
  facet normal 0.832048 -0.554703 -6.33209e-05
    outer loop
      vertex -39.0981 87.5 3
      vertex -38.8801 87.8263 9.11073
      vertex -38.9189 87.7681 9.11454
    endloop
  endfacet
  facet normal 0.831346 -0.555755 3.3743e-06
    outer loop
      vertex -39.0981 87.5 3
      vertex -38.9189 87.7681 9.11454
      vertex -39.0647 87.55 9.15793
    endloop
  endfacet
  facet normal 0.831538 -0.555468 0
    outer loop
      vertex -39.0981 87.5 3
      vertex -39.0647 87.55 9.15793
      vertex -39.0981 87.5 9.1749
    endloop
  endfacet
  facet normal 0.831501 -0.555523 0
    outer loop
      vertex -38.8801 87.8263 9.11073
      vertex -39.0981 87.5 3
      vertex -38.8801 87.8263 3
    endloop
  endfacet
  facet normal 0.83205 -0.5547 0
    outer loop
      vertex -38.8801 87.8263 22
      vertex -38.9189 87.7681 18.8855
      vertex -38.8801 87.8263 18.8893
    endloop
  endfacet
  facet normal 0.831501 -0.555523 2.22222e-05
    outer loop
      vertex -39.0981 87.5 22
      vertex -38.9189 87.7681 18.8855
      vertex -38.8801 87.8263 22
    endloop
  endfacet
  facet normal 0.831347 -0.555754 -6.56984e-06
    outer loop
      vertex -38.9189 87.7681 18.8855
      vertex -39.0981 87.5 22
      vertex -39.0647 87.55 18.8421
    endloop
  endfacet
  facet normal 0.831538 -0.555468 0
    outer loop
      vertex -39.0647 87.55 18.8421
      vertex -39.0981 87.5 22
      vertex -39.0981 87.5 18.8251
    endloop
  endfacet
  facet normal 0.83205 -0.5547 0
    outer loop
      vertex -38.9189 87.7681 15.5145
      vertex -38.8801 87.8263 12.4893
      vertex -38.8801 87.8263 15.5107
    endloop
  endfacet
  facet normal 0.83205 -0.5547 0
    outer loop
      vertex -38.9189 87.7681 15.5145
      vertex -38.9189 87.7681 12.4855
      vertex -38.8801 87.8263 12.4893
    endloop
  endfacet
  facet normal 0.831346 -0.555755 0
    outer loop
      vertex -39.0647 87.55 15.5579
      vertex -38.9189 87.7681 12.4855
      vertex -38.9189 87.7681 15.5145
    endloop
  endfacet
  facet normal 0.831346 -0.555755 0
    outer loop
      vertex -39.0647 87.55 15.5579
      vertex -39.0647 87.55 12.4421
      vertex -38.9189 87.7681 12.4855
    endloop
  endfacet
  facet normal 0.831538 -0.555468 0
    outer loop
      vertex -39.0981 87.5 15.5749
      vertex -39.0647 87.55 12.4421
      vertex -39.0647 87.55 15.5579
    endloop
  endfacet
  facet normal 0.831538 -0.555468 0
    outer loop
      vertex -39.0647 87.55 12.4421
      vertex -39.0981 87.5 15.5749
      vertex -39.0981 87.5 12.4251
    endloop
  endfacet
  facet normal 0.0653993 0.997859 -0
    outer loop
      vertex -36.5 0 3
      vertex -36.8916 0.0256653 22
      vertex -36.5 0 22
    endloop
  endfacet
  facet normal 0.0653993 0.997859 0
    outer loop
      vertex -36.8916 0.0256653 22
      vertex -36.5 0 3
      vertex -36.8916 0.0256653 3
    endloop
  endfacet
  facet normal -0.946882 0.321582 0
    outer loop
      vertex 39.2716 1.85195 3
      vertex 39.3978 2.22354 22
      vertex 39.3978 2.22354 3
    endloop
  endfacet
  facet normal -0.946882 0.321582 0
    outer loop
      vertex 39.3978 2.22354 22
      vertex 39.2716 1.85195 3
      vertex 39.2716 1.85195 22
    endloop
  endfacet
  facet normal -0.751689 -0.659517 0
    outer loop
      vertex 38.6213 88.1213 3
      vertex 38.7365 87.99 9.1
      vertex 38.6213 88.1213 9.10861
    endloop
  endfacet
  facet normal -0.751724 -0.659478 1.48716e-06
    outer loop
      vertex 38.8801 87.8263 3
      vertex 38.7365 87.99 9.1
      vertex 38.6213 88.1213 3
    endloop
  endfacet
  facet normal -0.751751 -0.659447 0
    outer loop
      vertex 38.7365 87.99 9.1
      vertex 38.8801 87.8263 3
      vertex 38.8801 87.8263 9.11073
    endloop
  endfacet
  facet normal -0.751689 -0.659517 0
    outer loop
      vertex 38.7365 87.99 18.9
      vertex 38.6213 88.1213 22
      vertex 38.6213 88.1213 18.8914
    endloop
  endfacet
  facet normal -0.751751 -0.659447 -0
    outer loop
      vertex 38.8801 87.8263 22
      vertex 38.7365 87.99 18.9
      vertex 38.8801 87.8263 18.8893
    endloop
  endfacet
  facet normal -0.751724 -0.659478 -2.92634e-06
    outer loop
      vertex 38.7365 87.99 18.9
      vertex 38.8801 87.8263 22
      vertex 38.6213 88.1213 22
    endloop
  endfacet
  facet normal -0.751689 -0.659517 0
    outer loop
      vertex 38.7365 87.99 12.5
      vertex 38.6213 88.1213 15.5086
      vertex 38.6213 88.1213 12.4914
    endloop
  endfacet
  facet normal -0.751689 -0.659517 0
    outer loop
      vertex 38.7365 87.99 12.5
      vertex 38.7365 87.99 15.5
      vertex 38.6213 88.1213 15.5086
    endloop
  endfacet
  facet normal -0.751751 -0.659447 0
    outer loop
      vertex 38.8801 87.8263 12.4893
      vertex 38.7365 87.99 15.5
      vertex 38.7365 87.99 12.5
    endloop
  endfacet
  facet normal -0.751751 -0.659447 0
    outer loop
      vertex 38.7365 87.99 15.5
      vertex 38.8801 87.8263 12.4893
      vertex 38.8801 87.8263 15.5107
    endloop
  endfacet
  facet normal -0.321512 0.946905 0
    outer loop
      vertex 37.648 0.228361 3
      vertex 37.2765 0.102222 22
      vertex 37.648 0.228361 22
    endloop
  endfacet
  facet normal -0.321512 0.946905 0
    outer loop
      vertex 37.2765 0.102222 22
      vertex 37.648 0.228361 3
      vertex 37.2765 0.102222 3
    endloop
  endfacet
  facet normal 0.0654873 -0.997853 0
    outer loop
      vertex -36.8916 88.9743 3
      vertex -36.5 89 5.7
      vertex -36.8916 88.9743 5.7
    endloop
  endfacet
  facet normal 0.0654873 -0.997853 0
    outer loop
      vertex -36.5 89 5.7
      vertex -36.8916 88.9743 3
      vertex -36.5 89 3
    endloop
  endfacet
  facet normal -0.659531 -0.751677 0
    outer loop
      vertex 38.3263 88.3801 3
      vertex 38.518 88.2119 9.11454
      vertex 38.3263 88.3801 9.14799
    endloop
  endfacet
  facet normal -0.65938 -0.75181 -8.36441e-06
    outer loop
      vertex 38.3263 88.3801 3
      vertex 38.6213 88.1213 9.10861
      vertex 38.518 88.2119 9.11454
    endloop
  endfacet
  facet normal -0.659478 -0.751724 -0
    outer loop
      vertex 38.6213 88.1213 9.10861
      vertex 38.3263 88.3801 3
      vertex 38.6213 88.1213 3
    endloop
  endfacet
  facet normal -0.659478 -0.751724 0
    outer loop
      vertex 38.3263 88.3801 22
      vertex 38.6213 88.1213 18.8914
      vertex 38.6213 88.1213 22
    endloop
  endfacet
  facet normal -0.659381 -0.751809 1.63933e-05
    outer loop
      vertex 38.3263 88.3801 22
      vertex 38.518 88.2119 18.8855
      vertex 38.6213 88.1213 18.8914
    endloop
  endfacet
  facet normal -0.659531 -0.751677 0
    outer loop
      vertex 38.518 88.2119 18.8855
      vertex 38.3263 88.3801 22
      vertex 38.3263 88.3801 18.852
    endloop
  endfacet
  facet normal -0.65938 -0.75181 0
    outer loop
      vertex 38.518 88.2119 15.5145
      vertex 38.6213 88.1213 12.4914
      vertex 38.6213 88.1213 15.5086
    endloop
  endfacet
  facet normal -0.659531 -0.751677 0
    outer loop
      vertex 38.518 88.2119 12.4855
      vertex 38.518 88.2119 15.5145
      vertex 38.3263 88.3801 15.548
    endloop
  endfacet
  facet normal -0.65938 -0.75181 -0
    outer loop
      vertex 38.518 88.2119 15.5145
      vertex 38.518 88.2119 12.4855
      vertex 38.6213 88.1213 12.4914
    endloop
  endfacet
  facet normal -0.659531 -0.751677 0
    outer loop
      vertex 38.518 88.2119 12.4855
      vertex 38.3263 88.3801 15.548
      vertex 38.3263 88.3801 12.452
    endloop
  endfacet
  facet normal -0.442077 -0.896977 0
    outer loop
      vertex 37.648 88.7716 3
      vertex 37.9138 88.6406 9.2294
      vertex 37.648 88.7716 9.29404
    endloop
  endfacet
  facet normal -0.442211 -0.896911 7.13141e-06
    outer loop
      vertex 37.648 88.7716 3
      vertex 38 88.5981 9.21498
      vertex 37.9138 88.6406 9.2294
    endloop
  endfacet
  facet normal -0.44211 -0.896961 -0
    outer loop
      vertex 38 88.5981 9.21498
      vertex 37.648 88.7716 3
      vertex 38 88.5981 3
    endloop
  endfacet
  facet normal -0.44211 -0.896961 0
    outer loop
      vertex 37.648 88.7716 22
      vertex 38 88.5981 18.785
      vertex 38 88.5981 22
    endloop
  endfacet
  facet normal -0.44221 -0.896911 -1.36665e-05
    outer loop
      vertex 37.648 88.7716 22
      vertex 37.9138 88.6406 18.7706
      vertex 38 88.5981 18.785
    endloop
  endfacet
  facet normal -0.442077 -0.896977 0
    outer loop
      vertex 37.9138 88.6406 18.7706
      vertex 37.648 88.7716 22
      vertex 37.648 88.7716 18.706
    endloop
  endfacet
  facet normal -0.442212 -0.89691 0
    outer loop
      vertex 37.9138 88.6406 15.6294
      vertex 38 88.5981 12.385
      vertex 38 88.5981 15.615
    endloop
  endfacet
  facet normal -0.442077 -0.896977 0
    outer loop
      vertex 37.9138 88.6406 12.3706
      vertex 37.9138 88.6406 15.6294
      vertex 37.648 88.7716 15.694
    endloop
  endfacet
  facet normal -0.442212 -0.89691 -0
    outer loop
      vertex 37.9138 88.6406 15.6294
      vertex 37.9138 88.6406 12.3706
      vertex 38 88.5981 12.385
    endloop
  endfacet
  facet normal -0.442077 -0.896977 0
    outer loop
      vertex 37.9138 88.6406 12.3706
      vertex 37.648 88.7716 15.694
      vertex 37.648 88.7716 12.306
    endloop
  endfacet
  facet normal 0 0 1
    outer loop
      vertex 8 38 3
      vertex 14.8 40.6367 3
      vertex 8.8 40.6367 3
    endloop
  endfacet
  facet normal -0 0 1
    outer loop
      vertex 14.8 34.95 3
      vertex 39.5 3 3
      vertex 39.5 34.95 3
    endloop
  endfacet
  facet normal 0 -0 1
    outer loop
      vertex 36.5 0 3
      vertex 39.5 3 3
      vertex 14.8 34.95 3
    endloop
  endfacet
  facet normal 0 0 1
    outer loop
      vertex 39.5 3 3
      vertex 36.5 0 3
      vertex 39.4743 2.60842 3
    endloop
  endfacet
  facet normal 0 0 1
    outer loop
      vertex 39.4743 2.60842 3
      vertex 36.5 0 3
      vertex 39.3978 2.22354 3
    endloop
  endfacet
  facet normal 0 0 1
    outer loop
      vertex 39.2716 1.85195 3
      vertex 36.5 0 3
      vertex 39.0981 1.5 3
    endloop
  endfacet
  facet normal 0 0 1
    outer loop
      vertex 39.0981 1.5 3
      vertex 36.5 0 3
      vertex 38.8801 1.17372 3
    endloop
  endfacet
  facet normal 0 0 1
    outer loop
      vertex 38.8801 1.17372 3
      vertex 36.5 0 3
      vertex 38.6213 0.878679 3
    endloop
  endfacet
  facet normal 0 0 1
    outer loop
      vertex 38.6213 0.878679 3
      vertex 36.5 0 3
      vertex 38.3263 0.61994 3
    endloop
  endfacet
  facet normal 0 0 1
    outer loop
      vertex 38.3263 0.61994 3
      vertex 36.5 0 3
      vertex 38 0.401923 3
    endloop
  endfacet
  facet normal 0 0 1
    outer loop
      vertex 38 0.401923 3
      vertex 36.5 0 3
      vertex 37.648 0.228361 3
    endloop
  endfacet
  facet normal 0 0 1
    outer loop
      vertex 37.648 0.228361 3
      vertex 36.5 0 3
      vertex 37.2765 0.102222 3
    endloop
  endfacet
  facet normal 0 0 1
    outer loop
      vertex 37.2765 0.102222 3
      vertex 36.5 0 3
      vertex 36.8916 0.0256653 3
    endloop
  endfacet
  facet normal 0 0 1
    outer loop
      vertex 39.3978 2.22354 3
      vertex 36.5 0 3
      vertex 39.2716 1.85195 3
    endloop
  endfacet
  facet normal 0 0 1
    outer loop
      vertex 14.8 40.6367 3
      vertex 8 38 3
      vertex 14.8 34.95 3
    endloop
  endfacet
  facet normal 0 0 1
    outer loop
      vertex 14.8 34.95 3
      vertex 8 38 3
      vertex 7.97433 37.6084 3
    endloop
  endfacet
  facet normal 0 0 1
    outer loop
      vertex 14.8 34.95 3
      vertex 7.97433 37.6084 3
      vertex 7.89778 37.2235 3
    endloop
  endfacet
  facet normal -0 0 1
    outer loop
      vertex 7.77164 36.852 3
      vertex 14.8 34.95 3
      vertex 7.89778 37.2235 3
    endloop
  endfacet
  facet normal -0 0 1
    outer loop
      vertex 7.59808 36.5 3
      vertex 14.8 34.95 3
      vertex 7.77164 36.852 3
    endloop
  endfacet
  facet normal -0 0 1
    outer loop
      vertex 7.38006 36.1737 3
      vertex 14.8 34.95 3
      vertex 7.59808 36.5 3
    endloop
  endfacet
  facet normal -0 0 1
    outer loop
      vertex 7.12132 35.8787 3
      vertex 14.8 34.95 3
      vertex 7.38006 36.1737 3
    endloop
  endfacet
  facet normal -0 0 1
    outer loop
      vertex 6.82628 35.6199 3
      vertex 14.8 34.95 3
      vertex 7.12132 35.8787 3
    endloop
  endfacet
  facet normal -0 0 1
    outer loop
      vertex 6.5 35.4019 3
      vertex 14.8 34.95 3
      vertex 6.82628 35.6199 3
    endloop
  endfacet
  facet normal -0 0 1
    outer loop
      vertex 6.14805 35.2284 3
      vertex 14.8 34.95 3
      vertex 6.5 35.4019 3
    endloop
  endfacet
  facet normal -0 0 1
    outer loop
      vertex 5.77646 35.1022 3
      vertex 14.8 34.95 3
      vertex 6.14805 35.2284 3
    endloop
  endfacet
  facet normal -0 0 1
    outer loop
      vertex 5.39158 35.0257 3
      vertex 14.8 34.95 3
      vertex 5.77646 35.1022 3
    endloop
  endfacet
  facet normal 0 0 1
    outer loop
      vertex 14.8 34.95 3
      vertex 5.39158 35.0257 3
      vertex 36.5 0 3
    endloop
  endfacet
  facet normal -0 0 1
    outer loop
      vertex 5 35 3
      vertex 36.5 0 3
      vertex 5.39158 35.0257 3
    endloop
  endfacet
  facet normal 0 0 1
    outer loop
      vertex 4.60842 35.0257 3
      vertex 36.5 0 3
      vertex 5 35 3
    endloop
  endfacet
  facet normal 0 0 1
    outer loop
      vertex -36.5 0 3
      vertex 4.60842 35.0257 3
      vertex 4.22354 35.1022 3
    endloop
  endfacet
  facet normal 0 0 1
    outer loop
      vertex -36.5 0 3
      vertex 4.22354 35.1022 3
      vertex 3.85195 35.2284 3
    endloop
  endfacet
  facet normal 0 0 1
    outer loop
      vertex -36.5 0 3
      vertex 3.85195 35.2284 3
      vertex 3.5 35.4019 3
    endloop
  endfacet
  facet normal 0 0 1
    outer loop
      vertex -36.5 0 3
      vertex 3.5 35.4019 3
      vertex 3.17372 35.6199 3
    endloop
  endfacet
  facet normal 0 0 1
    outer loop
      vertex -36.5 0 3
      vertex 3.17372 35.6199 3
      vertex 2.87868 35.8787 3
    endloop
  endfacet
  facet normal 0 0 1
    outer loop
      vertex -39.5 3 3
      vertex 2.02567 38.3916 3
      vertex -39.5 86 3
    endloop
  endfacet
  facet normal 0 0 1
    outer loop
      vertex 2.02567 38.3916 3
      vertex -39.5 3 3
      vertex 2 38 3
    endloop
  endfacet
  facet normal 0 0 1
    outer loop
      vertex 2 38 3
      vertex -39.5 3 3
      vertex 2.02567 37.6084 3
    endloop
  endfacet
  facet normal 0 0 1
    outer loop
      vertex 2.02567 37.6084 3
      vertex -39.5 3 3
      vertex 2.10222 37.2235 3
    endloop
  endfacet
  facet normal 0 0 1
    outer loop
      vertex 2.10222 37.2235 3
      vertex -39.5 3 3
      vertex 2.22836 36.852 3
    endloop
  endfacet
  facet normal 0 0 1
    outer loop
      vertex 4.60842 35.0257 3
      vertex -36.5 0 3
      vertex 36.5 0 3
    endloop
  endfacet
  facet normal 0 0 1
    outer loop
      vertex 2.61994 36.1737 3
      vertex -36.5 0 3
      vertex 2.87868 35.8787 3
    endloop
  endfacet
  facet normal 0 0 1
    outer loop
      vertex 2.22836 36.852 3
      vertex -39.5 3 3
      vertex 2.40192 36.5 3
    endloop
  endfacet
  facet normal 0 0 1
    outer loop
      vertex -39.5 86 3
      vertex -36.5 89 3
      vertex -36.8916 88.9743 3
    endloop
  endfacet
  facet normal 0 0 1
    outer loop
      vertex 2.40192 36.5 3
      vertex -39.5 3 3
      vertex 2.61994 36.1737 3
    endloop
  endfacet
  facet normal 0 0 1
    outer loop
      vertex -39.5 86 3
      vertex -36.8916 88.9743 3
      vertex -37.2765 88.8978 3
    endloop
  endfacet
  facet normal 0 0 1
    outer loop
      vertex 2.61994 36.1737 3
      vertex -39.5 3 3
      vertex -36.5 0 3
    endloop
  endfacet
  facet normal 0 0 1
    outer loop
      vertex -39.5 86 3
      vertex -37.2765 88.8978 3
      vertex -37.648 88.7716 3
    endloop
  endfacet
  facet normal 0 0 1
    outer loop
      vertex -36.5 0 3
      vertex -39.5 3 3
      vertex -36.8916 0.0256653 3
    endloop
  endfacet
  facet normal 0 0 1
    outer loop
      vertex -39.5 86 3
      vertex -37.648 88.7716 3
      vertex -38 88.5981 3
    endloop
  endfacet
  facet normal 0 0 1
    outer loop
      vertex -36.8916 0.0256653 3
      vertex -39.5 3 3
      vertex -37.2765 0.102222 3
    endloop
  endfacet
  facet normal 0 0 1
    outer loop
      vertex -39.5 86 3
      vertex -38 88.5981 3
      vertex -38.3263 88.3801 3
    endloop
  endfacet
  facet normal 0 0 1
    outer loop
      vertex -37.2765 0.102222 3
      vertex -39.5 3 3
      vertex -37.648 0.228361 3
    endloop
  endfacet
  facet normal 0 0 1
    outer loop
      vertex -39.5 86 3
      vertex -38.3263 88.3801 3
      vertex -38.6213 88.1213 3
    endloop
  endfacet
  facet normal 0 0 1
    outer loop
      vertex -37.648 0.228361 3
      vertex -39.5 3 3
      vertex -38 0.401923 3
    endloop
  endfacet
  facet normal 0 0 1
    outer loop
      vertex -39.5 86 3
      vertex -38.6213 88.1213 3
      vertex -38.8801 87.8263 3
    endloop
  endfacet
  facet normal 0 0 1
    outer loop
      vertex -38 0.401923 3
      vertex -39.5 3 3
      vertex -38.3263 0.61994 3
    endloop
  endfacet
  facet normal 0 0 1
    outer loop
      vertex -39.5 86 3
      vertex -38.8801 87.8263 3
      vertex -39.0981 87.5 3
    endloop
  endfacet
  facet normal 0 0 1
    outer loop
      vertex -38.3263 0.61994 3
      vertex -39.5 3 3
      vertex -38.6213 0.878679 3
    endloop
  endfacet
  facet normal 0 0 1
    outer loop
      vertex -39.5 86 3
      vertex -39.0981 87.5 3
      vertex -39.2716 87.148 3
    endloop
  endfacet
  facet normal 0 0 1
    outer loop
      vertex -38.6213 0.878679 3
      vertex -39.5 3 3
      vertex -38.8801 1.17372 3
    endloop
  endfacet
  facet normal 0 0 1
    outer loop
      vertex -39.5 86 3
      vertex -39.2716 87.148 3
      vertex -39.3978 86.7765 3
    endloop
  endfacet
  facet normal 0 0 1
    outer loop
      vertex -38.8801 1.17372 3
      vertex -39.5 3 3
      vertex -39.0981 1.5 3
    endloop
  endfacet
  facet normal 0 0 1
    outer loop
      vertex -39.5 86 3
      vertex -39.3978 86.7765 3
      vertex -39.4743 86.3916 3
    endloop
  endfacet
  facet normal 0 0 1
    outer loop
      vertex -39.0981 1.5 3
      vertex -39.5 3 3
      vertex -39.2716 1.85195 3
    endloop
  endfacet
  facet normal 0 0 1
    outer loop
      vertex -39.2716 1.85195 3
      vertex -39.5 3 3
      vertex -39.3978 2.22354 3
    endloop
  endfacet
  facet normal 0 0 1
    outer loop
      vertex -39.3978 2.22354 3
      vertex -39.5 3 3
      vertex -39.4743 2.60842 3
    endloop
  endfacet
  facet normal 0 0 1
    outer loop
      vertex 36.5 89 3
      vertex 39.5 86 3
      vertex 39.4743 86.3916 3
    endloop
  endfacet
  facet normal 0 0 1
    outer loop
      vertex 36.5 89 3
      vertex 39.4743 86.3916 3
      vertex 39.3978 86.7765 3
    endloop
  endfacet
  facet normal 0 0 1
    outer loop
      vertex 36.5 89 3
      vertex 39.3978 86.7765 3
      vertex 39.2716 87.148 3
    endloop
  endfacet
  facet normal 0 0 1
    outer loop
      vertex 36.5 89 3
      vertex 39.2716 87.148 3
      vertex 39.0981 87.5 3
    endloop
  endfacet
  facet normal 0 0 1
    outer loop
      vertex 36.5 89 3
      vertex 39.0981 87.5 3
      vertex 38.8801 87.8263 3
    endloop
  endfacet
  facet normal 0 0 1
    outer loop
      vertex 36.5 89 3
      vertex 38.8801 87.8263 3
      vertex 38.6213 88.1213 3
    endloop
  endfacet
  facet normal 0 0 1
    outer loop
      vertex 36.5 89 3
      vertex 38.6213 88.1213 3
      vertex 38.3263 88.3801 3
    endloop
  endfacet
  facet normal 0 0 1
    outer loop
      vertex 36.5 89 3
      vertex 38.3263 88.3801 3
      vertex 38 88.5981 3
    endloop
  endfacet
  facet normal 0 0 1
    outer loop
      vertex 36.5 89 3
      vertex 38 88.5981 3
      vertex 37.648 88.7716 3
    endloop
  endfacet
  facet normal 0 0 1
    outer loop
      vertex 36.5 89 3
      vertex 37.648 88.7716 3
      vertex 37.2765 88.8978 3
    endloop
  endfacet
  facet normal 0 0 1
    outer loop
      vertex 36.5 89 3
      vertex 37.2765 88.8978 3
      vertex 36.8916 88.9743 3
    endloop
  endfacet
  facet normal 0 0 1
    outer loop
      vertex 39.5 86 3
      vertex 36.5 89 3
      vertex 14.8 60.05 3
    endloop
  endfacet
  facet normal 0 0 1
    outer loop
      vertex 39.5 86 3
      vertex 14.8 60.05 3
      vertex 39.5 60.05 3
    endloop
  endfacet
  facet normal 0 0 1
    outer loop
      vertex 14.8 60.05 3
      vertex 8.8 54.3633 3
      vertex 14.8 54.3633 3
    endloop
  endfacet
  facet normal -0 0 1
    outer loop
      vertex -36.5 89 3
      vertex 14.8 60.05 3
      vertex 36.5 89 3
    endloop
  endfacet
  facet normal -0 0 1
    outer loop
      vertex 5.77646 40.8978 3
      vertex 8.8 40.6367 3
      vertex 8.8 54.3633 3
    endloop
  endfacet
  facet normal 0 0 1
    outer loop
      vertex 8.8 40.6367 3
      vertex 7.97433 38.3916 3
      vertex 8 38 3
    endloop
  endfacet
  facet normal 0 0 1
    outer loop
      vertex 8.8 40.6367 3
      vertex 7.89778 38.7765 3
      vertex 7.97433 38.3916 3
    endloop
  endfacet
  facet normal 0 0 1
    outer loop
      vertex 8.8 40.6367 3
      vertex 7.77164 39.148 3
      vertex 7.89778 38.7765 3
    endloop
  endfacet
  facet normal 0 0 1
    outer loop
      vertex 8.8 40.6367 3
      vertex 7.59808 39.5 3
      vertex 7.77164 39.148 3
    endloop
  endfacet
  facet normal 0 0 1
    outer loop
      vertex 8.8 40.6367 3
      vertex 7.38006 39.8263 3
      vertex 7.59808 39.5 3
    endloop
  endfacet
  facet normal 0 0 1
    outer loop
      vertex 8.8 40.6367 3
      vertex 7.12132 40.1213 3
      vertex 7.38006 39.8263 3
    endloop
  endfacet
  facet normal 0 0 1
    outer loop
      vertex 8.8 40.6367 3
      vertex 6.82628 40.3801 3
      vertex 7.12132 40.1213 3
    endloop
  endfacet
  facet normal 0 0 1
    outer loop
      vertex 8.8 40.6367 3
      vertex 6.5 40.5981 3
      vertex 6.82628 40.3801 3
    endloop
  endfacet
  facet normal 0 0 1
    outer loop
      vertex 8.8 40.6367 3
      vertex 6.14805 40.7716 3
      vertex 6.5 40.5981 3
    endloop
  endfacet
  facet normal 0 0 1
    outer loop
      vertex 8.8 40.6367 3
      vertex 5.77646 40.8978 3
      vertex 6.14805 40.7716 3
    endloop
  endfacet
  facet normal 0 0 1
    outer loop
      vertex 8.8 54.3633 3
      vertex 5.39158 40.9743 3
      vertex 5.77646 40.8978 3
    endloop
  endfacet
  facet normal 0 0 1
    outer loop
      vertex 8.8 54.3633 3
      vertex 5 41 3
      vertex 5.39158 40.9743 3
    endloop
  endfacet
  facet normal 0 0 1
    outer loop
      vertex 8.8 54.3633 3
      vertex 4.60842 40.9743 3
      vertex 5 41 3
    endloop
  endfacet
  facet normal 0 0 1
    outer loop
      vertex 8.8 54.3633 3
      vertex 4.22354 40.8978 3
      vertex 4.60842 40.9743 3
    endloop
  endfacet
  facet normal 0 0 1
    outer loop
      vertex 8.8 54.3633 3
      vertex 3.85195 40.7716 3
      vertex 4.22354 40.8978 3
    endloop
  endfacet
  facet normal 0 0 1
    outer loop
      vertex 8.8 54.3633 3
      vertex 3.5 40.5981 3
      vertex 3.85195 40.7716 3
    endloop
  endfacet
  facet normal 0 0 1
    outer loop
      vertex 8.8 54.3633 3
      vertex 3.17372 40.3801 3
      vertex 3.5 40.5981 3
    endloop
  endfacet
  facet normal 0 0 1
    outer loop
      vertex 8.8 54.3633 3
      vertex 2.87868 40.1213 3
      vertex 3.17372 40.3801 3
    endloop
  endfacet
  facet normal 0 0 1
    outer loop
      vertex 8.8 54.3633 3
      vertex 2.61994 39.8263 3
      vertex 2.87868 40.1213 3
    endloop
  endfacet
  facet normal -0 0 1
    outer loop
      vertex -39.5 86 3
      vertex 8.8 54.3633 3
      vertex -36.5 89 3
    endloop
  endfacet
  facet normal 0 0 1
    outer loop
      vertex 8.8 54.3633 3
      vertex -39.5 86 3
      vertex 2.61994 39.8263 3
    endloop
  endfacet
  facet normal 0 0 1
    outer loop
      vertex 2.10222 38.7765 3
      vertex -39.5 86 3
      vertex 2.02567 38.3916 3
    endloop
  endfacet
  facet normal 0 0 1
    outer loop
      vertex 2.22836 39.148 3
      vertex -39.5 86 3
      vertex 2.10222 38.7765 3
    endloop
  endfacet
  facet normal 0 0 1
    outer loop
      vertex 2.40192 39.5 3
      vertex -39.5 86 3
      vertex 2.22836 39.148 3
    endloop
  endfacet
  facet normal 0 0 1
    outer loop
      vertex 2.61994 39.8263 3
      vertex -39.5 86 3
      vertex 2.40192 39.5 3
    endloop
  endfacet
  facet normal 0 0 1
    outer loop
      vertex 14.8 60.05 3
      vertex -36.5 89 3
      vertex 8.8 54.3633 3
    endloop
  endfacet
  facet normal -0.0653993 0.997859 0
    outer loop
      vertex 36.8916 0.0256653 3
      vertex 36.5 0 22
      vertex 36.8916 0.0256653 22
    endloop
  endfacet
  facet normal -0.0653993 0.997859 0
    outer loop
      vertex 36.5 0 22
      vertex 36.8916 0.0256653 3
      vertex 36.5 0 3
    endloop
  endfacet
  facet normal 1 -0 0
    outer loop
      vertex 14.8 34.95 3
      vertex 14.8 40.7385 2.48827
      vertex 14.8 40.6367 3
    endloop
  endfacet
  facet normal 1 0 0
    outer loop
      vertex 14.8 34.95 0
      vertex 14.8 40.7385 2.48827
      vertex 14.8 34.95 3
    endloop
  endfacet
  facet normal 1 0 0
    outer loop
      vertex 14.8 40.7385 2.48827
      vertex 14.8 34.95 0
      vertex 14.8 41.0328 1.62122
    endloop
  endfacet
  facet normal 1 0 0
    outer loop
      vertex 14.8 41.0328 1.62122
      vertex 14.8 34.95 0
      vertex 14.8 41.4378 0.799999
    endloop
  endfacet
  facet normal 1 0 0
    outer loop
      vertex 14.8 41.4378 0.799999
      vertex 14.8 34.95 0
      vertex 14.8 41.9465 0.0386696
    endloop
  endfacet
  facet normal 1 0 0
    outer loop
      vertex 14.8 41.9465 0.0386696
      vertex 14.8 34.95 0
      vertex 14.8 41.9804 0
    endloop
  endfacet
  facet normal 1 0 0
    outer loop
      vertex 14.8 54.2615 2.48827
      vertex 14.8 60.05 3
      vertex 14.8 54.3633 3
    endloop
  endfacet
  facet normal 1 0 0
    outer loop
      vertex 14.8 60.05 3
      vertex 14.8 54.2615 2.48827
      vertex 14.8 60.05 0
    endloop
  endfacet
  facet normal 1 -0 0
    outer loop
      vertex 14.8 53.9672 1.62122
      vertex 14.8 60.05 0
      vertex 14.8 54.2615 2.48827
    endloop
  endfacet
  facet normal 1 -0 0
    outer loop
      vertex 14.8 53.5622 0.799999
      vertex 14.8 60.05 0
      vertex 14.8 53.9672 1.62122
    endloop
  endfacet
  facet normal 1 -0 0
    outer loop
      vertex 14.8 53.0535 0.0386696
      vertex 14.8 60.05 0
      vertex 14.8 53.5622 0.799999
    endloop
  endfacet
  facet normal 1 0 0
    outer loop
      vertex 14.8 60.05 0
      vertex 14.8 53.0535 0.0386696
      vertex 14.8 53.0196 0
    endloop
  endfacet
  facet normal 0 -1 0
    outer loop
      vertex 14.8 60.05 3
      vertex 14.8 60.05 0
      vertex 39.5 60.05 3
    endloop
  endfacet
  facet normal 0 -1 0
    outer loop
      vertex 39.5 60.05 3
      vertex 42.5 60.05 22
      vertex 39.5 60.05 22
    endloop
  endfacet
  facet normal 0 -1 0
    outer loop
      vertex 39.5 60.05 3
      vertex 42.5 60.05 0
      vertex 42.5 60.05 22
    endloop
  endfacet
  facet normal 0 -1 0
    outer loop
      vertex 42.5 60.05 0
      vertex 39.5 60.05 3
      vertex 14.8 60.05 0
    endloop
  endfacet
  facet normal 0 1 0
    outer loop
      vertex 42.5 34.95 22
      vertex 39.5 34.95 3
      vertex 39.5 34.95 22
    endloop
  endfacet
  facet normal 0 1 -0
    outer loop
      vertex 42.5 34.95 0
      vertex 39.5 34.95 3
      vertex 42.5 34.95 22
    endloop
  endfacet
  facet normal 0 1 0
    outer loop
      vertex 14.8 34.95 0
      vertex 39.5 34.95 3
      vertex 42.5 34.95 0
    endloop
  endfacet
  facet normal 0 1 0
    outer loop
      vertex 39.5 34.95 3
      vertex 14.8 34.95 0
      vertex 14.8 34.95 3
    endloop
  endfacet
  facet normal 0 0.980781 0.19511
    outer loop
      vertex 14.8 40.7385 2.48827
      vertex 8.8 40.6367 3
      vertex 14.8 40.6367 3
    endloop
  endfacet
  facet normal 0 0.980781 0.19511
    outer loop
      vertex 8.8 40.6367 3
      vertex 14.8 40.7385 2.48827
      vertex 8.8 40.7385 2.48827
    endloop
  endfacet
  facet normal 0 0.896865 0.442305
    outer loop
      vertex 14.8 41.4378 0.799999
      vertex 8.8 41.0328 1.62122
      vertex 14.8 41.0328 1.62122
    endloop
  endfacet
  facet normal 0 0.896865 0.442305
    outer loop
      vertex 8.8 41.0328 1.62122
      vertex 14.8 41.4378 0.799999
      vertex 8.8 41.4378 0.799999
    endloop
  endfacet
  facet normal 0 -0.980781 0.19511
    outer loop
      vertex 8.8 54.2615 2.48827
      vertex 14.8 54.3633 3
      vertex 8.8 54.3633 3
    endloop
  endfacet
  facet normal 0 -0.980781 0.19511
    outer loop
      vertex 14.8 54.3633 3
      vertex 8.8 54.2615 2.48827
      vertex 14.8 54.2615 2.48827
    endloop
  endfacet
  facet normal 0 -0.946938 0.321416
    outer loop
      vertex 8.8 53.9672 1.62122
      vertex 14.8 54.2615 2.48827
      vertex 8.8 54.2615 2.48827
    endloop
  endfacet
  facet normal 0 -0.946938 0.321416
    outer loop
      vertex 14.8 54.2615 2.48827
      vertex 8.8 53.9672 1.62122
      vertex 14.8 53.9672 1.62122
    endloop
  endfacet
  facet normal 0 -0.896865 0.442305
    outer loop
      vertex 8.8 53.5622 0.799999
      vertex 14.8 53.9672 1.62122
      vertex 8.8 53.9672 1.62122
    endloop
  endfacet
  facet normal 0 -0.896865 0.442305
    outer loop
      vertex 14.8 53.9672 1.62122
      vertex 8.8 53.5622 0.799999
      vertex 14.8 53.5622 0.799999
    endloop
  endfacet
  facet normal 0 -0.831472 0.555567
    outer loop
      vertex 8.8 53.0535 0.0386696
      vertex 14.8 53.5622 0.799999
      vertex 8.8 53.5622 0.799999
    endloop
  endfacet
  facet normal 0 -0.831472 0.555567
    outer loop
      vertex 14.8 53.5622 0.799999
      vertex 8.8 53.0535 0.0386696
      vertex 14.8 53.0535 0.0386696
    endloop
  endfacet
  facet normal 0 0.946938 0.321416
    outer loop
      vertex 14.8 41.0328 1.62122
      vertex 8.8 40.7385 2.48827
      vertex 14.8 40.7385 2.48827
    endloop
  endfacet
  facet normal 0 0.946938 0.321416
    outer loop
      vertex 8.8 40.7385 2.48827
      vertex 14.8 41.0328 1.62122
      vertex 8.8 41.0328 1.62122
    endloop
  endfacet
  facet normal 0 0.831472 0.555567
    outer loop
      vertex 14.8 41.9465 0.0386696
      vertex 8.8 41.4378 0.799999
      vertex 14.8 41.4378 0.799999
    endloop
  endfacet
  facet normal 0 0.831472 0.555567
    outer loop
      vertex 8.8 41.4378 0.799999
      vertex 14.8 41.9465 0.0386696
      vertex 8.8 41.9465 0.0386696
    endloop
  endfacet
  facet normal 1 0 0
    outer loop
      vertex 8.8 54.3633 3
      vertex 8.8 53.9672 1.62122
      vertex 8.8 54.2615 2.48827
    endloop
  endfacet
  facet normal 1 0 0
    outer loop
      vertex 8.8 54.3633 3
      vertex 8.8 53.5622 0.799999
      vertex 8.8 53.9672 1.62122
    endloop
  endfacet
  facet normal 1 0 0
    outer loop
      vertex 8.8 53.0196 0
      vertex 8.8 53.5622 0.799999
      vertex 8.8 54.3633 3
    endloop
  endfacet
  facet normal 1 0 0
    outer loop
      vertex 8.8 53.5622 0.799999
      vertex 8.8 53.0196 0
      vertex 8.8 53.0535 0.0386696
    endloop
  endfacet
  facet normal 1 0 0
    outer loop
      vertex 8.8 54.3633 3
      vertex 8.8 41.9804 0
      vertex 8.8 53.0196 0
    endloop
  endfacet
  facet normal 1 -0 0
    outer loop
      vertex 8.8 41.4378 0.799999
      vertex 8.8 41.9804 0
      vertex 8.8 54.3633 3
    endloop
  endfacet
  facet normal 1 0 0
    outer loop
      vertex 8.8 41.9804 0
      vertex 8.8 41.4378 0.799999
      vertex 8.8 41.9465 0.0386696
    endloop
  endfacet
  facet normal 1 0 0
    outer loop
      vertex 8.8 54.3633 3
      vertex 8.8 41.0328 1.62122
      vertex 8.8 41.4378 0.799999
    endloop
  endfacet
  facet normal 1 -0 0
    outer loop
      vertex 8.8 40.6367 3
      vertex 8.8 41.0328 1.62122
      vertex 8.8 54.3633 3
    endloop
  endfacet
  facet normal 1 0 0
    outer loop
      vertex 8.8 41.0328 1.62122
      vertex 8.8 40.6367 3
      vertex 8.8 40.7385 2.48827
    endloop
  endfacet
  facet normal 0 0.751959 0.65921
    outer loop
      vertex 14.8 41.9804 0
      vertex 8.8 41.9465 0.0386696
      vertex 14.8 41.9465 0.0386696
    endloop
  endfacet
  facet normal 0 0.751959 0.65921
    outer loop
      vertex 8.8 41.9465 0.0386696
      vertex 14.8 41.9804 0
      vertex 8.8 41.9804 0
    endloop
  endfacet
  facet normal 0 -0.751959 0.65921
    outer loop
      vertex 8.8 53.0196 0
      vertex 14.8 53.0535 0.0386696
      vertex 8.8 53.0535 0.0386696
    endloop
  endfacet
  facet normal 0 -0.751959 0.65921
    outer loop
      vertex 14.8 53.0535 0.0386696
      vertex 8.8 53.0196 0
      vertex 14.8 53.0196 0
    endloop
  endfacet
  facet normal -0.707107 -0.707107 0
    outer loop
      vertex -39.5 41.238 5.7
      vertex -42.5 44.238 22
      vertex -42.5 44.238 5.7
    endloop
  endfacet
  facet normal -0.707107 -0.707107 0
    outer loop
      vertex -42.5 44.238 22
      vertex -39.5 41.238 5.7
      vertex -39.5 41.238 22
    endloop
  endfacet
  facet normal 0 0 1
    outer loop
      vertex -42.5 44.238 5.7
      vertex -39.5 26.5 5.7
      vertex -39.5 41.238 5.7
    endloop
  endfacet
  facet normal 0 0 1
    outer loop
      vertex -39.5 26.5 5.7
      vertex -42.5 44.238 5.7
      vertex -42.5 23.5 5.7
    endloop
  endfacet
  facet normal -0.707107 0.707107 0
    outer loop
      vertex -42.5 23.5 5.7
      vertex -39.5 26.5 22
      vertex -39.5 26.5 5.7
    endloop
  endfacet
  facet normal -0.707107 0.707107 0
    outer loop
      vertex -39.5 26.5 22
      vertex -42.5 23.5 5.7
      vertex -42.5 23.5 22
    endloop
  endfacet
  facet normal 0.946905 0.321514 0
    outer loop
      vertex 2.22836 36.852 3
      vertex 2.10222 37.2235 0
      vertex 2.10222 37.2235 3
    endloop
  endfacet
  facet normal 0.946905 0.321514 0
    outer loop
      vertex 2.10222 37.2235 0
      vertex 2.22836 36.852 3
      vertex 2.22836 36.852 0
    endloop
  endfacet
  facet normal -0.19495 0.980813 0
    outer loop
      vertex 5.77646 35.1022 0
      vertex 5.39158 35.0257 3
      vertex 5.77646 35.1022 3
    endloop
  endfacet
  facet normal -0.19495 0.980813 0
    outer loop
      vertex 5.39158 35.0257 3
      vertex 5.77646 35.1022 0
      vertex 5.39158 35.0257 0
    endloop
  endfacet
  facet normal -0.980791 -0.195062 0
    outer loop
      vertex 7.97433 38.3916 0
      vertex 7.89778 38.7765 3
      vertex 7.89778 38.7765 0
    endloop
  endfacet
  facet normal -0.980791 -0.195062 0
    outer loop
      vertex 7.89778 38.7765 3
      vertex 7.97433 38.3916 0
      vertex 7.97433 38.3916 3
    endloop
  endfacet
  facet normal -0.997858 -0.0654112 0
    outer loop
      vertex 8 38 0
      vertex 7.97433 38.3916 3
      vertex 7.97433 38.3916 0
    endloop
  endfacet
  facet normal -0.997858 -0.0654112 0
    outer loop
      vertex 7.97433 38.3916 3
      vertex 8 38 0
      vertex 8 38 3
    endloop
  endfacet
  facet normal 0.44216 -0.896936 0
    outer loop
      vertex 3.5 40.5981 0
      vertex 3.85195 40.7716 3
      vertex 3.5 40.5981 3
    endloop
  endfacet
  facet normal 0.44216 -0.896936 0
    outer loop
      vertex 3.85195 40.7716 3
      vertex 3.5 40.5981 0
      vertex 3.85195 40.7716 0
    endloop
  endfacet
  facet normal -0.946905 -0.321514 0
    outer loop
      vertex 7.89778 38.7765 0
      vertex 7.77164 39.148 3
      vertex 7.77164 39.148 0
    endloop
  endfacet
  facet normal -0.946905 -0.321514 0
    outer loop
      vertex 7.77164 39.148 3
      vertex 7.89778 38.7765 0
      vertex 7.89778 38.7765 3
    endloop
  endfacet
  facet normal -0.8969 0.442233 0
    outer loop
      vertex 7.59808 36.5 0
      vertex 7.77164 36.852 3
      vertex 7.77164 36.852 0
    endloop
  endfacet
  facet normal -0.8969 0.442233 0
    outer loop
      vertex 7.77164 36.852 3
      vertex 7.59808 36.5 0
      vertex 7.59808 36.5 3
    endloop
  endfacet
  facet normal -0.997858 0.0654112 0
    outer loop
      vertex 7.97433 37.6084 0
      vertex 8 38 3
      vertex 8 38 0
    endloop
  endfacet
  facet normal -0.997858 0.0654112 0
    outer loop
      vertex 8 38 3
      vertex 7.97433 37.6084 0
      vertex 7.97433 37.6084 3
    endloop
  endfacet
  facet normal -0.659428 -0.751768 0
    outer loop
      vertex 6.82628 40.3801 0
      vertex 7.12132 40.1213 3
      vertex 6.82628 40.3801 3
    endloop
  endfacet
  facet normal -0.659428 -0.751768 -0
    outer loop
      vertex 7.12132 40.1213 3
      vertex 6.82628 40.3801 0
      vertex 7.12132 40.1213 0
    endloop
  endfacet
  facet normal 0.659428 -0.751768 0
    outer loop
      vertex 2.87868 40.1213 0
      vertex 3.17372 40.3801 3
      vertex 2.87868 40.1213 3
    endloop
  endfacet
  facet normal 0.659428 -0.751768 0
    outer loop
      vertex 3.17372 40.3801 3
      vertex 2.87868 40.1213 0
      vertex 3.17372 40.3801 0
    endloop
  endfacet
  facet normal -0.0654906 -0.997853 0
    outer loop
      vertex 5 41 0
      vertex 5.39158 40.9743 3
      vertex 5 41 3
    endloop
  endfacet
  facet normal -0.0654906 -0.997853 -0
    outer loop
      vertex 5.39158 40.9743 3
      vertex 5 41 0
      vertex 5.39158 40.9743 0
    endloop
  endfacet
  facet normal 0.997858 -0.0654112 0
    outer loop
      vertex 2 38 3
      vertex 2.02567 38.3916 0
      vertex 2.02567 38.3916 3
    endloop
  endfacet
  facet normal 0.997858 -0.0654112 0
    outer loop
      vertex 2.02567 38.3916 0
      vertex 2 38 3
      vertex 2 38 0
    endloop
  endfacet
  facet normal 0.751799 0.659392 0
    outer loop
      vertex 2.87868 35.8787 3
      vertex 2.61994 36.1737 0
      vertex 2.61994 36.1737 3
    endloop
  endfacet
  facet normal 0.751799 0.659392 0
    outer loop
      vertex 2.61994 36.1737 0
      vertex 2.87868 35.8787 3
      vertex 2.87868 35.8787 0
    endloop
  endfacet
  facet normal 0.980791 0.195062 0
    outer loop
      vertex 2.10222 37.2235 3
      vertex 2.02567 37.6084 0
      vertex 2.02567 37.6084 3
    endloop
  endfacet
  facet normal 0.980791 0.195062 0
    outer loop
      vertex 2.02567 37.6084 0
      vertex 2.10222 37.2235 3
      vertex 2.10222 37.2235 0
    endloop
  endfacet
  facet normal -0.831477 0.555558 0
    outer loop
      vertex 7.38006 36.1737 0
      vertex 7.59808 36.5 3
      vertex 7.59808 36.5 0
    endloop
  endfacet
  facet normal -0.831477 0.555558 0
    outer loop
      vertex 7.59808 36.5 3
      vertex 7.38006 36.1737 0
      vertex 7.38006 36.1737 3
    endloop
  endfacet
  facet normal 0.8969 -0.442233 0
    outer loop
      vertex 2.22836 39.148 3
      vertex 2.40192 39.5 0
      vertex 2.40192 39.5 3
    endloop
  endfacet
  facet normal 0.8969 -0.442233 0
    outer loop
      vertex 2.40192 39.5 0
      vertex 2.22836 39.148 3
      vertex 2.22836 39.148 0
    endloop
  endfacet
  facet normal 0.831477 -0.555558 0
    outer loop
      vertex 2.40192 39.5 3
      vertex 2.61994 39.8263 0
      vertex 2.61994 39.8263 3
    endloop
  endfacet
  facet normal 0.831477 -0.555558 0
    outer loop
      vertex 2.61994 39.8263 0
      vertex 2.40192 39.5 3
      vertex 2.40192 39.5 0
    endloop
  endfacet
  facet normal 0.0654906 -0.997853 0
    outer loop
      vertex 4.60842 40.9743 0
      vertex 5 41 3
      vertex 4.60842 40.9743 3
    endloop
  endfacet
  facet normal 0.0654906 -0.997853 0
    outer loop
      vertex 5 41 3
      vertex 4.60842 40.9743 0
      vertex 5 41 0
    endloop
  endfacet
  facet normal 0.321582 -0.946882 0
    outer loop
      vertex 3.85195 40.7716 0
      vertex 4.22354 40.8978 3
      vertex 3.85195 40.7716 3
    endloop
  endfacet
  facet normal 0.321582 -0.946882 0
    outer loop
      vertex 4.22354 40.8978 3
      vertex 3.85195 40.7716 0
      vertex 4.22354 40.8978 0
    endloop
  endfacet
  facet normal 0.321582 0.946882 -0
    outer loop
      vertex 4.22354 35.1022 0
      vertex 3.85195 35.2284 3
      vertex 4.22354 35.1022 3
    endloop
  endfacet
  facet normal 0.321582 0.946882 0
    outer loop
      vertex 3.85195 35.2284 3
      vertex 4.22354 35.1022 0
      vertex 3.85195 35.2284 0
    endloop
  endfacet
  facet normal -0.44216 -0.896936 0
    outer loop
      vertex 6.14805 40.7716 0
      vertex 6.5 40.5981 3
      vertex 6.14805 40.7716 3
    endloop
  endfacet
  facet normal -0.44216 -0.896936 -0
    outer loop
      vertex 6.5 40.5981 3
      vertex 6.14805 40.7716 0
      vertex 6.5 40.5981 0
    endloop
  endfacet
  facet normal -0.0654906 0.997853 0
    outer loop
      vertex 5.39158 35.0257 0
      vertex 5 35 3
      vertex 5.39158 35.0257 3
    endloop
  endfacet
  facet normal -0.0654906 0.997853 0
    outer loop
      vertex 5 35 3
      vertex 5.39158 35.0257 0
      vertex 5 35 0
    endloop
  endfacet
  facet normal -0.555547 0.831485 0
    outer loop
      vertex 6.82628 35.6199 0
      vertex 6.5 35.4019 3
      vertex 6.82628 35.6199 3
    endloop
  endfacet
  facet normal -0.555547 0.831485 0
    outer loop
      vertex 6.5 35.4019 3
      vertex 6.82628 35.6199 0
      vertex 6.5 35.4019 0
    endloop
  endfacet
  facet normal -0.980791 0.195062 0
    outer loop
      vertex 7.89778 37.2235 0
      vertex 7.97433 37.6084 3
      vertex 7.97433 37.6084 0
    endloop
  endfacet
  facet normal -0.980791 0.195062 0
    outer loop
      vertex 7.97433 37.6084 3
      vertex 7.89778 37.2235 0
      vertex 7.89778 37.2235 3
    endloop
  endfacet
  facet normal 0.751799 -0.659392 0
    outer loop
      vertex 2.61994 39.8263 3
      vertex 2.87868 40.1213 0
      vertex 2.87868 40.1213 3
    endloop
  endfacet
  facet normal 0.751799 -0.659392 0
    outer loop
      vertex 2.87868 40.1213 0
      vertex 2.61994 39.8263 3
      vertex 2.61994 39.8263 0
    endloop
  endfacet
  facet normal 0.980791 -0.195062 0
    outer loop
      vertex 2.02567 38.3916 3
      vertex 2.10222 38.7765 0
      vertex 2.10222 38.7765 3
    endloop
  endfacet
  facet normal 0.980791 -0.195062 0
    outer loop
      vertex 2.10222 38.7765 0
      vertex 2.02567 38.3916 3
      vertex 2.02567 38.3916 0
    endloop
  endfacet
  facet normal -0.831477 -0.555558 0
    outer loop
      vertex 7.59808 39.5 0
      vertex 7.38006 39.8263 3
      vertex 7.38006 39.8263 0
    endloop
  endfacet
  facet normal -0.831477 -0.555558 0
    outer loop
      vertex 7.38006 39.8263 3
      vertex 7.59808 39.5 0
      vertex 7.59808 39.5 3
    endloop
  endfacet
  facet normal -0.555547 -0.831485 0
    outer loop
      vertex 6.5 40.5981 0
      vertex 6.82628 40.3801 3
      vertex 6.5 40.5981 3
    endloop
  endfacet
  facet normal -0.555547 -0.831485 -0
    outer loop
      vertex 6.82628 40.3801 3
      vertex 6.5 40.5981 0
      vertex 6.82628 40.3801 0
    endloop
  endfacet
  facet normal 0.997858 0.0654112 0
    outer loop
      vertex 2.02567 37.6084 3
      vertex 2 38 0
      vertex 2 38 3
    endloop
  endfacet
  facet normal 0.997858 0.0654112 0
    outer loop
      vertex 2 38 0
      vertex 2.02567 37.6084 3
      vertex 2.02567 37.6084 0
    endloop
  endfacet
  facet normal -0.321582 -0.946882 0
    outer loop
      vertex 5.77646 40.8978 0
      vertex 6.14805 40.7716 3
      vertex 5.77646 40.8978 3
    endloop
  endfacet
  facet normal -0.321582 -0.946882 -0
    outer loop
      vertex 6.14805 40.7716 3
      vertex 5.77646 40.8978 0
      vertex 6.14805 40.7716 0
    endloop
  endfacet
  facet normal -0.659428 0.751768 0
    outer loop
      vertex 7.12132 35.8787 0
      vertex 6.82628 35.6199 3
      vertex 7.12132 35.8787 3
    endloop
  endfacet
  facet normal -0.659428 0.751768 0
    outer loop
      vertex 6.82628 35.6199 3
      vertex 7.12132 35.8787 0
      vertex 6.82628 35.6199 0
    endloop
  endfacet
  facet normal 0.19495 -0.980813 0
    outer loop
      vertex 4.22354 40.8978 0
      vertex 4.60842 40.9743 3
      vertex 4.22354 40.8978 3
    endloop
  endfacet
  facet normal 0.19495 -0.980813 0
    outer loop
      vertex 4.60842 40.9743 3
      vertex 4.22354 40.8978 0
      vertex 4.60842 40.9743 0
    endloop
  endfacet
  facet normal -0.8969 -0.442233 0
    outer loop
      vertex 7.77164 39.148 0
      vertex 7.59808 39.5 3
      vertex 7.59808 39.5 0
    endloop
  endfacet
  facet normal -0.8969 -0.442233 0
    outer loop
      vertex 7.59808 39.5 3
      vertex 7.77164 39.148 0
      vertex 7.77164 39.148 3
    endloop
  endfacet
  facet normal 0.555547 0.831485 -0
    outer loop
      vertex 3.5 35.4019 0
      vertex 3.17372 35.6199 3
      vertex 3.5 35.4019 3
    endloop
  endfacet
  facet normal 0.555547 0.831485 0
    outer loop
      vertex 3.17372 35.6199 3
      vertex 3.5 35.4019 0
      vertex 3.17372 35.6199 0
    endloop
  endfacet
  facet normal 0.659428 0.751768 -0
    outer loop
      vertex 3.17372 35.6199 0
      vertex 2.87868 35.8787 3
      vertex 3.17372 35.6199 3
    endloop
  endfacet
  facet normal 0.659428 0.751768 0
    outer loop
      vertex 2.87868 35.8787 3
      vertex 3.17372 35.6199 0
      vertex 2.87868 35.8787 0
    endloop
  endfacet
  facet normal -0.751799 0.659392 0
    outer loop
      vertex 7.12132 35.8787 0
      vertex 7.38006 36.1737 3
      vertex 7.38006 36.1737 0
    endloop
  endfacet
  facet normal -0.751799 0.659392 0
    outer loop
      vertex 7.38006 36.1737 3
      vertex 7.12132 35.8787 0
      vertex 7.12132 35.8787 3
    endloop
  endfacet
  facet normal 0.8969 0.442233 0
    outer loop
      vertex 2.40192 36.5 3
      vertex 2.22836 36.852 0
      vertex 2.22836 36.852 3
    endloop
  endfacet
  facet normal 0.8969 0.442233 0
    outer loop
      vertex 2.22836 36.852 0
      vertex 2.40192 36.5 3
      vertex 2.40192 36.5 0
    endloop
  endfacet
  facet normal 0.0654906 0.997853 -0
    outer loop
      vertex 5 35 0
      vertex 4.60842 35.0257 3
      vertex 5 35 3
    endloop
  endfacet
  facet normal 0.0654906 0.997853 0
    outer loop
      vertex 4.60842 35.0257 3
      vertex 5 35 0
      vertex 4.60842 35.0257 0
    endloop
  endfacet
  facet normal -0.751799 -0.659392 0
    outer loop
      vertex 7.38006 39.8263 0
      vertex 7.12132 40.1213 3
      vertex 7.12132 40.1213 0
    endloop
  endfacet
  facet normal -0.751799 -0.659392 0
    outer loop
      vertex 7.12132 40.1213 3
      vertex 7.38006 39.8263 0
      vertex 7.38006 39.8263 3
    endloop
  endfacet
  facet normal 0.555547 -0.831485 0
    outer loop
      vertex 3.17372 40.3801 0
      vertex 3.5 40.5981 3
      vertex 3.17372 40.3801 3
    endloop
  endfacet
  facet normal 0.555547 -0.831485 0
    outer loop
      vertex 3.5 40.5981 3
      vertex 3.17372 40.3801 0
      vertex 3.5 40.5981 0
    endloop
  endfacet
  facet normal -0.321582 0.946882 0
    outer loop
      vertex 6.14805 35.2284 0
      vertex 5.77646 35.1022 3
      vertex 6.14805 35.2284 3
    endloop
  endfacet
  facet normal -0.321582 0.946882 0
    outer loop
      vertex 5.77646 35.1022 3
      vertex 6.14805 35.2284 0
      vertex 5.77646 35.1022 0
    endloop
  endfacet
  facet normal -0.44216 0.896936 0
    outer loop
      vertex 6.5 35.4019 0
      vertex 6.14805 35.2284 3
      vertex 6.5 35.4019 3
    endloop
  endfacet
  facet normal -0.44216 0.896936 0
    outer loop
      vertex 6.14805 35.2284 3
      vertex 6.5 35.4019 0
      vertex 6.14805 35.2284 0
    endloop
  endfacet
  facet normal -0.946905 0.321514 0
    outer loop
      vertex 7.77164 36.852 0
      vertex 7.89778 37.2235 3
      vertex 7.89778 37.2235 0
    endloop
  endfacet
  facet normal -0.946905 0.321514 0
    outer loop
      vertex 7.89778 37.2235 3
      vertex 7.77164 36.852 0
      vertex 7.77164 36.852 3
    endloop
  endfacet
  facet normal 0.19495 0.980813 -0
    outer loop
      vertex 4.60842 35.0257 0
      vertex 4.22354 35.1022 3
      vertex 4.60842 35.0257 3
    endloop
  endfacet
  facet normal 0.19495 0.980813 0
    outer loop
      vertex 4.22354 35.1022 3
      vertex 4.60842 35.0257 0
      vertex 4.22354 35.1022 0
    endloop
  endfacet
  facet normal -0.19495 -0.980813 0
    outer loop
      vertex 5.39158 40.9743 0
      vertex 5.77646 40.8978 3
      vertex 5.39158 40.9743 3
    endloop
  endfacet
  facet normal -0.19495 -0.980813 -0
    outer loop
      vertex 5.77646 40.8978 3
      vertex 5.39158 40.9743 0
      vertex 5.77646 40.8978 0
    endloop
  endfacet
  facet normal 0.44216 0.896936 -0
    outer loop
      vertex 3.85195 35.2284 0
      vertex 3.5 35.4019 3
      vertex 3.85195 35.2284 3
    endloop
  endfacet
  facet normal 0.44216 0.896936 0
    outer loop
      vertex 3.5 35.4019 3
      vertex 3.85195 35.2284 0
      vertex 3.5 35.4019 0
    endloop
  endfacet
  facet normal 0.831477 0.555558 0
    outer loop
      vertex 2.61994 36.1737 3
      vertex 2.40192 36.5 0
      vertex 2.40192 36.5 3
    endloop
  endfacet
  facet normal 0.831477 0.555558 0
    outer loop
      vertex 2.40192 36.5 0
      vertex 2.61994 36.1737 3
      vertex 2.61994 36.1737 0
    endloop
  endfacet
  facet normal 0.946905 -0.321514 0
    outer loop
      vertex 2.10222 38.7765 3
      vertex 2.22836 39.148 0
      vertex 2.22836 39.148 3
    endloop
  endfacet
  facet normal 0.946905 -0.321514 0
    outer loop
      vertex 2.22836 39.148 0
      vertex 2.10222 38.7765 3
      vertex 2.10222 38.7765 0
    endloop
  endfacet
endsolid OpenSCAD_Model
