solid OpenSCAD_Model
  facet normal 0 -1 0
    outer loop
      vertex -23 1 0
      vertex -18 1 5
      vertex -23 1 5
    endloop
  endfacet
  facet normal 0 -1 -0
    outer loop
      vertex -18 1 5
      vertex -23 1 0
      vertex -18 1 0
    endloop
  endfacet
  facet normal 0.649511 -0.760352 0
    outer loop
      vertex -23.7071 0.707107 0
      vertex -23.5878 0.809016 5
      vertex -23.7071 0.707107 5
    endloop
  endfacet
  facet normal 0.649511 -0.760352 0
    outer loop
      vertex -23.5878 0.809016 5
      vertex -23.7071 0.707107 0
      vertex -23.5878 0.809016 0
    endloop
  endfacet
  facet normal -0.522486 0.852648 0
    outer loop
      vertex -17.4122 -0.809016 0
      vertex -17.546 -0.891006 5
      vertex -17.4122 -0.809016 5
    endloop
  endfacet
  facet normal -0.522486 0.852648 0
    outer loop
      vertex -17.546 -0.891006 5
      vertex -17.4122 -0.809016 0
      vertex -17.546 -0.891006 0
    endloop
  endfacet
  facet normal 0.760439 0.649409 0
    outer loop
      vertex -23.7071 -0.707107 5
      vertex -23.809 -0.587785 0
      vertex -23.809 -0.587785 5
    endloop
  endfacet
  facet normal 0.760439 0.649409 0
    outer loop
      vertex -23.809 -0.587785 0
      vertex -23.7071 -0.707107 5
      vertex -23.7071 -0.707107 0
    endloop
  endfacet
  facet normal 0.996923 -0.0783855 0
    outer loop
      vertex -24 0 5
      vertex -23.9877 0.156434 0
      vertex -23.9877 0.156434 5
    endloop
  endfacet
  facet normal 0.996923 -0.0783855 0
    outer loop
      vertex -23.9877 0.156434 0
      vertex -24 0 5
      vertex -24 0 0
    endloop
  endfacet
  facet normal 0.0784784 -0.996916 0
    outer loop
      vertex -23.1564 0.987688 0
      vertex -23 1 5
      vertex -23.1564 0.987688 5
    endloop
  endfacet
  facet normal 0.0784784 -0.996916 0
    outer loop
      vertex -23 1 5
      vertex -23.1564 0.987688 0
      vertex -23 1 0
    endloop
  endfacet
  facet normal -0.0784784 -0.996916 0
    outer loop
      vertex -18 1 0
      vertex -17.8436 0.987688 5
      vertex -18 1 5
    endloop
  endfacet
  facet normal -0.0784784 -0.996916 -0
    outer loop
      vertex -17.8436 0.987688 5
      vertex -18 1 0
      vertex -17.8436 0.987688 0
    endloop
  endfacet
  facet normal 0.923767 -0.382954 0
    outer loop
      vertex -23.9511 0.309016 5
      vertex -23.891 0.45399 0
      vertex -23.891 0.45399 5
    endloop
  endfacet
  facet normal 0.923767 -0.382954 0
    outer loop
      vertex -23.891 0.45399 0
      vertex -23.9511 0.309016 5
      vertex -23.9511 0.309016 0
    endloop
  endfacet
  facet normal 0.0784784 0.996916 -0
    outer loop
      vertex -23 -1 0
      vertex -23.1564 -0.987688 5
      vertex -23 -1 5
    endloop
  endfacet
  facet normal 0.0784784 0.996916 0
    outer loop
      vertex -23.1564 -0.987688 5
      vertex -23 -1 0
      vertex -23.1564 -0.987688 0
    endloop
  endfacet
  facet normal 0.233421 0.972376 -0
    outer loop
      vertex -23.1564 -0.987688 0
      vertex -23.309 -0.951056 5
      vertex -23.1564 -0.987688 5
    endloop
  endfacet
  facet normal 0.233421 0.972376 0
    outer loop
      vertex -23.309 -0.951056 5
      vertex -23.1564 -0.987688 0
      vertex -23.309 -0.951056 0
    endloop
  endfacet
  facet normal -0.382624 -0.923904 0
    outer loop
      vertex -17.691 0.951056 0
      vertex -17.546 0.891006 5
      vertex -17.691 0.951056 5
    endloop
  endfacet
  facet normal -0.382624 -0.923904 -0
    outer loop
      vertex -17.546 0.891006 5
      vertex -17.691 0.951056 0
      vertex -17.546 0.891006 0
    endloop
  endfacet
  facet normal 0.996923 0.0783855 0
    outer loop
      vertex -23.9877 -0.156434 5
      vertex -24 0 0
      vertex -24 0 5
    endloop
  endfacet
  facet normal 0.996923 0.0783855 0
    outer loop
      vertex -24 0 0
      vertex -23.9877 -0.156434 5
      vertex -23.9877 -0.156434 0
    endloop
  endfacet
  facet normal 0.760439 -0.649409 0
    outer loop
      vertex -23.809 0.587785 5
      vertex -23.7071 0.707107 0
      vertex -23.7071 0.707107 5
    endloop
  endfacet
  facet normal 0.760439 -0.649409 0
    outer loop
      vertex -23.7071 0.707107 0
      vertex -23.809 0.587785 5
      vertex -23.809 0.587785 0
    endloop
  endfacet
  facet normal -0.760439 0.649409 0
    outer loop
      vertex -17.2929 -0.707107 0
      vertex -17.191 -0.587785 5
      vertex -17.191 -0.587785 0
    endloop
  endfacet
  facet normal -0.760439 0.649409 0
    outer loop
      vertex -17.191 -0.587785 5
      vertex -17.2929 -0.707107 0
      vertex -17.2929 -0.707107 5
    endloop
  endfacet
  facet normal -0.649511 0.760352 0
    outer loop
      vertex -17.2929 -0.707107 0
      vertex -17.4122 -0.809016 5
      vertex -17.2929 -0.707107 5
    endloop
  endfacet
  facet normal -0.649511 0.760352 0
    outer loop
      vertex -17.4122 -0.809016 5
      vertex -17.2929 -0.707107 0
      vertex -17.4122 -0.809016 0
    endloop
  endfacet
  facet normal -0.233421 -0.972376 0
    outer loop
      vertex -17.8436 0.987688 0
      vertex -17.691 0.951056 5
      vertex -17.8436 0.987688 5
    endloop
  endfacet
  facet normal -0.233421 -0.972376 -0
    outer loop
      vertex -17.691 0.951056 5
      vertex -17.8436 0.987688 0
      vertex -17.691 0.951056 0
    endloop
  endfacet
  facet normal 0.852611 -0.522546 0
    outer loop
      vertex -23.891 0.45399 5
      vertex -23.809 0.587785 0
      vertex -23.809 0.587785 5
    endloop
  endfacet
  facet normal 0.852611 -0.522546 0
    outer loop
      vertex -23.809 0.587785 0
      vertex -23.891 0.45399 5
      vertex -23.891 0.45399 0
    endloop
  endfacet
  facet normal 0.382624 -0.923904 0
    outer loop
      vertex -23.454 0.891006 0
      vertex -23.309 0.951056 5
      vertex -23.454 0.891006 5
    endloop
  endfacet
  facet normal 0.382624 -0.923904 0
    outer loop
      vertex -23.309 0.951056 5
      vertex -23.454 0.891006 0
      vertex -23.309 0.951056 0
    endloop
  endfacet
  facet normal -0.923767 0.382954 0
    outer loop
      vertex -17.109 -0.45399 0
      vertex -17.0489 -0.309016 5
      vertex -17.0489 -0.309016 0
    endloop
  endfacet
  facet normal -0.923767 0.382954 0
    outer loop
      vertex -17.0489 -0.309016 5
      vertex -17.109 -0.45399 0
      vertex -17.109 -0.45399 5
    endloop
  endfacet
  facet normal 0 1 0
    outer loop
      vertex -18 -1 5
      vertex -20.5 -1 3.8
      vertex -23 -1 5
    endloop
  endfacet
  facet normal 0 1 0
    outer loop
      vertex -18 -1 5
      vertex -20.2966 -1 3.78399
      vertex -20.5 -1 3.8
    endloop
  endfacet
  facet normal 0 1 0
    outer loop
      vertex -18 -1 5
      vertex -20.0983 -1 3.73637
      vertex -20.2966 -1 3.78399
    endloop
  endfacet
  facet normal 0 1 0
    outer loop
      vertex -18 -1 5
      vertex -19.9098 -1 3.65831
      vertex -20.0983 -1 3.73637
    endloop
  endfacet
  facet normal 0 1 0
    outer loop
      vertex -18 -1 5
      vertex -19.7359 -1 3.55172
      vertex -19.9098 -1 3.65831
    endloop
  endfacet
  facet normal 0 1 0
    outer loop
      vertex -18 -1 5
      vertex -19.5808 -1 3.41924
      vertex -19.7359 -1 3.55172
    endloop
  endfacet
  facet normal 0 1 0
    outer loop
      vertex -18 -1 5
      vertex -19.4483 -1 3.26412
      vertex -19.5808 -1 3.41924
    endloop
  endfacet
  facet normal 0 1 0
    outer loop
      vertex -18 -1 5
      vertex -19.3417 -1 3.09019
      vertex -19.4483 -1 3.26412
    endloop
  endfacet
  facet normal 0 1 0
    outer loop
      vertex -18 -1 5
      vertex -19.2636 -1 2.90172
      vertex -19.3417 -1 3.09019
    endloop
  endfacet
  facet normal 0 1 0
    outer loop
      vertex -18 -1 5
      vertex -19.216 -1 2.70336
      vertex -19.2636 -1 2.90172
    endloop
  endfacet
  facet normal 0 1 0
    outer loop
      vertex -18 -1 5
      vertex -19.2 -1 2.5
      vertex -19.216 -1 2.70336
    endloop
  endfacet
  facet normal 0 1 -0
    outer loop
      vertex -18 -1 0
      vertex -19.2 -1 2.5
      vertex -18 -1 5
    endloop
  endfacet
  facet normal 0 1 0
    outer loop
      vertex -19.2 -1 2.5
      vertex -18 -1 0
      vertex -19.216 -1 2.29663
    endloop
  endfacet
  facet normal 0 1 0
    outer loop
      vertex -19.216 -1 2.29663
      vertex -18 -1 0
      vertex -19.2636 -1 2.09828
    endloop
  endfacet
  facet normal 0 1 0
    outer loop
      vertex -20.2966 -1 1.216
      vertex -18 -1 0
      vertex -20.5 -1 1.2
    endloop
  endfacet
  facet normal 0 1 0
    outer loop
      vertex -20.0983 -1 1.26363
      vertex -18 -1 0
      vertex -20.2966 -1 1.216
    endloop
  endfacet
  facet normal 0 1 0
    outer loop
      vertex -19.9098 -1 1.34169
      vertex -18 -1 0
      vertex -20.0983 -1 1.26363
    endloop
  endfacet
  facet normal 0 1 0
    outer loop
      vertex -19.7359 -1 1.44828
      vertex -18 -1 0
      vertex -19.9098 -1 1.34169
    endloop
  endfacet
  facet normal 0 1 0
    outer loop
      vertex -19.5808 -1 1.58076
      vertex -18 -1 0
      vertex -19.7359 -1 1.44828
    endloop
  endfacet
  facet normal 0 1 0
    outer loop
      vertex -19.4483 -1 1.73588
      vertex -18 -1 0
      vertex -19.5808 -1 1.58076
    endloop
  endfacet
  facet normal 0 1 0
    outer loop
      vertex -19.3417 -1 1.90981
      vertex -18 -1 0
      vertex -19.4483 -1 1.73588
    endloop
  endfacet
  facet normal 0 1 0
    outer loop
      vertex -19.2636 -1 2.09828
      vertex -18 -1 0
      vertex -19.3417 -1 1.90981
    endloop
  endfacet
  facet normal 0 1 -0
    outer loop
      vertex -20.7034 -1 3.78399
      vertex -23 -1 5
      vertex -20.5 -1 3.8
    endloop
  endfacet
  facet normal 0 1 -0
    outer loop
      vertex -20.9017 -1 3.73637
      vertex -23 -1 5
      vertex -20.7034 -1 3.78399
    endloop
  endfacet
  facet normal 0 1 -0
    outer loop
      vertex -21.0902 -1 3.65831
      vertex -23 -1 5
      vertex -20.9017 -1 3.73637
    endloop
  endfacet
  facet normal 0 1 -0
    outer loop
      vertex -21.2641 -1 3.55172
      vertex -23 -1 5
      vertex -21.0902 -1 3.65831
    endloop
  endfacet
  facet normal 0 1 -0
    outer loop
      vertex -21.4192 -1 3.41924
      vertex -23 -1 5
      vertex -21.2641 -1 3.55172
    endloop
  endfacet
  facet normal 0 1 -0
    outer loop
      vertex -21.5517 -1 3.26412
      vertex -23 -1 5
      vertex -21.4192 -1 3.41924
    endloop
  endfacet
  facet normal 0 1 -0
    outer loop
      vertex -21.6583 -1 3.09019
      vertex -23 -1 5
      vertex -21.5517 -1 3.26412
    endloop
  endfacet
  facet normal 0 1 -0
    outer loop
      vertex -21.7364 -1 2.90172
      vertex -23 -1 5
      vertex -21.6583 -1 3.09019
    endloop
  endfacet
  facet normal 0 1 -0
    outer loop
      vertex -21.784 -1 2.70336
      vertex -23 -1 5
      vertex -21.7364 -1 2.90172
    endloop
  endfacet
  facet normal 0 1 -0
    outer loop
      vertex -21.8 -1 2.5
      vertex -23 -1 5
      vertex -21.784 -1 2.70336
    endloop
  endfacet
  facet normal 0 1 0
    outer loop
      vertex -23 -1 0
      vertex -21.8 -1 2.5
      vertex -21.784 -1 2.29663
    endloop
  endfacet
  facet normal 0 1 0
    outer loop
      vertex -23 -1 0
      vertex -21.784 -1 2.29663
      vertex -21.7364 -1 2.09828
    endloop
  endfacet
  facet normal 0 1 0
    outer loop
      vertex -23 -1 0
      vertex -21.7364 -1 2.09828
      vertex -21.6583 -1 1.90981
    endloop
  endfacet
  facet normal 0 1 0
    outer loop
      vertex -23 -1 0
      vertex -20.5 -1 1.2
      vertex -18 -1 0
    endloop
  endfacet
  facet normal 0 1 0
    outer loop
      vertex -20.5 -1 1.2
      vertex -23 -1 0
      vertex -20.7034 -1 1.216
    endloop
  endfacet
  facet normal 0 1 0
    outer loop
      vertex -20.7034 -1 1.216
      vertex -23 -1 0
      vertex -20.9017 -1 1.26363
    endloop
  endfacet
  facet normal 0 1 0
    outer loop
      vertex -21.8 -1 2.5
      vertex -23 -1 0
      vertex -23 -1 5
    endloop
  endfacet
  facet normal 0 1 0
    outer loop
      vertex -21.5517 -1 1.73588
      vertex -23 -1 0
      vertex -21.6583 -1 1.90981
    endloop
  endfacet
  facet normal 0 1 0
    outer loop
      vertex -21.4192 -1 1.58076
      vertex -23 -1 0
      vertex -21.5517 -1 1.73588
    endloop
  endfacet
  facet normal 0 1 0
    outer loop
      vertex -21.2641 -1 1.44828
      vertex -23 -1 0
      vertex -21.4192 -1 1.58076
    endloop
  endfacet
  facet normal 0 1 0
    outer loop
      vertex -21.0902 -1 1.34169
      vertex -23 -1 0
      vertex -21.2641 -1 1.44828
    endloop
  endfacet
  facet normal 0 1 0
    outer loop
      vertex -20.9017 -1 1.26363
      vertex -23 -1 0
      vertex -21.0902 -1 1.34169
    endloop
  endfacet
  facet normal -0.0784784 0.996916 0
    outer loop
      vertex -17.8436 -0.987688 0
      vertex -18 -1 5
      vertex -17.8436 -0.987688 5
    endloop
  endfacet
  facet normal -0.0784784 0.996916 0
    outer loop
      vertex -18 -1 5
      vertex -17.8436 -0.987688 0
      vertex -18 -1 0
    endloop
  endfacet
  facet normal 0.852611 0.522546 0
    outer loop
      vertex -23.809 -0.587785 5
      vertex -23.891 -0.45399 0
      vertex -23.891 -0.45399 5
    endloop
  endfacet
  facet normal 0.852611 0.522546 0
    outer loop
      vertex -23.891 -0.45399 0
      vertex -23.809 -0.587785 5
      vertex -23.809 -0.587785 0
    endloop
  endfacet
  facet normal 0.972416 0.233254 0
    outer loop
      vertex -23.9511 -0.309016 5
      vertex -23.9877 -0.156434 0
      vertex -23.9877 -0.156434 5
    endloop
  endfacet
  facet normal 0.972416 0.233254 0
    outer loop
      vertex -23.9877 -0.156434 0
      vertex -23.9511 -0.309016 5
      vertex -23.9511 -0.309016 0
    endloop
  endfacet
  facet normal 0.649511 0.760352 -0
    outer loop
      vertex -23.5878 -0.809016 0
      vertex -23.7071 -0.707107 5
      vertex -23.5878 -0.809016 5
    endloop
  endfacet
  facet normal 0.649511 0.760352 0
    outer loop
      vertex -23.7071 -0.707107 5
      vertex -23.5878 -0.809016 0
      vertex -23.7071 -0.707107 0
    endloop
  endfacet
  facet normal -0.522486 -0.852648 0
    outer loop
      vertex -17.546 0.891006 0
      vertex -17.4122 0.809016 5
      vertex -17.546 0.891006 5
    endloop
  endfacet
  facet normal -0.522486 -0.852648 -0
    outer loop
      vertex -17.4122 0.809016 5
      vertex -17.546 0.891006 0
      vertex -17.4122 0.809016 0
    endloop
  endfacet
  facet normal 0.233421 -0.972376 0
    outer loop
      vertex -23.309 0.951056 0
      vertex -23.1564 0.987688 5
      vertex -23.309 0.951056 5
    endloop
  endfacet
  facet normal 0.233421 -0.972376 0
    outer loop
      vertex -23.1564 0.987688 5
      vertex -23.309 0.951056 0
      vertex -23.1564 0.987688 0
    endloop
  endfacet
  facet normal 0.923767 0.382954 0
    outer loop
      vertex -23.891 -0.45399 5
      vertex -23.9511 -0.309016 0
      vertex -23.9511 -0.309016 5
    endloop
  endfacet
  facet normal 0.923767 0.382954 0
    outer loop
      vertex -23.9511 -0.309016 0
      vertex -23.891 -0.45399 5
      vertex -23.891 -0.45399 0
    endloop
  endfacet
  facet normal -0.996923 -0.0783855 0
    outer loop
      vertex -17 0 0
      vertex -17.0123 0.156434 5
      vertex -17.0123 0.156434 0
    endloop
  endfacet
  facet normal -0.996923 -0.0783855 0
    outer loop
      vertex -17.0123 0.156434 5
      vertex -17 0 0
      vertex -17 0 5
    endloop
  endfacet
  facet normal -0.852611 0.522546 0
    outer loop
      vertex -17.191 -0.587785 0
      vertex -17.109 -0.45399 5
      vertex -17.109 -0.45399 0
    endloop
  endfacet
  facet normal -0.852611 0.522546 0
    outer loop
      vertex -17.109 -0.45399 5
      vertex -17.191 -0.587785 0
      vertex -17.191 -0.587785 5
    endloop
  endfacet
  facet normal 0.522486 0.852648 -0
    outer loop
      vertex -23.454 -0.891006 0
      vertex -23.5878 -0.809016 5
      vertex -23.454 -0.891006 5
    endloop
  endfacet
  facet normal 0.522486 0.852648 0
    outer loop
      vertex -23.5878 -0.809016 5
      vertex -23.454 -0.891006 0
      vertex -23.5878 -0.809016 0
    endloop
  endfacet
  facet normal 0.382624 0.923904 -0
    outer loop
      vertex -23.309 -0.951056 0
      vertex -23.454 -0.891006 5
      vertex -23.309 -0.951056 5
    endloop
  endfacet
  facet normal 0.382624 0.923904 0
    outer loop
      vertex -23.454 -0.891006 5
      vertex -23.309 -0.951056 0
      vertex -23.454 -0.891006 0
    endloop
  endfacet
  facet normal -0.382624 0.923904 0
    outer loop
      vertex -17.546 -0.891006 0
      vertex -17.691 -0.951056 5
      vertex -17.546 -0.891006 5
    endloop
  endfacet
  facet normal -0.382624 0.923904 0
    outer loop
      vertex -17.691 -0.951056 5
      vertex -17.546 -0.891006 0
      vertex -17.691 -0.951056 0
    endloop
  endfacet
  facet normal -0.972416 0.233254 0
    outer loop
      vertex -17.0489 -0.309016 0
      vertex -17.0123 -0.156434 5
      vertex -17.0123 -0.156434 0
    endloop
  endfacet
  facet normal -0.972416 0.233254 0
    outer loop
      vertex -17.0123 -0.156434 5
      vertex -17.0489 -0.309016 0
      vertex -17.0489 -0.309016 5
    endloop
  endfacet
  facet normal 0.522486 -0.852648 0
    outer loop
      vertex -23.5878 0.809016 0
      vertex -23.454 0.891006 5
      vertex -23.5878 0.809016 5
    endloop
  endfacet
  facet normal 0.522486 -0.852648 0
    outer loop
      vertex -23.454 0.891006 5
      vertex -23.5878 0.809016 0
      vertex -23.454 0.891006 0
    endloop
  endfacet
  facet normal -0.233421 0.972376 0
    outer loop
      vertex -17.691 -0.951056 0
      vertex -17.8436 -0.987688 5
      vertex -17.691 -0.951056 5
    endloop
  endfacet
  facet normal -0.233421 0.972376 0
    outer loop
      vertex -17.8436 -0.987688 5
      vertex -17.691 -0.951056 0
      vertex -17.8436 -0.987688 0
    endloop
  endfacet
  facet normal -0.760439 -0.649409 0
    outer loop
      vertex -17.191 0.587785 0
      vertex -17.2929 0.707107 5
      vertex -17.2929 0.707107 0
    endloop
  endfacet
  facet normal -0.760439 -0.649409 0
    outer loop
      vertex -17.2929 0.707107 5
      vertex -17.191 0.587785 0
      vertex -17.191 0.587785 5
    endloop
  endfacet
  facet normal 0.972416 -0.233254 0
    outer loop
      vertex -23.9877 0.156434 5
      vertex -23.9511 0.309016 0
      vertex -23.9511 0.309016 5
    endloop
  endfacet
  facet normal 0.972416 -0.233254 0
    outer loop
      vertex -23.9511 0.309016 0
      vertex -23.9877 0.156434 5
      vertex -23.9877 0.156434 0
    endloop
  endfacet
  facet normal -0.852611 -0.522546 0
    outer loop
      vertex -17.109 0.45399 0
      vertex -17.191 0.587785 5
      vertex -17.191 0.587785 0
    endloop
  endfacet
  facet normal -0.852611 -0.522546 0
    outer loop
      vertex -17.191 0.587785 5
      vertex -17.109 0.45399 0
      vertex -17.109 0.45399 5
    endloop
  endfacet
  facet normal -0.923767 -0.382954 0
    outer loop
      vertex -17.0489 0.309016 0
      vertex -17.109 0.45399 5
      vertex -17.109 0.45399 0
    endloop
  endfacet
  facet normal -0.923767 -0.382954 0
    outer loop
      vertex -17.109 0.45399 5
      vertex -17.0489 0.309016 0
      vertex -17.0489 0.309016 5
    endloop
  endfacet
  facet normal -0.649511 -0.760352 0
    outer loop
      vertex -17.4122 0.809016 0
      vertex -17.2929 0.707107 5
      vertex -17.4122 0.809016 5
    endloop
  endfacet
  facet normal -0.649511 -0.760352 -0
    outer loop
      vertex -17.2929 0.707107 5
      vertex -17.4122 0.809016 0
      vertex -17.2929 0.707107 0
    endloop
  endfacet
  facet normal -0.996923 0.0783855 0
    outer loop
      vertex -17.0123 -0.156434 0
      vertex -17 0 5
      vertex -17 0 0
    endloop
  endfacet
  facet normal -0.996923 0.0783855 0
    outer loop
      vertex -17 0 5
      vertex -17.0123 -0.156434 0
      vertex -17.0123 -0.156434 5
    endloop
  endfacet
  facet normal -0.972416 -0.233254 0
    outer loop
      vertex -17.0123 0.156434 0
      vertex -17.0489 0.309016 5
      vertex -17.0489 0.309016 0
    endloop
  endfacet
  facet normal -0.972416 -0.233254 0
    outer loop
      vertex -17.0489 0.309016 5
      vertex -17.0123 0.156434 0
      vertex -17.0123 0.156434 5
    endloop
  endfacet
  facet normal 0.233549 0 0.972345
    outer loop
      vertex -20.9017 -1 1.26363
      vertex -20.7034 -4.5 1.216
      vertex -20.7034 -1 1.216
    endloop
  endfacet
  facet normal 0.233549 0 0.972345
    outer loop
      vertex -20.7034 -4.5 1.216
      vertex -20.9017 -1 1.26363
      vertex -20.9017 -4.5 1.26363
    endloop
  endfacet
  facet normal -0.972392 0 0.233354
    outer loop
      vertex -19.2636 -4.5 2.09828
      vertex -19.216 -1 2.29663
      vertex -19.2636 -1 2.09828
    endloop
  endfacet
  facet normal -0.972392 0 0.233354
    outer loop
      vertex -19.216 -1 2.29663
      vertex -19.2636 -4.5 2.09828
      vertex -19.216 -4.5 2.29663
    endloop
  endfacet
  facet normal -0.996919 0 0.078432
    outer loop
      vertex -19.216 -4.5 2.29663
      vertex -19.2 -1 2.5
      vertex -19.216 -1 2.29663
    endloop
  endfacet
  facet normal -0.996919 0 0.078432
    outer loop
      vertex -19.2 -1 2.5
      vertex -19.216 -4.5 2.29663
      vertex -19.2 -4.5 2.5
    endloop
  endfacet
  facet normal -0.923822 0 0.382822
    outer loop
      vertex -19.3417 -4.5 1.90981
      vertex -19.2636 -1 2.09828
      vertex -19.3417 -1 1.90981
    endloop
  endfacet
  facet normal -0.923822 0 0.382822
    outer loop
      vertex -19.2636 -1 2.09828
      vertex -19.3417 -4.5 1.90981
      vertex -19.2636 -4.5 2.09828
    endloop
  endfacet
  facet normal -0.233549 0 0.972345
    outer loop
      vertex -20.2966 -1 1.216
      vertex -20.0983 -4.5 1.26363
      vertex -20.0983 -1 1.26363
    endloop
  endfacet
  facet normal -0.233549 0 0.972345
    outer loop
      vertex -20.0983 -4.5 1.26363
      vertex -20.2966 -1 1.216
      vertex -20.2966 -4.5 1.216
    endloop
  endfacet
  facet normal -0.996919 0 -0.0784358
    outer loop
      vertex -19.2 -4.5 2.5
      vertex -19.216 -1 2.70336
      vertex -19.2 -1 2.5
    endloop
  endfacet
  facet normal -0.996919 -0 -0.0784358
    outer loop
      vertex -19.216 -1 2.70336
      vertex -19.2 -4.5 2.5
      vertex -19.216 -4.5 2.70336
    endloop
  endfacet
  facet normal -0.852606 0 0.522554
    outer loop
      vertex -19.4483 -4.5 1.73588
      vertex -19.3417 -1 1.90981
      vertex -19.4483 -1 1.73588
    endloop
  endfacet
  facet normal -0.852606 0 0.522554
    outer loop
      vertex -19.3417 -1 1.90981
      vertex -19.4483 -4.5 1.73588
      vertex -19.3417 -4.5 1.90981
    endloop
  endfacet
  facet normal -0.76037 0 0.649491
    outer loop
      vertex -19.5808 -4.5 1.58076
      vertex -19.4483 -1 1.73588
      vertex -19.5808 -1 1.58076
    endloop
  endfacet
  facet normal -0.76037 0 0.649491
    outer loop
      vertex -19.4483 -1 1.73588
      vertex -19.5808 -4.5 1.58076
      vertex -19.4483 -4.5 1.73588
    endloop
  endfacet
  facet normal 0.522584 0 0.852588
    outer loop
      vertex -21.2641 -1 1.44828
      vertex -21.0902 -4.5 1.34169
      vertex -21.0902 -1 1.34169
    endloop
  endfacet
  facet normal 0.522584 0 0.852588
    outer loop
      vertex -21.0902 -4.5 1.34169
      vertex -21.2641 -1 1.44828
      vertex -21.2641 -4.5 1.44828
    endloop
  endfacet
  facet normal -0.382603 0 -0.923913
    outer loop
      vertex -20.0983 -4.5 3.73637
      vertex -19.9098 -1 3.65831
      vertex -19.9098 -4.5 3.65831
    endloop
  endfacet
  facet normal -0.382603 0 -0.923913
    outer loop
      vertex -19.9098 -1 3.65831
      vertex -20.0983 -4.5 3.73637
      vertex -20.0983 -1 3.73637
    endloop
  endfacet
  facet normal 0.382603 0 0.923913
    outer loop
      vertex -21.0902 -1 1.34169
      vertex -20.9017 -4.5 1.26363
      vertex -20.9017 -1 1.26363
    endloop
  endfacet
  facet normal 0.382603 0 0.923913
    outer loop
      vertex -20.9017 -4.5 1.26363
      vertex -21.0902 -1 1.34169
      vertex -21.0902 -4.5 1.34169
    endloop
  endfacet
  facet normal 0.972394 0 -0.233343
    outer loop
      vertex -21.7364 -4.5 2.90172
      vertex -21.784 -1 2.70336
      vertex -21.7364 -1 2.90172
    endloop
  endfacet
  facet normal 0.972394 0 -0.233343
    outer loop
      vertex -21.784 -1 2.70336
      vertex -21.7364 -4.5 2.90172
      vertex -21.784 -4.5 2.70336
    endloop
  endfacet
  facet normal 0.649482 0 0.760377
    outer loop
      vertex -21.4192 -1 1.58076
      vertex -21.2641 -4.5 1.44828
      vertex -21.2641 -1 1.44828
    endloop
  endfacet
  facet normal 0.649482 0 0.760377
    outer loop
      vertex -21.2641 -4.5 1.44828
      vertex -21.4192 -1 1.58076
      vertex -21.4192 -4.5 1.58076
    endloop
  endfacet
  facet normal -0.76037 0 -0.649491
    outer loop
      vertex -19.4483 -4.5 3.26412
      vertex -19.5808 -1 3.41924
      vertex -19.4483 -1 3.26412
    endloop
  endfacet
  facet normal -0.76037 -0 -0.649491
    outer loop
      vertex -19.5808 -1 3.41924
      vertex -19.4483 -4.5 3.26412
      vertex -19.5808 -4.5 3.41924
    endloop
  endfacet
  facet normal 0.996919 0 -0.0784358
    outer loop
      vertex -21.784 -4.5 2.70336
      vertex -21.8 -1 2.5
      vertex -21.784 -1 2.70336
    endloop
  endfacet
  facet normal 0.996919 0 -0.0784358
    outer loop
      vertex -21.8 -1 2.5
      vertex -21.784 -4.5 2.70336
      vertex -21.8 -4.5 2.5
    endloop
  endfacet
  facet normal 0.972392 -0 0.233354
    outer loop
      vertex -21.784 -4.5 2.29663
      vertex -21.7364 -1 2.09828
      vertex -21.784 -1 2.29663
    endloop
  endfacet
  facet normal 0.972392 0 0.233354
    outer loop
      vertex -21.7364 -1 2.09828
      vertex -21.784 -4.5 2.29663
      vertex -21.7364 -4.5 2.09828
    endloop
  endfacet
  facet normal 0.76037 0 -0.649491
    outer loop
      vertex -21.4192 -4.5 3.41924
      vertex -21.5517 -1 3.26412
      vertex -21.4192 -1 3.41924
    endloop
  endfacet
  facet normal 0.76037 0 -0.649491
    outer loop
      vertex -21.5517 -1 3.26412
      vertex -21.4192 -4.5 3.41924
      vertex -21.5517 -4.5 3.26412
    endloop
  endfacet
  facet normal 0.0784692 0 -0.996917
    outer loop
      vertex -20.7034 -4.5 3.78399
      vertex -20.5 -1 3.8
      vertex -20.5 -4.5 3.8
    endloop
  endfacet
  facet normal 0.0784692 0 -0.996917
    outer loop
      vertex -20.5 -1 3.8
      vertex -20.7034 -4.5 3.78399
      vertex -20.7034 -1 3.78399
    endloop
  endfacet
  facet normal -0.972394 0 -0.233343
    outer loop
      vertex -19.216 -4.5 2.70336
      vertex -19.2636 -1 2.90172
      vertex -19.216 -1 2.70336
    endloop
  endfacet
  facet normal -0.972394 -0 -0.233343
    outer loop
      vertex -19.2636 -1 2.90172
      vertex -19.216 -4.5 2.70336
      vertex -19.2636 -4.5 2.90172
    endloop
  endfacet
  facet normal -0.923822 0 -0.382822
    outer loop
      vertex -19.2636 -4.5 2.90172
      vertex -19.3417 -1 3.09019
      vertex -19.2636 -1 2.90172
    endloop
  endfacet
  facet normal -0.923822 -0 -0.382822
    outer loop
      vertex -19.3417 -1 3.09019
      vertex -19.2636 -4.5 2.90172
      vertex -19.3417 -4.5 3.09019
    endloop
  endfacet
  facet normal -0.649482 0 0.760377
    outer loop
      vertex -19.7359 -1 1.44828
      vertex -19.5808 -4.5 1.58076
      vertex -19.5808 -1 1.58076
    endloop
  endfacet
  facet normal -0.649482 0 0.760377
    outer loop
      vertex -19.5808 -4.5 1.58076
      vertex -19.7359 -1 1.44828
      vertex -19.7359 -4.5 1.44828
    endloop
  endfacet
  facet normal 0.852606 -0 0.522554
    outer loop
      vertex -21.6583 -4.5 1.90981
      vertex -21.5517 -1 1.73588
      vertex -21.6583 -1 1.90981
    endloop
  endfacet
  facet normal 0.852606 0 0.522554
    outer loop
      vertex -21.5517 -1 1.73588
      vertex -21.6583 -4.5 1.90981
      vertex -21.5517 -4.5 1.73588
    endloop
  endfacet
  facet normal -0.382603 0 0.923913
    outer loop
      vertex -20.0983 -1 1.26363
      vertex -19.9098 -4.5 1.34169
      vertex -19.9098 -1 1.34169
    endloop
  endfacet
  facet normal -0.382603 0 0.923913
    outer loop
      vertex -19.9098 -4.5 1.34169
      vertex -20.0983 -1 1.26363
      vertex -20.0983 -4.5 1.26363
    endloop
  endfacet
  facet normal -0.522584 0 0.852588
    outer loop
      vertex -19.9098 -1 1.34169
      vertex -19.7359 -4.5 1.44828
      vertex -19.7359 -1 1.44828
    endloop
  endfacet
  facet normal -0.522584 0 0.852588
    outer loop
      vertex -19.7359 -4.5 1.44828
      vertex -19.9098 -1 1.34169
      vertex -19.9098 -4.5 1.34169
    endloop
  endfacet
  facet normal 0.649482 0 -0.760377
    outer loop
      vertex -21.4192 -4.5 3.41924
      vertex -21.2641 -1 3.55172
      vertex -21.2641 -4.5 3.55172
    endloop
  endfacet
  facet normal 0.649482 0 -0.760377
    outer loop
      vertex -21.2641 -1 3.55172
      vertex -21.4192 -4.5 3.41924
      vertex -21.4192 -1 3.41924
    endloop
  endfacet
  facet normal -0.522584 0 -0.852588
    outer loop
      vertex -19.9098 -4.5 3.65831
      vertex -19.7359 -1 3.55172
      vertex -19.7359 -4.5 3.55172
    endloop
  endfacet
  facet normal -0.522584 0 -0.852588
    outer loop
      vertex -19.7359 -1 3.55172
      vertex -19.9098 -4.5 3.65831
      vertex -19.9098 -1 3.65831
    endloop
  endfacet
  facet normal -0.233503 0 -0.972356
    outer loop
      vertex -20.2966 -4.5 3.78399
      vertex -20.0983 -1 3.73637
      vertex -20.0983 -4.5 3.73637
    endloop
  endfacet
  facet normal -0.233503 0 -0.972356
    outer loop
      vertex -20.0983 -1 3.73637
      vertex -20.2966 -4.5 3.78399
      vertex -20.2966 -1 3.78399
    endloop
  endfacet
  facet normal 0.76037 -0 0.649491
    outer loop
      vertex -21.5517 -4.5 1.73588
      vertex -21.4192 -1 1.58076
      vertex -21.5517 -1 1.73588
    endloop
  endfacet
  facet normal 0.76037 0 0.649491
    outer loop
      vertex -21.4192 -1 1.58076
      vertex -21.5517 -4.5 1.73588
      vertex -21.4192 -4.5 1.58076
    endloop
  endfacet
  facet normal -0.852606 0 -0.522554
    outer loop
      vertex -19.3417 -4.5 3.09019
      vertex -19.4483 -1 3.26412
      vertex -19.3417 -1 3.09019
    endloop
  endfacet
  facet normal -0.852606 -0 -0.522554
    outer loop
      vertex -19.4483 -1 3.26412
      vertex -19.3417 -4.5 3.09019
      vertex -19.4483 -4.5 3.26412
    endloop
  endfacet
  facet normal -0.0784692 0 -0.996917
    outer loop
      vertex -20.5 -4.5 3.8
      vertex -20.2966 -1 3.78399
      vertex -20.2966 -4.5 3.78399
    endloop
  endfacet
  facet normal -0.0784692 0 -0.996917
    outer loop
      vertex -20.2966 -1 3.78399
      vertex -20.5 -4.5 3.8
      vertex -20.5 -1 3.8
    endloop
  endfacet
  facet normal -0.0784205 0 0.99692
    outer loop
      vertex -20.5 -1 1.2
      vertex -20.2966 -4.5 1.216
      vertex -20.2966 -1 1.216
    endloop
  endfacet
  facet normal -0.0784205 0 0.99692
    outer loop
      vertex -20.2966 -4.5 1.216
      vertex -20.5 -1 1.2
      vertex -20.5 -4.5 1.2
    endloop
  endfacet
  facet normal 0.0784205 0 0.99692
    outer loop
      vertex -20.7034 -1 1.216
      vertex -20.5 -4.5 1.2
      vertex -20.5 -1 1.2
    endloop
  endfacet
  facet normal 0.0784205 0 0.99692
    outer loop
      vertex -20.5 -4.5 1.2
      vertex -20.7034 -1 1.216
      vertex -20.7034 -4.5 1.216
    endloop
  endfacet
  facet normal -0.649482 0 -0.760377
    outer loop
      vertex -19.7359 -4.5 3.55172
      vertex -19.5808 -1 3.41924
      vertex -19.5808 -4.5 3.41924
    endloop
  endfacet
  facet normal -0.649482 0 -0.760377
    outer loop
      vertex -19.5808 -1 3.41924
      vertex -19.7359 -4.5 3.55172
      vertex -19.7359 -1 3.55172
    endloop
  endfacet
  facet normal 0.923822 0 -0.382822
    outer loop
      vertex -21.6583 -4.5 3.09019
      vertex -21.7364 -1 2.90172
      vertex -21.6583 -1 3.09019
    endloop
  endfacet
  facet normal 0.923822 0 -0.382822
    outer loop
      vertex -21.7364 -1 2.90172
      vertex -21.6583 -4.5 3.09019
      vertex -21.7364 -4.5 2.90172
    endloop
  endfacet
  facet normal 0.233503 0 -0.972356
    outer loop
      vertex -20.9017 -4.5 3.73637
      vertex -20.7034 -1 3.78399
      vertex -20.7034 -4.5 3.78399
    endloop
  endfacet
  facet normal 0.233503 0 -0.972356
    outer loop
      vertex -20.7034 -1 3.78399
      vertex -20.9017 -4.5 3.73637
      vertex -20.9017 -1 3.73637
    endloop
  endfacet
  facet normal 0.996919 -0 0.078432
    outer loop
      vertex -21.8 -4.5 2.5
      vertex -21.784 -1 2.29663
      vertex -21.8 -1 2.5
    endloop
  endfacet
  facet normal 0.996919 0 0.078432
    outer loop
      vertex -21.784 -1 2.29663
      vertex -21.8 -4.5 2.5
      vertex -21.784 -4.5 2.29663
    endloop
  endfacet
  facet normal 0.522584 0 -0.852588
    outer loop
      vertex -21.2641 -4.5 3.55172
      vertex -21.0902 -1 3.65831
      vertex -21.0902 -4.5 3.65831
    endloop
  endfacet
  facet normal 0.522584 0 -0.852588
    outer loop
      vertex -21.0902 -1 3.65831
      vertex -21.2641 -4.5 3.55172
      vertex -21.2641 -1 3.55172
    endloop
  endfacet
  facet normal 0.923822 -0 0.382822
    outer loop
      vertex -21.7364 -4.5 2.09828
      vertex -21.6583 -1 1.90981
      vertex -21.7364 -1 2.09828
    endloop
  endfacet
  facet normal 0.923822 0 0.382822
    outer loop
      vertex -21.6583 -1 1.90981
      vertex -21.7364 -4.5 2.09828
      vertex -21.6583 -4.5 1.90981
    endloop
  endfacet
  facet normal 0.382603 0 -0.923913
    outer loop
      vertex -21.0902 -4.5 3.65831
      vertex -20.9017 -1 3.73637
      vertex -20.9017 -4.5 3.73637
    endloop
  endfacet
  facet normal 0.382603 0 -0.923913
    outer loop
      vertex -20.9017 -1 3.73637
      vertex -21.0902 -4.5 3.65831
      vertex -21.0902 -1 3.65831
    endloop
  endfacet
  facet normal 0.852606 0 -0.522554
    outer loop
      vertex -21.5517 -4.5 3.26412
      vertex -21.6583 -1 3.09019
      vertex -21.5517 -1 3.26412
    endloop
  endfacet
  facet normal 0.852606 0 -0.522554
    outer loop
      vertex -21.6583 -1 3.09019
      vertex -21.5517 -4.5 3.26412
      vertex -21.6583 -4.5 3.09019
    endloop
  endfacet
  facet normal -0.382624 0.923904 0
    outer loop
      vertex 23.454 -0.891006 0
      vertex 23.309 -0.951056 5
      vertex 23.454 -0.891006 5
    endloop
  endfacet
  facet normal -0.382624 0.923904 0
    outer loop
      vertex 23.309 -0.951056 5
      vertex 23.454 -0.891006 0
      vertex 23.309 -0.951056 0
    endloop
  endfacet
  facet normal 0.649511 -0.760352 0
    outer loop
      vertex 17.2929 0.707107 0
      vertex 17.4122 0.809016 5
      vertex 17.2929 0.707107 5
    endloop
  endfacet
  facet normal 0.649511 -0.760352 0
    outer loop
      vertex 17.4122 0.809016 5
      vertex 17.2929 0.707107 0
      vertex 17.4122 0.809016 0
    endloop
  endfacet
  facet normal 0.0784784 -0.996916 0
    outer loop
      vertex 17.8436 0.987688 0
      vertex 18 1 5
      vertex 17.8436 0.987688 5
    endloop
  endfacet
  facet normal 0.0784784 -0.996916 0
    outer loop
      vertex 18 1 5
      vertex 17.8436 0.987688 0
      vertex 18 1 0
    endloop
  endfacet
  facet normal -0.852611 0.522546 0
    outer loop
      vertex 23.809 -0.587785 0
      vertex 23.891 -0.45399 5
      vertex 23.891 -0.45399 0
    endloop
  endfacet
  facet normal -0.852611 0.522546 0
    outer loop
      vertex 23.891 -0.45399 5
      vertex 23.809 -0.587785 0
      vertex 23.809 -0.587785 5
    endloop
  endfacet
  facet normal -0.0784784 0.996916 0
    outer loop
      vertex 23.1564 -0.987688 0
      vertex 23 -1 5
      vertex 23.1564 -0.987688 5
    endloop
  endfacet
  facet normal -0.0784784 0.996916 0
    outer loop
      vertex 23 -1 5
      vertex 23.1564 -0.987688 0
      vertex 23 -1 0
    endloop
  endfacet
  facet normal 0.996923 -0.0783855 0
    outer loop
      vertex 17 0 5
      vertex 17.0123 0.156434 0
      vertex 17.0123 0.156434 5
    endloop
  endfacet
  facet normal 0.996923 -0.0783855 0
    outer loop
      vertex 17.0123 0.156434 0
      vertex 17 0 5
      vertex 17 0 0
    endloop
  endfacet
  facet normal 0.760439 0.649409 0
    outer loop
      vertex 17.2929 -0.707107 5
      vertex 17.191 -0.587785 0
      vertex 17.191 -0.587785 5
    endloop
  endfacet
  facet normal 0.760439 0.649409 0
    outer loop
      vertex 17.191 -0.587785 0
      vertex 17.2929 -0.707107 5
      vertex 17.2929 -0.707107 0
    endloop
  endfacet
  facet normal -0.649511 -0.760352 0
    outer loop
      vertex 23.5878 0.809016 0
      vertex 23.7071 0.707107 5
      vertex 23.5878 0.809016 5
    endloop
  endfacet
  facet normal -0.649511 -0.760352 -0
    outer loop
      vertex 23.7071 0.707107 5
      vertex 23.5878 0.809016 0
      vertex 23.7071 0.707107 0
    endloop
  endfacet
  facet normal 0.972416 -0.233254 0
    outer loop
      vertex 17.0123 0.156434 5
      vertex 17.0489 0.309016 0
      vertex 17.0489 0.309016 5
    endloop
  endfacet
  facet normal 0.972416 -0.233254 0
    outer loop
      vertex 17.0489 0.309016 0
      vertex 17.0123 0.156434 5
      vertex 17.0123 0.156434 0
    endloop
  endfacet
  facet normal 0.0784784 0.996916 -0
    outer loop
      vertex 18 -1 0
      vertex 17.8436 -0.987688 5
      vertex 18 -1 5
    endloop
  endfacet
  facet normal 0.0784784 0.996916 0
    outer loop
      vertex 17.8436 -0.987688 5
      vertex 18 -1 0
      vertex 17.8436 -0.987688 0
    endloop
  endfacet
  facet normal 0.649511 0.760352 -0
    outer loop
      vertex 17.4122 -0.809016 0
      vertex 17.2929 -0.707107 5
      vertex 17.4122 -0.809016 5
    endloop
  endfacet
  facet normal 0.649511 0.760352 0
    outer loop
      vertex 17.2929 -0.707107 5
      vertex 17.4122 -0.809016 0
      vertex 17.2929 -0.707107 0
    endloop
  endfacet
  facet normal 0.382624 0.923904 -0
    outer loop
      vertex 17.691 -0.951056 0
      vertex 17.546 -0.891006 5
      vertex 17.691 -0.951056 5
    endloop
  endfacet
  facet normal 0.382624 0.923904 0
    outer loop
      vertex 17.546 -0.891006 5
      vertex 17.691 -0.951056 0
      vertex 17.546 -0.891006 0
    endloop
  endfacet
  facet normal -0.972416 0.233254 0
    outer loop
      vertex 23.9511 -0.309016 0
      vertex 23.9877 -0.156434 5
      vertex 23.9877 -0.156434 0
    endloop
  endfacet
  facet normal -0.972416 0.233254 0
    outer loop
      vertex 23.9877 -0.156434 5
      vertex 23.9511 -0.309016 0
      vertex 23.9511 -0.309016 5
    endloop
  endfacet
  facet normal -0.0784784 -0.996916 0
    outer loop
      vertex 23 1 0
      vertex 23.1564 0.987688 5
      vertex 23 1 5
    endloop
  endfacet
  facet normal -0.0784784 -0.996916 -0
    outer loop
      vertex 23.1564 0.987688 5
      vertex 23 1 0
      vertex 23.1564 0.987688 0
    endloop
  endfacet
  facet normal -0.649511 0.760352 0
    outer loop
      vertex 23.7071 -0.707107 0
      vertex 23.5878 -0.809016 5
      vertex 23.7071 -0.707107 5
    endloop
  endfacet
  facet normal -0.649511 0.760352 0
    outer loop
      vertex 23.5878 -0.809016 5
      vertex 23.7071 -0.707107 0
      vertex 23.5878 -0.809016 0
    endloop
  endfacet
  facet normal -0.233421 0.972376 0
    outer loop
      vertex 23.309 -0.951056 0
      vertex 23.1564 -0.987688 5
      vertex 23.309 -0.951056 5
    endloop
  endfacet
  facet normal -0.233421 0.972376 0
    outer loop
      vertex 23.1564 -0.987688 5
      vertex 23.309 -0.951056 0
      vertex 23.1564 -0.987688 0
    endloop
  endfacet
  facet normal -0.923767 -0.382954 0
    outer loop
      vertex 23.9511 0.309016 0
      vertex 23.891 0.45399 5
      vertex 23.891 0.45399 0
    endloop
  endfacet
  facet normal -0.923767 -0.382954 0
    outer loop
      vertex 23.891 0.45399 5
      vertex 23.9511 0.309016 0
      vertex 23.9511 0.309016 5
    endloop
  endfacet
  facet normal 0.996923 0.0783855 0
    outer loop
      vertex 17.0123 -0.156434 5
      vertex 17 0 0
      vertex 17 0 5
    endloop
  endfacet
  facet normal 0.996923 0.0783855 0
    outer loop
      vertex 17 0 0
      vertex 17.0123 -0.156434 5
      vertex 17.0123 -0.156434 0
    endloop
  endfacet
  facet normal -0.522486 -0.852648 0
    outer loop
      vertex 23.454 0.891006 0
      vertex 23.5878 0.809016 5
      vertex 23.454 0.891006 5
    endloop
  endfacet
  facet normal -0.522486 -0.852648 -0
    outer loop
      vertex 23.5878 0.809016 5
      vertex 23.454 0.891006 0
      vertex 23.5878 0.809016 0
    endloop
  endfacet
  facet normal -0.382624 -0.923904 0
    outer loop
      vertex 23.309 0.951056 0
      vertex 23.454 0.891006 5
      vertex 23.309 0.951056 5
    endloop
  endfacet
  facet normal -0.382624 -0.923904 -0
    outer loop
      vertex 23.454 0.891006 5
      vertex 23.309 0.951056 0
      vertex 23.454 0.891006 0
    endloop
  endfacet
  facet normal 0 1 0
    outer loop
      vertex 23 -1 5
      vertex 20.5 -1 3.8
      vertex 18 -1 5
    endloop
  endfacet
  facet normal 0 1 0
    outer loop
      vertex 23 -1 5
      vertex 20.7034 -1 3.78399
      vertex 20.5 -1 3.8
    endloop
  endfacet
  facet normal 0 1 0
    outer loop
      vertex 23 -1 5
      vertex 20.9017 -1 3.73637
      vertex 20.7034 -1 3.78399
    endloop
  endfacet
  facet normal 0 1 0
    outer loop
      vertex 23 -1 5
      vertex 21.0902 -1 3.65831
      vertex 20.9017 -1 3.73637
    endloop
  endfacet
  facet normal 0 1 0
    outer loop
      vertex 23 -1 5
      vertex 21.2641 -1 3.55172
      vertex 21.0902 -1 3.65831
    endloop
  endfacet
  facet normal 0 1 0
    outer loop
      vertex 23 -1 5
      vertex 21.4192 -1 3.41924
      vertex 21.2641 -1 3.55172
    endloop
  endfacet
  facet normal 0 1 0
    outer loop
      vertex 23 -1 5
      vertex 21.5517 -1 3.26412
      vertex 21.4192 -1 3.41924
    endloop
  endfacet
  facet normal 0 1 0
    outer loop
      vertex 23 -1 5
      vertex 21.6583 -1 3.09019
      vertex 21.5517 -1 3.26412
    endloop
  endfacet
  facet normal 0 1 0
    outer loop
      vertex 23 -1 5
      vertex 21.7364 -1 2.90172
      vertex 21.6583 -1 3.09019
    endloop
  endfacet
  facet normal 0 1 0
    outer loop
      vertex 23 -1 5
      vertex 21.784 -1 2.70336
      vertex 21.7364 -1 2.90172
    endloop
  endfacet
  facet normal 0 1 0
    outer loop
      vertex 23 -1 5
      vertex 21.8 -1 2.5
      vertex 21.784 -1 2.70336
    endloop
  endfacet
  facet normal 0 1 -0
    outer loop
      vertex 23 -1 0
      vertex 21.8 -1 2.5
      vertex 23 -1 5
    endloop
  endfacet
  facet normal 0 1 0
    outer loop
      vertex 21.8 -1 2.5
      vertex 23 -1 0
      vertex 21.784 -1 2.29663
    endloop
  endfacet
  facet normal 0 1 0
    outer loop
      vertex 21.784 -1 2.29663
      vertex 23 -1 0
      vertex 21.7364 -1 2.09828
    endloop
  endfacet
  facet normal 0 1 0
    outer loop
      vertex 20.7034 -1 1.216
      vertex 23 -1 0
      vertex 20.5 -1 1.2
    endloop
  endfacet
  facet normal 0 1 0
    outer loop
      vertex 20.9017 -1 1.26363
      vertex 23 -1 0
      vertex 20.7034 -1 1.216
    endloop
  endfacet
  facet normal 0 1 0
    outer loop
      vertex 21.0902 -1 1.34169
      vertex 23 -1 0
      vertex 20.9017 -1 1.26363
    endloop
  endfacet
  facet normal 0 1 0
    outer loop
      vertex 21.2641 -1 1.44828
      vertex 23 -1 0
      vertex 21.0902 -1 1.34169
    endloop
  endfacet
  facet normal 0 1 0
    outer loop
      vertex 21.4192 -1 1.58076
      vertex 23 -1 0
      vertex 21.2641 -1 1.44828
    endloop
  endfacet
  facet normal 0 1 0
    outer loop
      vertex 21.5517 -1 1.73588
      vertex 23 -1 0
      vertex 21.4192 -1 1.58076
    endloop
  endfacet
  facet normal 0 1 0
    outer loop
      vertex 21.6583 -1 1.90981
      vertex 23 -1 0
      vertex 21.5517 -1 1.73588
    endloop
  endfacet
  facet normal 0 1 0
    outer loop
      vertex 21.7364 -1 2.09828
      vertex 23 -1 0
      vertex 21.6583 -1 1.90981
    endloop
  endfacet
  facet normal 0 1 -0
    outer loop
      vertex 20.2966 -1 3.78399
      vertex 18 -1 5
      vertex 20.5 -1 3.8
    endloop
  endfacet
  facet normal 0 1 -0
    outer loop
      vertex 20.0983 -1 3.73637
      vertex 18 -1 5
      vertex 20.2966 -1 3.78399
    endloop
  endfacet
  facet normal 0 1 -0
    outer loop
      vertex 19.9098 -1 3.65831
      vertex 18 -1 5
      vertex 20.0983 -1 3.73637
    endloop
  endfacet
  facet normal 0 1 -0
    outer loop
      vertex 19.7359 -1 3.55172
      vertex 18 -1 5
      vertex 19.9098 -1 3.65831
    endloop
  endfacet
  facet normal 0 1 -0
    outer loop
      vertex 19.5808 -1 3.41924
      vertex 18 -1 5
      vertex 19.7359 -1 3.55172
    endloop
  endfacet
  facet normal 0 1 -0
    outer loop
      vertex 19.4483 -1 3.26412
      vertex 18 -1 5
      vertex 19.5808 -1 3.41924
    endloop
  endfacet
  facet normal 0 1 -0
    outer loop
      vertex 19.3417 -1 3.09019
      vertex 18 -1 5
      vertex 19.4483 -1 3.26412
    endloop
  endfacet
  facet normal 0 1 -0
    outer loop
      vertex 19.2636 -1 2.90172
      vertex 18 -1 5
      vertex 19.3417 -1 3.09019
    endloop
  endfacet
  facet normal 0 1 -0
    outer loop
      vertex 19.216 -1 2.70336
      vertex 18 -1 5
      vertex 19.2636 -1 2.90172
    endloop
  endfacet
  facet normal 0 1 -0
    outer loop
      vertex 19.2 -1 2.5
      vertex 18 -1 5
      vertex 19.216 -1 2.70336
    endloop
  endfacet
  facet normal 0 1 0
    outer loop
      vertex 18 -1 0
      vertex 19.2 -1 2.5
      vertex 19.216 -1 2.29663
    endloop
  endfacet
  facet normal 0 1 0
    outer loop
      vertex 18 -1 0
      vertex 19.216 -1 2.29663
      vertex 19.2636 -1 2.09828
    endloop
  endfacet
  facet normal 0 1 0
    outer loop
      vertex 18 -1 0
      vertex 19.2636 -1 2.09828
      vertex 19.3417 -1 1.90981
    endloop
  endfacet
  facet normal 0 1 0
    outer loop
      vertex 18 -1 0
      vertex 20.5 -1 1.2
      vertex 23 -1 0
    endloop
  endfacet
  facet normal 0 1 0
    outer loop
      vertex 20.5 -1 1.2
      vertex 18 -1 0
      vertex 20.2966 -1 1.216
    endloop
  endfacet
  facet normal 0 1 0
    outer loop
      vertex 20.2966 -1 1.216
      vertex 18 -1 0
      vertex 20.0983 -1 1.26363
    endloop
  endfacet
  facet normal 0 1 0
    outer loop
      vertex 19.2 -1 2.5
      vertex 18 -1 0
      vertex 18 -1 5
    endloop
  endfacet
  facet normal 0 1 0
    outer loop
      vertex 19.4483 -1 1.73588
      vertex 18 -1 0
      vertex 19.3417 -1 1.90981
    endloop
  endfacet
  facet normal 0 1 0
    outer loop
      vertex 19.5808 -1 1.58076
      vertex 18 -1 0
      vertex 19.4483 -1 1.73588
    endloop
  endfacet
  facet normal 0 1 0
    outer loop
      vertex 19.7359 -1 1.44828
      vertex 18 -1 0
      vertex 19.5808 -1 1.58076
    endloop
  endfacet
  facet normal 0 1 0
    outer loop
      vertex 19.9098 -1 1.34169
      vertex 18 -1 0
      vertex 19.7359 -1 1.44828
    endloop
  endfacet
  facet normal 0 1 0
    outer loop
      vertex 20.0983 -1 1.26363
      vertex 18 -1 0
      vertex 19.9098 -1 1.34169
    endloop
  endfacet
  facet normal -0.996923 0.0783855 0
    outer loop
      vertex 23.9877 -0.156434 0
      vertex 24 0 5
      vertex 24 0 0
    endloop
  endfacet
  facet normal -0.996923 0.0783855 0
    outer loop
      vertex 24 0 5
      vertex 23.9877 -0.156434 0
      vertex 23.9877 -0.156434 5
    endloop
  endfacet
  facet normal -0.972416 -0.233254 0
    outer loop
      vertex 23.9877 0.156434 0
      vertex 23.9511 0.309016 5
      vertex 23.9511 0.309016 0
    endloop
  endfacet
  facet normal -0.972416 -0.233254 0
    outer loop
      vertex 23.9511 0.309016 5
      vertex 23.9877 0.156434 0
      vertex 23.9877 0.156434 5
    endloop
  endfacet
  facet normal -0.852611 -0.522546 0
    outer loop
      vertex 23.891 0.45399 0
      vertex 23.809 0.587785 5
      vertex 23.809 0.587785 0
    endloop
  endfacet
  facet normal -0.852611 -0.522546 0
    outer loop
      vertex 23.809 0.587785 5
      vertex 23.891 0.45399 0
      vertex 23.891 0.45399 5
    endloop
  endfacet
  facet normal 0.233421 -0.972376 0
    outer loop
      vertex 17.691 0.951056 0
      vertex 17.8436 0.987688 5
      vertex 17.691 0.951056 5
    endloop
  endfacet
  facet normal 0.233421 -0.972376 0
    outer loop
      vertex 17.8436 0.987688 5
      vertex 17.691 0.951056 0
      vertex 17.8436 0.987688 0
    endloop
  endfacet
  facet normal 0 -1 0
    outer loop
      vertex 18 1 0
      vertex 23 1 5
      vertex 18 1 5
    endloop
  endfacet
  facet normal 0 -1 -0
    outer loop
      vertex 23 1 5
      vertex 18 1 0
      vertex 23 1 0
    endloop
  endfacet
  facet normal -0.923767 0.382954 0
    outer loop
      vertex 23.891 -0.45399 0
      vertex 23.9511 -0.309016 5
      vertex 23.9511 -0.309016 0
    endloop
  endfacet
  facet normal -0.923767 0.382954 0
    outer loop
      vertex 23.9511 -0.309016 5
      vertex 23.891 -0.45399 0
      vertex 23.891 -0.45399 5
    endloop
  endfacet
  facet normal -0.233421 -0.972376 0
    outer loop
      vertex 23.1564 0.987688 0
      vertex 23.309 0.951056 5
      vertex 23.1564 0.987688 5
    endloop
  endfacet
  facet normal -0.233421 -0.972376 -0
    outer loop
      vertex 23.309 0.951056 5
      vertex 23.1564 0.987688 0
      vertex 23.309 0.951056 0
    endloop
  endfacet
  facet normal 0.923767 -0.382954 0
    outer loop
      vertex 17.0489 0.309016 5
      vertex 17.109 0.45399 0
      vertex 17.109 0.45399 5
    endloop
  endfacet
  facet normal 0.923767 -0.382954 0
    outer loop
      vertex 17.109 0.45399 0
      vertex 17.0489 0.309016 5
      vertex 17.0489 0.309016 0
    endloop
  endfacet
  facet normal -0.996923 -0.0783855 0
    outer loop
      vertex 24 0 0
      vertex 23.9877 0.156434 5
      vertex 23.9877 0.156434 0
    endloop
  endfacet
  facet normal -0.996923 -0.0783855 0
    outer loop
      vertex 23.9877 0.156434 5
      vertex 24 0 0
      vertex 24 0 5
    endloop
  endfacet
  facet normal -0.522486 0.852648 0
    outer loop
      vertex 23.5878 -0.809016 0
      vertex 23.454 -0.891006 5
      vertex 23.5878 -0.809016 5
    endloop
  endfacet
  facet normal -0.522486 0.852648 0
    outer loop
      vertex 23.454 -0.891006 5
      vertex 23.5878 -0.809016 0
      vertex 23.454 -0.891006 0
    endloop
  endfacet
  facet normal -0.760439 0.649409 0
    outer loop
      vertex 23.7071 -0.707107 0
      vertex 23.809 -0.587785 5
      vertex 23.809 -0.587785 0
    endloop
  endfacet
  facet normal -0.760439 0.649409 0
    outer loop
      vertex 23.809 -0.587785 5
      vertex 23.7071 -0.707107 0
      vertex 23.7071 -0.707107 5
    endloop
  endfacet
  facet normal 0.852611 0.522546 0
    outer loop
      vertex 17.191 -0.587785 5
      vertex 17.109 -0.45399 0
      vertex 17.109 -0.45399 5
    endloop
  endfacet
  facet normal 0.852611 0.522546 0
    outer loop
      vertex 17.109 -0.45399 0
      vertex 17.191 -0.587785 5
      vertex 17.191 -0.587785 0
    endloop
  endfacet
  facet normal 0.972416 0.233254 0
    outer loop
      vertex 17.0489 -0.309016 5
      vertex 17.0123 -0.156434 0
      vertex 17.0123 -0.156434 5
    endloop
  endfacet
  facet normal 0.972416 0.233254 0
    outer loop
      vertex 17.0123 -0.156434 0
      vertex 17.0489 -0.309016 5
      vertex 17.0489 -0.309016 0
    endloop
  endfacet
  facet normal 0.923767 0.382954 0
    outer loop
      vertex 17.109 -0.45399 5
      vertex 17.0489 -0.309016 0
      vertex 17.0489 -0.309016 5
    endloop
  endfacet
  facet normal 0.923767 0.382954 0
    outer loop
      vertex 17.0489 -0.309016 0
      vertex 17.109 -0.45399 5
      vertex 17.109 -0.45399 0
    endloop
  endfacet
  facet normal 0.522486 0.852648 -0
    outer loop
      vertex 17.546 -0.891006 0
      vertex 17.4122 -0.809016 5
      vertex 17.546 -0.891006 5
    endloop
  endfacet
  facet normal 0.522486 0.852648 0
    outer loop
      vertex 17.4122 -0.809016 5
      vertex 17.546 -0.891006 0
      vertex 17.4122 -0.809016 0
    endloop
  endfacet
  facet normal 0.852611 -0.522546 0
    outer loop
      vertex 17.109 0.45399 5
      vertex 17.191 0.587785 0
      vertex 17.191 0.587785 5
    endloop
  endfacet
  facet normal 0.852611 -0.522546 0
    outer loop
      vertex 17.191 0.587785 0
      vertex 17.109 0.45399 5
      vertex 17.109 0.45399 0
    endloop
  endfacet
  facet normal 0.382624 -0.923904 0
    outer loop
      vertex 17.546 0.891006 0
      vertex 17.691 0.951056 5
      vertex 17.546 0.891006 5
    endloop
  endfacet
  facet normal 0.382624 -0.923904 0
    outer loop
      vertex 17.691 0.951056 5
      vertex 17.546 0.891006 0
      vertex 17.691 0.951056 0
    endloop
  endfacet
  facet normal 0.760439 -0.649409 0
    outer loop
      vertex 17.191 0.587785 5
      vertex 17.2929 0.707107 0
      vertex 17.2929 0.707107 5
    endloop
  endfacet
  facet normal 0.760439 -0.649409 0
    outer loop
      vertex 17.2929 0.707107 0
      vertex 17.191 0.587785 5
      vertex 17.191 0.587785 0
    endloop
  endfacet
  facet normal -0.760439 -0.649409 0
    outer loop
      vertex 23.809 0.587785 0
      vertex 23.7071 0.707107 5
      vertex 23.7071 0.707107 0
    endloop
  endfacet
  facet normal -0.760439 -0.649409 0
    outer loop
      vertex 23.7071 0.707107 5
      vertex 23.809 0.587785 0
      vertex 23.809 0.587785 5
    endloop
  endfacet
  facet normal 0.233421 0.972376 -0
    outer loop
      vertex 17.8436 -0.987688 0
      vertex 17.691 -0.951056 5
      vertex 17.8436 -0.987688 5
    endloop
  endfacet
  facet normal 0.233421 0.972376 0
    outer loop
      vertex 17.691 -0.951056 5
      vertex 17.8436 -0.987688 0
      vertex 17.691 -0.951056 0
    endloop
  endfacet
  facet normal 0.522486 -0.852648 0
    outer loop
      vertex 17.4122 0.809016 0
      vertex 17.546 0.891006 5
      vertex 17.4122 0.809016 5
    endloop
  endfacet
  facet normal 0.522486 -0.852648 0
    outer loop
      vertex 17.546 0.891006 5
      vertex 17.4122 0.809016 0
      vertex 17.546 0.891006 0
    endloop
  endfacet
  facet normal 0.233549 0 0.972345
    outer loop
      vertex 20.0983 -1 1.26363
      vertex 20.2966 -4.5 1.216
      vertex 20.2966 -1 1.216
    endloop
  endfacet
  facet normal 0.233549 0 0.972345
    outer loop
      vertex 20.2966 -4.5 1.216
      vertex 20.0983 -1 1.26363
      vertex 20.0983 -4.5 1.26363
    endloop
  endfacet
  facet normal -0.972392 0 0.233354
    outer loop
      vertex 21.7364 -4.5 2.09828
      vertex 21.784 -1 2.29663
      vertex 21.7364 -1 2.09828
    endloop
  endfacet
  facet normal -0.972392 0 0.233354
    outer loop
      vertex 21.784 -1 2.29663
      vertex 21.7364 -4.5 2.09828
      vertex 21.784 -4.5 2.29663
    endloop
  endfacet
  facet normal -0.996919 0 0.078432
    outer loop
      vertex 21.784 -4.5 2.29663
      vertex 21.8 -1 2.5
      vertex 21.784 -1 2.29663
    endloop
  endfacet
  facet normal -0.996919 0 0.078432
    outer loop
      vertex 21.8 -1 2.5
      vertex 21.784 -4.5 2.29663
      vertex 21.8 -4.5 2.5
    endloop
  endfacet
  facet normal -0.923822 0 0.382822
    outer loop
      vertex 21.6583 -4.5 1.90981
      vertex 21.7364 -1 2.09828
      vertex 21.6583 -1 1.90981
    endloop
  endfacet
  facet normal -0.923822 0 0.382822
    outer loop
      vertex 21.7364 -1 2.09828
      vertex 21.6583 -4.5 1.90981
      vertex 21.7364 -4.5 2.09828
    endloop
  endfacet
  facet normal -0.233549 0 0.972345
    outer loop
      vertex 20.7034 -1 1.216
      vertex 20.9017 -4.5 1.26363
      vertex 20.9017 -1 1.26363
    endloop
  endfacet
  facet normal -0.233549 0 0.972345
    outer loop
      vertex 20.9017 -4.5 1.26363
      vertex 20.7034 -1 1.216
      vertex 20.7034 -4.5 1.216
    endloop
  endfacet
  facet normal -0.996919 0 -0.0784358
    outer loop
      vertex 21.8 -4.5 2.5
      vertex 21.784 -1 2.70336
      vertex 21.8 -1 2.5
    endloop
  endfacet
  facet normal -0.996919 -0 -0.0784358
    outer loop
      vertex 21.784 -1 2.70336
      vertex 21.8 -4.5 2.5
      vertex 21.784 -4.5 2.70336
    endloop
  endfacet
  facet normal -0.852606 0 0.522554
    outer loop
      vertex 21.5517 -4.5 1.73588
      vertex 21.6583 -1 1.90981
      vertex 21.5517 -1 1.73588
    endloop
  endfacet
  facet normal -0.852606 0 0.522554
    outer loop
      vertex 21.6583 -1 1.90981
      vertex 21.5517 -4.5 1.73588
      vertex 21.6583 -4.5 1.90981
    endloop
  endfacet
  facet normal -0.76037 0 0.649491
    outer loop
      vertex 21.4192 -4.5 1.58076
      vertex 21.5517 -1 1.73588
      vertex 21.4192 -1 1.58076
    endloop
  endfacet
  facet normal -0.76037 0 0.649491
    outer loop
      vertex 21.5517 -1 1.73588
      vertex 21.4192 -4.5 1.58076
      vertex 21.5517 -4.5 1.73588
    endloop
  endfacet
  facet normal 0.522584 0 0.852588
    outer loop
      vertex 19.7359 -1 1.44828
      vertex 19.9098 -4.5 1.34169
      vertex 19.9098 -1 1.34169
    endloop
  endfacet
  facet normal 0.522584 0 0.852588
    outer loop
      vertex 19.9098 -4.5 1.34169
      vertex 19.7359 -1 1.44828
      vertex 19.7359 -4.5 1.44828
    endloop
  endfacet
  facet normal -0.382603 0 -0.923913
    outer loop
      vertex 20.9017 -4.5 3.73637
      vertex 21.0902 -1 3.65831
      vertex 21.0902 -4.5 3.65831
    endloop
  endfacet
  facet normal -0.382603 0 -0.923913
    outer loop
      vertex 21.0902 -1 3.65831
      vertex 20.9017 -4.5 3.73637
      vertex 20.9017 -1 3.73637
    endloop
  endfacet
  facet normal 0.382603 0 0.923913
    outer loop
      vertex 19.9098 -1 1.34169
      vertex 20.0983 -4.5 1.26363
      vertex 20.0983 -1 1.26363
    endloop
  endfacet
  facet normal 0.382603 0 0.923913
    outer loop
      vertex 20.0983 -4.5 1.26363
      vertex 19.9098 -1 1.34169
      vertex 19.9098 -4.5 1.34169
    endloop
  endfacet
  facet normal 0.972394 0 -0.233343
    outer loop
      vertex 19.2636 -4.5 2.90172
      vertex 19.216 -1 2.70336
      vertex 19.2636 -1 2.90172
    endloop
  endfacet
  facet normal 0.972394 0 -0.233343
    outer loop
      vertex 19.216 -1 2.70336
      vertex 19.2636 -4.5 2.90172
      vertex 19.216 -4.5 2.70336
    endloop
  endfacet
  facet normal 0.649482 0 0.760377
    outer loop
      vertex 19.5808 -1 1.58076
      vertex 19.7359 -4.5 1.44828
      vertex 19.7359 -1 1.44828
    endloop
  endfacet
  facet normal 0.649482 0 0.760377
    outer loop
      vertex 19.7359 -4.5 1.44828
      vertex 19.5808 -1 1.58076
      vertex 19.5808 -4.5 1.58076
    endloop
  endfacet
  facet normal -0.76037 0 -0.649491
    outer loop
      vertex 21.5517 -4.5 3.26412
      vertex 21.4192 -1 3.41924
      vertex 21.5517 -1 3.26412
    endloop
  endfacet
  facet normal -0.76037 -0 -0.649491
    outer loop
      vertex 21.4192 -1 3.41924
      vertex 21.5517 -4.5 3.26412
      vertex 21.4192 -4.5 3.41924
    endloop
  endfacet
  facet normal 0.996919 0 -0.0784358
    outer loop
      vertex 19.216 -4.5 2.70336
      vertex 19.2 -1 2.5
      vertex 19.216 -1 2.70336
    endloop
  endfacet
  facet normal 0.996919 0 -0.0784358
    outer loop
      vertex 19.2 -1 2.5
      vertex 19.216 -4.5 2.70336
      vertex 19.2 -4.5 2.5
    endloop
  endfacet
  facet normal 0.972392 -0 0.233354
    outer loop
      vertex 19.216 -4.5 2.29663
      vertex 19.2636 -1 2.09828
      vertex 19.216 -1 2.29663
    endloop
  endfacet
  facet normal 0.972392 0 0.233354
    outer loop
      vertex 19.2636 -1 2.09828
      vertex 19.216 -4.5 2.29663
      vertex 19.2636 -4.5 2.09828
    endloop
  endfacet
  facet normal 0.76037 0 -0.649491
    outer loop
      vertex 19.5808 -4.5 3.41924
      vertex 19.4483 -1 3.26412
      vertex 19.5808 -1 3.41924
    endloop
  endfacet
  facet normal 0.76037 0 -0.649491
    outer loop
      vertex 19.4483 -1 3.26412
      vertex 19.5808 -4.5 3.41924
      vertex 19.4483 -4.5 3.26412
    endloop
  endfacet
  facet normal 0.0784692 0 -0.996917
    outer loop
      vertex 20.2966 -4.5 3.78399
      vertex 20.5 -1 3.8
      vertex 20.5 -4.5 3.8
    endloop
  endfacet
  facet normal 0.0784692 0 -0.996917
    outer loop
      vertex 20.5 -1 3.8
      vertex 20.2966 -4.5 3.78399
      vertex 20.2966 -1 3.78399
    endloop
  endfacet
  facet normal -0.972394 0 -0.233343
    outer loop
      vertex 21.784 -4.5 2.70336
      vertex 21.7364 -1 2.90172
      vertex 21.784 -1 2.70336
    endloop
  endfacet
  facet normal -0.972394 -0 -0.233343
    outer loop
      vertex 21.7364 -1 2.90172
      vertex 21.784 -4.5 2.70336
      vertex 21.7364 -4.5 2.90172
    endloop
  endfacet
  facet normal -0.923822 0 -0.382822
    outer loop
      vertex 21.7364 -4.5 2.90172
      vertex 21.6583 -1 3.09019
      vertex 21.7364 -1 2.90172
    endloop
  endfacet
  facet normal -0.923822 -0 -0.382822
    outer loop
      vertex 21.6583 -1 3.09019
      vertex 21.7364 -4.5 2.90172
      vertex 21.6583 -4.5 3.09019
    endloop
  endfacet
  facet normal -0.649482 0 0.760377
    outer loop
      vertex 21.2641 -1 1.44828
      vertex 21.4192 -4.5 1.58076
      vertex 21.4192 -1 1.58076
    endloop
  endfacet
  facet normal -0.649482 0 0.760377
    outer loop
      vertex 21.4192 -4.5 1.58076
      vertex 21.2641 -1 1.44828
      vertex 21.2641 -4.5 1.44828
    endloop
  endfacet
  facet normal 0.852606 -0 0.522554
    outer loop
      vertex 19.3417 -4.5 1.90981
      vertex 19.4483 -1 1.73588
      vertex 19.3417 -1 1.90981
    endloop
  endfacet
  facet normal 0.852606 0 0.522554
    outer loop
      vertex 19.4483 -1 1.73588
      vertex 19.3417 -4.5 1.90981
      vertex 19.4483 -4.5 1.73588
    endloop
  endfacet
  facet normal -0.382603 0 0.923913
    outer loop
      vertex 20.9017 -1 1.26363
      vertex 21.0902 -4.5 1.34169
      vertex 21.0902 -1 1.34169
    endloop
  endfacet
  facet normal -0.382603 0 0.923913
    outer loop
      vertex 21.0902 -4.5 1.34169
      vertex 20.9017 -1 1.26363
      vertex 20.9017 -4.5 1.26363
    endloop
  endfacet
  facet normal -0.522584 0 0.852588
    outer loop
      vertex 21.0902 -1 1.34169
      vertex 21.2641 -4.5 1.44828
      vertex 21.2641 -1 1.44828
    endloop
  endfacet
  facet normal -0.522584 0 0.852588
    outer loop
      vertex 21.2641 -4.5 1.44828
      vertex 21.0902 -1 1.34169
      vertex 21.0902 -4.5 1.34169
    endloop
  endfacet
  facet normal 0.649482 0 -0.760377
    outer loop
      vertex 19.5808 -4.5 3.41924
      vertex 19.7359 -1 3.55172
      vertex 19.7359 -4.5 3.55172
    endloop
  endfacet
  facet normal 0.649482 0 -0.760377
    outer loop
      vertex 19.7359 -1 3.55172
      vertex 19.5808 -4.5 3.41924
      vertex 19.5808 -1 3.41924
    endloop
  endfacet
  facet normal -0.522584 0 -0.852588
    outer loop
      vertex 21.0902 -4.5 3.65831
      vertex 21.2641 -1 3.55172
      vertex 21.2641 -4.5 3.55172
    endloop
  endfacet
  facet normal -0.522584 0 -0.852588
    outer loop
      vertex 21.2641 -1 3.55172
      vertex 21.0902 -4.5 3.65831
      vertex 21.0902 -1 3.65831
    endloop
  endfacet
  facet normal -0.233503 0 -0.972356
    outer loop
      vertex 20.7034 -4.5 3.78399
      vertex 20.9017 -1 3.73637
      vertex 20.9017 -4.5 3.73637
    endloop
  endfacet
  facet normal -0.233503 0 -0.972356
    outer loop
      vertex 20.9017 -1 3.73637
      vertex 20.7034 -4.5 3.78399
      vertex 20.7034 -1 3.78399
    endloop
  endfacet
  facet normal 0.76037 -0 0.649491
    outer loop
      vertex 19.4483 -4.5 1.73588
      vertex 19.5808 -1 1.58076
      vertex 19.4483 -1 1.73588
    endloop
  endfacet
  facet normal 0.76037 0 0.649491
    outer loop
      vertex 19.5808 -1 1.58076
      vertex 19.4483 -4.5 1.73588
      vertex 19.5808 -4.5 1.58076
    endloop
  endfacet
  facet normal -0.852606 0 -0.522554
    outer loop
      vertex 21.6583 -4.5 3.09019
      vertex 21.5517 -1 3.26412
      vertex 21.6583 -1 3.09019
    endloop
  endfacet
  facet normal -0.852606 -0 -0.522554
    outer loop
      vertex 21.5517 -1 3.26412
      vertex 21.6583 -4.5 3.09019
      vertex 21.5517 -4.5 3.26412
    endloop
  endfacet
  facet normal -0.0784692 0 -0.996917
    outer loop
      vertex 20.5 -4.5 3.8
      vertex 20.7034 -1 3.78399
      vertex 20.7034 -4.5 3.78399
    endloop
  endfacet
  facet normal -0.0784692 0 -0.996917
    outer loop
      vertex 20.7034 -1 3.78399
      vertex 20.5 -4.5 3.8
      vertex 20.5 -1 3.8
    endloop
  endfacet
  facet normal -0.0784205 0 0.99692
    outer loop
      vertex 20.5 -1 1.2
      vertex 20.7034 -4.5 1.216
      vertex 20.7034 -1 1.216
    endloop
  endfacet
  facet normal -0.0784205 0 0.99692
    outer loop
      vertex 20.7034 -4.5 1.216
      vertex 20.5 -1 1.2
      vertex 20.5 -4.5 1.2
    endloop
  endfacet
  facet normal 0.0784205 0 0.99692
    outer loop
      vertex 20.2966 -1 1.216
      vertex 20.5 -4.5 1.2
      vertex 20.5 -1 1.2
    endloop
  endfacet
  facet normal 0.0784205 0 0.99692
    outer loop
      vertex 20.5 -4.5 1.2
      vertex 20.2966 -1 1.216
      vertex 20.2966 -4.5 1.216
    endloop
  endfacet
  facet normal -0.649482 0 -0.760377
    outer loop
      vertex 21.2641 -4.5 3.55172
      vertex 21.4192 -1 3.41924
      vertex 21.4192 -4.5 3.41924
    endloop
  endfacet
  facet normal -0.649482 0 -0.760377
    outer loop
      vertex 21.4192 -1 3.41924
      vertex 21.2641 -4.5 3.55172
      vertex 21.2641 -1 3.55172
    endloop
  endfacet
  facet normal 0.923822 0 -0.382822
    outer loop
      vertex 19.3417 -4.5 3.09019
      vertex 19.2636 -1 2.90172
      vertex 19.3417 -1 3.09019
    endloop
  endfacet
  facet normal 0.923822 0 -0.382822
    outer loop
      vertex 19.2636 -1 2.90172
      vertex 19.3417 -4.5 3.09019
      vertex 19.2636 -4.5 2.90172
    endloop
  endfacet
  facet normal 0.233503 0 -0.972356
    outer loop
      vertex 20.0983 -4.5 3.73637
      vertex 20.2966 -1 3.78399
      vertex 20.2966 -4.5 3.78399
    endloop
  endfacet
  facet normal 0.233503 0 -0.972356
    outer loop
      vertex 20.2966 -1 3.78399
      vertex 20.0983 -4.5 3.73637
      vertex 20.0983 -1 3.73637
    endloop
  endfacet
  facet normal 0.996919 -0 0.078432
    outer loop
      vertex 19.2 -4.5 2.5
      vertex 19.216 -1 2.29663
      vertex 19.2 -1 2.5
    endloop
  endfacet
  facet normal 0.996919 0 0.078432
    outer loop
      vertex 19.216 -1 2.29663
      vertex 19.2 -4.5 2.5
      vertex 19.216 -4.5 2.29663
    endloop
  endfacet
  facet normal 0.522584 0 -0.852588
    outer loop
      vertex 19.7359 -4.5 3.55172
      vertex 19.9098 -1 3.65831
      vertex 19.9098 -4.5 3.65831
    endloop
  endfacet
  facet normal 0.522584 0 -0.852588
    outer loop
      vertex 19.9098 -1 3.65831
      vertex 19.7359 -4.5 3.55172
      vertex 19.7359 -1 3.55172
    endloop
  endfacet
  facet normal 0.923822 -0 0.382822
    outer loop
      vertex 19.2636 -4.5 2.09828
      vertex 19.3417 -1 1.90981
      vertex 19.2636 -1 2.09828
    endloop
  endfacet
  facet normal 0.923822 0 0.382822
    outer loop
      vertex 19.3417 -1 1.90981
      vertex 19.2636 -4.5 2.09828
      vertex 19.3417 -4.5 1.90981
    endloop
  endfacet
  facet normal 0.382603 0 -0.923913
    outer loop
      vertex 19.9098 -4.5 3.65831
      vertex 20.0983 -1 3.73637
      vertex 20.0983 -4.5 3.73637
    endloop
  endfacet
  facet normal 0.382603 0 -0.923913
    outer loop
      vertex 20.0983 -1 3.73637
      vertex 19.9098 -4.5 3.65831
      vertex 19.9098 -1 3.65831
    endloop
  endfacet
  facet normal 0.852606 0 -0.522554
    outer loop
      vertex 19.4483 -4.5 3.26412
      vertex 19.3417 -1 3.09019
      vertex 19.4483 -1 3.26412
    endloop
  endfacet
  facet normal 0.852606 0 -0.522554
    outer loop
      vertex 19.3417 -1 3.09019
      vertex 19.4483 -4.5 3.26412
      vertex 19.3417 -4.5 3.09019
    endloop
  endfacet
  facet normal 0.760405 0.649449 0
    outer loop
      vertex 28.6406 2.64503 5
      vertex 28.182 3.18198 0
      vertex 28.182 3.18198 5
    endloop
  endfacet
  facet normal 0.760405 0.649449 0
    outer loop
      vertex 28.182 3.18198 0
      vertex 28.6406 2.64503 5
      vertex 28.6406 2.64503 0
    endloop
  endfacet
  facet normal 0 1 -0
    outer loop
      vertex 25 4.5 0
      vertex -25 4.5 5
      vertex 25 4.5 5
    endloop
  endfacet
  facet normal 0 1 0
    outer loop
      vertex -25 4.5 5
      vertex 25 4.5 0
      vertex -25 4.5 0
    endloop
  endfacet
  facet normal -0.0784506 0.996918 0
    outer loop
      vertex -25 4.5 0
      vertex -25.704 4.4446 5
      vertex -25 4.5 5
    endloop
  endfacet
  facet normal -0.0784506 0.996918 0
    outer loop
      vertex -25.704 4.4446 5
      vertex -25 4.5 0
      vertex -25.704 4.4446 0
    endloop
  endfacet
  facet normal 0.996918 -0.0784556 0
    outer loop
      vertex 29.4446 -0.703955 5
      vertex 29.5 0 0
      vertex 29.5 0 5
    endloop
  endfacet
  facet normal 0.996918 -0.0784556 0
    outer loop
      vertex 29.5 0 0
      vertex 29.4446 -0.703955 5
      vertex 29.4446 -0.703955 0
    endloop
  endfacet
  facet normal -0.760405 0.649449 0
    outer loop
      vertex -28.6406 2.64503 0
      vertex -28.182 3.18198 5
      vertex -28.182 3.18198 0
    endloop
  endfacet
  facet normal -0.760405 0.649449 0
    outer loop
      vertex -28.182 3.18198 5
      vertex -28.6406 2.64503 0
      vertex -28.6406 2.64503 5
    endloop
  endfacet
  facet normal 0.382668 0.923886 -0
    outer loop
      vertex 27.043 4.00953 0
      vertex 26.3906 4.27975 5
      vertex 27.043 4.00953 5
    endloop
  endfacet
  facet normal 0.382668 0.923886 0
    outer loop
      vertex 26.3906 4.27975 5
      vertex 27.043 4.00953 0
      vertex 26.3906 4.27975 0
    endloop
  endfacet
  facet normal 0.649414 0.760435 -0
    outer loop
      vertex 28.182 3.18198 0
      vertex 27.645 3.64058 5
      vertex 28.182 3.18198 5
    endloop
  endfacet
  facet normal 0.649414 0.760435 0
    outer loop
      vertex 27.645 3.64058 5
      vertex 28.182 3.18198 0
      vertex 27.645 3.64058 0
    endloop
  endfacet
  facet normal 0.0784506 -0.996918 0
    outer loop
      vertex 25 -4.5 0
      vertex 25.704 -4.4446 5
      vertex 25 -4.5 5
    endloop
  endfacet
  facet normal 0.0784506 -0.996918 0
    outer loop
      vertex 25.704 -4.4446 5
      vertex 25 -4.5 0
      vertex 25.704 -4.4446 0
    endloop
  endfacet
  facet normal 0.522544 0.852612 -0
    outer loop
      vertex 27.645 3.64058 0
      vertex 27.043 4.00953 5
      vertex 27.645 3.64058 5
    endloop
  endfacet
  facet normal 0.522544 0.852612 0
    outer loop
      vertex 27.043 4.00953 5
      vertex 27.645 3.64058 0
      vertex 27.043 4.00953 0
    endloop
  endfacet
  facet normal 0.233461 0.972366 -0
    outer loop
      vertex 26.3906 4.27975 0
      vertex 25.704 4.4446 5
      vertex 26.3906 4.27975 5
    endloop
  endfacet
  facet normal 0.233461 0.972366 0
    outer loop
      vertex 25.704 4.4446 5
      vertex 26.3906 4.27975 0
      vertex 25.704 4.4446 0
    endloop
  endfacet
  facet normal -0.972384 -0.233386 0
    outer loop
      vertex -29.2798 -1.39058 0
      vertex -29.4446 -0.703955 5
      vertex -29.4446 -0.703955 0
    endloop
  endfacet
  facet normal -0.972384 -0.233386 0
    outer loop
      vertex -29.4446 -0.703955 5
      vertex -29.2798 -1.39058 0
      vertex -29.2798 -1.39058 5
    endloop
  endfacet
  facet normal 0 0 -1
    outer loop
      vertex 1.7 -12.5 0
      vertex 4.5 -12.5 0
      vertex 4.4446 -13.204 0
    endloop
  endfacet
  facet normal 0 0 -1
    outer loop
      vertex -4.5 -4.5 0
      vertex -17.0123 -0.156434 0
      vertex -17 0 0
    endloop
  endfacet
  facet normal 0 0 -1
    outer loop
      vertex -4.5 -4.5 0
      vertex -17.0489 -0.309016 0
      vertex -17.0123 -0.156434 0
    endloop
  endfacet
  facet normal 0 0 -1
    outer loop
      vertex -4.5 -4.5 0
      vertex -17.109 -0.45399 0
      vertex -17.0489 -0.309016 0
    endloop
  endfacet
  facet normal 0 0 -1
    outer loop
      vertex -4.5 -4.5 0
      vertex -17.191 -0.587785 0
      vertex -17.109 -0.45399 0
    endloop
  endfacet
  facet normal 0 0 -1
    outer loop
      vertex -4.5 -4.5 0
      vertex -17.2929 -0.707107 0
      vertex -17.191 -0.587785 0
    endloop
  endfacet
  facet normal 0 0 -1
    outer loop
      vertex -4.5 -4.5 0
      vertex -17.4122 -0.809016 0
      vertex -17.2929 -0.707107 0
    endloop
  endfacet
  facet normal 0 0 -1
    outer loop
      vertex -4.5 -4.5 0
      vertex -17.546 -0.891006 0
      vertex -17.4122 -0.809016 0
    endloop
  endfacet
  facet normal 0 0 -1
    outer loop
      vertex -4.5 -4.5 0
      vertex -17.691 -0.951056 0
      vertex -17.546 -0.891006 0
    endloop
  endfacet
  facet normal 0 0 -1
    outer loop
      vertex -4.5 -4.5 0
      vertex -17.8436 -0.987688 0
      vertex -17.691 -0.951056 0
    endloop
  endfacet
  facet normal 0 0 -1
    outer loop
      vertex -25 -4.5 0
      vertex -17.8436 -0.987688 0
      vertex -4.5 -4.5 0
    endloop
  endfacet
  facet normal 0 0 -1
    outer loop
      vertex -17.8436 -0.987688 0
      vertex -25 -4.5 0
      vertex -18 -1 0
    endloop
  endfacet
  facet normal -0 0 -1
    outer loop
      vertex -18 -1 0
      vertex -25 -4.5 0
      vertex -23 -1 0
    endloop
  endfacet
  facet normal -0 0 -1
    outer loop
      vertex -23.809 -0.587785 0
      vertex -27.043 -4.00953 0
      vertex -23.891 -0.45399 0
    endloop
  endfacet
  facet normal 0 0 -1
    outer loop
      vertex -27.043 -4.00953 0
      vertex -23.809 -0.587785 0
      vertex -26.3906 -4.27975 0
    endloop
  endfacet
  facet normal 0 0 -1
    outer loop
      vertex -26.3906 -4.27975 0
      vertex -23.809 -0.587785 0
      vertex -25.704 -4.4446 0
    endloop
  endfacet
  facet normal -0 0 -1
    outer loop
      vertex -23.7071 -0.707107 0
      vertex -25.704 -4.4446 0
      vertex -23.809 -0.587785 0
    endloop
  endfacet
  facet normal 0 0 -1
    outer loop
      vertex -25.704 -4.4446 0
      vertex -23.7071 -0.707107 0
      vertex -25 -4.5 0
    endloop
  endfacet
  facet normal -0 0 -1
    outer loop
      vertex -23.5878 -0.809016 0
      vertex -25 -4.5 0
      vertex -23.7071 -0.707107 0
    endloop
  endfacet
  facet normal -0 0 -1
    outer loop
      vertex -23.454 -0.891006 0
      vertex -25 -4.5 0
      vertex -23.5878 -0.809016 0
    endloop
  endfacet
  facet normal -0 0 -1
    outer loop
      vertex -23.309 -0.951056 0
      vertex -25 -4.5 0
      vertex -23.454 -0.891006 0
    endloop
  endfacet
  facet normal -0 0 -1
    outer loop
      vertex -23.1564 -0.987688 0
      vertex -25 -4.5 0
      vertex -23.309 -0.951056 0
    endloop
  endfacet
  facet normal -0 0 -1
    outer loop
      vertex -23 -1 0
      vertex -25 -4.5 0
      vertex -23.1564 -0.987688 0
    endloop
  endfacet
  facet normal 0 0 -1
    outer loop
      vertex 4.5 -12.5 0
      vertex 1.6168 -11.9747 0
      vertex 1.51471 -11.7282 0
    endloop
  endfacet
  facet normal 0 0 -1
    outer loop
      vertex 4.5 -4.5 0
      vertex 1.67907 -0.265938 0
      vertex 1.7 0 0
    endloop
  endfacet
  facet normal 0 0 -1
    outer loop
      vertex 4.5 -12.5 0
      vertex 1.51471 -11.7282 0
      vertex 1.37533 -11.5008 0
    endloop
  endfacet
  facet normal 0 0 -1
    outer loop
      vertex 4.5 -4.5 0
      vertex 1.6168 -0.525329 0
      vertex 1.67907 -0.265938 0
    endloop
  endfacet
  facet normal 0 0 -1
    outer loop
      vertex 1.20208 -11.2979 0
      vertex 4.5 -12.5 0
      vertex 1.37533 -11.5008 0
    endloop
  endfacet
  facet normal 0 0 -1
    outer loop
      vertex 4.5 -4.5 0
      vertex 1.51471 -0.771784 0
      vertex 1.6168 -0.525329 0
    endloop
  endfacet
  facet normal 0 0 -1
    outer loop
      vertex 4.5 -12.5 0
      vertex 1.20208 -11.2979 0
      vertex 4.5 -4.5 0
    endloop
  endfacet
  facet normal 0 0 -1
    outer loop
      vertex 4.5 -4.5 0
      vertex 1.37533 -0.999234 0
      vertex 1.51471 -0.771784 0
    endloop
  endfacet
  facet normal 0 0 -1
    outer loop
      vertex 0.999234 -11.1247 0
      vertex 4.5 -4.5 0
      vertex 1.20208 -11.2979 0
    endloop
  endfacet
  facet normal 0 0 -1
    outer loop
      vertex 4.5 -4.5 0
      vertex 1.20208 -1.20208 0
      vertex 1.37533 -0.999234 0
    endloop
  endfacet
  facet normal 0 0 -1
    outer loop
      vertex 0.771784 -10.9853 0
      vertex 4.5 -4.5 0
      vertex 0.999234 -11.1247 0
    endloop
  endfacet
  facet normal 0 0 -1
    outer loop
      vertex 4.5 -4.5 0
      vertex 0.999234 -1.37533 0
      vertex 1.20208 -1.20208 0
    endloop
  endfacet
  facet normal 0 0 -1
    outer loop
      vertex 0.525329 -10.8832 0
      vertex 4.5 -4.5 0
      vertex 0.771784 -10.9853 0
    endloop
  endfacet
  facet normal 0 0 -1
    outer loop
      vertex 4.5 -4.5 0
      vertex 0.771784 -1.51471 0
      vertex 0.999234 -1.37533 0
    endloop
  endfacet
  facet normal 0 0 -1
    outer loop
      vertex 0.265938 -10.8209 0
      vertex 4.5 -4.5 0
      vertex 0.525329 -10.8832 0
    endloop
  endfacet
  facet normal 0 0 -1
    outer loop
      vertex 4.5 -4.5 0
      vertex 0.525329 -1.6168 0
      vertex 0.771784 -1.51471 0
    endloop
  endfacet
  facet normal 0 0 -1
    outer loop
      vertex 0 -10.8 0
      vertex 4.5 -4.5 0
      vertex 0.265938 -10.8209 0
    endloop
  endfacet
  facet normal 0 0 -1
    outer loop
      vertex 4.5 -4.5 0
      vertex 0.265938 -1.67907 0
      vertex 0.525329 -1.6168 0
    endloop
  endfacet
  facet normal 0 0 -1
    outer loop
      vertex 0 -1.7 0
      vertex 4.5 -4.5 0
      vertex 0 -10.8 0
    endloop
  endfacet
  facet normal 0 0 -1
    outer loop
      vertex 4.5 -4.5 0
      vertex 0 -1.7 0
      vertex 0.265938 -1.67907 0
    endloop
  endfacet
  facet normal 0 0 -1
    outer loop
      vertex -4.5 -4.5 0
      vertex 0 -10.8 0
      vertex -0.265938 -10.8209 0
    endloop
  endfacet
  facet normal 0 0 -1
    outer loop
      vertex 0 -10.8 0
      vertex -4.5 -4.5 0
      vertex 0 -1.7 0
    endloop
  endfacet
  facet normal 0 0 -1
    outer loop
      vertex -4.5 -4.5 0
      vertex -0.265938 -10.8209 0
      vertex -0.525329 -10.8832 0
    endloop
  endfacet
  facet normal -0 0 -1
    outer loop
      vertex 0 -1.7 0
      vertex -4.5 -4.5 0
      vertex -0.265938 -1.67907 0
    endloop
  endfacet
  facet normal 0 0 -1
    outer loop
      vertex -4.5 -4.5 0
      vertex -0.525329 -10.8832 0
      vertex -0.771784 -10.9853 0
    endloop
  endfacet
  facet normal -0 0 -1
    outer loop
      vertex -0.265938 -1.67907 0
      vertex -4.5 -4.5 0
      vertex -0.525329 -1.6168 0
    endloop
  endfacet
  facet normal 0 0 -1
    outer loop
      vertex -4.5 -4.5 0
      vertex -0.771784 -10.9853 0
      vertex -0.999234 -11.1247 0
    endloop
  endfacet
  facet normal -0 0 -1
    outer loop
      vertex -0.525329 -1.6168 0
      vertex -4.5 -4.5 0
      vertex -0.771784 -1.51471 0
    endloop
  endfacet
  facet normal 0 0 -1
    outer loop
      vertex -4.5 -4.5 0
      vertex -0.999234 -11.1247 0
      vertex -1.20208 -11.2979 0
    endloop
  endfacet
  facet normal -0 0 -1
    outer loop
      vertex -0.771784 -1.51471 0
      vertex -4.5 -4.5 0
      vertex -0.999234 -1.37533 0
    endloop
  endfacet
  facet normal 0 0 -1
    outer loop
      vertex -4.5 -12.5 0
      vertex -1.20208 -11.2979 0
      vertex -1.37533 -11.5008 0
    endloop
  endfacet
  facet normal -0 0 -1
    outer loop
      vertex -0.999234 -1.37533 0
      vertex -4.5 -4.5 0
      vertex -1.20208 -1.20208 0
    endloop
  endfacet
  facet normal 0 0 -1
    outer loop
      vertex -4.5 -12.5 0
      vertex -1.37533 -11.5008 0
      vertex -1.51471 -11.7282 0
    endloop
  endfacet
  facet normal -0 0 -1
    outer loop
      vertex -1.20208 -1.20208 0
      vertex -4.5 -4.5 0
      vertex -1.37533 -0.999234 0
    endloop
  endfacet
  facet normal 0 0 -1
    outer loop
      vertex -4.5 -12.5 0
      vertex -1.51471 -11.7282 0
      vertex -1.6168 -11.9747 0
    endloop
  endfacet
  facet normal -0 0 -1
    outer loop
      vertex -1.37533 -0.999234 0
      vertex -4.5 -4.5 0
      vertex -1.51471 -0.771784 0
    endloop
  endfacet
  facet normal 0 0 -1
    outer loop
      vertex -4.5 -12.5 0
      vertex -1.6168 -11.9747 0
      vertex -1.67907 -12.2341 0
    endloop
  endfacet
  facet normal -0 0 -1
    outer loop
      vertex -1.51471 -0.771784 0
      vertex -4.5 -4.5 0
      vertex -1.6168 -0.525329 0
    endloop
  endfacet
  facet normal 0 0 -1
    outer loop
      vertex -4.5 -12.5 0
      vertex -1.67907 -12.2341 0
      vertex -1.7 -12.5 0
    endloop
  endfacet
  facet normal -0 0 -1
    outer loop
      vertex -1.6168 -0.525329 0
      vertex -4.5 -4.5 0
      vertex -1.67907 -0.265938 0
    endloop
  endfacet
  facet normal 0 0 -1
    outer loop
      vertex 4.4446 -13.204 0
      vertex 1.67907 -12.7659 0
      vertex 1.7 -12.5 0
    endloop
  endfacet
  facet normal 0 0 -1
    outer loop
      vertex 2.64503 -16.1406 0
      vertex 1.6168 -13.0253 0
      vertex 1.67907 -12.7659 0
    endloop
  endfacet
  facet normal 0 0 -1
    outer loop
      vertex 2.64503 -16.1406 0
      vertex 1.51471 -13.2718 0
      vertex 1.6168 -13.0253 0
    endloop
  endfacet
  facet normal 0 0 -1
    outer loop
      vertex 0.771784 -14.0147 0
      vertex 2.04296 -16.5095 0
      vertex 1.39058 -16.7798 0
    endloop
  endfacet
  facet normal 0 0 -1
    outer loop
      vertex 2.64503 -16.1406 0
      vertex 1.37533 -13.4992 0
      vertex 1.51471 -13.2718 0
    endloop
  endfacet
  facet normal 0 0 -1
    outer loop
      vertex 2.64503 -16.1406 0
      vertex 1.20208 -13.7021 0
      vertex 1.37533 -13.4992 0
    endloop
  endfacet
  facet normal 0 0 -1
    outer loop
      vertex 2.64503 -16.1406 0
      vertex 0.999234 -13.8753 0
      vertex 1.20208 -13.7021 0
    endloop
  endfacet
  facet normal 0 0 -1
    outer loop
      vertex 2.04296 -16.5095 0
      vertex 0.771784 -14.0147 0
      vertex 0.999234 -13.8753 0
    endloop
  endfacet
  facet normal 0 0 -1
    outer loop
      vertex 0.525329 -14.1168 0
      vertex 1.39058 -16.7798 0
      vertex 0.703955 -16.9446 0
    endloop
  endfacet
  facet normal 0 0 -1
    outer loop
      vertex 1.39058 -16.7798 0
      vertex 0.525329 -14.1168 0
      vertex 0.771784 -14.0147 0
    endloop
  endfacet
  facet normal 0 0 -1
    outer loop
      vertex 0.703955 -16.9446 0
      vertex 0.265938 -14.1791 0
      vertex 0.525329 -14.1168 0
    endloop
  endfacet
  facet normal 0 0 -1
    outer loop
      vertex 0 -17 0
      vertex 0.265938 -14.1791 0
      vertex 0.703955 -16.9446 0
    endloop
  endfacet
  facet normal 0 0 -1
    outer loop
      vertex 0 -17 0
      vertex 0 -14.2 0
      vertex 0.265938 -14.1791 0
    endloop
  endfacet
  facet normal 0 0 -1
    outer loop
      vertex 0 -17 0
      vertex -0.265938 -14.1791 0
      vertex 0 -14.2 0
    endloop
  endfacet
  facet normal 0 0 -1
    outer loop
      vertex -0.703955 -16.9446 0
      vertex -0.265938 -14.1791 0
      vertex 0 -17 0
    endloop
  endfacet
  facet normal -0 0 -1
    outer loop
      vertex -0.265938 -14.1791 0
      vertex -0.703955 -16.9446 0
      vertex -0.525329 -14.1168 0
    endloop
  endfacet
  facet normal 0 0 -1
    outer loop
      vertex -1.39058 -16.7798 0
      vertex -0.525329 -14.1168 0
      vertex -0.703955 -16.9446 0
    endloop
  endfacet
  facet normal -0 0 -1
    outer loop
      vertex -0.525329 -14.1168 0
      vertex -1.39058 -16.7798 0
      vertex -0.771784 -14.0147 0
    endloop
  endfacet
  facet normal 0 0 -1
    outer loop
      vertex -2.04296 -16.5095 0
      vertex -0.771784 -14.0147 0
      vertex -1.39058 -16.7798 0
    endloop
  endfacet
  facet normal -0 0 -1
    outer loop
      vertex -0.771784 -14.0147 0
      vertex -2.04296 -16.5095 0
      vertex -0.999234 -13.8753 0
    endloop
  endfacet
  facet normal 0 0 -1
    outer loop
      vertex -2.64503 -16.1406 0
      vertex -0.999234 -13.8753 0
      vertex -2.04296 -16.5095 0
    endloop
  endfacet
  facet normal -0 0 -1
    outer loop
      vertex -0.999234 -13.8753 0
      vertex -2.64503 -16.1406 0
      vertex -1.20208 -13.7021 0
    endloop
  endfacet
  facet normal 0 0 -1
    outer loop
      vertex -3.18198 -15.682 0
      vertex -1.20208 -13.7021 0
      vertex -2.64503 -16.1406 0
    endloop
  endfacet
  facet normal -0 0 -1
    outer loop
      vertex -1.20208 -13.7021 0
      vertex -3.18198 -15.682 0
      vertex -1.37533 -13.4992 0
    endloop
  endfacet
  facet normal 0 0 -1
    outer loop
      vertex -3.64058 -15.145 0
      vertex -1.37533 -13.4992 0
      vertex -3.18198 -15.682 0
    endloop
  endfacet
  facet normal 0 0 -1
    outer loop
      vertex -4.00953 -14.543 0
      vertex -1.51471 -13.2718 0
      vertex -3.64058 -15.145 0
    endloop
  endfacet
  facet normal -0 0 -1
    outer loop
      vertex -1.37533 -13.4992 0
      vertex -3.64058 -15.145 0
      vertex -1.51471 -13.2718 0
    endloop
  endfacet
  facet normal 0 0 -1
    outer loop
      vertex 24 0 0
      vertex 29.5 0 0
      vertex 29.4446 -0.703955 0
    endloop
  endfacet
  facet normal 0 0 -1
    outer loop
      vertex 23.9877 -0.156434 0
      vertex 29.4446 -0.703955 0
      vertex 29.2798 -1.39058 0
    endloop
  endfacet
  facet normal 0 0 -1
    outer loop
      vertex 29.5 0 0
      vertex 24 0 0
      vertex 29.4446 0.703955 0
    endloop
  endfacet
  facet normal 0 0 -1
    outer loop
      vertex 23.9877 -0.156434 0
      vertex 29.2798 -1.39058 0
      vertex 29.0095 -2.04296 0
    endloop
  endfacet
  facet normal 0 0 -1
    outer loop
      vertex 23.9877 0.156434 0
      vertex 29.4446 0.703955 0
      vertex 24 0 0
    endloop
  endfacet
  facet normal 0 0 -1
    outer loop
      vertex 23.9511 -0.309016 0
      vertex 29.0095 -2.04296 0
      vertex 28.6406 -2.64503 0
    endloop
  endfacet
  facet normal -0 0 -1
    outer loop
      vertex 29.4446 0.703955 0
      vertex 23.9877 0.156434 0
      vertex 29.2798 1.39058 0
    endloop
  endfacet
  facet normal 0 0 -1
    outer loop
      vertex 23.9511 -0.309016 0
      vertex 28.6406 -2.64503 0
      vertex 28.182 -3.18198 0
    endloop
  endfacet
  facet normal -0 0 -1
    outer loop
      vertex 29.2798 1.39058 0
      vertex 23.9877 0.156434 0
      vertex 29.0095 2.04296 0
    endloop
  endfacet
  facet normal 0 0 -1
    outer loop
      vertex 23.891 -0.45399 0
      vertex 28.182 -3.18198 0
      vertex 27.645 -3.64058 0
    endloop
  endfacet
  facet normal 0 0 -1
    outer loop
      vertex 23.9511 0.309016 0
      vertex 29.0095 2.04296 0
      vertex 23.9877 0.156434 0
    endloop
  endfacet
  facet normal 0 0 -1
    outer loop
      vertex 23.891 -0.45399 0
      vertex 27.645 -3.64058 0
      vertex 27.043 -4.00953 0
    endloop
  endfacet
  facet normal -0 0 -1
    outer loop
      vertex 29.0095 2.04296 0
      vertex 23.9511 0.309016 0
      vertex 28.6406 2.64503 0
    endloop
  endfacet
  facet normal 0 0 -1
    outer loop
      vertex 23.809 -0.587785 0
      vertex 27.043 -4.00953 0
      vertex 26.3906 -4.27975 0
    endloop
  endfacet
  facet normal -0 0 -1
    outer loop
      vertex 28.6406 2.64503 0
      vertex 23.9511 0.309016 0
      vertex 28.182 3.18198 0
    endloop
  endfacet
  facet normal 0 0 -1
    outer loop
      vertex 23.809 -0.587785 0
      vertex 26.3906 -4.27975 0
      vertex 25.704 -4.4446 0
    endloop
  endfacet
  facet normal 0 0 -1
    outer loop
      vertex 23.891 0.45399 0
      vertex 28.182 3.18198 0
      vertex 23.9511 0.309016 0
    endloop
  endfacet
  facet normal 0 0 -1
    outer loop
      vertex 23.7071 -0.707107 0
      vertex 25.704 -4.4446 0
      vertex 25 -4.5 0
    endloop
  endfacet
  facet normal -0 0 -1
    outer loop
      vertex 28.182 3.18198 0
      vertex 23.891 0.45399 0
      vertex 27.645 3.64058 0
    endloop
  endfacet
  facet normal -0 0 -1
    outer loop
      vertex 27.645 3.64058 0
      vertex 23.891 0.45399 0
      vertex 27.043 4.00953 0
    endloop
  endfacet
  facet normal 0 0 -1
    outer loop
      vertex 29.4446 -0.703955 0
      vertex 23.9877 -0.156434 0
      vertex 24 0 0
    endloop
  endfacet
  facet normal 0 0 -1
    outer loop
      vertex 29.0095 -2.04296 0
      vertex 23.9511 -0.309016 0
      vertex 23.9877 -0.156434 0
    endloop
  endfacet
  facet normal 0 0 -1
    outer loop
      vertex 28.182 -3.18198 0
      vertex 23.891 -0.45399 0
      vertex 23.9511 -0.309016 0
    endloop
  endfacet
  facet normal 0 0 -1
    outer loop
      vertex 27.043 -4.00953 0
      vertex 23.809 -0.587785 0
      vertex 23.891 -0.45399 0
    endloop
  endfacet
  facet normal 0 0 -1
    outer loop
      vertex 25.704 -4.4446 0
      vertex 23.7071 -0.707107 0
      vertex 23.809 -0.587785 0
    endloop
  endfacet
  facet normal 0 0 -1
    outer loop
      vertex 25 -4.5 0
      vertex 23.5878 -0.809016 0
      vertex 23.7071 -0.707107 0
    endloop
  endfacet
  facet normal 0 0 -1
    outer loop
      vertex 25 -4.5 0
      vertex 23.454 -0.891006 0
      vertex 23.5878 -0.809016 0
    endloop
  endfacet
  facet normal 0 0 -1
    outer loop
      vertex 25 -4.5 0
      vertex 23.309 -0.951056 0
      vertex 23.454 -0.891006 0
    endloop
  endfacet
  facet normal 0 0 -1
    outer loop
      vertex 25 -4.5 0
      vertex 23.1564 -0.987688 0
      vertex 23.309 -0.951056 0
    endloop
  endfacet
  facet normal 0 0 -1
    outer loop
      vertex 25 -4.5 0
      vertex 23 -1 0
      vertex 23.1564 -0.987688 0
    endloop
  endfacet
  facet normal 0 0 -1
    outer loop
      vertex 25 -4.5 0
      vertex 18 -1 0
      vertex 23 -1 0
    endloop
  endfacet
  facet normal 0 0 -1
    outer loop
      vertex 25 -4.5 0
      vertex 17.8436 -0.987688 0
      vertex 18 -1 0
    endloop
  endfacet
  facet normal 0 0 -1
    outer loop
      vertex 4.5 -4.5 0
      vertex 17.8436 -0.987688 0
      vertex 25 -4.5 0
    endloop
  endfacet
  facet normal -0 0 -1
    outer loop
      vertex 17.8436 -0.987688 0
      vertex 4.5 -4.5 0
      vertex 17.691 -0.951056 0
    endloop
  endfacet
  facet normal -0 0 -1
    outer loop
      vertex 17.0123 -0.156434 0
      vertex 4.5 -4.5 0
      vertex 17 0 0
    endloop
  endfacet
  facet normal -0 0 -1
    outer loop
      vertex 17.0489 -0.309016 0
      vertex 4.5 -4.5 0
      vertex 17.0123 -0.156434 0
    endloop
  endfacet
  facet normal -0 0 -1
    outer loop
      vertex 17.109 -0.45399 0
      vertex 4.5 -4.5 0
      vertex 17.0489 -0.309016 0
    endloop
  endfacet
  facet normal -0 0 -1
    outer loop
      vertex 17.191 -0.587785 0
      vertex 4.5 -4.5 0
      vertex 17.109 -0.45399 0
    endloop
  endfacet
  facet normal -0 0 -1
    outer loop
      vertex 17.2929 -0.707107 0
      vertex 4.5 -4.5 0
      vertex 17.191 -0.587785 0
    endloop
  endfacet
  facet normal -0 0 -1
    outer loop
      vertex 17.4122 -0.809016 0
      vertex 4.5 -4.5 0
      vertex 17.2929 -0.707107 0
    endloop
  endfacet
  facet normal -0 0 -1
    outer loop
      vertex 17.546 -0.891006 0
      vertex 4.5 -4.5 0
      vertex 17.4122 -0.809016 0
    endloop
  endfacet
  facet normal -0 0 -1
    outer loop
      vertex 17.691 -0.951056 0
      vertex 4.5 -4.5 0
      vertex 17.546 -0.891006 0
    endloop
  endfacet
  facet normal 0 0 -1
    outer loop
      vertex 23.809 0.587785 0
      vertex 27.043 4.00953 0
      vertex 23.891 0.45399 0
    endloop
  endfacet
  facet normal -0 0 -1
    outer loop
      vertex 27.043 4.00953 0
      vertex 23.809 0.587785 0
      vertex 26.3906 4.27975 0
    endloop
  endfacet
  facet normal -0 0 -1
    outer loop
      vertex 26.3906 4.27975 0
      vertex 23.809 0.587785 0
      vertex 25.704 4.4446 0
    endloop
  endfacet
  facet normal 0 0 -1
    outer loop
      vertex 23.7071 0.707107 0
      vertex 25.704 4.4446 0
      vertex 23.809 0.587785 0
    endloop
  endfacet
  facet normal -0 0 -1
    outer loop
      vertex 25.704 4.4446 0
      vertex 23.7071 0.707107 0
      vertex 25 4.5 0
    endloop
  endfacet
  facet normal 0 0 -1
    outer loop
      vertex 23.5878 0.809016 0
      vertex 25 4.5 0
      vertex 23.7071 0.707107 0
    endloop
  endfacet
  facet normal 0 0 -1
    outer loop
      vertex 23.454 0.891006 0
      vertex 25 4.5 0
      vertex 23.5878 0.809016 0
    endloop
  endfacet
  facet normal 0 0 -1
    outer loop
      vertex 23.309 0.951056 0
      vertex 25 4.5 0
      vertex 23.454 0.891006 0
    endloop
  endfacet
  facet normal 0 0 -1
    outer loop
      vertex 23.1564 0.987688 0
      vertex 25 4.5 0
      vertex 23.309 0.951056 0
    endloop
  endfacet
  facet normal 0 0 -1
    outer loop
      vertex 23 1 0
      vertex 25 4.5 0
      vertex 23.1564 0.987688 0
    endloop
  endfacet
  facet normal 0 0 -1
    outer loop
      vertex 18 1 0
      vertex 25 4.5 0
      vertex 23 1 0
    endloop
  endfacet
  facet normal 0 0 -1
    outer loop
      vertex 17.8436 0.987688 0
      vertex 25 4.5 0
      vertex 18 1 0
    endloop
  endfacet
  facet normal 0 0 -1
    outer loop
      vertex 17.691 0.951056 0
      vertex 25 4.5 0
      vertex 17.8436 0.987688 0
    endloop
  endfacet
  facet normal 0 0 -1
    outer loop
      vertex 0.771784 1.51471 0
      vertex 17.691 0.951056 0
      vertex 17.546 0.891006 0
    endloop
  endfacet
  facet normal 0 0 -1
    outer loop
      vertex 4.5 -4.5 0
      vertex 17.0123 0.156434 0
      vertex 17 0 0
    endloop
  endfacet
  facet normal 0 0 -1
    outer loop
      vertex 1.67907 0.265938 0
      vertex 17.0123 0.156434 0
      vertex 4.5 -4.5 0
    endloop
  endfacet
  facet normal 0 0 -1
    outer loop
      vertex 17.0123 0.156434 0
      vertex 1.67907 0.265938 0
      vertex 17.0489 0.309016 0
    endloop
  endfacet
  facet normal 0 0 -1
    outer loop
      vertex 1.6168 0.525329 0
      vertex 17.0489 0.309016 0
      vertex 1.67907 0.265938 0
    endloop
  endfacet
  facet normal 0 0 -1
    outer loop
      vertex 17.0489 0.309016 0
      vertex 1.6168 0.525329 0
      vertex 17.109 0.45399 0
    endloop
  endfacet
  facet normal 0 0 -1
    outer loop
      vertex 1.51471 0.771784 0
      vertex 17.109 0.45399 0
      vertex 1.6168 0.525329 0
    endloop
  endfacet
  facet normal 0 0 -1
    outer loop
      vertex 17.109 0.45399 0
      vertex 1.51471 0.771784 0
      vertex 17.191 0.587785 0
    endloop
  endfacet
  facet normal 0 0 -1
    outer loop
      vertex 1.37533 0.999234 0
      vertex 17.191 0.587785 0
      vertex 1.51471 0.771784 0
    endloop
  endfacet
  facet normal 0 0 -1
    outer loop
      vertex 1.67907 -12.7659 0
      vertex 4.4446 -13.204 0
      vertex 4.27975 -13.8906 0
    endloop
  endfacet
  facet normal 0 0 -1
    outer loop
      vertex 1.67907 -12.7659 0
      vertex 4.27975 -13.8906 0
      vertex 4.00953 -14.543 0
    endloop
  endfacet
  facet normal 0 0 -1
    outer loop
      vertex 1.67907 -12.7659 0
      vertex 4.00953 -14.543 0
      vertex 3.64058 -15.145 0
    endloop
  endfacet
  facet normal 0 0 -1
    outer loop
      vertex 1.67907 -12.7659 0
      vertex 3.64058 -15.145 0
      vertex 3.18198 -15.682 0
    endloop
  endfacet
  facet normal 0 0 -1
    outer loop
      vertex 1.67907 -12.7659 0
      vertex 3.18198 -15.682 0
      vertex 2.64503 -16.1406 0
    endloop
  endfacet
  facet normal 0 0 -1
    outer loop
      vertex 0.999234 -13.8753 0
      vertex 2.64503 -16.1406 0
      vertex 2.04296 -16.5095 0
    endloop
  endfacet
  facet normal 0 0 -1
    outer loop
      vertex 4.5 -12.5 0
      vertex 1.7 -12.5 0
      vertex 1.67907 -12.2341 0
    endloop
  endfacet
  facet normal 0 0 -1
    outer loop
      vertex 4.5 -12.5 0
      vertex 1.67907 -12.2341 0
      vertex 1.6168 -11.9747 0
    endloop
  endfacet
  facet normal 0 0 -1
    outer loop
      vertex 1.67907 0.265938 0
      vertex 4.5 -4.5 0
      vertex 1.7 0 0
    endloop
  endfacet
  facet normal 0 0 -1
    outer loop
      vertex 17.191 0.587785 0
      vertex 1.37533 0.999234 0
      vertex 17.2929 0.707107 0
    endloop
  endfacet
  facet normal 0 0 -1
    outer loop
      vertex 1.20208 1.20208 0
      vertex 17.2929 0.707107 0
      vertex 1.37533 0.999234 0
    endloop
  endfacet
  facet normal 0 0 -1
    outer loop
      vertex 17.2929 0.707107 0
      vertex 1.20208 1.20208 0
      vertex 17.4122 0.809016 0
    endloop
  endfacet
  facet normal 0 0 -1
    outer loop
      vertex 0.999234 1.37533 0
      vertex 17.4122 0.809016 0
      vertex 1.20208 1.20208 0
    endloop
  endfacet
  facet normal 0 0 -1
    outer loop
      vertex 17.4122 0.809016 0
      vertex 0.999234 1.37533 0
      vertex 17.546 0.891006 0
    endloop
  endfacet
  facet normal 0 0 -1
    outer loop
      vertex 0.771784 1.51471 0
      vertex 17.546 0.891006 0
      vertex 0.999234 1.37533 0
    endloop
  endfacet
  facet normal 0 0 -1
    outer loop
      vertex 17.691 0.951056 0
      vertex 0.771784 1.51471 0
      vertex 0.525329 1.6168 0
    endloop
  endfacet
  facet normal 0 0 -1
    outer loop
      vertex 17.691 0.951056 0
      vertex 0.525329 1.6168 0
      vertex 25 4.5 0
    endloop
  endfacet
  facet normal 0 0 -1
    outer loop
      vertex 0.265938 1.67907 0
      vertex 25 4.5 0
      vertex 0.525329 1.6168 0
    endloop
  endfacet
  facet normal 0 0 -1
    outer loop
      vertex 0 1.7 0
      vertex 25 4.5 0
      vertex 0.265938 1.67907 0
    endloop
  endfacet
  facet normal 0 0 -1
    outer loop
      vertex -25 4.5 0
      vertex 0 1.7 0
      vertex -0.265938 1.67907 0
    endloop
  endfacet
  facet normal -0 0 -1
    outer loop
      vertex -1.51471 -13.2718 0
      vertex -4.00953 -14.543 0
      vertex -1.6168 -13.0253 0
    endloop
  endfacet
  facet normal 0 0 -1
    outer loop
      vertex -4.27975 -13.8906 0
      vertex -1.6168 -13.0253 0
      vertex -4.00953 -14.543 0
    endloop
  endfacet
  facet normal -0 0 -1
    outer loop
      vertex -1.20208 -11.2979 0
      vertex -4.5 -12.5 0
      vertex -4.5 -4.5 0
    endloop
  endfacet
  facet normal -0 0 -1
    outer loop
      vertex -1.6168 -13.0253 0
      vertex -4.27975 -13.8906 0
      vertex -1.67907 -12.7659 0
    endloop
  endfacet
  facet normal 0 0 -1
    outer loop
      vertex -4.4446 -13.204 0
      vertex -1.67907 -12.7659 0
      vertex -4.27975 -13.8906 0
    endloop
  endfacet
  facet normal -0 0 -1
    outer loop
      vertex -1.67907 -12.7659 0
      vertex -4.4446 -13.204 0
      vertex -1.7 -12.5 0
    endloop
  endfacet
  facet normal -0 0 -1
    outer loop
      vertex -1.7 -12.5 0
      vertex -4.4446 -13.204 0
      vertex -4.5 -12.5 0
    endloop
  endfacet
  facet normal -0 0 -1
    outer loop
      vertex -1.67907 -0.265938 0
      vertex -4.5 -4.5 0
      vertex -1.7 0 0
    endloop
  endfacet
  facet normal -0 0 -1
    outer loop
      vertex -1.7 0 0
      vertex -4.5 -4.5 0
      vertex -1.67907 0.265938 0
    endloop
  endfacet
  facet normal 0 0 -1
    outer loop
      vertex -17.0123 0.156434 0
      vertex -1.67907 0.265938 0
      vertex -4.5 -4.5 0
    endloop
  endfacet
  facet normal 0 0 -1
    outer loop
      vertex -17.0489 0.309016 0
      vertex -1.67907 0.265938 0
      vertex -17.0123 0.156434 0
    endloop
  endfacet
  facet normal 0 0 -1
    outer loop
      vertex -17.0123 0.156434 0
      vertex -4.5 -4.5 0
      vertex -17 0 0
    endloop
  endfacet
  facet normal 0 0 -1
    outer loop
      vertex -1.67907 0.265938 0
      vertex -17.0489 0.309016 0
      vertex -1.6168 0.525329 0
    endloop
  endfacet
  facet normal 0 0 -1
    outer loop
      vertex -17.109 0.45399 0
      vertex -1.6168 0.525329 0
      vertex -17.0489 0.309016 0
    endloop
  endfacet
  facet normal -0 0 -1
    outer loop
      vertex -1.6168 0.525329 0
      vertex -17.109 0.45399 0
      vertex -1.51471 0.771784 0
    endloop
  endfacet
  facet normal 0 0 -1
    outer loop
      vertex -17.191 0.587785 0
      vertex -1.51471 0.771784 0
      vertex -17.109 0.45399 0
    endloop
  endfacet
  facet normal -0 0 -1
    outer loop
      vertex -1.51471 0.771784 0
      vertex -17.191 0.587785 0
      vertex -1.37533 0.999234 0
    endloop
  endfacet
  facet normal 0 0 -1
    outer loop
      vertex -17.2929 0.707107 0
      vertex -1.37533 0.999234 0
      vertex -17.191 0.587785 0
    endloop
  endfacet
  facet normal -0 0 -1
    outer loop
      vertex -1.37533 0.999234 0
      vertex -17.2929 0.707107 0
      vertex -1.20208 1.20208 0
    endloop
  endfacet
  facet normal 0 0 -1
    outer loop
      vertex -17.4122 0.809016 0
      vertex -1.20208 1.20208 0
      vertex -17.2929 0.707107 0
    endloop
  endfacet
  facet normal -0 0 -1
    outer loop
      vertex -1.20208 1.20208 0
      vertex -17.4122 0.809016 0
      vertex -0.999234 1.37533 0
    endloop
  endfacet
  facet normal 0 0 -1
    outer loop
      vertex -17.546 0.891006 0
      vertex -0.999234 1.37533 0
      vertex -17.4122 0.809016 0
    endloop
  endfacet
  facet normal -0 0 -1
    outer loop
      vertex -0.999234 1.37533 0
      vertex -17.546 0.891006 0
      vertex -0.771784 1.51471 0
    endloop
  endfacet
  facet normal 0 0 -1
    outer loop
      vertex -17.691 0.951056 0
      vertex -0.771784 1.51471 0
      vertex -17.546 0.891006 0
    endloop
  endfacet
  facet normal -0 0 -1
    outer loop
      vertex -0.771784 1.51471 0
      vertex -17.691 0.951056 0
      vertex -0.525329 1.6168 0
    endloop
  endfacet
  facet normal 0 0 -1
    outer loop
      vertex -25 4.5 0
      vertex -0.525329 1.6168 0
      vertex -17.691 0.951056 0
    endloop
  endfacet
  facet normal 0 0 -1
    outer loop
      vertex -0.525329 1.6168 0
      vertex -25 4.5 0
      vertex -0.265938 1.67907 0
    endloop
  endfacet
  facet normal 0 0 -1
    outer loop
      vertex -25 4.5 0
      vertex -17.691 0.951056 0
      vertex -17.8436 0.987688 0
    endloop
  endfacet
  facet normal 0 0 -1
    outer loop
      vertex -25 4.5 0
      vertex -17.8436 0.987688 0
      vertex -18 1 0
    endloop
  endfacet
  facet normal 0 0 -1
    outer loop
      vertex -25 4.5 0
      vertex -18 1 0
      vertex -23 1 0
    endloop
  endfacet
  facet normal 0 0 -1
    outer loop
      vertex -27.645 -3.64058 0
      vertex -23.891 -0.45399 0
      vertex -27.043 -4.00953 0
    endloop
  endfacet
  facet normal 0 0 -1
    outer loop
      vertex 0 1.7 0
      vertex -25 4.5 0
      vertex 25 4.5 0
    endloop
  endfacet
  facet normal 0 0 -1
    outer loop
      vertex -23.1564 0.987688 0
      vertex -25 4.5 0
      vertex -23 1 0
    endloop
  endfacet
  facet normal 0 0 -1
    outer loop
      vertex -23.309 0.951056 0
      vertex -25 4.5 0
      vertex -23.1564 0.987688 0
    endloop
  endfacet
  facet normal 0 0 -1
    outer loop
      vertex -23.454 0.891006 0
      vertex -25 4.5 0
      vertex -23.309 0.951056 0
    endloop
  endfacet
  facet normal 0 0 -1
    outer loop
      vertex -23.5878 0.809016 0
      vertex -25 4.5 0
      vertex -23.454 0.891006 0
    endloop
  endfacet
  facet normal 0 0 -1
    outer loop
      vertex -23.7071 0.707107 0
      vertex -25 4.5 0
      vertex -23.5878 0.809016 0
    endloop
  endfacet
  facet normal 0 0 -1
    outer loop
      vertex -25.704 4.4446 0
      vertex -23.7071 0.707107 0
      vertex -23.809 0.587785 0
    endloop
  endfacet
  facet normal 0 0 -1
    outer loop
      vertex -27.043 4.00953 0
      vertex -23.809 0.587785 0
      vertex -23.891 0.45399 0
    endloop
  endfacet
  facet normal 0 0 -1
    outer loop
      vertex -28.182 3.18198 0
      vertex -23.891 0.45399 0
      vertex -23.9511 0.309016 0
    endloop
  endfacet
  facet normal 0 0 -1
    outer loop
      vertex -29.0095 2.04296 0
      vertex -23.9511 0.309016 0
      vertex -23.9877 0.156434 0
    endloop
  endfacet
  facet normal 0 0 -1
    outer loop
      vertex -28.182 -3.18198 0
      vertex -23.891 -0.45399 0
      vertex -27.645 -3.64058 0
    endloop
  endfacet
  facet normal -0 0 -1
    outer loop
      vertex -23.891 -0.45399 0
      vertex -28.182 -3.18198 0
      vertex -23.9511 -0.309016 0
    endloop
  endfacet
  facet normal 0 0 -1
    outer loop
      vertex -23.7071 0.707107 0
      vertex -25.704 4.4446 0
      vertex -25 4.5 0
    endloop
  endfacet
  facet normal 0 0 -1
    outer loop
      vertex -28.6406 -2.64503 0
      vertex -23.9511 -0.309016 0
      vertex -28.182 -3.18198 0
    endloop
  endfacet
  facet normal 0 0 -1
    outer loop
      vertex -23.809 0.587785 0
      vertex -26.3906 4.27975 0
      vertex -25.704 4.4446 0
    endloop
  endfacet
  facet normal 0 0 -1
    outer loop
      vertex -29.0095 -2.04296 0
      vertex -23.9511 -0.309016 0
      vertex -28.6406 -2.64503 0
    endloop
  endfacet
  facet normal 0 0 -1
    outer loop
      vertex -23.809 0.587785 0
      vertex -27.043 4.00953 0
      vertex -26.3906 4.27975 0
    endloop
  endfacet
  facet normal -0 0 -1
    outer loop
      vertex -23.9511 -0.309016 0
      vertex -29.0095 -2.04296 0
      vertex -23.9877 -0.156434 0
    endloop
  endfacet
  facet normal 0 0 -1
    outer loop
      vertex -23.891 0.45399 0
      vertex -27.645 3.64058 0
      vertex -27.043 4.00953 0
    endloop
  endfacet
  facet normal 0 0 -1
    outer loop
      vertex -29.2798 -1.39058 0
      vertex -23.9877 -0.156434 0
      vertex -29.0095 -2.04296 0
    endloop
  endfacet
  facet normal 0 0 -1
    outer loop
      vertex -23.891 0.45399 0
      vertex -28.182 3.18198 0
      vertex -27.645 3.64058 0
    endloop
  endfacet
  facet normal 0 0 -1
    outer loop
      vertex -29.4446 -0.703955 0
      vertex -23.9877 -0.156434 0
      vertex -29.2798 -1.39058 0
    endloop
  endfacet
  facet normal 0 0 -1
    outer loop
      vertex -23.9511 0.309016 0
      vertex -28.6406 2.64503 0
      vertex -28.182 3.18198 0
    endloop
  endfacet
  facet normal -0 0 -1
    outer loop
      vertex -23.9877 -0.156434 0
      vertex -29.4446 -0.703955 0
      vertex -24 0 0
    endloop
  endfacet
  facet normal 0 0 -1
    outer loop
      vertex -23.9511 0.309016 0
      vertex -29.0095 2.04296 0
      vertex -28.6406 2.64503 0
    endloop
  endfacet
  facet normal 0 0 -1
    outer loop
      vertex -29.5 0 0
      vertex -24 0 0
      vertex -29.4446 -0.703955 0
    endloop
  endfacet
  facet normal 0 0 -1
    outer loop
      vertex -23.9877 0.156434 0
      vertex -29.2798 1.39058 0
      vertex -29.0095 2.04296 0
    endloop
  endfacet
  facet normal 0 -0 -1
    outer loop
      vertex -29.4446 0.703955 0
      vertex -24 0 0
      vertex -29.5 0 0
    endloop
  endfacet
  facet normal 0 0 -1
    outer loop
      vertex -23.9877 0.156434 0
      vertex -29.4446 0.703955 0
      vertex -29.2798 1.39058 0
    endloop
  endfacet
  facet normal 0 0 -1
    outer loop
      vertex -24 0 0
      vertex -29.4446 0.703955 0
      vertex -23.9877 0.156434 0
    endloop
  endfacet
  facet normal 0.852671 -0.522448 0
    outer loop
      vertex 28.6406 -2.64503 5
      vertex 29.0095 -2.04296 0
      vertex 29.0095 -2.04296 5
    endloop
  endfacet
  facet normal 0.852671 -0.522448 0
    outer loop
      vertex 29.0095 -2.04296 0
      vertex 28.6406 -2.64503 5
      vertex 28.6406 -2.64503 0
    endloop
  endfacet
  facet normal -0.0784506 -0.996918 0
    outer loop
      vertex -25.704 -4.4446 0
      vertex -25 -4.5 5
      vertex -25.704 -4.4446 5
    endloop
  endfacet
  facet normal -0.0784506 -0.996918 -0
    outer loop
      vertex -25 -4.5 5
      vertex -25.704 -4.4446 0
      vertex -25 -4.5 0
    endloop
  endfacet
  facet normal 0.923842 -0.382775 0
    outer loop
      vertex 29.0095 -2.04296 5
      vertex 29.2798 -1.39058 0
      vertex 29.2798 -1.39058 5
    endloop
  endfacet
  facet normal 0.923842 -0.382775 0
    outer loop
      vertex 29.2798 -1.39058 0
      vertex 29.0095 -2.04296 5
      vertex 29.0095 -2.04296 0
    endloop
  endfacet
  facet normal -0.522544 -0.852612 0
    outer loop
      vertex -27.645 -3.64058 0
      vertex -27.043 -4.00953 5
      vertex -27.645 -3.64058 5
    endloop
  endfacet
  facet normal -0.522544 -0.852612 -0
    outer loop
      vertex -27.043 -4.00953 5
      vertex -27.645 -3.64058 0
      vertex -27.043 -4.00953 0
    endloop
  endfacet
  facet normal 0.0784506 0.996918 -0
    outer loop
      vertex 25.704 4.4446 0
      vertex 25 4.5 5
      vertex 25.704 4.4446 5
    endloop
  endfacet
  facet normal 0.0784506 0.996918 0
    outer loop
      vertex 25 4.5 5
      vertex 25.704 4.4446 0
      vertex 25 4.5 0
    endloop
  endfacet
  facet normal 0.522544 -0.852612 0
    outer loop
      vertex 27.043 -4.00953 0
      vertex 27.645 -3.64058 5
      vertex 27.043 -4.00953 5
    endloop
  endfacet
  facet normal 0.522544 -0.852612 0
    outer loop
      vertex 27.645 -3.64058 5
      vertex 27.043 -4.00953 0
      vertex 27.645 -3.64058 0
    endloop
  endfacet
  facet normal -0.649414 0.760435 0
    outer loop
      vertex -27.645 3.64058 0
      vertex -28.182 3.18198 5
      vertex -27.645 3.64058 5
    endloop
  endfacet
  facet normal -0.649414 0.760435 0
    outer loop
      vertex -28.182 3.18198 5
      vertex -27.645 3.64058 0
      vertex -28.182 3.18198 0
    endloop
  endfacet
  facet normal 0 -1 0
    outer loop
      vertex 20.2966 -4.5 3.78399
      vertex 25 -4.5 5
      vertex 4.5 -4.5 5
    endloop
  endfacet
  facet normal 0 -1 0
    outer loop
      vertex 25 -4.5 5
      vertex 20.2966 -4.5 3.78399
      vertex 20.5 -4.5 3.8
    endloop
  endfacet
  facet normal 0 -1 0
    outer loop
      vertex 4.5 -4.5 5
      vertex 20.0983 -4.5 3.73637
      vertex 20.2966 -4.5 3.78399
    endloop
  endfacet
  facet normal 0 -1 0
    outer loop
      vertex 4.5 -4.5 5
      vertex 19.9098 -4.5 3.65831
      vertex 20.0983 -4.5 3.73637
    endloop
  endfacet
  facet normal 0 -1 0
    outer loop
      vertex 4.5 -4.5 5
      vertex 19.7359 -4.5 3.55172
      vertex 19.9098 -4.5 3.65831
    endloop
  endfacet
  facet normal 0 -1 0
    outer loop
      vertex 4.5 -4.5 5
      vertex 19.5808 -4.5 3.41924
      vertex 19.7359 -4.5 3.55172
    endloop
  endfacet
  facet normal 0 -1 0
    outer loop
      vertex 4.5 -4.5 5
      vertex 19.4483 -4.5 3.26412
      vertex 19.5808 -4.5 3.41924
    endloop
  endfacet
  facet normal 0 -1 0
    outer loop
      vertex 4.5 -4.5 5
      vertex 19.3417 -4.5 3.09019
      vertex 19.4483 -4.5 3.26412
    endloop
  endfacet
  facet normal 0 -1 0
    outer loop
      vertex 4.5 -4.5 5
      vertex 19.2636 -4.5 2.90172
      vertex 19.3417 -4.5 3.09019
    endloop
  endfacet
  facet normal 0 -1 0
    outer loop
      vertex 4.5 -4.5 5
      vertex 19.216 -4.5 2.70336
      vertex 19.2636 -4.5 2.90172
    endloop
  endfacet
  facet normal 0 -1 0
    outer loop
      vertex 4.5 -4.5 5
      vertex 19.2 -4.5 2.5
      vertex 19.216 -4.5 2.70336
    endloop
  endfacet
  facet normal 0 -1 0
    outer loop
      vertex 4.5 -4.5 0
      vertex 19.2 -4.5 2.5
      vertex 4.5 -4.5 5
    endloop
  endfacet
  facet normal 0 -1 -0
    outer loop
      vertex 19.2 -4.5 2.5
      vertex 4.5 -4.5 0
      vertex 19.216 -4.5 2.29663
    endloop
  endfacet
  facet normal 0 -1 -0
    outer loop
      vertex 19.216 -4.5 2.29663
      vertex 4.5 -4.5 0
      vertex 19.2636 -4.5 2.09828
    endloop
  endfacet
  facet normal 0 -1 -0
    outer loop
      vertex 19.2636 -4.5 2.09828
      vertex 4.5 -4.5 0
      vertex 19.3417 -4.5 1.90981
    endloop
  endfacet
  facet normal 0 -1 -0
    outer loop
      vertex 19.3417 -4.5 1.90981
      vertex 4.5 -4.5 0
      vertex 19.4483 -4.5 1.73588
    endloop
  endfacet
  facet normal 0 -1 -0
    outer loop
      vertex 19.4483 -4.5 1.73588
      vertex 4.5 -4.5 0
      vertex 19.5808 -4.5 1.58076
    endloop
  endfacet
  facet normal 0 -1 -0
    outer loop
      vertex 19.5808 -4.5 1.58076
      vertex 4.5 -4.5 0
      vertex 19.7359 -4.5 1.44828
    endloop
  endfacet
  facet normal 0 -1 -0
    outer loop
      vertex 19.7359 -4.5 1.44828
      vertex 4.5 -4.5 0
      vertex 19.9098 -4.5 1.34169
    endloop
  endfacet
  facet normal 0 -1 -0
    outer loop
      vertex 19.9098 -4.5 1.34169
      vertex 4.5 -4.5 0
      vertex 20.0983 -4.5 1.26363
    endloop
  endfacet
  facet normal 0 -1 0
    outer loop
      vertex 25 -4.5 0
      vertex 20.2966 -4.5 1.216
      vertex 4.5 -4.5 0
    endloop
  endfacet
  facet normal 0 -1 -0
    outer loop
      vertex 20.0983 -4.5 1.26363
      vertex 4.5 -4.5 0
      vertex 20.2966 -4.5 1.216
    endloop
  endfacet
  facet normal 0 -1 0
    outer loop
      vertex 20.7034 -4.5 3.78399
      vertex 25 -4.5 5
      vertex 20.5 -4.5 3.8
    endloop
  endfacet
  facet normal 0 -1 0
    outer loop
      vertex 20.9017 -4.5 3.73637
      vertex 25 -4.5 5
      vertex 20.7034 -4.5 3.78399
    endloop
  endfacet
  facet normal 0 -1 0
    outer loop
      vertex 21.0902 -4.5 3.65831
      vertex 25 -4.5 5
      vertex 20.9017 -4.5 3.73637
    endloop
  endfacet
  facet normal 0 -1 0
    outer loop
      vertex 21.2641 -4.5 3.55172
      vertex 25 -4.5 5
      vertex 21.0902 -4.5 3.65831
    endloop
  endfacet
  facet normal 0 -1 0
    outer loop
      vertex 21.4192 -4.5 3.41924
      vertex 25 -4.5 5
      vertex 21.2641 -4.5 3.55172
    endloop
  endfacet
  facet normal 0 -1 0
    outer loop
      vertex 21.5517 -4.5 3.26412
      vertex 25 -4.5 5
      vertex 21.4192 -4.5 3.41924
    endloop
  endfacet
  facet normal 0 -1 0
    outer loop
      vertex 21.6583 -4.5 3.09019
      vertex 25 -4.5 5
      vertex 21.5517 -4.5 3.26412
    endloop
  endfacet
  facet normal 0 -1 0
    outer loop
      vertex 21.7364 -4.5 2.90172
      vertex 25 -4.5 5
      vertex 21.6583 -4.5 3.09019
    endloop
  endfacet
  facet normal 0 -1 0
    outer loop
      vertex 21.784 -4.5 2.70336
      vertex 25 -4.5 5
      vertex 21.7364 -4.5 2.90172
    endloop
  endfacet
  facet normal 0 -1 0
    outer loop
      vertex 21.8 -4.5 2.5
      vertex 25 -4.5 5
      vertex 21.784 -4.5 2.70336
    endloop
  endfacet
  facet normal 0 -1 0
    outer loop
      vertex 25 -4.5 0
      vertex 21.8 -4.5 2.5
      vertex 21.784 -4.5 2.29663
    endloop
  endfacet
  facet normal 0 -1 0
    outer loop
      vertex 25 -4.5 0
      vertex 21.784 -4.5 2.29663
      vertex 21.7364 -4.5 2.09828
    endloop
  endfacet
  facet normal 0 -1 0
    outer loop
      vertex 25 -4.5 0
      vertex 21.7364 -4.5 2.09828
      vertex 21.6583 -4.5 1.90981
    endloop
  endfacet
  facet normal 0 -1 0
    outer loop
      vertex 25 -4.5 0
      vertex 21.6583 -4.5 1.90981
      vertex 21.5517 -4.5 1.73588
    endloop
  endfacet
  facet normal 0 -1 0
    outer loop
      vertex 25 -4.5 0
      vertex 21.5517 -4.5 1.73588
      vertex 21.4192 -4.5 1.58076
    endloop
  endfacet
  facet normal 0 -1 0
    outer loop
      vertex 21.8 -4.5 2.5
      vertex 25 -4.5 0
      vertex 25 -4.5 5
    endloop
  endfacet
  facet normal 0 -1 0
    outer loop
      vertex 21.2641 -4.5 1.44828
      vertex 25 -4.5 0
      vertex 21.4192 -4.5 1.58076
    endloop
  endfacet
  facet normal 0 -1 0
    outer loop
      vertex 21.0902 -4.5 1.34169
      vertex 25 -4.5 0
      vertex 21.2641 -4.5 1.44828
    endloop
  endfacet
  facet normal 0 -1 0
    outer loop
      vertex 20.9017 -4.5 1.26363
      vertex 25 -4.5 0
      vertex 21.0902 -4.5 1.34169
    endloop
  endfacet
  facet normal 0 -1 0
    outer loop
      vertex 20.7034 -4.5 1.216
      vertex 25 -4.5 0
      vertex 20.9017 -4.5 1.26363
    endloop
  endfacet
  facet normal 0 -1 0
    outer loop
      vertex 20.5 -4.5 1.2
      vertex 25 -4.5 0
      vertex 20.7034 -4.5 1.216
    endloop
  endfacet
  facet normal 0 -1 0
    outer loop
      vertex 20.2966 -4.5 1.216
      vertex 25 -4.5 0
      vertex 20.5 -4.5 1.2
    endloop
  endfacet
  facet normal 0 -1 0
    outer loop
      vertex -20.2966 -4.5 3.78399
      vertex -25 -4.5 5
      vertex -20.5 -4.5 3.8
    endloop
  endfacet
  facet normal 0 -1 0
    outer loop
      vertex -25 -4.5 5
      vertex -20.7034 -4.5 3.78399
      vertex -20.5 -4.5 3.8
    endloop
  endfacet
  facet normal 0 -1 0
    outer loop
      vertex -25 -4.5 5
      vertex -20.9017 -4.5 3.73637
      vertex -20.7034 -4.5 3.78399
    endloop
  endfacet
  facet normal 0 -1 0
    outer loop
      vertex -25 -4.5 5
      vertex -21.0902 -4.5 3.65831
      vertex -20.9017 -4.5 3.73637
    endloop
  endfacet
  facet normal 0 -1 0
    outer loop
      vertex -25 -4.5 5
      vertex -21.2641 -4.5 3.55172
      vertex -21.0902 -4.5 3.65831
    endloop
  endfacet
  facet normal 0 -1 0
    outer loop
      vertex -25 -4.5 5
      vertex -21.4192 -4.5 3.41924
      vertex -21.2641 -4.5 3.55172
    endloop
  endfacet
  facet normal 0 -1 0
    outer loop
      vertex -25 -4.5 5
      vertex -21.5517 -4.5 3.26412
      vertex -21.4192 -4.5 3.41924
    endloop
  endfacet
  facet normal 0 -1 0
    outer loop
      vertex -25 -4.5 5
      vertex -21.6583 -4.5 3.09019
      vertex -21.5517 -4.5 3.26412
    endloop
  endfacet
  facet normal 0 -1 0
    outer loop
      vertex -25 -4.5 5
      vertex -21.7364 -4.5 2.90172
      vertex -21.6583 -4.5 3.09019
    endloop
  endfacet
  facet normal 0 -1 0
    outer loop
      vertex -25 -4.5 5
      vertex -21.784 -4.5 2.70336
      vertex -21.7364 -4.5 2.90172
    endloop
  endfacet
  facet normal 0 -1 0
    outer loop
      vertex -25 -4.5 5
      vertex -21.8 -4.5 2.5
      vertex -21.784 -4.5 2.70336
    endloop
  endfacet
  facet normal 0 -1 0
    outer loop
      vertex -25 -4.5 0
      vertex -21.8 -4.5 2.5
      vertex -25 -4.5 5
    endloop
  endfacet
  facet normal 0 -1 -0
    outer loop
      vertex -21.8 -4.5 2.5
      vertex -25 -4.5 0
      vertex -21.784 -4.5 2.29663
    endloop
  endfacet
  facet normal 0 -1 -0
    outer loop
      vertex -21.784 -4.5 2.29663
      vertex -25 -4.5 0
      vertex -21.7364 -4.5 2.09828
    endloop
  endfacet
  facet normal 0 -1 -0
    outer loop
      vertex -21.7364 -4.5 2.09828
      vertex -25 -4.5 0
      vertex -21.6583 -4.5 1.90981
    endloop
  endfacet
  facet normal 0 -1 -0
    outer loop
      vertex -21.6583 -4.5 1.90981
      vertex -25 -4.5 0
      vertex -21.5517 -4.5 1.73588
    endloop
  endfacet
  facet normal 0 -1 -0
    outer loop
      vertex -20.7034 -4.5 1.216
      vertex -25 -4.5 0
      vertex -20.5 -4.5 1.2
    endloop
  endfacet
  facet normal 0 -1 -0
    outer loop
      vertex -20.9017 -4.5 1.26363
      vertex -25 -4.5 0
      vertex -20.7034 -4.5 1.216
    endloop
  endfacet
  facet normal 0 -1 -0
    outer loop
      vertex -21.0902 -4.5 1.34169
      vertex -25 -4.5 0
      vertex -20.9017 -4.5 1.26363
    endloop
  endfacet
  facet normal 0 -1 -0
    outer loop
      vertex -21.2641 -4.5 1.44828
      vertex -25 -4.5 0
      vertex -21.0902 -4.5 1.34169
    endloop
  endfacet
  facet normal 0 -1 -0
    outer loop
      vertex -21.4192 -4.5 1.58076
      vertex -25 -4.5 0
      vertex -21.2641 -4.5 1.44828
    endloop
  endfacet
  facet normal 0 -1 -0
    outer loop
      vertex -21.5517 -4.5 1.73588
      vertex -25 -4.5 0
      vertex -21.4192 -4.5 1.58076
    endloop
  endfacet
  facet normal 0 -1 0
    outer loop
      vertex -25 -4.5 5
      vertex -20.2966 -4.5 3.78399
      vertex -4.5 -4.5 5
    endloop
  endfacet
  facet normal 0 -1 0
    outer loop
      vertex -20.0983 -4.5 3.73637
      vertex -4.5 -4.5 5
      vertex -20.2966 -4.5 3.78399
    endloop
  endfacet
  facet normal 0 -1 0
    outer loop
      vertex -19.9098 -4.5 3.65831
      vertex -4.5 -4.5 5
      vertex -20.0983 -4.5 3.73637
    endloop
  endfacet
  facet normal 0 -1 0
    outer loop
      vertex -19.7359 -4.5 3.55172
      vertex -4.5 -4.5 5
      vertex -19.9098 -4.5 3.65831
    endloop
  endfacet
  facet normal 0 -1 0
    outer loop
      vertex -19.5808 -4.5 3.41924
      vertex -4.5 -4.5 5
      vertex -19.7359 -4.5 3.55172
    endloop
  endfacet
  facet normal 0 -1 0
    outer loop
      vertex -19.4483 -4.5 3.26412
      vertex -4.5 -4.5 5
      vertex -19.5808 -4.5 3.41924
    endloop
  endfacet
  facet normal 0 -1 0
    outer loop
      vertex -19.3417 -4.5 3.09019
      vertex -4.5 -4.5 5
      vertex -19.4483 -4.5 3.26412
    endloop
  endfacet
  facet normal 0 -1 0
    outer loop
      vertex -19.2636 -4.5 2.90172
      vertex -4.5 -4.5 5
      vertex -19.3417 -4.5 3.09019
    endloop
  endfacet
  facet normal 0 -1 0
    outer loop
      vertex -19.216 -4.5 2.70336
      vertex -4.5 -4.5 5
      vertex -19.2636 -4.5 2.90172
    endloop
  endfacet
  facet normal 0 -1 0
    outer loop
      vertex -19.2 -4.5 2.5
      vertex -4.5 -4.5 5
      vertex -19.216 -4.5 2.70336
    endloop
  endfacet
  facet normal 0 -1 0
    outer loop
      vertex -4.5 -4.5 0
      vertex -19.2 -4.5 2.5
      vertex -19.216 -4.5 2.29663
    endloop
  endfacet
  facet normal 0 -1 0
    outer loop
      vertex -4.5 -4.5 0
      vertex -19.216 -4.5 2.29663
      vertex -19.2636 -4.5 2.09828
    endloop
  endfacet
  facet normal 0 -1 0
    outer loop
      vertex -4.5 -4.5 0
      vertex -19.2636 -4.5 2.09828
      vertex -19.3417 -4.5 1.90981
    endloop
  endfacet
  facet normal 0 -1 0
    outer loop
      vertex -4.5 -4.5 0
      vertex -19.3417 -4.5 1.90981
      vertex -19.4483 -4.5 1.73588
    endloop
  endfacet
  facet normal 0 -1 0
    outer loop
      vertex -4.5 -4.5 0
      vertex -19.4483 -4.5 1.73588
      vertex -19.5808 -4.5 1.58076
    endloop
  endfacet
  facet normal 0 -1 0
    outer loop
      vertex -4.5 -4.5 0
      vertex -19.5808 -4.5 1.58076
      vertex -19.7359 -4.5 1.44828
    endloop
  endfacet
  facet normal 0 -1 0
    outer loop
      vertex -4.5 -4.5 0
      vertex -19.7359 -4.5 1.44828
      vertex -19.9098 -4.5 1.34169
    endloop
  endfacet
  facet normal 0 -1 0
    outer loop
      vertex -4.5 -4.5 0
      vertex -19.9098 -4.5 1.34169
      vertex -20.0983 -4.5 1.26363
    endloop
  endfacet
  facet normal 0 -1 0
    outer loop
      vertex -4.5 -4.5 0
      vertex -20.0983 -4.5 1.26363
      vertex -20.2966 -4.5 1.216
    endloop
  endfacet
  facet normal 0 -1 0
    outer loop
      vertex -25 -4.5 0
      vertex -20.2966 -4.5 1.216
      vertex -20.5 -4.5 1.2
    endloop
  endfacet
  facet normal 0 -1 0
    outer loop
      vertex -4.5 -4.5 0
      vertex -20.2966 -4.5 1.216
      vertex -25 -4.5 0
    endloop
  endfacet
  facet normal 0 -1 0
    outer loop
      vertex -19.2 -4.5 2.5
      vertex -4.5 -4.5 0
      vertex -4.5 -4.5 5
    endloop
  endfacet
  facet normal 0.923842 0.382775 0
    outer loop
      vertex 29.2798 1.39058 5
      vertex 29.0095 2.04296 0
      vertex 29.0095 2.04296 5
    endloop
  endfacet
  facet normal 0.923842 0.382775 0
    outer loop
      vertex 29.0095 2.04296 0
      vertex 29.2798 1.39058 5
      vertex 29.2798 1.39058 0
    endloop
  endfacet
  facet normal 0.972384 0.233386 0
    outer loop
      vertex 29.4446 0.703955 5
      vertex 29.2798 1.39058 0
      vertex 29.2798 1.39058 5
    endloop
  endfacet
  facet normal 0.972384 0.233386 0
    outer loop
      vertex 29.2798 1.39058 0
      vertex 29.4446 0.703955 5
      vertex 29.4446 0.703955 0
    endloop
  endfacet
  facet normal -0.760405 -0.649449 0
    outer loop
      vertex -28.182 -3.18198 0
      vertex -28.6406 -2.64503 5
      vertex -28.6406 -2.64503 0
    endloop
  endfacet
  facet normal -0.760405 -0.649449 0
    outer loop
      vertex -28.6406 -2.64503 5
      vertex -28.182 -3.18198 0
      vertex -28.182 -3.18198 5
    endloop
  endfacet
  facet normal -0.923842 0.382775 0
    outer loop
      vertex -29.2798 1.39058 0
      vertex -29.0095 2.04296 5
      vertex -29.0095 2.04296 0
    endloop
  endfacet
  facet normal -0.923842 0.382775 0
    outer loop
      vertex -29.0095 2.04296 5
      vertex -29.2798 1.39058 0
      vertex -29.2798 1.39058 5
    endloop
  endfacet
  facet normal 0.996918 0.0784556 0
    outer loop
      vertex 29.5 0 5
      vertex 29.4446 0.703955 0
      vertex 29.4446 0.703955 5
    endloop
  endfacet
  facet normal 0.996918 0.0784556 0
    outer loop
      vertex 29.4446 0.703955 0
      vertex 29.5 0 5
      vertex 29.5 0 0
    endloop
  endfacet
  facet normal -0.382668 -0.923886 0
    outer loop
      vertex -27.043 -4.00953 0
      vertex -26.3906 -4.27975 5
      vertex -27.043 -4.00953 5
    endloop
  endfacet
  facet normal -0.382668 -0.923886 -0
    outer loop
      vertex -26.3906 -4.27975 5
      vertex -27.043 -4.00953 0
      vertex -26.3906 -4.27975 0
    endloop
  endfacet
  facet normal -0.233461 -0.972366 0
    outer loop
      vertex -26.3906 -4.27975 0
      vertex -25.704 -4.4446 5
      vertex -26.3906 -4.27975 5
    endloop
  endfacet
  facet normal -0.233461 -0.972366 -0
    outer loop
      vertex -25.704 -4.4446 5
      vertex -26.3906 -4.27975 0
      vertex -25.704 -4.4446 0
    endloop
  endfacet
  facet normal 0.760405 -0.649449 0
    outer loop
      vertex 28.182 -3.18198 5
      vertex 28.6406 -2.64503 0
      vertex 28.6406 -2.64503 5
    endloop
  endfacet
  facet normal 0.760405 -0.649449 0
    outer loop
      vertex 28.6406 -2.64503 0
      vertex 28.182 -3.18198 5
      vertex 28.182 -3.18198 0
    endloop
  endfacet
  facet normal -0.923842 -0.382775 0
    outer loop
      vertex -29.0095 -2.04296 0
      vertex -29.2798 -1.39058 5
      vertex -29.2798 -1.39058 0
    endloop
  endfacet
  facet normal -0.923842 -0.382775 0
    outer loop
      vertex -29.2798 -1.39058 5
      vertex -29.0095 -2.04296 0
      vertex -29.0095 -2.04296 5
    endloop
  endfacet
  facet normal 0.233461 -0.972366 0
    outer loop
      vertex 25.704 -4.4446 0
      vertex 26.3906 -4.27975 5
      vertex 25.704 -4.4446 5
    endloop
  endfacet
  facet normal 0.233461 -0.972366 0
    outer loop
      vertex 26.3906 -4.27975 5
      vertex 25.704 -4.4446 0
      vertex 26.3906 -4.27975 0
    endloop
  endfacet
  facet normal -0.996918 -0.0784556 0
    outer loop
      vertex -29.4446 -0.703955 0
      vertex -29.5 0 5
      vertex -29.5 0 0
    endloop
  endfacet
  facet normal -0.996918 -0.0784556 0
    outer loop
      vertex -29.5 0 5
      vertex -29.4446 -0.703955 0
      vertex -29.4446 -0.703955 5
    endloop
  endfacet
  facet normal -0.649414 -0.760435 0
    outer loop
      vertex -28.182 -3.18198 0
      vertex -27.645 -3.64058 5
      vertex -28.182 -3.18198 5
    endloop
  endfacet
  facet normal -0.649414 -0.760435 -0
    outer loop
      vertex -27.645 -3.64058 5
      vertex -28.182 -3.18198 0
      vertex -27.645 -3.64058 0
    endloop
  endfacet
  facet normal 0.382668 -0.923886 0
    outer loop
      vertex 26.3906 -4.27975 0
      vertex 27.043 -4.00953 5
      vertex 26.3906 -4.27975 5
    endloop
  endfacet
  facet normal 0.382668 -0.923886 0
    outer loop
      vertex 27.043 -4.00953 5
      vertex 26.3906 -4.27975 0
      vertex 27.043 -4.00953 0
    endloop
  endfacet
  facet normal -0.996918 0.0784556 0
    outer loop
      vertex -29.5 0 0
      vertex -29.4446 0.703955 5
      vertex -29.4446 0.703955 0
    endloop
  endfacet
  facet normal -0.996918 0.0784556 0
    outer loop
      vertex -29.4446 0.703955 5
      vertex -29.5 0 0
      vertex -29.5 0 5
    endloop
  endfacet
  facet normal 0.852671 0.522448 0
    outer loop
      vertex 29.0095 2.04296 5
      vertex 28.6406 2.64503 0
      vertex 28.6406 2.64503 5
    endloop
  endfacet
  facet normal 0.852671 0.522448 0
    outer loop
      vertex 28.6406 2.64503 0
      vertex 29.0095 2.04296 5
      vertex 29.0095 2.04296 0
    endloop
  endfacet
  facet normal 0.649414 -0.760435 0
    outer loop
      vertex 27.645 -3.64058 0
      vertex 28.182 -3.18198 5
      vertex 27.645 -3.64058 5
    endloop
  endfacet
  facet normal 0.649414 -0.760435 0
    outer loop
      vertex 28.182 -3.18198 5
      vertex 27.645 -3.64058 0
      vertex 28.182 -3.18198 0
    endloop
  endfacet
  facet normal -0 0 1
    outer loop
      vertex 1.6168 -0.525329 5
      vertex 4.5 -4.5 5
      vertex 1.67907 -0.265938 5
    endloop
  endfacet
  facet normal 0 0 1
    outer loop
      vertex 4.5 -4.5 5
      vertex 1.67907 -12.2341 5
      vertex 1.7 -12.5 5
    endloop
  endfacet
  facet normal -0 0 1
    outer loop
      vertex 1.51471 -0.771784 5
      vertex 4.5 -4.5 5
      vertex 1.6168 -0.525329 5
    endloop
  endfacet
  facet normal 0 0 1
    outer loop
      vertex 4.5 -4.5 5
      vertex 1.6168 -11.9747 5
      vertex 1.67907 -12.2341 5
    endloop
  endfacet
  facet normal -0 0 1
    outer loop
      vertex 1.37533 -0.999234 5
      vertex 4.5 -4.5 5
      vertex 1.51471 -0.771784 5
    endloop
  endfacet
  facet normal 0 0 1
    outer loop
      vertex 4.5 -4.5 5
      vertex 1.51471 -11.7282 5
      vertex 1.6168 -11.9747 5
    endloop
  endfacet
  facet normal -0 0 1
    outer loop
      vertex 1.20208 -1.20208 5
      vertex 4.5 -4.5 5
      vertex 1.37533 -0.999234 5
    endloop
  endfacet
  facet normal 0 0 1
    outer loop
      vertex 4.5 -4.5 5
      vertex 1.37533 -11.5008 5
      vertex 1.51471 -11.7282 5
    endloop
  endfacet
  facet normal -0 0 1
    outer loop
      vertex 0.999234 -1.37533 5
      vertex 4.5 -4.5 5
      vertex 1.20208 -1.20208 5
    endloop
  endfacet
  facet normal 0 0 1
    outer loop
      vertex 4.5 -4.5 5
      vertex 1.20208 -11.2979 5
      vertex 1.37533 -11.5008 5
    endloop
  endfacet
  facet normal -0 0 1
    outer loop
      vertex 0.771784 -1.51471 5
      vertex 4.5 -4.5 5
      vertex 0.999234 -1.37533 5
    endloop
  endfacet
  facet normal 0 0 1
    outer loop
      vertex 4.5 -4.5 5
      vertex 0.999234 -11.1247 5
      vertex 1.20208 -11.2979 5
    endloop
  endfacet
  facet normal -0 0 1
    outer loop
      vertex 0.525329 -1.6168 5
      vertex 4.5 -4.5 5
      vertex 0.771784 -1.51471 5
    endloop
  endfacet
  facet normal 0 0 1
    outer loop
      vertex 4.5 -4.5 5
      vertex 0.771784 -10.9853 5
      vertex 0.999234 -11.1247 5
    endloop
  endfacet
  facet normal -0 0 1
    outer loop
      vertex 0.265938 -1.67907 5
      vertex 4.5 -4.5 5
      vertex 0.525329 -1.6168 5
    endloop
  endfacet
  facet normal 0 0 1
    outer loop
      vertex 4.5 -4.5 5
      vertex 0.525329 -10.8832 5
      vertex 0.771784 -10.9853 5
    endloop
  endfacet
  facet normal -0 0 1
    outer loop
      vertex 0 -1.7 5
      vertex 4.5 -4.5 5
      vertex 0.265938 -1.67907 5
    endloop
  endfacet
  facet normal 0 0 1
    outer loop
      vertex 4.5 -4.5 5
      vertex 0.265938 -10.8209 5
      vertex 0.525329 -10.8832 5
    endloop
  endfacet
  facet normal 0 0 1
    outer loop
      vertex 0 -10.8 5
      vertex 4.5 -4.5 5
      vertex 0 -1.7 5
    endloop
  endfacet
  facet normal 0 0 1
    outer loop
      vertex 4.5 -4.5 5
      vertex 0 -10.8 5
      vertex 0.265938 -10.8209 5
    endloop
  endfacet
  facet normal 0 0 1
    outer loop
      vertex -4.5 -4.5 5
      vertex 0 -1.7 5
      vertex -0.265938 -1.67907 5
    endloop
  endfacet
  facet normal 0 0 1
    outer loop
      vertex 0 -1.7 5
      vertex -4.5 -4.5 5
      vertex 0 -10.8 5
    endloop
  endfacet
  facet normal 0 0 1
    outer loop
      vertex -4.5 -4.5 5
      vertex -0.265938 -1.67907 5
      vertex -0.525329 -1.6168 5
    endloop
  endfacet
  facet normal 0 0 1
    outer loop
      vertex 0 -10.8 5
      vertex -4.5 -4.5 5
      vertex -0.265938 -10.8209 5
    endloop
  endfacet
  facet normal 0 0 1
    outer loop
      vertex -4.5 -4.5 5
      vertex -0.525329 -1.6168 5
      vertex -0.771784 -1.51471 5
    endloop
  endfacet
  facet normal 0 0 1
    outer loop
      vertex -0.265938 -10.8209 5
      vertex -4.5 -4.5 5
      vertex -0.525329 -10.8832 5
    endloop
  endfacet
  facet normal 0 0 1
    outer loop
      vertex -4.5 -4.5 5
      vertex -0.771784 -1.51471 5
      vertex -0.999234 -1.37533 5
    endloop
  endfacet
  facet normal 0 0 1
    outer loop
      vertex -0.525329 -10.8832 5
      vertex -4.5 -4.5 5
      vertex -0.771784 -10.9853 5
    endloop
  endfacet
  facet normal 0 0 1
    outer loop
      vertex -4.5 -4.5 5
      vertex -0.999234 -1.37533 5
      vertex -1.20208 -1.20208 5
    endloop
  endfacet
  facet normal 0 0 1
    outer loop
      vertex -0.771784 -10.9853 5
      vertex -4.5 -4.5 5
      vertex -0.999234 -11.1247 5
    endloop
  endfacet
  facet normal 0 0 1
    outer loop
      vertex -4.5 -4.5 5
      vertex -1.20208 -1.20208 5
      vertex -1.37533 -0.999234 5
    endloop
  endfacet
  facet normal 0 0 1
    outer loop
      vertex -0.999234 -11.1247 5
      vertex -4.5 -4.5 5
      vertex -1.20208 -11.2979 5
    endloop
  endfacet
  facet normal 0 0 1
    outer loop
      vertex -4.5 -4.5 5
      vertex -1.37533 -0.999234 5
      vertex -1.51471 -0.771784 5
    endloop
  endfacet
  facet normal 0 0 1
    outer loop
      vertex -4.5 -12.5 5
      vertex -1.20208 -11.2979 5
      vertex -4.5 -4.5 5
    endloop
  endfacet
  facet normal 0 0 1
    outer loop
      vertex -4.5 -4.5 5
      vertex -1.51471 -0.771784 5
      vertex -1.6168 -0.525329 5
    endloop
  endfacet
  facet normal 0 0 1
    outer loop
      vertex -1.20208 -11.2979 5
      vertex -4.5 -12.5 5
      vertex -1.37533 -11.5008 5
    endloop
  endfacet
  facet normal 0 0 1
    outer loop
      vertex -4.5 -4.5 5
      vertex -1.6168 -0.525329 5
      vertex -1.67907 -0.265938 5
    endloop
  endfacet
  facet normal 0 0 1
    outer loop
      vertex -1.37533 -11.5008 5
      vertex -4.5 -12.5 5
      vertex -1.51471 -11.7282 5
    endloop
  endfacet
  facet normal 0 0 1
    outer loop
      vertex -4.5 -4.5 5
      vertex -1.67907 -0.265938 5
      vertex -1.7 0 5
    endloop
  endfacet
  facet normal 0 0 1
    outer loop
      vertex -1.51471 -11.7282 5
      vertex -4.5 -12.5 5
      vertex -1.6168 -11.9747 5
    endloop
  endfacet
  facet normal 0 0 1
    outer loop
      vertex 24 0 5
      vertex 29.5 0 5
      vertex 29.4446 0.703955 5
    endloop
  endfacet
  facet normal 0 0 1
    outer loop
      vertex 23.9877 0.156434 5
      vertex 29.4446 0.703955 5
      vertex 29.2798 1.39058 5
    endloop
  endfacet
  facet normal 0 0 1
    outer loop
      vertex 29.5 0 5
      vertex 24 0 5
      vertex 29.4446 -0.703955 5
    endloop
  endfacet
  facet normal 0 0 1
    outer loop
      vertex 23.9877 0.156434 5
      vertex 29.2798 1.39058 5
      vertex 29.0095 2.04296 5
    endloop
  endfacet
  facet normal -0 0 1
    outer loop
      vertex 23.9877 -0.156434 5
      vertex 29.4446 -0.703955 5
      vertex 24 0 5
    endloop
  endfacet
  facet normal 0 0 1
    outer loop
      vertex 23.9511 0.309016 5
      vertex 29.0095 2.04296 5
      vertex 28.6406 2.64503 5
    endloop
  endfacet
  facet normal 0 0 1
    outer loop
      vertex 29.4446 -0.703955 5
      vertex 23.9877 -0.156434 5
      vertex 29.2798 -1.39058 5
    endloop
  endfacet
  facet normal 0 0 1
    outer loop
      vertex 23.9511 0.309016 5
      vertex 28.6406 2.64503 5
      vertex 28.182 3.18198 5
    endloop
  endfacet
  facet normal 0 0 1
    outer loop
      vertex 29.2798 -1.39058 5
      vertex 23.9877 -0.156434 5
      vertex 29.0095 -2.04296 5
    endloop
  endfacet
  facet normal 0 0 1
    outer loop
      vertex 23.891 0.45399 5
      vertex 28.182 3.18198 5
      vertex 27.645 3.64058 5
    endloop
  endfacet
  facet normal -0 0 1
    outer loop
      vertex 23.9511 -0.309016 5
      vertex 29.0095 -2.04296 5
      vertex 23.9877 -0.156434 5
    endloop
  endfacet
  facet normal 0 0 1
    outer loop
      vertex 23.891 0.45399 5
      vertex 27.645 3.64058 5
      vertex 27.043 4.00953 5
    endloop
  endfacet
  facet normal 0 0 1
    outer loop
      vertex 29.0095 -2.04296 5
      vertex 23.9511 -0.309016 5
      vertex 28.6406 -2.64503 5
    endloop
  endfacet
  facet normal 0 0 1
    outer loop
      vertex 23.809 0.587785 5
      vertex 27.043 4.00953 5
      vertex 26.3906 4.27975 5
    endloop
  endfacet
  facet normal 0 0 1
    outer loop
      vertex 28.6406 -2.64503 5
      vertex 23.9511 -0.309016 5
      vertex 28.182 -3.18198 5
    endloop
  endfacet
  facet normal 0 0 1
    outer loop
      vertex 23.809 0.587785 5
      vertex 26.3906 4.27975 5
      vertex 25.704 4.4446 5
    endloop
  endfacet
  facet normal -0 0 1
    outer loop
      vertex 23.891 -0.45399 5
      vertex 28.182 -3.18198 5
      vertex 23.9511 -0.309016 5
    endloop
  endfacet
  facet normal 0 0 1
    outer loop
      vertex 23.7071 0.707107 5
      vertex 25.704 4.4446 5
      vertex 25 4.5 5
    endloop
  endfacet
  facet normal 0 0 1
    outer loop
      vertex 28.182 -3.18198 5
      vertex 23.891 -0.45399 5
      vertex 27.645 -3.64058 5
    endloop
  endfacet
  facet normal 0 0 1
    outer loop
      vertex 27.645 -3.64058 5
      vertex 23.891 -0.45399 5
      vertex 27.043 -4.00953 5
    endloop
  endfacet
  facet normal 0 0 1
    outer loop
      vertex 29.4446 0.703955 5
      vertex 23.9877 0.156434 5
      vertex 24 0 5
    endloop
  endfacet
  facet normal 0 0 1
    outer loop
      vertex 29.0095 2.04296 5
      vertex 23.9511 0.309016 5
      vertex 23.9877 0.156434 5
    endloop
  endfacet
  facet normal 0 0 1
    outer loop
      vertex 28.182 3.18198 5
      vertex 23.891 0.45399 5
      vertex 23.9511 0.309016 5
    endloop
  endfacet
  facet normal 0 0 1
    outer loop
      vertex 27.043 4.00953 5
      vertex 23.809 0.587785 5
      vertex 23.891 0.45399 5
    endloop
  endfacet
  facet normal 0 0 1
    outer loop
      vertex 25.704 4.4446 5
      vertex 23.7071 0.707107 5
      vertex 23.809 0.587785 5
    endloop
  endfacet
  facet normal 0 0 1
    outer loop
      vertex 25 4.5 5
      vertex 23.5878 0.809016 5
      vertex 23.7071 0.707107 5
    endloop
  endfacet
  facet normal 0 0 1
    outer loop
      vertex 25 4.5 5
      vertex 23.454 0.891006 5
      vertex 23.5878 0.809016 5
    endloop
  endfacet
  facet normal 0 0 1
    outer loop
      vertex 25 4.5 5
      vertex 23.309 0.951056 5
      vertex 23.454 0.891006 5
    endloop
  endfacet
  facet normal 0 0 1
    outer loop
      vertex 25 4.5 5
      vertex 23.1564 0.987688 5
      vertex 23.309 0.951056 5
    endloop
  endfacet
  facet normal 0 0 1
    outer loop
      vertex 25 4.5 5
      vertex 23 1 5
      vertex 23.1564 0.987688 5
    endloop
  endfacet
  facet normal 0 0 1
    outer loop
      vertex 25 4.5 5
      vertex 18 1 5
      vertex 23 1 5
    endloop
  endfacet
  facet normal 0 0 1
    outer loop
      vertex 25 4.5 5
      vertex 17.8436 0.987688 5
      vertex 18 1 5
    endloop
  endfacet
  facet normal 0 0 1
    outer loop
      vertex 25 4.5 5
      vertex 17.691 0.951056 5
      vertex 17.8436 0.987688 5
    endloop
  endfacet
  facet normal -0 0 1
    outer loop
      vertex 0.525329 1.6168 5
      vertex 17.691 0.951056 5
      vertex 25 4.5 5
    endloop
  endfacet
  facet normal 0 0 1
    outer loop
      vertex 17.0123 0.156434 5
      vertex 4.5 -4.5 5
      vertex 17 0 5
    endloop
  endfacet
  facet normal -0 0 1
    outer loop
      vertex 1.67907 0.265938 5
      vertex 17.0123 0.156434 5
      vertex 17.0489 0.309016 5
    endloop
  endfacet
  facet normal 0 0 1
    outer loop
      vertex 1.6168 0.525329 5
      vertex 17.0489 0.309016 5
      vertex 17.109 0.45399 5
    endloop
  endfacet
  facet normal 0 0 1
    outer loop
      vertex 1.51471 0.771784 5
      vertex 17.109 0.45399 5
      vertex 17.191 0.587785 5
    endloop
  endfacet
  facet normal 0 0 1
    outer loop
      vertex 1.37533 0.999234 5
      vertex 17.191 0.587785 5
      vertex 17.2929 0.707107 5
    endloop
  endfacet
  facet normal 0 0 1
    outer loop
      vertex 1.20208 1.20208 5
      vertex 17.2929 0.707107 5
      vertex 17.4122 0.809016 5
    endloop
  endfacet
  facet normal 0 0 1
    outer loop
      vertex 0.999234 1.37533 5
      vertex 17.4122 0.809016 5
      vertex 17.546 0.891006 5
    endloop
  endfacet
  facet normal -0 -0 1
    outer loop
      vertex 0.771784 1.51471 5
      vertex 17.691 0.951056 5
      vertex 0.525329 1.6168 5
    endloop
  endfacet
  facet normal 0 0 1
    outer loop
      vertex 1.7 -12.5 5
      vertex 4.5 -12.5 5
      vertex 4.5 -4.5 5
    endloop
  endfacet
  facet normal 0 0 1
    outer loop
      vertex 4.5 -12.5 5
      vertex 1.7 -12.5 5
      vertex 4.4446 -13.204 5
    endloop
  endfacet
  facet normal -0 0 1
    outer loop
      vertex 1.67907 -12.7659 5
      vertex 4.4446 -13.204 5
      vertex 1.7 -12.5 5
    endloop
  endfacet
  facet normal 0 0 1
    outer loop
      vertex 4.4446 -13.204 5
      vertex 1.67907 -12.7659 5
      vertex 4.27975 -13.8906 5
    endloop
  endfacet
  facet normal -0 0 1
    outer loop
      vertex 1.6168 -13.0253 5
      vertex 4.27975 -13.8906 5
      vertex 1.67907 -12.7659 5
    endloop
  endfacet
  facet normal 0 0 1
    outer loop
      vertex 4.27975 -13.8906 5
      vertex 1.6168 -13.0253 5
      vertex 4.00953 -14.543 5
    endloop
  endfacet
  facet normal -0 0 1
    outer loop
      vertex 1.51471 -13.2718 5
      vertex 4.00953 -14.543 5
      vertex 1.6168 -13.0253 5
    endloop
  endfacet
  facet normal -0 0 1
    outer loop
      vertex 1.67907 -0.265938 5
      vertex 4.5 -4.5 5
      vertex 1.7 0 5
    endloop
  endfacet
  facet normal 0 0 1
    outer loop
      vertex 17.0489 0.309016 5
      vertex 1.6168 0.525329 5
      vertex 1.67907 0.265938 5
    endloop
  endfacet
  facet normal 0 0 1
    outer loop
      vertex 4.5 -4.5 5
      vertex 1.67907 0.265938 5
      vertex 1.7 0 5
    endloop
  endfacet
  facet normal 0 0 1
    outer loop
      vertex 17.0123 0.156434 5
      vertex 1.67907 0.265938 5
      vertex 4.5 -4.5 5
    endloop
  endfacet
  facet normal 0 0 1
    outer loop
      vertex 17.109 0.45399 5
      vertex 1.51471 0.771784 5
      vertex 1.6168 0.525329 5
    endloop
  endfacet
  facet normal 0 0 1
    outer loop
      vertex 17.191 0.587785 5
      vertex 1.37533 0.999234 5
      vertex 1.51471 0.771784 5
    endloop
  endfacet
  facet normal 0 0 1
    outer loop
      vertex 17.2929 0.707107 5
      vertex 1.20208 1.20208 5
      vertex 1.37533 0.999234 5
    endloop
  endfacet
  facet normal 0 0 1
    outer loop
      vertex 17.4122 0.809016 5
      vertex 0.999234 1.37533 5
      vertex 1.20208 1.20208 5
    endloop
  endfacet
  facet normal 0 0 1
    outer loop
      vertex 17.546 0.891006 5
      vertex 0.771784 1.51471 5
      vertex 0.999234 1.37533 5
    endloop
  endfacet
  facet normal 0 0 1
    outer loop
      vertex 17.691 0.951056 5
      vertex 0.771784 1.51471 5
      vertex 17.546 0.891006 5
    endloop
  endfacet
  facet normal 0 0 1
    outer loop
      vertex 25 4.5 5
      vertex 0.265938 1.67907 5
      vertex 0.525329 1.6168 5
    endloop
  endfacet
  facet normal 0 0 1
    outer loop
      vertex 25 4.5 5
      vertex 0 1.7 5
      vertex 0.265938 1.67907 5
    endloop
  endfacet
  facet normal -0 0 1
    outer loop
      vertex -25 4.5 5
      vertex 0 1.7 5
      vertex 25 4.5 5
    endloop
  endfacet
  facet normal 0 0 1
    outer loop
      vertex -1.6168 -11.9747 5
      vertex -4.5 -12.5 5
      vertex -1.67907 -12.2341 5
    endloop
  endfacet
  facet normal 0 0 1
    outer loop
      vertex -1.67907 -12.2341 5
      vertex -4.5 -12.5 5
      vertex -1.7 -12.5 5
    endloop
  endfacet
  facet normal 0 0 1
    outer loop
      vertex -1.7 -12.5 5
      vertex -2.64503 -16.1406 5
      vertex -2.04296 -16.5095 5
    endloop
  endfacet
  facet normal 0 0 1
    outer loop
      vertex -4.5 -4.5 5
      vertex -1.7 0 5
      vertex -1.67907 0.265938 5
    endloop
  endfacet
  facet normal 0 0 1
    outer loop
      vertex -1.7 -12.5 5
      vertex -3.18198 -15.682 5
      vertex -2.64503 -16.1406 5
    endloop
  endfacet
  facet normal 0 0 1
    outer loop
      vertex -1.7 -12.5 5
      vertex -3.64058 -15.145 5
      vertex -3.18198 -15.682 5
    endloop
  endfacet
  facet normal 0 0 1
    outer loop
      vertex -1.7 -12.5 5
      vertex -4.00953 -14.543 5
      vertex -3.64058 -15.145 5
    endloop
  endfacet
  facet normal 0 0 1
    outer loop
      vertex -1.7 -12.5 5
      vertex -4.27975 -13.8906 5
      vertex -4.00953 -14.543 5
    endloop
  endfacet
  facet normal 0 -0 1
    outer loop
      vertex -4.4446 -13.204 5
      vertex -1.7 -12.5 5
      vertex -4.5 -12.5 5
    endloop
  endfacet
  facet normal -0 0 1
    outer loop
      vertex -17.0489 0.309016 5
      vertex -1.67907 0.265938 5
      vertex -1.6168 0.525329 5
    endloop
  endfacet
  facet normal 0 0 1
    outer loop
      vertex -17.109 0.45399 5
      vertex -1.6168 0.525329 5
      vertex -1.51471 0.771784 5
    endloop
  endfacet
  facet normal 0 0 1
    outer loop
      vertex -1.67907 0.265938 5
      vertex -17.0123 0.156434 5
      vertex -4.5 -4.5 5
    endloop
  endfacet
  facet normal 0 0 1
    outer loop
      vertex -17.191 0.587785 5
      vertex -1.51471 0.771784 5
      vertex -1.37533 0.999234 5
    endloop
  endfacet
  facet normal 0 0 1
    outer loop
      vertex -17.2929 0.707107 5
      vertex -1.37533 0.999234 5
      vertex -1.20208 1.20208 5
    endloop
  endfacet
  facet normal 0 0 1
    outer loop
      vertex -17.4122 0.809016 5
      vertex -1.20208 1.20208 5
      vertex -0.999234 1.37533 5
    endloop
  endfacet
  facet normal 0 0 1
    outer loop
      vertex -17.546 0.891006 5
      vertex -0.999234 1.37533 5
      vertex -0.771784 1.51471 5
    endloop
  endfacet
  facet normal 0 0 1
    outer loop
      vertex -17.691 0.951056 5
      vertex -0.771784 1.51471 5
      vertex -0.525329 1.6168 5
    endloop
  endfacet
  facet normal 0 0 1
    outer loop
      vertex -25 4.5 5
      vertex -0.525329 1.6168 5
      vertex -0.265938 1.67907 5
    endloop
  endfacet
  facet normal 0 0 1
    outer loop
      vertex 0 1.7 5
      vertex -25 4.5 5
      vertex -0.265938 1.67907 5
    endloop
  endfacet
  facet normal 0 0 1
    outer loop
      vertex -4.5 -4.5 5
      vertex -17.0123 0.156434 5
      vertex -17 0 5
    endloop
  endfacet
  facet normal 0 0 1
    outer loop
      vertex -1.67907 0.265938 5
      vertex -17.0489 0.309016 5
      vertex -17.0123 0.156434 5
    endloop
  endfacet
  facet normal 0 0 1
    outer loop
      vertex -1.6168 0.525329 5
      vertex -17.109 0.45399 5
      vertex -17.0489 0.309016 5
    endloop
  endfacet
  facet normal 0 0 1
    outer loop
      vertex -1.51471 0.771784 5
      vertex -17.191 0.587785 5
      vertex -17.109 0.45399 5
    endloop
  endfacet
  facet normal 0 0 1
    outer loop
      vertex -1.37533 0.999234 5
      vertex -17.2929 0.707107 5
      vertex -17.191 0.587785 5
    endloop
  endfacet
  facet normal 0 0 1
    outer loop
      vertex -1.20208 1.20208 5
      vertex -17.4122 0.809016 5
      vertex -17.2929 0.707107 5
    endloop
  endfacet
  facet normal 0 0 1
    outer loop
      vertex -0.999234 1.37533 5
      vertex -17.546 0.891006 5
      vertex -17.4122 0.809016 5
    endloop
  endfacet
  facet normal 0 0 1
    outer loop
      vertex -0.771784 1.51471 5
      vertex -17.691 0.951056 5
      vertex -17.546 0.891006 5
    endloop
  endfacet
  facet normal 0 0 1
    outer loop
      vertex -0.525329 1.6168 5
      vertex -25 4.5 5
      vertex -17.691 0.951056 5
    endloop
  endfacet
  facet normal 0 0 1
    outer loop
      vertex -17.691 0.951056 5
      vertex -25 4.5 5
      vertex -17.8436 0.987688 5
    endloop
  endfacet
  facet normal 0 0 1
    outer loop
      vertex -17.8436 0.987688 5
      vertex -25 4.5 5
      vertex -18 1 5
    endloop
  endfacet
  facet normal 0 0 1
    outer loop
      vertex -23.809 0.587785 5
      vertex -27.043 4.00953 5
      vertex -23.891 0.45399 5
    endloop
  endfacet
  facet normal -0 0 1
    outer loop
      vertex -27.043 4.00953 5
      vertex -23.809 0.587785 5
      vertex -26.3906 4.27975 5
    endloop
  endfacet
  facet normal -0 0 1
    outer loop
      vertex -26.3906 4.27975 5
      vertex -23.809 0.587785 5
      vertex -25.704 4.4446 5
    endloop
  endfacet
  facet normal 0 0 1
    outer loop
      vertex -23.7071 0.707107 5
      vertex -25.704 4.4446 5
      vertex -23.809 0.587785 5
    endloop
  endfacet
  facet normal -0 0 1
    outer loop
      vertex -25.704 4.4446 5
      vertex -23.7071 0.707107 5
      vertex -25 4.5 5
    endloop
  endfacet
  facet normal 0 0 1
    outer loop
      vertex -23.5878 0.809016 5
      vertex -25 4.5 5
      vertex -23.7071 0.707107 5
    endloop
  endfacet
  facet normal 0 0 1
    outer loop
      vertex -23.454 0.891006 5
      vertex -25 4.5 5
      vertex -23.5878 0.809016 5
    endloop
  endfacet
  facet normal 0 0 1
    outer loop
      vertex -23.309 0.951056 5
      vertex -25 4.5 5
      vertex -23.454 0.891006 5
    endloop
  endfacet
  facet normal 0 0 1
    outer loop
      vertex -23.1564 0.987688 5
      vertex -25 4.5 5
      vertex -23.309 0.951056 5
    endloop
  endfacet
  facet normal 0 0 1
    outer loop
      vertex -23 1 5
      vertex -25 4.5 5
      vertex -23.1564 0.987688 5
    endloop
  endfacet
  facet normal 0 0 1
    outer loop
      vertex -18 1 5
      vertex -25 4.5 5
      vertex -23 1 5
    endloop
  endfacet
  facet normal -0 0 1
    outer loop
      vertex 23.809 -0.587785 5
      vertex 27.043 -4.00953 5
      vertex 23.891 -0.45399 5
    endloop
  endfacet
  facet normal 0 0 1
    outer loop
      vertex 27.043 -4.00953 5
      vertex 23.809 -0.587785 5
      vertex 26.3906 -4.27975 5
    endloop
  endfacet
  facet normal 0 0 1
    outer loop
      vertex 26.3906 -4.27975 5
      vertex 23.809 -0.587785 5
      vertex 25.704 -4.4446 5
    endloop
  endfacet
  facet normal -0 0 1
    outer loop
      vertex 23.7071 -0.707107 5
      vertex 25.704 -4.4446 5
      vertex 23.809 -0.587785 5
    endloop
  endfacet
  facet normal 0 0 1
    outer loop
      vertex 25.704 -4.4446 5
      vertex 23.7071 -0.707107 5
      vertex 25 -4.5 5
    endloop
  endfacet
  facet normal -0 0 1
    outer loop
      vertex 23.5878 -0.809016 5
      vertex 25 -4.5 5
      vertex 23.7071 -0.707107 5
    endloop
  endfacet
  facet normal -0 0 1
    outer loop
      vertex 23.454 -0.891006 5
      vertex 25 -4.5 5
      vertex 23.5878 -0.809016 5
    endloop
  endfacet
  facet normal -0 0 1
    outer loop
      vertex 23.309 -0.951056 5
      vertex 25 -4.5 5
      vertex 23.454 -0.891006 5
    endloop
  endfacet
  facet normal -0 0 1
    outer loop
      vertex 23.1564 -0.987688 5
      vertex 25 -4.5 5
      vertex 23.309 -0.951056 5
    endloop
  endfacet
  facet normal -0 0 1
    outer loop
      vertex 23 -1 5
      vertex 25 -4.5 5
      vertex 23.1564 -0.987688 5
    endloop
  endfacet
  facet normal -0 0 1
    outer loop
      vertex 18 -1 5
      vertex 25 -4.5 5
      vertex 23 -1 5
    endloop
  endfacet
  facet normal 0 0 1
    outer loop
      vertex 17.8436 -0.987688 5
      vertex 25 -4.5 5
      vertex 18 -1 5
    endloop
  endfacet
  facet normal 0 0 1
    outer loop
      vertex 4.5 -4.5 5
      vertex 17.8436 -0.987688 5
      vertex 17.691 -0.951056 5
    endloop
  endfacet
  facet normal 0 0 1
    outer loop
      vertex 4.5 -4.5 5
      vertex 17.691 -0.951056 5
      vertex 17.546 -0.891006 5
    endloop
  endfacet
  facet normal 0 0 1
    outer loop
      vertex 17.8436 -0.987688 5
      vertex 4.5 -4.5 5
      vertex 25 -4.5 5
    endloop
  endfacet
  facet normal 0 0 1
    outer loop
      vertex 17.4122 -0.809016 5
      vertex 4.5 -4.5 5
      vertex 17.546 -0.891006 5
    endloop
  endfacet
  facet normal 0 0 1
    outer loop
      vertex 17.2929 -0.707107 5
      vertex 4.5 -4.5 5
      vertex 17.4122 -0.809016 5
    endloop
  endfacet
  facet normal 0 0 1
    outer loop
      vertex 17.191 -0.587785 5
      vertex 4.5 -4.5 5
      vertex 17.2929 -0.707107 5
    endloop
  endfacet
  facet normal 0 0 1
    outer loop
      vertex 17.109 -0.45399 5
      vertex 4.5 -4.5 5
      vertex 17.191 -0.587785 5
    endloop
  endfacet
  facet normal 0 0 1
    outer loop
      vertex 17.0489 -0.309016 5
      vertex 4.5 -4.5 5
      vertex 17.109 -0.45399 5
    endloop
  endfacet
  facet normal 0 0 1
    outer loop
      vertex 17.0123 -0.156434 5
      vertex 4.5 -4.5 5
      vertex 17.0489 -0.309016 5
    endloop
  endfacet
  facet normal 0 0 1
    outer loop
      vertex 4.5 -4.5 5
      vertex 17.0123 -0.156434 5
      vertex 17 0 5
    endloop
  endfacet
  facet normal 0 0 1
    outer loop
      vertex 4.00953 -14.543 5
      vertex 1.51471 -13.2718 5
      vertex 3.64058 -15.145 5
    endloop
  endfacet
  facet normal -0 0 1
    outer loop
      vertex 1.37533 -13.4992 5
      vertex 3.64058 -15.145 5
      vertex 1.51471 -13.2718 5
    endloop
  endfacet
  facet normal 0 0 1
    outer loop
      vertex 3.64058 -15.145 5
      vertex 1.37533 -13.4992 5
      vertex 3.18198 -15.682 5
    endloop
  endfacet
  facet normal -0 0 1
    outer loop
      vertex 1.20208 -13.7021 5
      vertex 3.18198 -15.682 5
      vertex 1.37533 -13.4992 5
    endloop
  endfacet
  facet normal 0 0 1
    outer loop
      vertex 3.18198 -15.682 5
      vertex 1.20208 -13.7021 5
      vertex 2.64503 -16.1406 5
    endloop
  endfacet
  facet normal -0 0 1
    outer loop
      vertex 0.999234 -13.8753 5
      vertex 2.64503 -16.1406 5
      vertex 1.20208 -13.7021 5
    endloop
  endfacet
  facet normal 0 0 1
    outer loop
      vertex 2.64503 -16.1406 5
      vertex 0.999234 -13.8753 5
      vertex 2.04296 -16.5095 5
    endloop
  endfacet
  facet normal -0 0 1
    outer loop
      vertex 0.771784 -14.0147 5
      vertex 2.04296 -16.5095 5
      vertex 0.999234 -13.8753 5
    endloop
  endfacet
  facet normal 0 0 1
    outer loop
      vertex 2.04296 -16.5095 5
      vertex 0.771784 -14.0147 5
      vertex 1.39058 -16.7798 5
    endloop
  endfacet
  facet normal -0 0 1
    outer loop
      vertex 0.525329 -14.1168 5
      vertex 1.39058 -16.7798 5
      vertex 0.771784 -14.0147 5
    endloop
  endfacet
  facet normal 0 0 1
    outer loop
      vertex 1.39058 -16.7798 5
      vertex 0.525329 -14.1168 5
      vertex 0.703955 -16.9446 5
    endloop
  endfacet
  facet normal -0 0 1
    outer loop
      vertex 0.265938 -14.1791 5
      vertex 0.703955 -16.9446 5
      vertex 0.525329 -14.1168 5
    endloop
  endfacet
  facet normal -0 0 1
    outer loop
      vertex 0 -14.2 5
      vertex 0.703955 -16.9446 5
      vertex 0.265938 -14.1791 5
    endloop
  endfacet
  facet normal 0 0 1
    outer loop
      vertex 0 -14.2 5
      vertex 0 -17 5
      vertex 0.703955 -16.9446 5
    endloop
  endfacet
  facet normal 0 0 1
    outer loop
      vertex -0.265938 -14.1791 5
      vertex 0 -17 5
      vertex 0 -14.2 5
    endloop
  endfacet
  facet normal 0 0 1
    outer loop
      vertex -0.703955 -16.9446 5
      vertex -0.265938 -14.1791 5
      vertex -0.525329 -14.1168 5
    endloop
  endfacet
  facet normal 0 0 1
    outer loop
      vertex -0.265938 -14.1791 5
      vertex -0.703955 -16.9446 5
      vertex 0 -17 5
    endloop
  endfacet
  facet normal 0 0 1
    outer loop
      vertex -1.39058 -16.7798 5
      vertex -0.525329 -14.1168 5
      vertex -0.771784 -14.0147 5
    endloop
  endfacet
  facet normal 0 0 1
    outer loop
      vertex -2.04296 -16.5095 5
      vertex -0.771784 -14.0147 5
      vertex -0.999234 -13.8753 5
    endloop
  endfacet
  facet normal 0 0 1
    outer loop
      vertex -2.04296 -16.5095 5
      vertex -0.999234 -13.8753 5
      vertex -1.20208 -13.7021 5
    endloop
  endfacet
  facet normal 0 0 1
    outer loop
      vertex -2.04296 -16.5095 5
      vertex -1.20208 -13.7021 5
      vertex -1.37533 -13.4992 5
    endloop
  endfacet
  facet normal 0 0 1
    outer loop
      vertex -0.525329 -14.1168 5
      vertex -1.39058 -16.7798 5
      vertex -0.703955 -16.9446 5
    endloop
  endfacet
  facet normal 0 0 1
    outer loop
      vertex -2.04296 -16.5095 5
      vertex -1.37533 -13.4992 5
      vertex -1.51471 -13.2718 5
    endloop
  endfacet
  facet normal 0 0 1
    outer loop
      vertex -2.04296 -16.5095 5
      vertex -1.51471 -13.2718 5
      vertex -1.6168 -13.0253 5
    endloop
  endfacet
  facet normal 0 0 1
    outer loop
      vertex -2.04296 -16.5095 5
      vertex -1.6168 -13.0253 5
      vertex -1.67907 -12.7659 5
    endloop
  endfacet
  facet normal 0 0 1
    outer loop
      vertex -2.04296 -16.5095 5
      vertex -1.67907 -12.7659 5
      vertex -1.7 -12.5 5
    endloop
  endfacet
  facet normal 0 0 1
    outer loop
      vertex -0.771784 -14.0147 5
      vertex -2.04296 -16.5095 5
      vertex -1.39058 -16.7798 5
    endloop
  endfacet
  facet normal 0 0 1
    outer loop
      vertex -1.7 -12.5 5
      vertex -4.4446 -13.204 5
      vertex -4.27975 -13.8906 5
    endloop
  endfacet
  facet normal -0 0 1
    outer loop
      vertex -17.0123 -0.156434 5
      vertex -4.5 -4.5 5
      vertex -17 0 5
    endloop
  endfacet
  facet normal -0 0 1
    outer loop
      vertex -17.0489 -0.309016 5
      vertex -4.5 -4.5 5
      vertex -17.0123 -0.156434 5
    endloop
  endfacet
  facet normal -0 0 1
    outer loop
      vertex -17.109 -0.45399 5
      vertex -4.5 -4.5 5
      vertex -17.0489 -0.309016 5
    endloop
  endfacet
  facet normal -0 0 1
    outer loop
      vertex -17.191 -0.587785 5
      vertex -4.5 -4.5 5
      vertex -17.109 -0.45399 5
    endloop
  endfacet
  facet normal -0 0 1
    outer loop
      vertex -17.2929 -0.707107 5
      vertex -4.5 -4.5 5
      vertex -17.191 -0.587785 5
    endloop
  endfacet
  facet normal -0 0 1
    outer loop
      vertex -17.4122 -0.809016 5
      vertex -4.5 -4.5 5
      vertex -17.2929 -0.707107 5
    endloop
  endfacet
  facet normal -0 0 1
    outer loop
      vertex -17.546 -0.891006 5
      vertex -4.5 -4.5 5
      vertex -17.4122 -0.809016 5
    endloop
  endfacet
  facet normal -0 0 1
    outer loop
      vertex -17.691 -0.951056 5
      vertex -4.5 -4.5 5
      vertex -17.546 -0.891006 5
    endloop
  endfacet
  facet normal -0 0 1
    outer loop
      vertex -17.8436 -0.987688 5
      vertex -4.5 -4.5 5
      vertex -17.691 -0.951056 5
    endloop
  endfacet
  facet normal 0 0 1
    outer loop
      vertex -25 -4.5 5
      vertex -17.8436 -0.987688 5
      vertex -18 -1 5
    endloop
  endfacet
  facet normal 0 0 1
    outer loop
      vertex -25 -4.5 5
      vertex -18 -1 5
      vertex -23 -1 5
    endloop
  endfacet
  facet normal 0 0 1
    outer loop
      vertex -25 -4.5 5
      vertex -23 -1 5
      vertex -23.1564 -0.987688 5
    endloop
  endfacet
  facet normal -0 0 1
    outer loop
      vertex -27.645 3.64058 5
      vertex -23.891 0.45399 5
      vertex -27.043 4.00953 5
    endloop
  endfacet
  facet normal 0 0 1
    outer loop
      vertex -17.8436 -0.987688 5
      vertex -25 -4.5 5
      vertex -4.5 -4.5 5
    endloop
  endfacet
  facet normal 0 0 1
    outer loop
      vertex -23.309 -0.951056 5
      vertex -25 -4.5 5
      vertex -23.1564 -0.987688 5
    endloop
  endfacet
  facet normal 0 0 1
    outer loop
      vertex -23.454 -0.891006 5
      vertex -25 -4.5 5
      vertex -23.309 -0.951056 5
    endloop
  endfacet
  facet normal 0 0 1
    outer loop
      vertex -23.5878 -0.809016 5
      vertex -25 -4.5 5
      vertex -23.454 -0.891006 5
    endloop
  endfacet
  facet normal 0 0 1
    outer loop
      vertex -23.7071 -0.707107 5
      vertex -25 -4.5 5
      vertex -23.5878 -0.809016 5
    endloop
  endfacet
  facet normal 0 0 1
    outer loop
      vertex -25.704 -4.4446 5
      vertex -23.7071 -0.707107 5
      vertex -23.809 -0.587785 5
    endloop
  endfacet
  facet normal 0 0 1
    outer loop
      vertex -27.043 -4.00953 5
      vertex -23.809 -0.587785 5
      vertex -23.891 -0.45399 5
    endloop
  endfacet
  facet normal 0 0 1
    outer loop
      vertex -28.182 -3.18198 5
      vertex -23.891 -0.45399 5
      vertex -23.9511 -0.309016 5
    endloop
  endfacet
  facet normal 0 0 1
    outer loop
      vertex -29.0095 -2.04296 5
      vertex -23.9511 -0.309016 5
      vertex -23.9877 -0.156434 5
    endloop
  endfacet
  facet normal -0 0 1
    outer loop
      vertex -28.182 3.18198 5
      vertex -23.891 0.45399 5
      vertex -27.645 3.64058 5
    endloop
  endfacet
  facet normal 0 0 1
    outer loop
      vertex -23.891 0.45399 5
      vertex -28.182 3.18198 5
      vertex -23.9511 0.309016 5
    endloop
  endfacet
  facet normal 0 0 1
    outer loop
      vertex -23.7071 -0.707107 5
      vertex -25.704 -4.4446 5
      vertex -25 -4.5 5
    endloop
  endfacet
  facet normal -0 0 1
    outer loop
      vertex -28.6406 2.64503 5
      vertex -23.9511 0.309016 5
      vertex -28.182 3.18198 5
    endloop
  endfacet
  facet normal 0 0 1
    outer loop
      vertex -23.809 -0.587785 5
      vertex -26.3906 -4.27975 5
      vertex -25.704 -4.4446 5
    endloop
  endfacet
  facet normal -0 0 1
    outer loop
      vertex -29.0095 2.04296 5
      vertex -23.9511 0.309016 5
      vertex -28.6406 2.64503 5
    endloop
  endfacet
  facet normal 0 0 1
    outer loop
      vertex -23.809 -0.587785 5
      vertex -27.043 -4.00953 5
      vertex -26.3906 -4.27975 5
    endloop
  endfacet
  facet normal 0 0 1
    outer loop
      vertex -23.9511 0.309016 5
      vertex -29.0095 2.04296 5
      vertex -23.9877 0.156434 5
    endloop
  endfacet
  facet normal 0 0 1
    outer loop
      vertex -23.891 -0.45399 5
      vertex -27.645 -3.64058 5
      vertex -27.043 -4.00953 5
    endloop
  endfacet
  facet normal -0 0 1
    outer loop
      vertex -29.2798 1.39058 5
      vertex -23.9877 0.156434 5
      vertex -29.0095 2.04296 5
    endloop
  endfacet
  facet normal 0 0 1
    outer loop
      vertex -23.891 -0.45399 5
      vertex -28.182 -3.18198 5
      vertex -27.645 -3.64058 5
    endloop
  endfacet
  facet normal -0 0 1
    outer loop
      vertex -29.4446 0.703955 5
      vertex -23.9877 0.156434 5
      vertex -29.2798 1.39058 5
    endloop
  endfacet
  facet normal 0 0 1
    outer loop
      vertex -23.9511 -0.309016 5
      vertex -28.6406 -2.64503 5
      vertex -28.182 -3.18198 5
    endloop
  endfacet
  facet normal 0 0 1
    outer loop
      vertex -23.9877 0.156434 5
      vertex -29.4446 0.703955 5
      vertex -24 0 5
    endloop
  endfacet
  facet normal 0 0 1
    outer loop
      vertex -23.9511 -0.309016 5
      vertex -29.0095 -2.04296 5
      vertex -28.6406 -2.64503 5
    endloop
  endfacet
  facet normal 0 0 1
    outer loop
      vertex -29.5 0 5
      vertex -24 0 5
      vertex -29.4446 0.703955 5
    endloop
  endfacet
  facet normal 0 0 1
    outer loop
      vertex -23.9877 -0.156434 5
      vertex -29.2798 -1.39058 5
      vertex -29.0095 -2.04296 5
    endloop
  endfacet
  facet normal 0 -0 1
    outer loop
      vertex -29.4446 -0.703955 5
      vertex -24 0 5
      vertex -29.5 0 5
    endloop
  endfacet
  facet normal 0 0 1
    outer loop
      vertex -23.9877 -0.156434 5
      vertex -29.4446 -0.703955 5
      vertex -29.2798 -1.39058 5
    endloop
  endfacet
  facet normal 0 0 1
    outer loop
      vertex -24 0 5
      vertex -29.4446 -0.703955 5
      vertex -23.9877 -0.156434 5
    endloop
  endfacet
  facet normal 0.972384 -0.233386 0
    outer loop
      vertex 29.2798 -1.39058 5
      vertex 29.4446 -0.703955 0
      vertex 29.4446 -0.703955 5
    endloop
  endfacet
  facet normal 0.972384 -0.233386 0
    outer loop
      vertex 29.4446 -0.703955 0
      vertex 29.2798 -1.39058 5
      vertex 29.2798 -1.39058 0
    endloop
  endfacet
  facet normal -0.852671 -0.522448 0
    outer loop
      vertex -28.6406 -2.64503 0
      vertex -29.0095 -2.04296 5
      vertex -29.0095 -2.04296 0
    endloop
  endfacet
  facet normal -0.852671 -0.522448 0
    outer loop
      vertex -29.0095 -2.04296 5
      vertex -28.6406 -2.64503 0
      vertex -28.6406 -2.64503 5
    endloop
  endfacet
  facet normal -0.852671 0.522448 0
    outer loop
      vertex -29.0095 2.04296 0
      vertex -28.6406 2.64503 5
      vertex -28.6406 2.64503 0
    endloop
  endfacet
  facet normal -0.852671 0.522448 0
    outer loop
      vertex -28.6406 2.64503 5
      vertex -29.0095 2.04296 0
      vertex -29.0095 2.04296 5
    endloop
  endfacet
  facet normal -0.972384 0.233386 0
    outer loop
      vertex -29.4446 0.703955 0
      vertex -29.2798 1.39058 5
      vertex -29.2798 1.39058 0
    endloop
  endfacet
  facet normal -0.972384 0.233386 0
    outer loop
      vertex -29.2798 1.39058 5
      vertex -29.4446 0.703955 0
      vertex -29.4446 0.703955 5
    endloop
  endfacet
  facet normal -0.382668 0.923886 0
    outer loop
      vertex -26.3906 4.27975 0
      vertex -27.043 4.00953 5
      vertex -26.3906 4.27975 5
    endloop
  endfacet
  facet normal -0.382668 0.923886 0
    outer loop
      vertex -27.043 4.00953 5
      vertex -26.3906 4.27975 0
      vertex -27.043 4.00953 0
    endloop
  endfacet
  facet normal -0.522544 0.852612 0
    outer loop
      vertex -27.043 4.00953 0
      vertex -27.645 3.64058 5
      vertex -27.043 4.00953 5
    endloop
  endfacet
  facet normal -0.522544 0.852612 0
    outer loop
      vertex -27.645 3.64058 5
      vertex -27.043 4.00953 0
      vertex -27.645 3.64058 0
    endloop
  endfacet
  facet normal -0.233461 0.972366 0
    outer loop
      vertex -25.704 4.4446 0
      vertex -26.3906 4.27975 5
      vertex -25.704 4.4446 5
    endloop
  endfacet
  facet normal -0.233461 0.972366 0
    outer loop
      vertex -26.3906 4.27975 5
      vertex -25.704 4.4446 0
      vertex -26.3906 4.27975 0
    endloop
  endfacet
  facet normal -0.972374 -0.23343 0
    outer loop
      vertex 1.67907 0.265938 0
      vertex 1.6168 0.525329 5
      vertex 1.6168 0.525329 0
    endloop
  endfacet
  facet normal -0.972374 -0.23343 0
    outer loop
      vertex 1.6168 0.525329 5
      vertex 1.67907 0.265938 0
      vertex 1.67907 0.265938 5
    endloop
  endfacet
  facet normal -0.996917 -0.0784599 0
    outer loop
      vertex 1.7 0 0
      vertex 1.67907 0.265938 5
      vertex 1.67907 0.265938 0
    endloop
  endfacet
  facet normal -0.996917 -0.0784599 0
    outer loop
      vertex 1.67907 0.265938 5
      vertex 1.7 0 0
      vertex 1.7 0 5
    endloop
  endfacet
  facet normal -0.923873 -0.382699 0
    outer loop
      vertex 1.6168 0.525329 0
      vertex 1.51471 0.771784 5
      vertex 1.51471 0.771784 0
    endloop
  endfacet
  facet normal -0.923873 -0.382699 0
    outer loop
      vertex 1.51471 0.771784 5
      vertex 1.6168 0.525329 0
      vertex 1.6168 0.525329 5
    endloop
  endfacet
  facet normal -0.522494 0.852643 0
    outer loop
      vertex 0.999234 -1.37533 0
      vertex 0.771784 -1.51471 5
      vertex 0.999234 -1.37533 5
    endloop
  endfacet
  facet normal -0.522494 0.852643 0
    outer loop
      vertex 0.771784 -1.51471 5
      vertex 0.999234 -1.37533 0
      vertex 0.771784 -1.51471 0
    endloop
  endfacet
  facet normal 0.923873 -0.382699 0
    outer loop
      vertex -1.6168 0.525329 5
      vertex -1.51471 0.771784 0
      vertex -1.51471 0.771784 5
    endloop
  endfacet
  facet normal 0.923873 -0.382699 0
    outer loop
      vertex -1.51471 0.771784 0
      vertex -1.6168 0.525329 5
      vertex -1.6168 0.525329 0
    endloop
  endfacet
  facet normal 0.522494 0.852643 -0
    outer loop
      vertex -0.771784 -1.51471 0
      vertex -0.999234 -1.37533 5
      vertex -0.771784 -1.51471 5
    endloop
  endfacet
  facet normal 0.522494 0.852643 0
    outer loop
      vertex -0.999234 -1.37533 5
      vertex -0.771784 -1.51471 0
      vertex -0.999234 -1.37533 0
    endloop
  endfacet
  facet normal -0.382699 0.923873 0
    outer loop
      vertex 0.771784 -1.51471 0
      vertex 0.525329 -1.6168 5
      vertex 0.771784 -1.51471 5
    endloop
  endfacet
  facet normal -0.382699 0.923873 0
    outer loop
      vertex 0.525329 -1.6168 5
      vertex 0.771784 -1.51471 0
      vertex 0.525329 -1.6168 0
    endloop
  endfacet
  facet normal 0.382699 -0.923873 0
    outer loop
      vertex -0.771784 1.51471 0
      vertex -0.525329 1.6168 5
      vertex -0.771784 1.51471 5
    endloop
  endfacet
  facet normal 0.382699 -0.923873 0
    outer loop
      vertex -0.525329 1.6168 5
      vertex -0.771784 1.51471 0
      vertex -0.525329 1.6168 0
    endloop
  endfacet
  facet normal 0.522494 -0.852643 0
    outer loop
      vertex -0.999234 1.37533 0
      vertex -0.771784 1.51471 5
      vertex -0.999234 1.37533 5
    endloop
  endfacet
  facet normal 0.522494 -0.852643 0
    outer loop
      vertex -0.771784 1.51471 5
      vertex -0.999234 1.37533 0
      vertex -0.771784 1.51471 0
    endloop
  endfacet
  facet normal 0.23343 -0.972374 0
    outer loop
      vertex -0.525329 1.6168 0
      vertex -0.265938 1.67907 5
      vertex -0.525329 1.6168 5
    endloop
  endfacet
  facet normal 0.23343 -0.972374 0
    outer loop
      vertex -0.265938 1.67907 5
      vertex -0.525329 1.6168 0
      vertex -0.265938 1.67907 0
    endloop
  endfacet
  facet normal -0.649455 0.7604 0
    outer loop
      vertex 1.20208 -1.20208 0
      vertex 0.999234 -1.37533 5
      vertex 1.20208 -1.20208 5
    endloop
  endfacet
  facet normal -0.649455 0.7604 0
    outer loop
      vertex 0.999234 -1.37533 5
      vertex 1.20208 -1.20208 0
      vertex 0.999234 -1.37533 0
    endloop
  endfacet
  facet normal 0.0784599 -0.996917 0
    outer loop
      vertex -0.265938 1.67907 0
      vertex 0 1.7 5
      vertex -0.265938 1.67907 5
    endloop
  endfacet
  facet normal 0.0784599 -0.996917 0
    outer loop
      vertex 0 1.7 5
      vertex -0.265938 1.67907 0
      vertex 0 1.7 0
    endloop
  endfacet
  facet normal 0.923873 0.382699 0
    outer loop
      vertex -1.51471 -0.771784 5
      vertex -1.6168 -0.525329 0
      vertex -1.6168 -0.525329 5
    endloop
  endfacet
  facet normal 0.923873 0.382699 0
    outer loop
      vertex -1.6168 -0.525329 0
      vertex -1.51471 -0.771784 5
      vertex -1.51471 -0.771784 0
    endloop
  endfacet
  facet normal 0.7604 -0.649455 0
    outer loop
      vertex -1.37533 0.999234 5
      vertex -1.20208 1.20208 0
      vertex -1.20208 1.20208 5
    endloop
  endfacet
  facet normal 0.7604 -0.649455 0
    outer loop
      vertex -1.20208 1.20208 0
      vertex -1.37533 0.999234 5
      vertex -1.37533 0.999234 0
    endloop
  endfacet
  facet normal 0.23343 0.972374 -0
    outer loop
      vertex -0.265938 -1.67907 0
      vertex -0.525329 -1.6168 5
      vertex -0.265938 -1.67907 5
    endloop
  endfacet
  facet normal 0.23343 0.972374 0
    outer loop
      vertex -0.525329 -1.6168 5
      vertex -0.265938 -1.67907 0
      vertex -0.525329 -1.6168 0
    endloop
  endfacet
  facet normal -0.923873 0.382699 0
    outer loop
      vertex 1.51471 -0.771784 0
      vertex 1.6168 -0.525329 5
      vertex 1.6168 -0.525329 0
    endloop
  endfacet
  facet normal -0.923873 0.382699 0
    outer loop
      vertex 1.6168 -0.525329 5
      vertex 1.51471 -0.771784 0
      vertex 1.51471 -0.771784 5
    endloop
  endfacet
  facet normal 0.7604 0.649455 0
    outer loop
      vertex -1.20208 -1.20208 5
      vertex -1.37533 -0.999234 0
      vertex -1.37533 -0.999234 5
    endloop
  endfacet
  facet normal 0.7604 0.649455 0
    outer loop
      vertex -1.37533 -0.999234 0
      vertex -1.20208 -1.20208 5
      vertex -1.20208 -1.20208 0
    endloop
  endfacet
  facet normal 0.649455 -0.7604 0
    outer loop
      vertex -1.20208 1.20208 0
      vertex -0.999234 1.37533 5
      vertex -1.20208 1.20208 5
    endloop
  endfacet
  facet normal 0.649455 -0.7604 0
    outer loop
      vertex -0.999234 1.37533 5
      vertex -1.20208 1.20208 0
      vertex -0.999234 1.37533 0
    endloop
  endfacet
  facet normal -0.0784599 0.996917 0
    outer loop
      vertex 0.265938 -1.67907 0
      vertex 0 -1.7 5
      vertex 0.265938 -1.67907 5
    endloop
  endfacet
  facet normal -0.0784599 0.996917 0
    outer loop
      vertex 0 -1.7 5
      vertex 0.265938 -1.67907 0
      vertex 0 -1.7 0
    endloop
  endfacet
  facet normal -0.852643 0.522494 0
    outer loop
      vertex 1.37533 -0.999234 0
      vertex 1.51471 -0.771784 5
      vertex 1.51471 -0.771784 0
    endloop
  endfacet
  facet normal -0.852643 0.522494 0
    outer loop
      vertex 1.51471 -0.771784 5
      vertex 1.37533 -0.999234 0
      vertex 1.37533 -0.999234 5
    endloop
  endfacet
  facet normal -0.852643 -0.522494 0
    outer loop
      vertex 1.51471 0.771784 0
      vertex 1.37533 0.999234 5
      vertex 1.37533 0.999234 0
    endloop
  endfacet
  facet normal -0.852643 -0.522494 0
    outer loop
      vertex 1.37533 0.999234 5
      vertex 1.51471 0.771784 0
      vertex 1.51471 0.771784 5
    endloop
  endfacet
  facet normal -0.996917 0.0784599 0
    outer loop
      vertex 1.67907 -0.265938 0
      vertex 1.7 0 5
      vertex 1.7 0 0
    endloop
  endfacet
  facet normal -0.996917 0.0784599 0
    outer loop
      vertex 1.7 0 5
      vertex 1.67907 -0.265938 0
      vertex 1.67907 -0.265938 5
    endloop
  endfacet
  facet normal -0.972374 0.23343 0
    outer loop
      vertex 1.6168 -0.525329 0
      vertex 1.67907 -0.265938 5
      vertex 1.67907 -0.265938 0
    endloop
  endfacet
  facet normal -0.972374 0.23343 0
    outer loop
      vertex 1.67907 -0.265938 5
      vertex 1.6168 -0.525329 0
      vertex 1.6168 -0.525329 5
    endloop
  endfacet
  facet normal 0.972374 0.23343 0
    outer loop
      vertex -1.6168 -0.525329 5
      vertex -1.67907 -0.265938 0
      vertex -1.67907 -0.265938 5
    endloop
  endfacet
  facet normal 0.972374 0.23343 0
    outer loop
      vertex -1.67907 -0.265938 0
      vertex -1.6168 -0.525329 5
      vertex -1.6168 -0.525329 0
    endloop
  endfacet
  facet normal -0.522494 -0.852643 0
    outer loop
      vertex 0.771784 1.51471 0
      vertex 0.999234 1.37533 5
      vertex 0.771784 1.51471 5
    endloop
  endfacet
  facet normal -0.522494 -0.852643 -0
    outer loop
      vertex 0.999234 1.37533 5
      vertex 0.771784 1.51471 0
      vertex 0.999234 1.37533 0
    endloop
  endfacet
  facet normal -0.7604 -0.649455 0
    outer loop
      vertex 1.37533 0.999234 0
      vertex 1.20208 1.20208 5
      vertex 1.20208 1.20208 0
    endloop
  endfacet
  facet normal -0.7604 -0.649455 0
    outer loop
      vertex 1.20208 1.20208 5
      vertex 1.37533 0.999234 0
      vertex 1.37533 0.999234 5
    endloop
  endfacet
  facet normal 0.996917 -0.0784599 0
    outer loop
      vertex -1.7 0 5
      vertex -1.67907 0.265938 0
      vertex -1.67907 0.265938 5
    endloop
  endfacet
  facet normal 0.996917 -0.0784599 0
    outer loop
      vertex -1.67907 0.265938 0
      vertex -1.7 0 5
      vertex -1.7 0 0
    endloop
  endfacet
  facet normal -0.649455 -0.7604 0
    outer loop
      vertex 0.999234 1.37533 0
      vertex 1.20208 1.20208 5
      vertex 0.999234 1.37533 5
    endloop
  endfacet
  facet normal -0.649455 -0.7604 -0
    outer loop
      vertex 1.20208 1.20208 5
      vertex 0.999234 1.37533 0
      vertex 1.20208 1.20208 0
    endloop
  endfacet
  facet normal -0.23343 0.972374 0
    outer loop
      vertex 0.525329 -1.6168 0
      vertex 0.265938 -1.67907 5
      vertex 0.525329 -1.6168 5
    endloop
  endfacet
  facet normal -0.23343 0.972374 0
    outer loop
      vertex 0.265938 -1.67907 5
      vertex 0.525329 -1.6168 0
      vertex 0.265938 -1.67907 0
    endloop
  endfacet
  facet normal 0.852643 0.522494 0
    outer loop
      vertex -1.37533 -0.999234 5
      vertex -1.51471 -0.771784 0
      vertex -1.51471 -0.771784 5
    endloop
  endfacet
  facet normal 0.852643 0.522494 0
    outer loop
      vertex -1.51471 -0.771784 0
      vertex -1.37533 -0.999234 5
      vertex -1.37533 -0.999234 0
    endloop
  endfacet
  facet normal 0.649455 0.7604 -0
    outer loop
      vertex -0.999234 -1.37533 0
      vertex -1.20208 -1.20208 5
      vertex -0.999234 -1.37533 5
    endloop
  endfacet
  facet normal 0.649455 0.7604 0
    outer loop
      vertex -1.20208 -1.20208 5
      vertex -0.999234 -1.37533 0
      vertex -1.20208 -1.20208 0
    endloop
  endfacet
  facet normal -0.7604 0.649455 0
    outer loop
      vertex 1.20208 -1.20208 0
      vertex 1.37533 -0.999234 5
      vertex 1.37533 -0.999234 0
    endloop
  endfacet
  facet normal -0.7604 0.649455 0
    outer loop
      vertex 1.37533 -0.999234 5
      vertex 1.20208 -1.20208 0
      vertex 1.20208 -1.20208 5
    endloop
  endfacet
  facet normal 0.852643 -0.522494 0
    outer loop
      vertex -1.51471 0.771784 5
      vertex -1.37533 0.999234 0
      vertex -1.37533 0.999234 5
    endloop
  endfacet
  facet normal 0.852643 -0.522494 0
    outer loop
      vertex -1.37533 0.999234 0
      vertex -1.51471 0.771784 5
      vertex -1.51471 0.771784 0
    endloop
  endfacet
  facet normal 0.996917 0.0784599 0
    outer loop
      vertex -1.67907 -0.265938 5
      vertex -1.7 0 0
      vertex -1.7 0 5
    endloop
  endfacet
  facet normal 0.996917 0.0784599 0
    outer loop
      vertex -1.7 0 0
      vertex -1.67907 -0.265938 5
      vertex -1.67907 -0.265938 0
    endloop
  endfacet
  facet normal 0.382699 0.923873 -0
    outer loop
      vertex -0.525329 -1.6168 0
      vertex -0.771784 -1.51471 5
      vertex -0.525329 -1.6168 5
    endloop
  endfacet
  facet normal 0.382699 0.923873 0
    outer loop
      vertex -0.771784 -1.51471 5
      vertex -0.525329 -1.6168 0
      vertex -0.771784 -1.51471 0
    endloop
  endfacet
  facet normal -0.382699 -0.923873 0
    outer loop
      vertex 0.525329 1.6168 0
      vertex 0.771784 1.51471 5
      vertex 0.525329 1.6168 5
    endloop
  endfacet
  facet normal -0.382699 -0.923873 -0
    outer loop
      vertex 0.771784 1.51471 5
      vertex 0.525329 1.6168 0
      vertex 0.771784 1.51471 0
    endloop
  endfacet
  facet normal -0.23343 -0.972374 0
    outer loop
      vertex 0.265938 1.67907 0
      vertex 0.525329 1.6168 5
      vertex 0.265938 1.67907 5
    endloop
  endfacet
  facet normal -0.23343 -0.972374 -0
    outer loop
      vertex 0.525329 1.6168 5
      vertex 0.265938 1.67907 0
      vertex 0.525329 1.6168 0
    endloop
  endfacet
  facet normal -0.0784599 -0.996917 0
    outer loop
      vertex 0 1.7 0
      vertex 0.265938 1.67907 5
      vertex 0 1.7 5
    endloop
  endfacet
  facet normal -0.0784599 -0.996917 -0
    outer loop
      vertex 0.265938 1.67907 5
      vertex 0 1.7 0
      vertex 0.265938 1.67907 0
    endloop
  endfacet
  facet normal 0.972374 -0.23343 0
    outer loop
      vertex -1.67907 0.265938 5
      vertex -1.6168 0.525329 0
      vertex -1.6168 0.525329 5
    endloop
  endfacet
  facet normal 0.972374 -0.23343 0
    outer loop
      vertex -1.6168 0.525329 0
      vertex -1.67907 0.265938 5
      vertex -1.67907 0.265938 0
    endloop
  endfacet
  facet normal 0.0784599 0.996917 -0
    outer loop
      vertex 0 -1.7 0
      vertex -0.265938 -1.67907 5
      vertex 0 -1.7 5
    endloop
  endfacet
  facet normal 0.0784599 0.996917 0
    outer loop
      vertex -0.265938 -1.67907 5
      vertex 0 -1.7 0
      vertex -0.265938 -1.67907 0
    endloop
  endfacet
  facet normal -0.972366 -0.233461 0
    outer loop
      vertex -4.27975 -13.8906 0
      vertex -4.4446 -13.204 5
      vertex -4.4446 -13.204 0
    endloop
  endfacet
  facet normal -0.972366 -0.233461 0
    outer loop
      vertex -4.4446 -13.204 5
      vertex -4.27975 -13.8906 0
      vertex -4.27975 -13.8906 5
    endloop
  endfacet
  facet normal -0.996918 -0.0784506 0
    outer loop
      vertex -4.4446 -13.204 0
      vertex -4.5 -12.5 5
      vertex -4.5 -12.5 0
    endloop
  endfacet
  facet normal -0.996918 -0.0784506 0
    outer loop
      vertex -4.5 -12.5 5
      vertex -4.4446 -13.204 0
      vertex -4.4446 -13.204 5
    endloop
  endfacet
  facet normal 0.0784556 -0.996918 0
    outer loop
      vertex 0 -17 0
      vertex 0.703955 -16.9446 5
      vertex 0 -17 5
    endloop
  endfacet
  facet normal 0.0784556 -0.996918 0
    outer loop
      vertex 0.703955 -16.9446 5
      vertex 0 -17 0
      vertex 0.703955 -16.9446 0
    endloop
  endfacet
  facet normal 0.649449 -0.760405 0
    outer loop
      vertex 2.64503 -16.1406 0
      vertex 3.18198 -15.682 5
      vertex 2.64503 -16.1406 5
    endloop
  endfacet
  facet normal 0.649449 -0.760405 0
    outer loop
      vertex 3.18198 -15.682 5
      vertex 2.64503 -16.1406 0
      vertex 3.18198 -15.682 0
    endloop
  endfacet
  facet normal -0.760435 -0.649414 0
    outer loop
      vertex -3.18198 -15.682 0
      vertex -3.64058 -15.145 5
      vertex -3.64058 -15.145 0
    endloop
  endfacet
  facet normal -0.760435 -0.649414 0
    outer loop
      vertex -3.64058 -15.145 5
      vertex -3.18198 -15.682 0
      vertex -3.18198 -15.682 5
    endloop
  endfacet
  facet normal 0.382775 -0.923842 0
    outer loop
      vertex 1.39058 -16.7798 0
      vertex 2.04296 -16.5095 5
      vertex 1.39058 -16.7798 5
    endloop
  endfacet
  facet normal 0.382775 -0.923842 0
    outer loop
      vertex 2.04296 -16.5095 5
      vertex 1.39058 -16.7798 0
      vertex 2.04296 -16.5095 0
    endloop
  endfacet
  facet normal 0.996918 -0.0784506 0
    outer loop
      vertex 4.4446 -13.204 5
      vertex 4.5 -12.5 0
      vertex 4.5 -12.5 5
    endloop
  endfacet
  facet normal 0.996918 -0.0784506 0
    outer loop
      vertex 4.5 -12.5 0
      vertex 4.4446 -13.204 5
      vertex 4.4446 -13.204 0
    endloop
  endfacet
  facet normal -1 0 0
    outer loop
      vertex -4.5 -12.5 0
      vertex -4.5 -4.5 5
      vertex -4.5 -4.5 0
    endloop
  endfacet
  facet normal -1 -0 0
    outer loop
      vertex -4.5 -4.5 5
      vertex -4.5 -12.5 0
      vertex -4.5 -12.5 5
    endloop
  endfacet
  facet normal 0.522448 -0.852671 0
    outer loop
      vertex 2.04296 -16.5095 0
      vertex 2.64503 -16.1406 5
      vertex 2.04296 -16.5095 5
    endloop
  endfacet
  facet normal 0.522448 -0.852671 0
    outer loop
      vertex 2.64503 -16.1406 5
      vertex 2.04296 -16.5095 0
      vertex 2.64503 -16.1406 0
    endloop
  endfacet
  facet normal -0.382775 -0.923842 0
    outer loop
      vertex -2.04296 -16.5095 0
      vertex -1.39058 -16.7798 5
      vertex -2.04296 -16.5095 5
    endloop
  endfacet
  facet normal -0.382775 -0.923842 -0
    outer loop
      vertex -1.39058 -16.7798 5
      vertex -2.04296 -16.5095 0
      vertex -1.39058 -16.7798 0
    endloop
  endfacet
  facet normal 1 -0 0
    outer loop
      vertex 4.5 -12.5 5
      vertex 4.5 -4.5 0
      vertex 4.5 -4.5 5
    endloop
  endfacet
  facet normal 1 0 0
    outer loop
      vertex 4.5 -4.5 0
      vertex 4.5 -12.5 5
      vertex 4.5 -12.5 0
    endloop
  endfacet
  facet normal -0.649449 -0.760405 0
    outer loop
      vertex -3.18198 -15.682 0
      vertex -2.64503 -16.1406 5
      vertex -3.18198 -15.682 5
    endloop
  endfacet
  facet normal -0.649449 -0.760405 -0
    outer loop
      vertex -2.64503 -16.1406 5
      vertex -3.18198 -15.682 0
      vertex -2.64503 -16.1406 0
    endloop
  endfacet
  facet normal -0.852612 -0.522544 0
    outer loop
      vertex -3.64058 -15.145 0
      vertex -4.00953 -14.543 5
      vertex -4.00953 -14.543 0
    endloop
  endfacet
  facet normal -0.852612 -0.522544 0
    outer loop
      vertex -4.00953 -14.543 5
      vertex -3.64058 -15.145 0
      vertex -3.64058 -15.145 5
    endloop
  endfacet
  facet normal 0.972366 -0.233461 0
    outer loop
      vertex 4.27975 -13.8906 5
      vertex 4.4446 -13.204 0
      vertex 4.4446 -13.204 5
    endloop
  endfacet
  facet normal 0.972366 -0.233461 0
    outer loop
      vertex 4.4446 -13.204 0
      vertex 4.27975 -13.8906 5
      vertex 4.27975 -13.8906 0
    endloop
  endfacet
  facet normal 0.852612 -0.522544 0
    outer loop
      vertex 3.64058 -15.145 5
      vertex 4.00953 -14.543 0
      vertex 4.00953 -14.543 5
    endloop
  endfacet
  facet normal 0.852612 -0.522544 0
    outer loop
      vertex 4.00953 -14.543 0
      vertex 3.64058 -15.145 5
      vertex 3.64058 -15.145 0
    endloop
  endfacet
  facet normal 0.923886 -0.382668 0
    outer loop
      vertex 4.00953 -14.543 5
      vertex 4.27975 -13.8906 0
      vertex 4.27975 -13.8906 5
    endloop
  endfacet
  facet normal 0.923886 -0.382668 0
    outer loop
      vertex 4.27975 -13.8906 0
      vertex 4.00953 -14.543 5
      vertex 4.00953 -14.543 0
    endloop
  endfacet
  facet normal 0.760435 -0.649414 0
    outer loop
      vertex 3.18198 -15.682 5
      vertex 3.64058 -15.145 0
      vertex 3.64058 -15.145 5
    endloop
  endfacet
  facet normal 0.760435 -0.649414 0
    outer loop
      vertex 3.64058 -15.145 0
      vertex 3.18198 -15.682 5
      vertex 3.18198 -15.682 0
    endloop
  endfacet
  facet normal -0.923886 -0.382668 0
    outer loop
      vertex -4.00953 -14.543 0
      vertex -4.27975 -13.8906 5
      vertex -4.27975 -13.8906 0
    endloop
  endfacet
  facet normal -0.923886 -0.382668 0
    outer loop
      vertex -4.27975 -13.8906 5
      vertex -4.00953 -14.543 0
      vertex -4.00953 -14.543 5
    endloop
  endfacet
  facet normal -0.0784556 -0.996918 0
    outer loop
      vertex -0.703955 -16.9446 0
      vertex 0 -17 5
      vertex -0.703955 -16.9446 5
    endloop
  endfacet
  facet normal -0.0784556 -0.996918 -0
    outer loop
      vertex 0 -17 5
      vertex -0.703955 -16.9446 0
      vertex 0 -17 0
    endloop
  endfacet
  facet normal 0.233386 -0.972384 0
    outer loop
      vertex 0.703955 -16.9446 0
      vertex 1.39058 -16.7798 5
      vertex 0.703955 -16.9446 5
    endloop
  endfacet
  facet normal 0.233386 -0.972384 0
    outer loop
      vertex 1.39058 -16.7798 5
      vertex 0.703955 -16.9446 0
      vertex 1.39058 -16.7798 0
    endloop
  endfacet
  facet normal -0.522448 -0.852671 0
    outer loop
      vertex -2.64503 -16.1406 0
      vertex -2.04296 -16.5095 5
      vertex -2.64503 -16.1406 5
    endloop
  endfacet
  facet normal -0.522448 -0.852671 -0
    outer loop
      vertex -2.04296 -16.5095 5
      vertex -2.64503 -16.1406 0
      vertex -2.04296 -16.5095 0
    endloop
  endfacet
  facet normal -0.233386 -0.972384 0
    outer loop
      vertex -1.39058 -16.7798 0
      vertex -0.703955 -16.9446 5
      vertex -1.39058 -16.7798 5
    endloop
  endfacet
  facet normal -0.233386 -0.972384 -0
    outer loop
      vertex -0.703955 -16.9446 5
      vertex -1.39058 -16.7798 0
      vertex -0.703955 -16.9446 0
    endloop
  endfacet
  facet normal -0.972375 -0.233423 0
    outer loop
      vertex 1.67907 -12.2341 0
      vertex 1.6168 -11.9747 5
      vertex 1.6168 -11.9747 0
    endloop
  endfacet
  facet normal -0.972375 -0.233423 0
    outer loop
      vertex 1.6168 -11.9747 5
      vertex 1.67907 -12.2341 0
      vertex 1.67907 -12.2341 5
    endloop
  endfacet
  facet normal -0.996916 -0.0784711 0
    outer loop
      vertex 1.7 -12.5 0
      vertex 1.67907 -12.2341 5
      vertex 1.67907 -12.2341 0
    endloop
  endfacet
  facet normal -0.996916 -0.0784711 0
    outer loop
      vertex 1.67907 -12.2341 5
      vertex 1.7 -12.5 0
      vertex 1.7 -12.5 5
    endloop
  endfacet
  facet normal -0.923898 -0.38264 0
    outer loop
      vertex 1.6168 -11.9747 0
      vertex 1.51471 -11.7282 5
      vertex 1.51471 -11.7282 0
    endloop
  endfacet
  facet normal -0.923898 -0.38264 0
    outer loop
      vertex 1.51471 -11.7282 5
      vertex 1.6168 -11.9747 0
      vertex 1.6168 -11.9747 5
    endloop
  endfacet
  facet normal -0.522549 0.852609 0
    outer loop
      vertex 0.999234 -13.8753 0
      vertex 0.771784 -14.0147 5
      vertex 0.999234 -13.8753 5
    endloop
  endfacet
  facet normal -0.522549 0.852609 0
    outer loop
      vertex 0.771784 -14.0147 5
      vertex 0.999234 -13.8753 0
      vertex 0.771784 -14.0147 0
    endloop
  endfacet
  facet normal 0.923898 -0.38264 0
    outer loop
      vertex -1.6168 -11.9747 5
      vertex -1.51471 -11.7282 0
      vertex -1.51471 -11.7282 5
    endloop
  endfacet
  facet normal 0.923898 -0.38264 0
    outer loop
      vertex -1.51471 -11.7282 0
      vertex -1.6168 -11.9747 5
      vertex -1.6168 -11.9747 0
    endloop
  endfacet
  facet normal 0.522549 0.852609 -0
    outer loop
      vertex -0.771784 -14.0147 0
      vertex -0.999234 -13.8753 5
      vertex -0.771784 -14.0147 5
    endloop
  endfacet
  facet normal 0.522549 0.852609 0
    outer loop
      vertex -0.999234 -13.8753 5
      vertex -0.771784 -14.0147 0
      vertex -0.999234 -13.8753 0
    endloop
  endfacet
  facet normal -0.382731 0.92386 0
    outer loop
      vertex 0.771784 -14.0147 0
      vertex 0.525329 -14.1168 5
      vertex 0.771784 -14.0147 5
    endloop
  endfacet
  facet normal -0.382731 0.92386 0
    outer loop
      vertex 0.525329 -14.1168 5
      vertex 0.771784 -14.0147 0
      vertex 0.525329 -14.1168 0
    endloop
  endfacet
  facet normal 0.382731 -0.92386 0
    outer loop
      vertex -0.771784 -10.9853 0
      vertex -0.525329 -10.8832 5
      vertex -0.771784 -10.9853 5
    endloop
  endfacet
  facet normal 0.382731 -0.92386 0
    outer loop
      vertex -0.525329 -10.8832 5
      vertex -0.771784 -10.9853 0
      vertex -0.525329 -10.8832 0
    endloop
  endfacet
  facet normal 0.522549 -0.852609 0
    outer loop
      vertex -0.999234 -11.1247 0
      vertex -0.771784 -10.9853 5
      vertex -0.999234 -11.1247 5
    endloop
  endfacet
  facet normal 0.522549 -0.852609 0
    outer loop
      vertex -0.771784 -10.9853 5
      vertex -0.999234 -11.1247 0
      vertex -0.771784 -10.9853 0
    endloop
  endfacet
  facet normal 0.233537 -0.972348 0
    outer loop
      vertex -0.525329 -10.8832 0
      vertex -0.265938 -10.8209 5
      vertex -0.525329 -10.8832 5
    endloop
  endfacet
  facet normal 0.233537 -0.972348 0
    outer loop
      vertex -0.265938 -10.8209 5
      vertex -0.525329 -10.8832 0
      vertex -0.265938 -10.8209 0
    endloop
  endfacet
  facet normal -0.649346 0.760493 0
    outer loop
      vertex 1.20208 -13.7021 0
      vertex 0.999234 -13.8753 5
      vertex 1.20208 -13.7021 5
    endloop
  endfacet
  facet normal -0.649346 0.760493 0
    outer loop
      vertex 0.999234 -13.8753 5
      vertex 1.20208 -13.7021 0
      vertex 0.999234 -13.8753 0
    endloop
  endfacet
  facet normal 0.0783482 -0.996926 0
    outer loop
      vertex -0.265938 -10.8209 0
      vertex 0 -10.8 5
      vertex -0.265938 -10.8209 5
    endloop
  endfacet
  facet normal 0.0783482 -0.996926 0
    outer loop
      vertex 0 -10.8 5
      vertex -0.265938 -10.8209 0
      vertex 0 -10.8 0
    endloop
  endfacet
  facet normal 0.923898 0.38264 0
    outer loop
      vertex -1.51471 -13.2718 5
      vertex -1.6168 -13.0253 0
      vertex -1.6168 -13.0253 5
    endloop
  endfacet
  facet normal 0.923898 0.38264 0
    outer loop
      vertex -1.6168 -13.0253 0
      vertex -1.51471 -13.2718 5
      vertex -1.51471 -13.2718 0
    endloop
  endfacet
  facet normal 0.760485 -0.649355 0
    outer loop
      vertex -1.37533 -11.5008 5
      vertex -1.20208 -11.2979 0
      vertex -1.20208 -11.2979 5
    endloop
  endfacet
  facet normal 0.760485 -0.649355 0
    outer loop
      vertex -1.20208 -11.2979 0
      vertex -1.37533 -11.5008 5
      vertex -1.37533 -11.5008 0
    endloop
  endfacet
  facet normal 0.233537 0.972348 -0
    outer loop
      vertex -0.265938 -14.1791 0
      vertex -0.525329 -14.1168 5
      vertex -0.265938 -14.1791 5
    endloop
  endfacet
  facet normal 0.233537 0.972348 0
    outer loop
      vertex -0.525329 -14.1168 5
      vertex -0.265938 -14.1791 0
      vertex -0.525329 -14.1168 0
    endloop
  endfacet
  facet normal -0.923898 0.38264 0
    outer loop
      vertex 1.51471 -13.2718 0
      vertex 1.6168 -13.0253 5
      vertex 1.6168 -13.0253 0
    endloop
  endfacet
  facet normal -0.923898 0.38264 0
    outer loop
      vertex 1.6168 -13.0253 5
      vertex 1.51471 -13.2718 0
      vertex 1.51471 -13.2718 5
    endloop
  endfacet
  facet normal 0.760485 0.649355 0
    outer loop
      vertex -1.20208 -13.7021 5
      vertex -1.37533 -13.4992 0
      vertex -1.37533 -13.4992 5
    endloop
  endfacet
  facet normal 0.760485 0.649355 0
    outer loop
      vertex -1.37533 -13.4992 0
      vertex -1.20208 -13.7021 5
      vertex -1.20208 -13.7021 0
    endloop
  endfacet
  facet normal 0.649346 -0.760493 0
    outer loop
      vertex -1.20208 -11.2979 0
      vertex -0.999234 -11.1247 5
      vertex -1.20208 -11.2979 5
    endloop
  endfacet
  facet normal 0.649346 -0.760493 0
    outer loop
      vertex -0.999234 -11.1247 5
      vertex -1.20208 -11.2979 0
      vertex -0.999234 -11.1247 0
    endloop
  endfacet
  facet normal -0.0783482 0.996926 0
    outer loop
      vertex 0.265938 -14.1791 0
      vertex 0 -14.2 5
      vertex 0.265938 -14.1791 5
    endloop
  endfacet
  facet normal -0.0783482 0.996926 0
    outer loop
      vertex 0 -14.2 5
      vertex 0.265938 -14.1791 0
      vertex 0 -14.2 0
    endloop
  endfacet
  facet normal -0.852592 0.522578 0
    outer loop
      vertex 1.37533 -13.4992 0
      vertex 1.51471 -13.2718 5
      vertex 1.51471 -13.2718 0
    endloop
  endfacet
  facet normal -0.852592 0.522578 0
    outer loop
      vertex 1.51471 -13.2718 5
      vertex 1.37533 -13.4992 0
      vertex 1.37533 -13.4992 5
    endloop
  endfacet
  facet normal -0.852592 -0.522578 0
    outer loop
      vertex 1.51471 -11.7282 0
      vertex 1.37533 -11.5008 5
      vertex 1.37533 -11.5008 0
    endloop
  endfacet
  facet normal -0.852592 -0.522578 0
    outer loop
      vertex 1.37533 -11.5008 5
      vertex 1.51471 -11.7282 0
      vertex 1.51471 -11.7282 5
    endloop
  endfacet
  facet normal -0.996916 0.0784711 0
    outer loop
      vertex 1.67907 -12.7659 0
      vertex 1.7 -12.5 5
      vertex 1.7 -12.5 0
    endloop
  endfacet
  facet normal -0.996916 0.0784711 0
    outer loop
      vertex 1.7 -12.5 5
      vertex 1.67907 -12.7659 0
      vertex 1.67907 -12.7659 5
    endloop
  endfacet
  facet normal -0.972375 0.233423 0
    outer loop
      vertex 1.6168 -13.0253 0
      vertex 1.67907 -12.7659 5
      vertex 1.67907 -12.7659 0
    endloop
  endfacet
  facet normal -0.972375 0.233423 0
    outer loop
      vertex 1.67907 -12.7659 5
      vertex 1.6168 -13.0253 0
      vertex 1.6168 -13.0253 5
    endloop
  endfacet
  facet normal 0.972375 0.233423 0
    outer loop
      vertex -1.6168 -13.0253 5
      vertex -1.67907 -12.7659 0
      vertex -1.67907 -12.7659 5
    endloop
  endfacet
  facet normal 0.972375 0.233423 0
    outer loop
      vertex -1.67907 -12.7659 0
      vertex -1.6168 -13.0253 5
      vertex -1.6168 -13.0253 0
    endloop
  endfacet
  facet normal -0.522549 -0.852609 0
    outer loop
      vertex 0.771784 -10.9853 0
      vertex 0.999234 -11.1247 5
      vertex 0.771784 -10.9853 5
    endloop
  endfacet
  facet normal -0.522549 -0.852609 -0
    outer loop
      vertex 0.999234 -11.1247 5
      vertex 0.771784 -10.9853 0
      vertex 0.999234 -11.1247 0
    endloop
  endfacet
  facet normal -0.760485 -0.649355 0
    outer loop
      vertex 1.37533 -11.5008 0
      vertex 1.20208 -11.2979 5
      vertex 1.20208 -11.2979 0
    endloop
  endfacet
  facet normal -0.760485 -0.649355 0
    outer loop
      vertex 1.20208 -11.2979 5
      vertex 1.37533 -11.5008 0
      vertex 1.37533 -11.5008 5
    endloop
  endfacet
  facet normal 0.996916 -0.0784711 0
    outer loop
      vertex -1.7 -12.5 5
      vertex -1.67907 -12.2341 0
      vertex -1.67907 -12.2341 5
    endloop
  endfacet
  facet normal 0.996916 -0.0784711 0
    outer loop
      vertex -1.67907 -12.2341 0
      vertex -1.7 -12.5 5
      vertex -1.7 -12.5 0
    endloop
  endfacet
  facet normal -0.649346 -0.760493 0
    outer loop
      vertex 0.999234 -11.1247 0
      vertex 1.20208 -11.2979 5
      vertex 0.999234 -11.1247 5
    endloop
  endfacet
  facet normal -0.649346 -0.760493 -0
    outer loop
      vertex 1.20208 -11.2979 5
      vertex 0.999234 -11.1247 0
      vertex 1.20208 -11.2979 0
    endloop
  endfacet
  facet normal -0.233537 0.972348 0
    outer loop
      vertex 0.525329 -14.1168 0
      vertex 0.265938 -14.1791 5
      vertex 0.525329 -14.1168 5
    endloop
  endfacet
  facet normal -0.233537 0.972348 0
    outer loop
      vertex 0.265938 -14.1791 5
      vertex 0.525329 -14.1168 0
      vertex 0.265938 -14.1791 0
    endloop
  endfacet
  facet normal 0.852592 0.522578 0
    outer loop
      vertex -1.37533 -13.4992 5
      vertex -1.51471 -13.2718 0
      vertex -1.51471 -13.2718 5
    endloop
  endfacet
  facet normal 0.852592 0.522578 0
    outer loop
      vertex -1.51471 -13.2718 0
      vertex -1.37533 -13.4992 5
      vertex -1.37533 -13.4992 0
    endloop
  endfacet
  facet normal 0.649346 0.760493 -0
    outer loop
      vertex -0.999234 -13.8753 0
      vertex -1.20208 -13.7021 5
      vertex -0.999234 -13.8753 5
    endloop
  endfacet
  facet normal 0.649346 0.760493 0
    outer loop
      vertex -1.20208 -13.7021 5
      vertex -0.999234 -13.8753 0
      vertex -1.20208 -13.7021 0
    endloop
  endfacet
  facet normal -0.760485 0.649355 0
    outer loop
      vertex 1.20208 -13.7021 0
      vertex 1.37533 -13.4992 5
      vertex 1.37533 -13.4992 0
    endloop
  endfacet
  facet normal -0.760485 0.649355 0
    outer loop
      vertex 1.37533 -13.4992 5
      vertex 1.20208 -13.7021 0
      vertex 1.20208 -13.7021 5
    endloop
  endfacet
  facet normal 0.852592 -0.522578 0
    outer loop
      vertex -1.51471 -11.7282 5
      vertex -1.37533 -11.5008 0
      vertex -1.37533 -11.5008 5
    endloop
  endfacet
  facet normal 0.852592 -0.522578 0
    outer loop
      vertex -1.37533 -11.5008 0
      vertex -1.51471 -11.7282 5
      vertex -1.51471 -11.7282 0
    endloop
  endfacet
  facet normal 0.996916 0.0784711 0
    outer loop
      vertex -1.67907 -12.7659 5
      vertex -1.7 -12.5 0
      vertex -1.7 -12.5 5
    endloop
  endfacet
  facet normal 0.996916 0.0784711 0
    outer loop
      vertex -1.7 -12.5 0
      vertex -1.67907 -12.7659 5
      vertex -1.67907 -12.7659 0
    endloop
  endfacet
  facet normal 0.382731 0.92386 -0
    outer loop
      vertex -0.525329 -14.1168 0
      vertex -0.771784 -14.0147 5
      vertex -0.525329 -14.1168 5
    endloop
  endfacet
  facet normal 0.382731 0.92386 0
    outer loop
      vertex -0.771784 -14.0147 5
      vertex -0.525329 -14.1168 0
      vertex -0.771784 -14.0147 0
    endloop
  endfacet
  facet normal -0.382731 -0.92386 0
    outer loop
      vertex 0.525329 -10.8832 0
      vertex 0.771784 -10.9853 5
      vertex 0.525329 -10.8832 5
    endloop
  endfacet
  facet normal -0.382731 -0.92386 -0
    outer loop
      vertex 0.771784 -10.9853 5
      vertex 0.525329 -10.8832 0
      vertex 0.771784 -10.9853 0
    endloop
  endfacet
  facet normal -0.233537 -0.972348 0
    outer loop
      vertex 0.265938 -10.8209 0
      vertex 0.525329 -10.8832 5
      vertex 0.265938 -10.8209 5
    endloop
  endfacet
  facet normal -0.233537 -0.972348 -0
    outer loop
      vertex 0.525329 -10.8832 5
      vertex 0.265938 -10.8209 0
      vertex 0.525329 -10.8832 0
    endloop
  endfacet
  facet normal -0.0783482 -0.996926 0
    outer loop
      vertex 0 -10.8 0
      vertex 0.265938 -10.8209 5
      vertex 0 -10.8 5
    endloop
  endfacet
  facet normal -0.0783482 -0.996926 -0
    outer loop
      vertex 0.265938 -10.8209 5
      vertex 0 -10.8 0
      vertex 0.265938 -10.8209 0
    endloop
  endfacet
  facet normal 0.972375 -0.233423 0
    outer loop
      vertex -1.67907 -12.2341 5
      vertex -1.6168 -11.9747 0
      vertex -1.6168 -11.9747 5
    endloop
  endfacet
  facet normal 0.972375 -0.233423 0
    outer loop
      vertex -1.6168 -11.9747 0
      vertex -1.67907 -12.2341 5
      vertex -1.67907 -12.2341 0
    endloop
  endfacet
  facet normal 0.0783482 0.996926 -0
    outer loop
      vertex 0 -14.2 0
      vertex -0.265938 -14.1791 5
      vertex 0 -14.2 5
    endloop
  endfacet
  facet normal 0.0783482 0.996926 0
    outer loop
      vertex -0.265938 -14.1791 5
      vertex 0 -14.2 0
      vertex -0.265938 -14.1791 0
    endloop
  endfacet
  facet normal -0.972422 0.233228 0
    outer loop
      vertex -12.0489 24.691 0
      vertex -12.0123 24.8436 5
      vertex -12.0123 24.8436 0
    endloop
  endfacet
  facet normal -0.972422 0.233228 0
    outer loop
      vertex -12.0123 24.8436 5
      vertex -12.0489 24.691 0
      vertex -12.0489 24.691 5
    endloop
  endfacet
  facet normal -0.923792 -0.382896 0
    outer loop
      vertex -12.0489 25.309 0
      vertex -12.109 25.454 5
      vertex -12.109 25.454 0
    endloop
  endfacet
  facet normal -0.923792 -0.382896 0
    outer loop
      vertex -12.109 25.454 5
      vertex -12.0489 25.309 0
      vertex -12.0489 25.309 5
    endloop
  endfacet
  facet normal 0.76038 -0.649478 0
    outer loop
      vertex -18.809 25.5878 5
      vertex -18.7071 25.7071 0
      vertex -18.7071 25.7071 5
    endloop
  endfacet
  facet normal 0.76038 -0.649478 0
    outer loop
      vertex -18.7071 25.7071 0
      vertex -18.809 25.5878 5
      vertex -18.809 25.5878 0
    endloop
  endfacet
  facet normal -0.996922 0.0784024 0
    outer loop
      vertex -12.0123 24.8436 0
      vertex -12 25 5
      vertex -12 25 0
    endloop
  endfacet
  facet normal -0.996922 0.0784024 0
    outer loop
      vertex -12 25 5
      vertex -12.0123 24.8436 0
      vertex -12.0123 24.8436 5
    endloop
  endfacet
  facet normal 0.233228 -0.972422 0
    outer loop
      vertex -18.309 25.9511 0
      vertex -18.1564 25.9877 5
      vertex -18.309 25.9511 5
    endloop
  endfacet
  facet normal 0.233228 -0.972422 0
    outer loop
      vertex -18.1564 25.9877 5
      vertex -18.309 25.9511 0
      vertex -18.1564 25.9877 0
    endloop
  endfacet
  facet normal 0.972422 -0.233228 0
    outer loop
      vertex -18.9877 25.1564 5
      vertex -18.9511 25.309 0
      vertex -18.9511 25.309 5
    endloop
  endfacet
  facet normal 0.972422 -0.233228 0
    outer loop
      vertex -18.9511 25.309 0
      vertex -18.9877 25.1564 5
      vertex -18.9877 25.1564 0
    endloop
  endfacet
  facet normal -0.649478 0.76038 0
    outer loop
      vertex -12.2929 24.2929 0
      vertex -12.4122 24.191 5
      vertex -12.2929 24.2929 5
    endloop
  endfacet
  facet normal -0.649478 0.76038 0
    outer loop
      vertex -12.4122 24.191 5
      vertex -12.2929 24.2929 0
      vertex -12.4122 24.191 0
    endloop
  endfacet
  facet normal -0.85262 -0.522532 0
    outer loop
      vertex -12.109 25.454 0
      vertex -12.191 25.5878 5
      vertex -12.191 25.5878 0
    endloop
  endfacet
  facet normal -0.85262 -0.522532 0
    outer loop
      vertex -12.191 25.5878 5
      vertex -12.109 25.454 0
      vertex -12.109 25.454 5
    endloop
  endfacet
  facet normal 0.522532 0.85262 -0
    outer loop
      vertex -18.454 24.109 0
      vertex -18.5878 24.191 5
      vertex -18.454 24.109 5
    endloop
  endfacet
  facet normal 0.522532 0.85262 0
    outer loop
      vertex -18.5878 24.191 5
      vertex -18.454 24.109 0
      vertex -18.5878 24.191 0
    endloop
  endfacet
  facet normal 0 -1 0
    outer loop
      vertex -18 26 0
      vertex -13 26 5
      vertex -18 26 5
    endloop
  endfacet
  facet normal 0 -1 -0
    outer loop
      vertex -13 26 5
      vertex -18 26 0
      vertex -13 26 0
    endloop
  endfacet
  facet normal -0.996922 -0.0784024 0
    outer loop
      vertex -12 25 0
      vertex -12.0123 25.1564 5
      vertex -12.0123 25.1564 0
    endloop
  endfacet
  facet normal -0.996922 -0.0784024 0
    outer loop
      vertex -12.0123 25.1564 5
      vertex -12 25 0
      vertex -12 25 5
    endloop
  endfacet
  facet normal 0.0784024 -0.996922 0
    outer loop
      vertex -18.1564 25.9877 0
      vertex -18 26 5
      vertex -18.1564 25.9877 5
    endloop
  endfacet
  facet normal 0.0784024 -0.996922 0
    outer loop
      vertex -18 26 5
      vertex -18.1564 25.9877 0
      vertex -18 26 0
    endloop
  endfacet
  facet normal -0.382896 0.923792 0
    outer loop
      vertex -12.546 24.109 0
      vertex -12.691 24.0489 5
      vertex -12.546 24.109 5
    endloop
  endfacet
  facet normal -0.382896 0.923792 0
    outer loop
      vertex -12.691 24.0489 5
      vertex -12.546 24.109 0
      vertex -12.691 24.0489 0
    endloop
  endfacet
  facet normal 0.0784024 0.996922 -0
    outer loop
      vertex -18 24 0
      vertex -18.1564 24.0123 5
      vertex -18 24 5
    endloop
  endfacet
  facet normal 0.0784024 0.996922 0
    outer loop
      vertex -18.1564 24.0123 5
      vertex -18 24 0
      vertex -18.1564 24.0123 0
    endloop
  endfacet
  facet normal 0.923792 -0.382896 0
    outer loop
      vertex -18.9511 25.309 5
      vertex -18.891 25.454 0
      vertex -18.891 25.454 5
    endloop
  endfacet
  facet normal 0.923792 -0.382896 0
    outer loop
      vertex -18.891 25.454 0
      vertex -18.9511 25.309 5
      vertex -18.9511 25.309 0
    endloop
  endfacet
  facet normal -0.0784024 0.996922 0
    outer loop
      vertex -12.8436 24.0123 0
      vertex -13 24 5
      vertex -12.8436 24.0123 5
    endloop
  endfacet
  facet normal -0.0784024 0.996922 0
    outer loop
      vertex -13 24 5
      vertex -12.8436 24.0123 0
      vertex -13 24 0
    endloop
  endfacet
  facet normal -0.649478 -0.76038 0
    outer loop
      vertex -12.4122 25.809 0
      vertex -12.2929 25.7071 5
      vertex -12.4122 25.809 5
    endloop
  endfacet
  facet normal -0.649478 -0.76038 -0
    outer loop
      vertex -12.2929 25.7071 5
      vertex -12.4122 25.809 0
      vertex -12.2929 25.7071 0
    endloop
  endfacet
  facet normal -0.233228 0.972422 0
    outer loop
      vertex -12.691 24.0489 0
      vertex -12.8436 24.0123 5
      vertex -12.691 24.0489 5
    endloop
  endfacet
  facet normal -0.233228 0.972422 0
    outer loop
      vertex -12.8436 24.0123 5
      vertex -12.691 24.0489 0
      vertex -12.8436 24.0123 0
    endloop
  endfacet
  facet normal 0.76038 0.649478 0
    outer loop
      vertex -18.7071 24.2929 5
      vertex -18.809 24.4122 0
      vertex -18.809 24.4122 5
    endloop
  endfacet
  facet normal 0.76038 0.649478 0
    outer loop
      vertex -18.809 24.4122 0
      vertex -18.7071 24.2929 5
      vertex -18.7071 24.2929 0
    endloop
  endfacet
  facet normal 0 1 0
    outer loop
      vertex -13 24 5
      vertex -15.5 24 3.8
      vertex -18 24 5
    endloop
  endfacet
  facet normal 0 1 0
    outer loop
      vertex -13 24 5
      vertex -15.2966 24 3.78399
      vertex -15.5 24 3.8
    endloop
  endfacet
  facet normal 0 1 0
    outer loop
      vertex -13 24 5
      vertex -15.0983 24 3.73637
      vertex -15.2966 24 3.78399
    endloop
  endfacet
  facet normal 0 1 0
    outer loop
      vertex -13 24 5
      vertex -14.9098 24 3.65831
      vertex -15.0983 24 3.73637
    endloop
  endfacet
  facet normal 0 1 0
    outer loop
      vertex -13 24 5
      vertex -14.7359 24 3.55172
      vertex -14.9098 24 3.65831
    endloop
  endfacet
  facet normal 0 1 0
    outer loop
      vertex -13 24 5
      vertex -14.5808 24 3.41924
      vertex -14.7359 24 3.55172
    endloop
  endfacet
  facet normal 0 1 0
    outer loop
      vertex -13 24 5
      vertex -14.4483 24 3.26412
      vertex -14.5808 24 3.41924
    endloop
  endfacet
  facet normal 0 1 0
    outer loop
      vertex -13 24 5
      vertex -14.3417 24 3.09019
      vertex -14.4483 24 3.26412
    endloop
  endfacet
  facet normal 0 1 0
    outer loop
      vertex -13 24 5
      vertex -14.2636 24 2.90172
      vertex -14.3417 24 3.09019
    endloop
  endfacet
  facet normal 0 1 0
    outer loop
      vertex -13 24 5
      vertex -14.216 24 2.70336
      vertex -14.2636 24 2.90172
    endloop
  endfacet
  facet normal 0 1 0
    outer loop
      vertex -13 24 5
      vertex -14.2 24 2.5
      vertex -14.216 24 2.70336
    endloop
  endfacet
  facet normal 0 1 -0
    outer loop
      vertex -13 24 0
      vertex -14.2 24 2.5
      vertex -13 24 5
    endloop
  endfacet
  facet normal 0 1 0
    outer loop
      vertex -14.2 24 2.5
      vertex -13 24 0
      vertex -14.216 24 2.29663
    endloop
  endfacet
  facet normal 0 1 0
    outer loop
      vertex -14.216 24 2.29663
      vertex -13 24 0
      vertex -14.2636 24 2.09828
    endloop
  endfacet
  facet normal 0 1 0
    outer loop
      vertex -15.2966 24 1.216
      vertex -13 24 0
      vertex -15.5 24 1.2
    endloop
  endfacet
  facet normal 0 1 0
    outer loop
      vertex -15.0983 24 1.26363
      vertex -13 24 0
      vertex -15.2966 24 1.216
    endloop
  endfacet
  facet normal 0 1 0
    outer loop
      vertex -14.9098 24 1.34169
      vertex -13 24 0
      vertex -15.0983 24 1.26363
    endloop
  endfacet
  facet normal 0 1 0
    outer loop
      vertex -14.7359 24 1.44828
      vertex -13 24 0
      vertex -14.9098 24 1.34169
    endloop
  endfacet
  facet normal 0 1 0
    outer loop
      vertex -14.5808 24 1.58076
      vertex -13 24 0
      vertex -14.7359 24 1.44828
    endloop
  endfacet
  facet normal 0 1 0
    outer loop
      vertex -14.4483 24 1.73588
      vertex -13 24 0
      vertex -14.5808 24 1.58076
    endloop
  endfacet
  facet normal 0 1 0
    outer loop
      vertex -14.3417 24 1.90981
      vertex -13 24 0
      vertex -14.4483 24 1.73588
    endloop
  endfacet
  facet normal 0 1 0
    outer loop
      vertex -14.2636 24 2.09828
      vertex -13 24 0
      vertex -14.3417 24 1.90981
    endloop
  endfacet
  facet normal 0 1 -0
    outer loop
      vertex -15.7034 24 3.78399
      vertex -18 24 5
      vertex -15.5 24 3.8
    endloop
  endfacet
  facet normal 0 1 -0
    outer loop
      vertex -15.9017 24 3.73637
      vertex -18 24 5
      vertex -15.7034 24 3.78399
    endloop
  endfacet
  facet normal 0 1 -0
    outer loop
      vertex -16.0902 24 3.65831
      vertex -18 24 5
      vertex -15.9017 24 3.73637
    endloop
  endfacet
  facet normal 0 1 -0
    outer loop
      vertex -16.2641 24 3.55172
      vertex -18 24 5
      vertex -16.0902 24 3.65831
    endloop
  endfacet
  facet normal 0 1 -0
    outer loop
      vertex -16.4192 24 3.41924
      vertex -18 24 5
      vertex -16.2641 24 3.55172
    endloop
  endfacet
  facet normal 0 1 -0
    outer loop
      vertex -16.5517 24 3.26412
      vertex -18 24 5
      vertex -16.4192 24 3.41924
    endloop
  endfacet
  facet normal 0 1 -0
    outer loop
      vertex -16.6583 24 3.09019
      vertex -18 24 5
      vertex -16.5517 24 3.26412
    endloop
  endfacet
  facet normal 0 1 -0
    outer loop
      vertex -16.7364 24 2.90172
      vertex -18 24 5
      vertex -16.6583 24 3.09019
    endloop
  endfacet
  facet normal 0 1 -0
    outer loop
      vertex -16.784 24 2.70336
      vertex -18 24 5
      vertex -16.7364 24 2.90172
    endloop
  endfacet
  facet normal 0 1 -0
    outer loop
      vertex -16.8 24 2.5
      vertex -18 24 5
      vertex -16.784 24 2.70336
    endloop
  endfacet
  facet normal 0 1 0
    outer loop
      vertex -18 24 0
      vertex -16.8 24 2.5
      vertex -16.784 24 2.29663
    endloop
  endfacet
  facet normal 0 1 0
    outer loop
      vertex -18 24 0
      vertex -16.784 24 2.29663
      vertex -16.7364 24 2.09828
    endloop
  endfacet
  facet normal 0 1 0
    outer loop
      vertex -18 24 0
      vertex -16.7364 24 2.09828
      vertex -16.6583 24 1.90981
    endloop
  endfacet
  facet normal 0 1 0
    outer loop
      vertex -18 24 0
      vertex -15.5 24 1.2
      vertex -13 24 0
    endloop
  endfacet
  facet normal 0 1 0
    outer loop
      vertex -15.5 24 1.2
      vertex -18 24 0
      vertex -15.7034 24 1.216
    endloop
  endfacet
  facet normal 0 1 0
    outer loop
      vertex -15.7034 24 1.216
      vertex -18 24 0
      vertex -15.9017 24 1.26363
    endloop
  endfacet
  facet normal 0 1 0
    outer loop
      vertex -16.8 24 2.5
      vertex -18 24 0
      vertex -18 24 5
    endloop
  endfacet
  facet normal 0 1 0
    outer loop
      vertex -16.5517 24 1.73588
      vertex -18 24 0
      vertex -16.6583 24 1.90981
    endloop
  endfacet
  facet normal 0 1 0
    outer loop
      vertex -16.4192 24 1.58076
      vertex -18 24 0
      vertex -16.5517 24 1.73588
    endloop
  endfacet
  facet normal 0 1 0
    outer loop
      vertex -16.2641 24 1.44828
      vertex -18 24 0
      vertex -16.4192 24 1.58076
    endloop
  endfacet
  facet normal 0 1 0
    outer loop
      vertex -16.0902 24 1.34169
      vertex -18 24 0
      vertex -16.2641 24 1.44828
    endloop
  endfacet
  facet normal 0 1 0
    outer loop
      vertex -15.9017 24 1.26363
      vertex -18 24 0
      vertex -16.0902 24 1.34169
    endloop
  endfacet
  facet normal 0.649478 -0.76038 0
    outer loop
      vertex -18.7071 25.7071 0
      vertex -18.5878 25.809 5
      vertex -18.7071 25.7071 5
    endloop
  endfacet
  facet normal 0.649478 -0.76038 0
    outer loop
      vertex -18.5878 25.809 5
      vertex -18.7071 25.7071 0
      vertex -18.5878 25.809 0
    endloop
  endfacet
  facet normal 0.382896 0.923792 -0
    outer loop
      vertex -18.309 24.0489 0
      vertex -18.454 24.109 5
      vertex -18.309 24.0489 5
    endloop
  endfacet
  facet normal 0.382896 0.923792 0
    outer loop
      vertex -18.454 24.109 5
      vertex -18.309 24.0489 0
      vertex -18.454 24.109 0
    endloop
  endfacet
  facet normal -0.0784024 -0.996922 0
    outer loop
      vertex -13 26 0
      vertex -12.8436 25.9877 5
      vertex -13 26 5
    endloop
  endfacet
  facet normal -0.0784024 -0.996922 -0
    outer loop
      vertex -12.8436 25.9877 5
      vertex -13 26 0
      vertex -12.8436 25.9877 0
    endloop
  endfacet
  facet normal -0.233228 -0.972422 0
    outer loop
      vertex -12.8436 25.9877 0
      vertex -12.691 25.9511 5
      vertex -12.8436 25.9877 5
    endloop
  endfacet
  facet normal -0.233228 -0.972422 -0
    outer loop
      vertex -12.691 25.9511 5
      vertex -12.8436 25.9877 0
      vertex -12.691 25.9511 0
    endloop
  endfacet
  facet normal -0.382896 -0.923792 0
    outer loop
      vertex -12.691 25.9511 0
      vertex -12.546 25.891 5
      vertex -12.691 25.9511 5
    endloop
  endfacet
  facet normal -0.382896 -0.923792 -0
    outer loop
      vertex -12.546 25.891 5
      vertex -12.691 25.9511 0
      vertex -12.546 25.891 0
    endloop
  endfacet
  facet normal 0.649478 0.76038 -0
    outer loop
      vertex -18.5878 24.191 0
      vertex -18.7071 24.2929 5
      vertex -18.5878 24.191 5
    endloop
  endfacet
  facet normal 0.649478 0.76038 0
    outer loop
      vertex -18.7071 24.2929 5
      vertex -18.5878 24.191 0
      vertex -18.7071 24.2929 0
    endloop
  endfacet
  facet normal 0.85262 -0.522532 0
    outer loop
      vertex -18.891 25.454 5
      vertex -18.809 25.5878 0
      vertex -18.809 25.5878 5
    endloop
  endfacet
  facet normal 0.85262 -0.522532 0
    outer loop
      vertex -18.809 25.5878 0
      vertex -18.891 25.454 5
      vertex -18.891 25.454 0
    endloop
  endfacet
  facet normal 0.382896 -0.923792 0
    outer loop
      vertex -18.454 25.891 0
      vertex -18.309 25.9511 5
      vertex -18.454 25.891 5
    endloop
  endfacet
  facet normal 0.382896 -0.923792 0
    outer loop
      vertex -18.309 25.9511 5
      vertex -18.454 25.891 0
      vertex -18.309 25.9511 0
    endloop
  endfacet
  facet normal 0.85262 0.522532 0
    outer loop
      vertex -18.809 24.4122 5
      vertex -18.891 24.546 0
      vertex -18.891 24.546 5
    endloop
  endfacet
  facet normal 0.85262 0.522532 0
    outer loop
      vertex -18.891 24.546 0
      vertex -18.809 24.4122 5
      vertex -18.809 24.4122 0
    endloop
  endfacet
  facet normal 0.233228 0.972422 -0
    outer loop
      vertex -18.1564 24.0123 0
      vertex -18.309 24.0489 5
      vertex -18.1564 24.0123 5
    endloop
  endfacet
  facet normal 0.233228 0.972422 0
    outer loop
      vertex -18.309 24.0489 5
      vertex -18.1564 24.0123 0
      vertex -18.309 24.0489 0
    endloop
  endfacet
  facet normal 0.522532 -0.85262 0
    outer loop
      vertex -18.5878 25.809 0
      vertex -18.454 25.891 5
      vertex -18.5878 25.809 5
    endloop
  endfacet
  facet normal 0.522532 -0.85262 0
    outer loop
      vertex -18.454 25.891 5
      vertex -18.5878 25.809 0
      vertex -18.454 25.891 0
    endloop
  endfacet
  facet normal 0.972422 0.233228 0
    outer loop
      vertex -18.9511 24.691 5
      vertex -18.9877 24.8436 0
      vertex -18.9877 24.8436 5
    endloop
  endfacet
  facet normal 0.972422 0.233228 0
    outer loop
      vertex -18.9877 24.8436 0
      vertex -18.9511 24.691 5
      vertex -18.9511 24.691 0
    endloop
  endfacet
  facet normal -0.85262 0.522532 0
    outer loop
      vertex -12.191 24.4122 0
      vertex -12.109 24.546 5
      vertex -12.109 24.546 0
    endloop
  endfacet
  facet normal -0.85262 0.522532 0
    outer loop
      vertex -12.109 24.546 5
      vertex -12.191 24.4122 0
      vertex -12.191 24.4122 5
    endloop
  endfacet
  facet normal -0.923792 0.382896 0
    outer loop
      vertex -12.109 24.546 0
      vertex -12.0489 24.691 5
      vertex -12.0489 24.691 0
    endloop
  endfacet
  facet normal -0.923792 0.382896 0
    outer loop
      vertex -12.0489 24.691 5
      vertex -12.109 24.546 0
      vertex -12.109 24.546 5
    endloop
  endfacet
  facet normal 0.923792 0.382896 0
    outer loop
      vertex -18.891 24.546 5
      vertex -18.9511 24.691 0
      vertex -18.9511 24.691 5
    endloop
  endfacet
  facet normal 0.923792 0.382896 0
    outer loop
      vertex -18.9511 24.691 0
      vertex -18.891 24.546 5
      vertex -18.891 24.546 0
    endloop
  endfacet
  facet normal -0.76038 0.649478 0
    outer loop
      vertex -12.2929 24.2929 0
      vertex -12.191 24.4122 5
      vertex -12.191 24.4122 0
    endloop
  endfacet
  facet normal -0.76038 0.649478 0
    outer loop
      vertex -12.191 24.4122 5
      vertex -12.2929 24.2929 0
      vertex -12.2929 24.2929 5
    endloop
  endfacet
  facet normal -0.522532 0.85262 0
    outer loop
      vertex -12.4122 24.191 0
      vertex -12.546 24.109 5
      vertex -12.4122 24.191 5
    endloop
  endfacet
  facet normal -0.522532 0.85262 0
    outer loop
      vertex -12.546 24.109 5
      vertex -12.4122 24.191 0
      vertex -12.546 24.109 0
    endloop
  endfacet
  facet normal 0.996922 0.0784024 0
    outer loop
      vertex -18.9877 24.8436 5
      vertex -19 25 0
      vertex -19 25 5
    endloop
  endfacet
  facet normal 0.996922 0.0784024 0
    outer loop
      vertex -19 25 0
      vertex -18.9877 24.8436 5
      vertex -18.9877 24.8436 0
    endloop
  endfacet
  facet normal 0.996922 -0.0784024 0
    outer loop
      vertex -19 25 5
      vertex -18.9877 25.1564 0
      vertex -18.9877 25.1564 5
    endloop
  endfacet
  facet normal 0.996922 -0.0784024 0
    outer loop
      vertex -18.9877 25.1564 0
      vertex -19 25 5
      vertex -19 25 0
    endloop
  endfacet
  facet normal -0.76038 -0.649478 0
    outer loop
      vertex -12.191 25.5878 0
      vertex -12.2929 25.7071 5
      vertex -12.2929 25.7071 0
    endloop
  endfacet
  facet normal -0.76038 -0.649478 0
    outer loop
      vertex -12.2929 25.7071 5
      vertex -12.191 25.5878 0
      vertex -12.191 25.5878 5
    endloop
  endfacet
  facet normal -0.972422 -0.233228 0
    outer loop
      vertex -12.0123 25.1564 0
      vertex -12.0489 25.309 5
      vertex -12.0489 25.309 0
    endloop
  endfacet
  facet normal -0.972422 -0.233228 0
    outer loop
      vertex -12.0489 25.309 5
      vertex -12.0123 25.1564 0
      vertex -12.0123 25.1564 5
    endloop
  endfacet
  facet normal -0.522532 -0.85262 0
    outer loop
      vertex -12.546 25.891 0
      vertex -12.4122 25.809 5
      vertex -12.546 25.891 5
    endloop
  endfacet
  facet normal -0.522532 -0.85262 -0
    outer loop
      vertex -12.4122 25.809 5
      vertex -12.546 25.891 0
      vertex -12.4122 25.809 0
    endloop
  endfacet
  facet normal 0.233549 0 0.972345
    outer loop
      vertex -15.9017 24 1.26363
      vertex -15.7034 20.5 1.216
      vertex -15.7034 24 1.216
    endloop
  endfacet
  facet normal 0.233549 0 0.972345
    outer loop
      vertex -15.7034 20.5 1.216
      vertex -15.9017 24 1.26363
      vertex -15.9017 20.5 1.26363
    endloop
  endfacet
  facet normal -0.972392 0 0.233354
    outer loop
      vertex -14.2636 20.5 2.09828
      vertex -14.216 24 2.29663
      vertex -14.2636 24 2.09828
    endloop
  endfacet
  facet normal -0.972392 0 0.233354
    outer loop
      vertex -14.216 24 2.29663
      vertex -14.2636 20.5 2.09828
      vertex -14.216 20.5 2.29663
    endloop
  endfacet
  facet normal -0.996919 0 0.078432
    outer loop
      vertex -14.216 20.5 2.29663
      vertex -14.2 24 2.5
      vertex -14.216 24 2.29663
    endloop
  endfacet
  facet normal -0.996919 0 0.078432
    outer loop
      vertex -14.2 24 2.5
      vertex -14.216 20.5 2.29663
      vertex -14.2 20.5 2.5
    endloop
  endfacet
  facet normal -0.923822 0 0.382822
    outer loop
      vertex -14.3417 20.5 1.90981
      vertex -14.2636 24 2.09828
      vertex -14.3417 24 1.90981
    endloop
  endfacet
  facet normal -0.923822 0 0.382822
    outer loop
      vertex -14.2636 24 2.09828
      vertex -14.3417 20.5 1.90981
      vertex -14.2636 20.5 2.09828
    endloop
  endfacet
  facet normal -0.233549 0 0.972345
    outer loop
      vertex -15.2966 24 1.216
      vertex -15.0983 20.5 1.26363
      vertex -15.0983 24 1.26363
    endloop
  endfacet
  facet normal -0.233549 0 0.972345
    outer loop
      vertex -15.0983 20.5 1.26363
      vertex -15.2966 24 1.216
      vertex -15.2966 20.5 1.216
    endloop
  endfacet
  facet normal -0.996919 0 -0.0784358
    outer loop
      vertex -14.2 20.5 2.5
      vertex -14.216 24 2.70336
      vertex -14.2 24 2.5
    endloop
  endfacet
  facet normal -0.996919 -0 -0.0784358
    outer loop
      vertex -14.216 24 2.70336
      vertex -14.2 20.5 2.5
      vertex -14.216 20.5 2.70336
    endloop
  endfacet
  facet normal -0.852606 0 0.522554
    outer loop
      vertex -14.4483 20.5 1.73588
      vertex -14.3417 24 1.90981
      vertex -14.4483 24 1.73588
    endloop
  endfacet
  facet normal -0.852606 0 0.522554
    outer loop
      vertex -14.3417 24 1.90981
      vertex -14.4483 20.5 1.73588
      vertex -14.3417 20.5 1.90981
    endloop
  endfacet
  facet normal -0.76037 0 0.649491
    outer loop
      vertex -14.5808 20.5 1.58076
      vertex -14.4483 24 1.73588
      vertex -14.5808 24 1.58076
    endloop
  endfacet
  facet normal -0.76037 0 0.649491
    outer loop
      vertex -14.4483 24 1.73588
      vertex -14.5808 20.5 1.58076
      vertex -14.4483 20.5 1.73588
    endloop
  endfacet
  facet normal 0.0784205 0 0.99692
    outer loop
      vertex -15.7034 24 1.216
      vertex -15.5 20.5 1.2
      vertex -15.5 24 1.2
    endloop
  endfacet
  facet normal 0.0784205 0 0.99692
    outer loop
      vertex -15.5 20.5 1.2
      vertex -15.7034 24 1.216
      vertex -15.7034 20.5 1.216
    endloop
  endfacet
  facet normal 0.522584 0 0.852588
    outer loop
      vertex -16.2641 24 1.44828
      vertex -16.0902 20.5 1.34169
      vertex -16.0902 24 1.34169
    endloop
  endfacet
  facet normal 0.522584 0 0.852588
    outer loop
      vertex -16.0902 20.5 1.34169
      vertex -16.2641 24 1.44828
      vertex -16.2641 20.5 1.44828
    endloop
  endfacet
  facet normal -0.382603 0 -0.923913
    outer loop
      vertex -15.0983 20.5 3.73637
      vertex -14.9098 24 3.65831
      vertex -14.9098 20.5 3.65831
    endloop
  endfacet
  facet normal -0.382603 0 -0.923913
    outer loop
      vertex -14.9098 24 3.65831
      vertex -15.0983 20.5 3.73637
      vertex -15.0983 24 3.73637
    endloop
  endfacet
  facet normal 0.382603 0 0.923913
    outer loop
      vertex -16.0902 24 1.34169
      vertex -15.9017 20.5 1.26363
      vertex -15.9017 24 1.26363
    endloop
  endfacet
  facet normal 0.382603 0 0.923913
    outer loop
      vertex -15.9017 20.5 1.26363
      vertex -16.0902 24 1.34169
      vertex -16.0902 20.5 1.34169
    endloop
  endfacet
  facet normal 0.972394 0 -0.233343
    outer loop
      vertex -16.7364 20.5 2.90172
      vertex -16.784 24 2.70336
      vertex -16.7364 24 2.90172
    endloop
  endfacet
  facet normal 0.972394 0 -0.233343
    outer loop
      vertex -16.784 24 2.70336
      vertex -16.7364 20.5 2.90172
      vertex -16.784 20.5 2.70336
    endloop
  endfacet
  facet normal 0.649482 0 0.760377
    outer loop
      vertex -16.4192 24 1.58076
      vertex -16.2641 20.5 1.44828
      vertex -16.2641 24 1.44828
    endloop
  endfacet
  facet normal 0.649482 0 0.760377
    outer loop
      vertex -16.2641 20.5 1.44828
      vertex -16.4192 24 1.58076
      vertex -16.4192 20.5 1.58076
    endloop
  endfacet
  facet normal -0.76037 0 -0.649491
    outer loop
      vertex -14.4483 20.5 3.26412
      vertex -14.5808 24 3.41924
      vertex -14.4483 24 3.26412
    endloop
  endfacet
  facet normal -0.76037 -0 -0.649491
    outer loop
      vertex -14.5808 24 3.41924
      vertex -14.4483 20.5 3.26412
      vertex -14.5808 20.5 3.41924
    endloop
  endfacet
  facet normal 0.996919 0 -0.0784358
    outer loop
      vertex -16.784 20.5 2.70336
      vertex -16.8 24 2.5
      vertex -16.784 24 2.70336
    endloop
  endfacet
  facet normal 0.996919 0 -0.0784358
    outer loop
      vertex -16.8 24 2.5
      vertex -16.784 20.5 2.70336
      vertex -16.8 20.5 2.5
    endloop
  endfacet
  facet normal 0.972392 -0 0.233354
    outer loop
      vertex -16.784 20.5 2.29663
      vertex -16.7364 24 2.09828
      vertex -16.784 24 2.29663
    endloop
  endfacet
  facet normal 0.972392 0 0.233354
    outer loop
      vertex -16.7364 24 2.09828
      vertex -16.784 20.5 2.29663
      vertex -16.7364 20.5 2.09828
    endloop
  endfacet
  facet normal 0.76037 0 -0.649491
    outer loop
      vertex -16.4192 20.5 3.41924
      vertex -16.5517 24 3.26412
      vertex -16.4192 24 3.41924
    endloop
  endfacet
  facet normal 0.76037 0 -0.649491
    outer loop
      vertex -16.5517 24 3.26412
      vertex -16.4192 20.5 3.41924
      vertex -16.5517 20.5 3.26412
    endloop
  endfacet
  facet normal 0.0784692 0 -0.996917
    outer loop
      vertex -15.7034 20.5 3.78399
      vertex -15.5 24 3.8
      vertex -15.5 20.5 3.8
    endloop
  endfacet
  facet normal 0.0784692 0 -0.996917
    outer loop
      vertex -15.5 24 3.8
      vertex -15.7034 20.5 3.78399
      vertex -15.7034 24 3.78399
    endloop
  endfacet
  facet normal -0.972394 0 -0.233343
    outer loop
      vertex -14.216 20.5 2.70336
      vertex -14.2636 24 2.90172
      vertex -14.216 24 2.70336
    endloop
  endfacet
  facet normal -0.972394 -0 -0.233343
    outer loop
      vertex -14.2636 24 2.90172
      vertex -14.216 20.5 2.70336
      vertex -14.2636 20.5 2.90172
    endloop
  endfacet
  facet normal -0.923822 0 -0.382822
    outer loop
      vertex -14.2636 20.5 2.90172
      vertex -14.3417 24 3.09019
      vertex -14.2636 24 2.90172
    endloop
  endfacet
  facet normal -0.923822 -0 -0.382822
    outer loop
      vertex -14.3417 24 3.09019
      vertex -14.2636 20.5 2.90172
      vertex -14.3417 20.5 3.09019
    endloop
  endfacet
  facet normal -0.649482 0 0.760377
    outer loop
      vertex -14.7359 24 1.44828
      vertex -14.5808 20.5 1.58076
      vertex -14.5808 24 1.58076
    endloop
  endfacet
  facet normal -0.649482 0 0.760377
    outer loop
      vertex -14.5808 20.5 1.58076
      vertex -14.7359 24 1.44828
      vertex -14.7359 20.5 1.44828
    endloop
  endfacet
  facet normal 0.852606 -0 0.522554
    outer loop
      vertex -16.6583 20.5 1.90981
      vertex -16.5517 24 1.73588
      vertex -16.6583 24 1.90981
    endloop
  endfacet
  facet normal 0.852606 0 0.522554
    outer loop
      vertex -16.5517 24 1.73588
      vertex -16.6583 20.5 1.90981
      vertex -16.5517 20.5 1.73588
    endloop
  endfacet
  facet normal -0.382603 0 0.923913
    outer loop
      vertex -15.0983 24 1.26363
      vertex -14.9098 20.5 1.34169
      vertex -14.9098 24 1.34169
    endloop
  endfacet
  facet normal -0.382603 0 0.923913
    outer loop
      vertex -14.9098 20.5 1.34169
      vertex -15.0983 24 1.26363
      vertex -15.0983 20.5 1.26363
    endloop
  endfacet
  facet normal -0.522584 0 0.852588
    outer loop
      vertex -14.9098 24 1.34169
      vertex -14.7359 20.5 1.44828
      vertex -14.7359 24 1.44828
    endloop
  endfacet
  facet normal -0.522584 0 0.852588
    outer loop
      vertex -14.7359 20.5 1.44828
      vertex -14.9098 24 1.34169
      vertex -14.9098 20.5 1.34169
    endloop
  endfacet
  facet normal 0.649482 0 -0.760377
    outer loop
      vertex -16.4192 20.5 3.41924
      vertex -16.2641 24 3.55172
      vertex -16.2641 20.5 3.55172
    endloop
  endfacet
  facet normal 0.649482 0 -0.760377
    outer loop
      vertex -16.2641 24 3.55172
      vertex -16.4192 20.5 3.41924
      vertex -16.4192 24 3.41924
    endloop
  endfacet
  facet normal -0.522584 0 -0.852588
    outer loop
      vertex -14.9098 20.5 3.65831
      vertex -14.7359 24 3.55172
      vertex -14.7359 20.5 3.55172
    endloop
  endfacet
  facet normal -0.522584 0 -0.852588
    outer loop
      vertex -14.7359 24 3.55172
      vertex -14.9098 20.5 3.65831
      vertex -14.9098 24 3.65831
    endloop
  endfacet
  facet normal -0.233503 0 -0.972356
    outer loop
      vertex -15.2966 20.5 3.78399
      vertex -15.0983 24 3.73637
      vertex -15.0983 20.5 3.73637
    endloop
  endfacet
  facet normal -0.233503 0 -0.972356
    outer loop
      vertex -15.0983 24 3.73637
      vertex -15.2966 20.5 3.78399
      vertex -15.2966 24 3.78399
    endloop
  endfacet
  facet normal 0.76037 -0 0.649491
    outer loop
      vertex -16.5517 20.5 1.73588
      vertex -16.4192 24 1.58076
      vertex -16.5517 24 1.73588
    endloop
  endfacet
  facet normal 0.76037 0 0.649491
    outer loop
      vertex -16.4192 24 1.58076
      vertex -16.5517 20.5 1.73588
      vertex -16.4192 20.5 1.58076
    endloop
  endfacet
  facet normal -0.852606 0 -0.522554
    outer loop
      vertex -14.3417 20.5 3.09019
      vertex -14.4483 24 3.26412
      vertex -14.3417 24 3.09019
    endloop
  endfacet
  facet normal -0.852606 -0 -0.522554
    outer loop
      vertex -14.4483 24 3.26412
      vertex -14.3417 20.5 3.09019
      vertex -14.4483 20.5 3.26412
    endloop
  endfacet
  facet normal -0.0784692 0 -0.996917
    outer loop
      vertex -15.5 20.5 3.8
      vertex -15.2966 24 3.78399
      vertex -15.2966 20.5 3.78399
    endloop
  endfacet
  facet normal -0.0784692 0 -0.996917
    outer loop
      vertex -15.2966 24 3.78399
      vertex -15.5 20.5 3.8
      vertex -15.5 24 3.8
    endloop
  endfacet
  facet normal -0.0784205 0 0.99692
    outer loop
      vertex -15.5 24 1.2
      vertex -15.2966 20.5 1.216
      vertex -15.2966 24 1.216
    endloop
  endfacet
  facet normal -0.0784205 0 0.99692
    outer loop
      vertex -15.2966 20.5 1.216
      vertex -15.5 24 1.2
      vertex -15.5 20.5 1.2
    endloop
  endfacet
  facet normal 0.996919 -0 0.078432
    outer loop
      vertex -16.8 20.5 2.5
      vertex -16.784 24 2.29663
      vertex -16.8 24 2.5
    endloop
  endfacet
  facet normal 0.996919 0 0.078432
    outer loop
      vertex -16.784 24 2.29663
      vertex -16.8 20.5 2.5
      vertex -16.784 20.5 2.29663
    endloop
  endfacet
  facet normal -0.649482 0 -0.760377
    outer loop
      vertex -14.7359 20.5 3.55172
      vertex -14.5808 24 3.41924
      vertex -14.5808 20.5 3.41924
    endloop
  endfacet
  facet normal -0.649482 0 -0.760377
    outer loop
      vertex -14.5808 24 3.41924
      vertex -14.7359 20.5 3.55172
      vertex -14.7359 24 3.55172
    endloop
  endfacet
  facet normal 0.923822 0 -0.382822
    outer loop
      vertex -16.6583 20.5 3.09019
      vertex -16.7364 24 2.90172
      vertex -16.6583 24 3.09019
    endloop
  endfacet
  facet normal 0.923822 0 -0.382822
    outer loop
      vertex -16.7364 24 2.90172
      vertex -16.6583 20.5 3.09019
      vertex -16.7364 20.5 2.90172
    endloop
  endfacet
  facet normal 0.522584 0 -0.852588
    outer loop
      vertex -16.2641 20.5 3.55172
      vertex -16.0902 24 3.65831
      vertex -16.0902 20.5 3.65831
    endloop
  endfacet
  facet normal 0.522584 0 -0.852588
    outer loop
      vertex -16.0902 24 3.65831
      vertex -16.2641 20.5 3.55172
      vertex -16.2641 24 3.55172
    endloop
  endfacet
  facet normal 0.923822 -0 0.382822
    outer loop
      vertex -16.7364 20.5 2.09828
      vertex -16.6583 24 1.90981
      vertex -16.7364 24 2.09828
    endloop
  endfacet
  facet normal 0.923822 0 0.382822
    outer loop
      vertex -16.6583 24 1.90981
      vertex -16.7364 20.5 2.09828
      vertex -16.6583 20.5 1.90981
    endloop
  endfacet
  facet normal 0.233503 0 -0.972356
    outer loop
      vertex -15.9017 20.5 3.73637
      vertex -15.7034 24 3.78399
      vertex -15.7034 20.5 3.78399
    endloop
  endfacet
  facet normal 0.233503 0 -0.972356
    outer loop
      vertex -15.7034 24 3.78399
      vertex -15.9017 20.5 3.73637
      vertex -15.9017 24 3.73637
    endloop
  endfacet
  facet normal 0.382603 0 -0.923913
    outer loop
      vertex -16.0902 20.5 3.65831
      vertex -15.9017 24 3.73637
      vertex -15.9017 20.5 3.73637
    endloop
  endfacet
  facet normal 0.382603 0 -0.923913
    outer loop
      vertex -15.9017 24 3.73637
      vertex -16.0902 20.5 3.65831
      vertex -16.0902 24 3.65831
    endloop
  endfacet
  facet normal 0.852606 0 -0.522554
    outer loop
      vertex -16.5517 20.5 3.26412
      vertex -16.6583 24 3.09019
      vertex -16.5517 24 3.26412
    endloop
  endfacet
  facet normal 0.852606 0 -0.522554
    outer loop
      vertex -16.6583 24 3.09019
      vertex -16.5517 20.5 3.26412
      vertex -16.6583 20.5 3.09019
    endloop
  endfacet
  facet normal 0.85262 0.522532 0
    outer loop
      vertex 12.191 24.4122 5
      vertex 12.109 24.546 0
      vertex 12.109 24.546 5
    endloop
  endfacet
  facet normal 0.85262 0.522532 0
    outer loop
      vertex 12.109 24.546 0
      vertex 12.191 24.4122 5
      vertex 12.191 24.4122 0
    endloop
  endfacet
  facet normal 0.0784024 0.996922 -0
    outer loop
      vertex 13 24 0
      vertex 12.8436 24.0123 5
      vertex 13 24 5
    endloop
  endfacet
  facet normal 0.0784024 0.996922 0
    outer loop
      vertex 12.8436 24.0123 5
      vertex 13 24 0
      vertex 12.8436 24.0123 0
    endloop
  endfacet
  facet normal 0.233228 -0.972422 0
    outer loop
      vertex 12.691 25.9511 0
      vertex 12.8436 25.9877 5
      vertex 12.691 25.9511 5
    endloop
  endfacet
  facet normal 0.233228 -0.972422 0
    outer loop
      vertex 12.8436 25.9877 5
      vertex 12.691 25.9511 0
      vertex 12.8436 25.9877 0
    endloop
  endfacet
  facet normal -0.649478 0.76038 0
    outer loop
      vertex 18.7071 24.2929 0
      vertex 18.5878 24.191 5
      vertex 18.7071 24.2929 5
    endloop
  endfacet
  facet normal -0.649478 0.76038 0
    outer loop
      vertex 18.5878 24.191 5
      vertex 18.7071 24.2929 0
      vertex 18.5878 24.191 0
    endloop
  endfacet
  facet normal -0.233228 0.972422 0
    outer loop
      vertex 18.309 24.0489 0
      vertex 18.1564 24.0123 5
      vertex 18.309 24.0489 5
    endloop
  endfacet
  facet normal -0.233228 0.972422 0
    outer loop
      vertex 18.1564 24.0123 5
      vertex 18.309 24.0489 0
      vertex 18.1564 24.0123 0
    endloop
  endfacet
  facet normal 0.382896 0.923792 -0
    outer loop
      vertex 12.691 24.0489 0
      vertex 12.546 24.109 5
      vertex 12.691 24.0489 5
    endloop
  endfacet
  facet normal 0.382896 0.923792 0
    outer loop
      vertex 12.546 24.109 5
      vertex 12.691 24.0489 0
      vertex 12.546 24.109 0
    endloop
  endfacet
  facet normal 0.972422 0.233228 0
    outer loop
      vertex 12.0489 24.691 5
      vertex 12.0123 24.8436 0
      vertex 12.0123 24.8436 5
    endloop
  endfacet
  facet normal 0.972422 0.233228 0
    outer loop
      vertex 12.0123 24.8436 0
      vertex 12.0489 24.691 5
      vertex 12.0489 24.691 0
    endloop
  endfacet
  facet normal -0.923792 -0.382896 0
    outer loop
      vertex 18.9511 25.309 0
      vertex 18.891 25.454 5
      vertex 18.891 25.454 0
    endloop
  endfacet
  facet normal -0.923792 -0.382896 0
    outer loop
      vertex 18.891 25.454 5
      vertex 18.9511 25.309 0
      vertex 18.9511 25.309 5
    endloop
  endfacet
  facet normal 0.76038 -0.649478 0
    outer loop
      vertex 12.191 25.5878 5
      vertex 12.2929 25.7071 0
      vertex 12.2929 25.7071 5
    endloop
  endfacet
  facet normal 0.76038 -0.649478 0
    outer loop
      vertex 12.2929 25.7071 0
      vertex 12.191 25.5878 5
      vertex 12.191 25.5878 0
    endloop
  endfacet
  facet normal -0.382896 -0.923792 0
    outer loop
      vertex 18.309 25.9511 0
      vertex 18.454 25.891 5
      vertex 18.309 25.9511 5
    endloop
  endfacet
  facet normal -0.382896 -0.923792 -0
    outer loop
      vertex 18.454 25.891 5
      vertex 18.309 25.9511 0
      vertex 18.454 25.891 0
    endloop
  endfacet
  facet normal 0 -1 0
    outer loop
      vertex 13 26 0
      vertex 18 26 5
      vertex 13 26 5
    endloop
  endfacet
  facet normal 0 -1 -0
    outer loop
      vertex 18 26 5
      vertex 13 26 0
      vertex 18 26 0
    endloop
  endfacet
  facet normal 0.996922 -0.0784024 0
    outer loop
      vertex 12 25 5
      vertex 12.0123 25.1564 0
      vertex 12.0123 25.1564 5
    endloop
  endfacet
  facet normal 0.996922 -0.0784024 0
    outer loop
      vertex 12.0123 25.1564 0
      vertex 12 25 5
      vertex 12 25 0
    endloop
  endfacet
  facet normal -0.76038 0.649478 0
    outer loop
      vertex 18.7071 24.2929 0
      vertex 18.809 24.4122 5
      vertex 18.809 24.4122 0
    endloop
  endfacet
  facet normal -0.76038 0.649478 0
    outer loop
      vertex 18.809 24.4122 5
      vertex 18.7071 24.2929 0
      vertex 18.7071 24.2929 5
    endloop
  endfacet
  facet normal 0.382896 -0.923792 0
    outer loop
      vertex 12.546 25.891 0
      vertex 12.691 25.9511 5
      vertex 12.546 25.891 5
    endloop
  endfacet
  facet normal 0.382896 -0.923792 0
    outer loop
      vertex 12.691 25.9511 5
      vertex 12.546 25.891 0
      vertex 12.691 25.9511 0
    endloop
  endfacet
  facet normal 0.923792 0.382896 0
    outer loop
      vertex 12.109 24.546 5
      vertex 12.0489 24.691 0
      vertex 12.0489 24.691 5
    endloop
  endfacet
  facet normal 0.923792 0.382896 0
    outer loop
      vertex 12.0489 24.691 0
      vertex 12.109 24.546 5
      vertex 12.109 24.546 0
    endloop
  endfacet
  facet normal -0.522532 0.85262 0
    outer loop
      vertex 18.5878 24.191 0
      vertex 18.454 24.109 5
      vertex 18.5878 24.191 5
    endloop
  endfacet
  facet normal -0.522532 0.85262 0
    outer loop
      vertex 18.454 24.109 5
      vertex 18.5878 24.191 0
      vertex 18.454 24.109 0
    endloop
  endfacet
  facet normal 0.85262 -0.522532 0
    outer loop
      vertex 12.109 25.454 5
      vertex 12.191 25.5878 0
      vertex 12.191 25.5878 5
    endloop
  endfacet
  facet normal 0.85262 -0.522532 0
    outer loop
      vertex 12.191 25.5878 0
      vertex 12.109 25.454 5
      vertex 12.109 25.454 0
    endloop
  endfacet
  facet normal -0.923792 0.382896 0
    outer loop
      vertex 18.891 24.546 0
      vertex 18.9511 24.691 5
      vertex 18.9511 24.691 0
    endloop
  endfacet
  facet normal -0.923792 0.382896 0
    outer loop
      vertex 18.9511 24.691 5
      vertex 18.891 24.546 0
      vertex 18.891 24.546 5
    endloop
  endfacet
  facet normal 0.972422 -0.233228 0
    outer loop
      vertex 12.0123 25.1564 5
      vertex 12.0489 25.309 0
      vertex 12.0489 25.309 5
    endloop
  endfacet
  facet normal 0.972422 -0.233228 0
    outer loop
      vertex 12.0489 25.309 0
      vertex 12.0123 25.1564 5
      vertex 12.0123 25.1564 0
    endloop
  endfacet
  facet normal 0.996922 0.0784024 0
    outer loop
      vertex 12.0123 24.8436 5
      vertex 12 25 0
      vertex 12 25 5
    endloop
  endfacet
  facet normal 0.996922 0.0784024 0
    outer loop
      vertex 12 25 0
      vertex 12.0123 24.8436 5
      vertex 12.0123 24.8436 0
    endloop
  endfacet
  facet normal -0.996922 -0.0784024 0
    outer loop
      vertex 19 25 0
      vertex 18.9877 25.1564 5
      vertex 18.9877 25.1564 0
    endloop
  endfacet
  facet normal -0.996922 -0.0784024 0
    outer loop
      vertex 18.9877 25.1564 5
      vertex 19 25 0
      vertex 19 25 5
    endloop
  endfacet
  facet normal 0.76038 0.649478 0
    outer loop
      vertex 12.2929 24.2929 5
      vertex 12.191 24.4122 0
      vertex 12.191 24.4122 5
    endloop
  endfacet
  facet normal 0.76038 0.649478 0
    outer loop
      vertex 12.191 24.4122 0
      vertex 12.2929 24.2929 5
      vertex 12.2929 24.2929 0
    endloop
  endfacet
  facet normal 0 1 0
    outer loop
      vertex 18 24 5
      vertex 15.5 24 3.8
      vertex 13 24 5
    endloop
  endfacet
  facet normal 0 1 0
    outer loop
      vertex 18 24 5
      vertex 15.7034 24 3.78399
      vertex 15.5 24 3.8
    endloop
  endfacet
  facet normal 0 1 0
    outer loop
      vertex 18 24 5
      vertex 15.9017 24 3.73637
      vertex 15.7034 24 3.78399
    endloop
  endfacet
  facet normal 0 1 0
    outer loop
      vertex 18 24 5
      vertex 16.0902 24 3.65831
      vertex 15.9017 24 3.73637
    endloop
  endfacet
  facet normal 0 1 0
    outer loop
      vertex 18 24 5
      vertex 16.2641 24 3.55172
      vertex 16.0902 24 3.65831
    endloop
  endfacet
  facet normal 0 1 0
    outer loop
      vertex 18 24 5
      vertex 16.4192 24 3.41924
      vertex 16.2641 24 3.55172
    endloop
  endfacet
  facet normal 0 1 0
    outer loop
      vertex 18 24 5
      vertex 16.5517 24 3.26412
      vertex 16.4192 24 3.41924
    endloop
  endfacet
  facet normal 0 1 0
    outer loop
      vertex 18 24 5
      vertex 16.6583 24 3.09019
      vertex 16.5517 24 3.26412
    endloop
  endfacet
  facet normal 0 1 0
    outer loop
      vertex 18 24 5
      vertex 16.7364 24 2.90172
      vertex 16.6583 24 3.09019
    endloop
  endfacet
  facet normal 0 1 0
    outer loop
      vertex 18 24 5
      vertex 16.784 24 2.70336
      vertex 16.7364 24 2.90172
    endloop
  endfacet
  facet normal 0 1 0
    outer loop
      vertex 18 24 5
      vertex 16.8 24 2.5
      vertex 16.784 24 2.70336
    endloop
  endfacet
  facet normal 0 1 -0
    outer loop
      vertex 18 24 0
      vertex 16.8 24 2.5
      vertex 18 24 5
    endloop
  endfacet
  facet normal 0 1 0
    outer loop
      vertex 16.8 24 2.5
      vertex 18 24 0
      vertex 16.784 24 2.29663
    endloop
  endfacet
  facet normal 0 1 0
    outer loop
      vertex 16.784 24 2.29663
      vertex 18 24 0
      vertex 16.7364 24 2.09828
    endloop
  endfacet
  facet normal 0 1 0
    outer loop
      vertex 15.7034 24 1.216
      vertex 18 24 0
      vertex 15.5 24 1.2
    endloop
  endfacet
  facet normal 0 1 0
    outer loop
      vertex 15.9017 24 1.26363
      vertex 18 24 0
      vertex 15.7034 24 1.216
    endloop
  endfacet
  facet normal 0 1 0
    outer loop
      vertex 16.0902 24 1.34169
      vertex 18 24 0
      vertex 15.9017 24 1.26363
    endloop
  endfacet
  facet normal 0 1 0
    outer loop
      vertex 16.2641 24 1.44828
      vertex 18 24 0
      vertex 16.0902 24 1.34169
    endloop
  endfacet
  facet normal 0 1 0
    outer loop
      vertex 16.4192 24 1.58076
      vertex 18 24 0
      vertex 16.2641 24 1.44828
    endloop
  endfacet
  facet normal 0 1 0
    outer loop
      vertex 16.5517 24 1.73588
      vertex 18 24 0
      vertex 16.4192 24 1.58076
    endloop
  endfacet
  facet normal 0 1 0
    outer loop
      vertex 16.6583 24 1.90981
      vertex 18 24 0
      vertex 16.5517 24 1.73588
    endloop
  endfacet
  facet normal 0 1 0
    outer loop
      vertex 16.7364 24 2.09828
      vertex 18 24 0
      vertex 16.6583 24 1.90981
    endloop
  endfacet
  facet normal 0 1 -0
    outer loop
      vertex 15.2966 24 3.78399
      vertex 13 24 5
      vertex 15.5 24 3.8
    endloop
  endfacet
  facet normal 0 1 -0
    outer loop
      vertex 15.0983 24 3.73637
      vertex 13 24 5
      vertex 15.2966 24 3.78399
    endloop
  endfacet
  facet normal 0 1 -0
    outer loop
      vertex 14.9098 24 3.65831
      vertex 13 24 5
      vertex 15.0983 24 3.73637
    endloop
  endfacet
  facet normal 0 1 -0
    outer loop
      vertex 14.7359 24 3.55172
      vertex 13 24 5
      vertex 14.9098 24 3.65831
    endloop
  endfacet
  facet normal 0 1 -0
    outer loop
      vertex 14.5808 24 3.41924
      vertex 13 24 5
      vertex 14.7359 24 3.55172
    endloop
  endfacet
  facet normal 0 1 -0
    outer loop
      vertex 14.4483 24 3.26412
      vertex 13 24 5
      vertex 14.5808 24 3.41924
    endloop
  endfacet
  facet normal 0 1 -0
    outer loop
      vertex 14.3417 24 3.09019
      vertex 13 24 5
      vertex 14.4483 24 3.26412
    endloop
  endfacet
  facet normal 0 1 -0
    outer loop
      vertex 14.2636 24 2.90172
      vertex 13 24 5
      vertex 14.3417 24 3.09019
    endloop
  endfacet
  facet normal 0 1 -0
    outer loop
      vertex 14.216 24 2.70336
      vertex 13 24 5
      vertex 14.2636 24 2.90172
    endloop
  endfacet
  facet normal 0 1 -0
    outer loop
      vertex 14.2 24 2.5
      vertex 13 24 5
      vertex 14.216 24 2.70336
    endloop
  endfacet
  facet normal 0 1 0
    outer loop
      vertex 13 24 0
      vertex 14.2 24 2.5
      vertex 14.216 24 2.29663
    endloop
  endfacet
  facet normal 0 1 0
    outer loop
      vertex 13 24 0
      vertex 14.216 24 2.29663
      vertex 14.2636 24 2.09828
    endloop
  endfacet
  facet normal 0 1 0
    outer loop
      vertex 13 24 0
      vertex 14.2636 24 2.09828
      vertex 14.3417 24 1.90981
    endloop
  endfacet
  facet normal 0 1 0
    outer loop
      vertex 13 24 0
      vertex 15.5 24 1.2
      vertex 18 24 0
    endloop
  endfacet
  facet normal 0 1 0
    outer loop
      vertex 15.5 24 1.2
      vertex 13 24 0
      vertex 15.2966 24 1.216
    endloop
  endfacet
  facet normal 0 1 0
    outer loop
      vertex 15.2966 24 1.216
      vertex 13 24 0
      vertex 15.0983 24 1.26363
    endloop
  endfacet
  facet normal 0 1 0
    outer loop
      vertex 14.2 24 2.5
      vertex 13 24 0
      vertex 13 24 5
    endloop
  endfacet
  facet normal 0 1 0
    outer loop
      vertex 14.4483 24 1.73588
      vertex 13 24 0
      vertex 14.3417 24 1.90981
    endloop
  endfacet
  facet normal 0 1 0
    outer loop
      vertex 14.5808 24 1.58076
      vertex 13 24 0
      vertex 14.4483 24 1.73588
    endloop
  endfacet
  facet normal 0 1 0
    outer loop
      vertex 14.7359 24 1.44828
      vertex 13 24 0
      vertex 14.5808 24 1.58076
    endloop
  endfacet
  facet normal 0 1 0
    outer loop
      vertex 14.9098 24 1.34169
      vertex 13 24 0
      vertex 14.7359 24 1.44828
    endloop
  endfacet
  facet normal 0 1 0
    outer loop
      vertex 15.0983 24 1.26363
      vertex 13 24 0
      vertex 14.9098 24 1.34169
    endloop
  endfacet
  facet normal -0.522532 -0.85262 0
    outer loop
      vertex 18.454 25.891 0
      vertex 18.5878 25.809 5
      vertex 18.454 25.891 5
    endloop
  endfacet
  facet normal -0.522532 -0.85262 -0
    outer loop
      vertex 18.5878 25.809 5
      vertex 18.454 25.891 0
      vertex 18.5878 25.809 0
    endloop
  endfacet
  facet normal 0.522532 -0.85262 0
    outer loop
      vertex 12.4122 25.809 0
      vertex 12.546 25.891 5
      vertex 12.4122 25.809 5
    endloop
  endfacet
  facet normal 0.522532 -0.85262 0
    outer loop
      vertex 12.546 25.891 5
      vertex 12.4122 25.809 0
      vertex 12.546 25.891 0
    endloop
  endfacet
  facet normal -0.85262 0.522532 0
    outer loop
      vertex 18.809 24.4122 0
      vertex 18.891 24.546 5
      vertex 18.891 24.546 0
    endloop
  endfacet
  facet normal -0.85262 0.522532 0
    outer loop
      vertex 18.891 24.546 5
      vertex 18.809 24.4122 0
      vertex 18.809 24.4122 5
    endloop
  endfacet
  facet normal -0.996922 0.0784024 0
    outer loop
      vertex 18.9877 24.8436 0
      vertex 19 25 5
      vertex 19 25 0
    endloop
  endfacet
  facet normal -0.996922 0.0784024 0
    outer loop
      vertex 19 25 5
      vertex 18.9877 24.8436 0
      vertex 18.9877 24.8436 5
    endloop
  endfacet
  facet normal 0.522532 0.85262 -0
    outer loop
      vertex 12.546 24.109 0
      vertex 12.4122 24.191 5
      vertex 12.546 24.109 5
    endloop
  endfacet
  facet normal 0.522532 0.85262 0
    outer loop
      vertex 12.4122 24.191 5
      vertex 12.546 24.109 0
      vertex 12.4122 24.191 0
    endloop
  endfacet
  facet normal -0.233228 -0.972422 0
    outer loop
      vertex 18.1564 25.9877 0
      vertex 18.309 25.9511 5
      vertex 18.1564 25.9877 5
    endloop
  endfacet
  facet normal -0.233228 -0.972422 -0
    outer loop
      vertex 18.309 25.9511 5
      vertex 18.1564 25.9877 0
      vertex 18.309 25.9511 0
    endloop
  endfacet
  facet normal -0.972422 0.233228 0
    outer loop
      vertex 18.9511 24.691 0
      vertex 18.9877 24.8436 5
      vertex 18.9877 24.8436 0
    endloop
  endfacet
  facet normal -0.972422 0.233228 0
    outer loop
      vertex 18.9877 24.8436 5
      vertex 18.9511 24.691 0
      vertex 18.9511 24.691 5
    endloop
  endfacet
  facet normal 0.0784024 -0.996922 0
    outer loop
      vertex 12.8436 25.9877 0
      vertex 13 26 5
      vertex 12.8436 25.9877 5
    endloop
  endfacet
  facet normal 0.0784024 -0.996922 0
    outer loop
      vertex 13 26 5
      vertex 12.8436 25.9877 0
      vertex 13 26 0
    endloop
  endfacet
  facet normal 0.233228 0.972422 -0
    outer loop
      vertex 12.8436 24.0123 0
      vertex 12.691 24.0489 5
      vertex 12.8436 24.0123 5
    endloop
  endfacet
  facet normal 0.233228 0.972422 0
    outer loop
      vertex 12.691 24.0489 5
      vertex 12.8436 24.0123 0
      vertex 12.691 24.0489 0
    endloop
  endfacet
  facet normal -0.76038 -0.649478 0
    outer loop
      vertex 18.809 25.5878 0
      vertex 18.7071 25.7071 5
      vertex 18.7071 25.7071 0
    endloop
  endfacet
  facet normal -0.76038 -0.649478 0
    outer loop
      vertex 18.7071 25.7071 5
      vertex 18.809 25.5878 0
      vertex 18.809 25.5878 5
    endloop
  endfacet
  facet normal -0.85262 -0.522532 0
    outer loop
      vertex 18.891 25.454 0
      vertex 18.809 25.5878 5
      vertex 18.809 25.5878 0
    endloop
  endfacet
  facet normal -0.85262 -0.522532 0
    outer loop
      vertex 18.809 25.5878 5
      vertex 18.891 25.454 0
      vertex 18.891 25.454 5
    endloop
  endfacet
  facet normal 0.923792 -0.382896 0
    outer loop
      vertex 12.0489 25.309 5
      vertex 12.109 25.454 0
      vertex 12.109 25.454 5
    endloop
  endfacet
  facet normal 0.923792 -0.382896 0
    outer loop
      vertex 12.109 25.454 0
      vertex 12.0489 25.309 5
      vertex 12.0489 25.309 0
    endloop
  endfacet
  facet normal -0.0784024 0.996922 0
    outer loop
      vertex 18.1564 24.0123 0
      vertex 18 24 5
      vertex 18.1564 24.0123 5
    endloop
  endfacet
  facet normal -0.0784024 0.996922 0
    outer loop
      vertex 18 24 5
      vertex 18.1564 24.0123 0
      vertex 18 24 0
    endloop
  endfacet
  facet normal 0.649478 0.76038 -0
    outer loop
      vertex 12.4122 24.191 0
      vertex 12.2929 24.2929 5
      vertex 12.4122 24.191 5
    endloop
  endfacet
  facet normal 0.649478 0.76038 0
    outer loop
      vertex 12.2929 24.2929 5
      vertex 12.4122 24.191 0
      vertex 12.2929 24.2929 0
    endloop
  endfacet
  facet normal -0.649478 -0.76038 0
    outer loop
      vertex 18.5878 25.809 0
      vertex 18.7071 25.7071 5
      vertex 18.5878 25.809 5
    endloop
  endfacet
  facet normal -0.649478 -0.76038 -0
    outer loop
      vertex 18.7071 25.7071 5
      vertex 18.5878 25.809 0
      vertex 18.7071 25.7071 0
    endloop
  endfacet
  facet normal -0.972422 -0.233228 0
    outer loop
      vertex 18.9877 25.1564 0
      vertex 18.9511 25.309 5
      vertex 18.9511 25.309 0
    endloop
  endfacet
  facet normal -0.972422 -0.233228 0
    outer loop
      vertex 18.9511 25.309 5
      vertex 18.9877 25.1564 0
      vertex 18.9877 25.1564 5
    endloop
  endfacet
  facet normal 0.649478 -0.76038 0
    outer loop
      vertex 12.2929 25.7071 0
      vertex 12.4122 25.809 5
      vertex 12.2929 25.7071 5
    endloop
  endfacet
  facet normal 0.649478 -0.76038 0
    outer loop
      vertex 12.4122 25.809 5
      vertex 12.2929 25.7071 0
      vertex 12.4122 25.809 0
    endloop
  endfacet
  facet normal -0.0784024 -0.996922 0
    outer loop
      vertex 18 26 0
      vertex 18.1564 25.9877 5
      vertex 18 26 5
    endloop
  endfacet
  facet normal -0.0784024 -0.996922 -0
    outer loop
      vertex 18.1564 25.9877 5
      vertex 18 26 0
      vertex 18.1564 25.9877 0
    endloop
  endfacet
  facet normal -0.382896 0.923792 0
    outer loop
      vertex 18.454 24.109 0
      vertex 18.309 24.0489 5
      vertex 18.454 24.109 5
    endloop
  endfacet
  facet normal -0.382896 0.923792 0
    outer loop
      vertex 18.309 24.0489 5
      vertex 18.454 24.109 0
      vertex 18.309 24.0489 0
    endloop
  endfacet
  facet normal 0.233549 0 0.972345
    outer loop
      vertex 15.0983 24 1.26363
      vertex 15.2966 20.5 1.216
      vertex 15.2966 24 1.216
    endloop
  endfacet
  facet normal 0.233549 0 0.972345
    outer loop
      vertex 15.2966 20.5 1.216
      vertex 15.0983 24 1.26363
      vertex 15.0983 20.5 1.26363
    endloop
  endfacet
  facet normal -0.972392 0 0.233354
    outer loop
      vertex 16.7364 20.5 2.09828
      vertex 16.784 24 2.29663
      vertex 16.7364 24 2.09828
    endloop
  endfacet
  facet normal -0.972392 0 0.233354
    outer loop
      vertex 16.784 24 2.29663
      vertex 16.7364 20.5 2.09828
      vertex 16.784 20.5 2.29663
    endloop
  endfacet
  facet normal -0.996919 0 0.078432
    outer loop
      vertex 16.784 20.5 2.29663
      vertex 16.8 24 2.5
      vertex 16.784 24 2.29663
    endloop
  endfacet
  facet normal -0.996919 0 0.078432
    outer loop
      vertex 16.8 24 2.5
      vertex 16.784 20.5 2.29663
      vertex 16.8 20.5 2.5
    endloop
  endfacet
  facet normal -0.923822 0 0.382822
    outer loop
      vertex 16.6583 20.5 1.90981
      vertex 16.7364 24 2.09828
      vertex 16.6583 24 1.90981
    endloop
  endfacet
  facet normal -0.923822 0 0.382822
    outer loop
      vertex 16.7364 24 2.09828
      vertex 16.6583 20.5 1.90981
      vertex 16.7364 20.5 2.09828
    endloop
  endfacet
  facet normal -0.233549 0 0.972345
    outer loop
      vertex 15.7034 24 1.216
      vertex 15.9017 20.5 1.26363
      vertex 15.9017 24 1.26363
    endloop
  endfacet
  facet normal -0.233549 0 0.972345
    outer loop
      vertex 15.9017 20.5 1.26363
      vertex 15.7034 24 1.216
      vertex 15.7034 20.5 1.216
    endloop
  endfacet
  facet normal -0.996919 0 -0.0784358
    outer loop
      vertex 16.8 20.5 2.5
      vertex 16.784 24 2.70336
      vertex 16.8 24 2.5
    endloop
  endfacet
  facet normal -0.996919 -0 -0.0784358
    outer loop
      vertex 16.784 24 2.70336
      vertex 16.8 20.5 2.5
      vertex 16.784 20.5 2.70336
    endloop
  endfacet
  facet normal -0.852606 0 0.522554
    outer loop
      vertex 16.5517 20.5 1.73588
      vertex 16.6583 24 1.90981
      vertex 16.5517 24 1.73588
    endloop
  endfacet
  facet normal -0.852606 0 0.522554
    outer loop
      vertex 16.6583 24 1.90981
      vertex 16.5517 20.5 1.73588
      vertex 16.6583 20.5 1.90981
    endloop
  endfacet
  facet normal -0.76037 0 0.649491
    outer loop
      vertex 16.4192 20.5 1.58076
      vertex 16.5517 24 1.73588
      vertex 16.4192 24 1.58076
    endloop
  endfacet
  facet normal -0.76037 0 0.649491
    outer loop
      vertex 16.5517 24 1.73588
      vertex 16.4192 20.5 1.58076
      vertex 16.5517 20.5 1.73588
    endloop
  endfacet
  facet normal 0.0784205 0 0.99692
    outer loop
      vertex 15.2966 24 1.216
      vertex 15.5 20.5 1.2
      vertex 15.5 24 1.2
    endloop
  endfacet
  facet normal 0.0784205 0 0.99692
    outer loop
      vertex 15.5 20.5 1.2
      vertex 15.2966 24 1.216
      vertex 15.2966 20.5 1.216
    endloop
  endfacet
  facet normal 0.522584 0 0.852588
    outer loop
      vertex 14.7359 24 1.44828
      vertex 14.9098 20.5 1.34169
      vertex 14.9098 24 1.34169
    endloop
  endfacet
  facet normal 0.522584 0 0.852588
    outer loop
      vertex 14.9098 20.5 1.34169
      vertex 14.7359 24 1.44828
      vertex 14.7359 20.5 1.44828
    endloop
  endfacet
  facet normal -0.382603 0 -0.923913
    outer loop
      vertex 15.9017 20.5 3.73637
      vertex 16.0902 24 3.65831
      vertex 16.0902 20.5 3.65831
    endloop
  endfacet
  facet normal -0.382603 0 -0.923913
    outer loop
      vertex 16.0902 24 3.65831
      vertex 15.9017 20.5 3.73637
      vertex 15.9017 24 3.73637
    endloop
  endfacet
  facet normal 0.382603 0 0.923913
    outer loop
      vertex 14.9098 24 1.34169
      vertex 15.0983 20.5 1.26363
      vertex 15.0983 24 1.26363
    endloop
  endfacet
  facet normal 0.382603 0 0.923913
    outer loop
      vertex 15.0983 20.5 1.26363
      vertex 14.9098 24 1.34169
      vertex 14.9098 20.5 1.34169
    endloop
  endfacet
  facet normal 0.972394 0 -0.233343
    outer loop
      vertex 14.2636 20.5 2.90172
      vertex 14.216 24 2.70336
      vertex 14.2636 24 2.90172
    endloop
  endfacet
  facet normal 0.972394 0 -0.233343
    outer loop
      vertex 14.216 24 2.70336
      vertex 14.2636 20.5 2.90172
      vertex 14.216 20.5 2.70336
    endloop
  endfacet
  facet normal 0.649482 0 0.760377
    outer loop
      vertex 14.5808 24 1.58076
      vertex 14.7359 20.5 1.44828
      vertex 14.7359 24 1.44828
    endloop
  endfacet
  facet normal 0.649482 0 0.760377
    outer loop
      vertex 14.7359 20.5 1.44828
      vertex 14.5808 24 1.58076
      vertex 14.5808 20.5 1.58076
    endloop
  endfacet
  facet normal -0.76037 0 -0.649491
    outer loop
      vertex 16.5517 20.5 3.26412
      vertex 16.4192 24 3.41924
      vertex 16.5517 24 3.26412
    endloop
  endfacet
  facet normal -0.76037 -0 -0.649491
    outer loop
      vertex 16.4192 24 3.41924
      vertex 16.5517 20.5 3.26412
      vertex 16.4192 20.5 3.41924
    endloop
  endfacet
  facet normal 0.996919 0 -0.0784358
    outer loop
      vertex 14.216 20.5 2.70336
      vertex 14.2 24 2.5
      vertex 14.216 24 2.70336
    endloop
  endfacet
  facet normal 0.996919 0 -0.0784358
    outer loop
      vertex 14.2 24 2.5
      vertex 14.216 20.5 2.70336
      vertex 14.2 20.5 2.5
    endloop
  endfacet
  facet normal 0.972392 -0 0.233354
    outer loop
      vertex 14.216 20.5 2.29663
      vertex 14.2636 24 2.09828
      vertex 14.216 24 2.29663
    endloop
  endfacet
  facet normal 0.972392 0 0.233354
    outer loop
      vertex 14.2636 24 2.09828
      vertex 14.216 20.5 2.29663
      vertex 14.2636 20.5 2.09828
    endloop
  endfacet
  facet normal 0.76037 0 -0.649491
    outer loop
      vertex 14.5808 20.5 3.41924
      vertex 14.4483 24 3.26412
      vertex 14.5808 24 3.41924
    endloop
  endfacet
  facet normal 0.76037 0 -0.649491
    outer loop
      vertex 14.4483 24 3.26412
      vertex 14.5808 20.5 3.41924
      vertex 14.4483 20.5 3.26412
    endloop
  endfacet
  facet normal 0.0784692 0 -0.996917
    outer loop
      vertex 15.2966 20.5 3.78399
      vertex 15.5 24 3.8
      vertex 15.5 20.5 3.8
    endloop
  endfacet
  facet normal 0.0784692 0 -0.996917
    outer loop
      vertex 15.5 24 3.8
      vertex 15.2966 20.5 3.78399
      vertex 15.2966 24 3.78399
    endloop
  endfacet
  facet normal -0.972394 0 -0.233343
    outer loop
      vertex 16.784 20.5 2.70336
      vertex 16.7364 24 2.90172
      vertex 16.784 24 2.70336
    endloop
  endfacet
  facet normal -0.972394 -0 -0.233343
    outer loop
      vertex 16.7364 24 2.90172
      vertex 16.784 20.5 2.70336
      vertex 16.7364 20.5 2.90172
    endloop
  endfacet
  facet normal -0.923822 0 -0.382822
    outer loop
      vertex 16.7364 20.5 2.90172
      vertex 16.6583 24 3.09019
      vertex 16.7364 24 2.90172
    endloop
  endfacet
  facet normal -0.923822 -0 -0.382822
    outer loop
      vertex 16.6583 24 3.09019
      vertex 16.7364 20.5 2.90172
      vertex 16.6583 20.5 3.09019
    endloop
  endfacet
  facet normal -0.649482 0 0.760377
    outer loop
      vertex 16.2641 24 1.44828
      vertex 16.4192 20.5 1.58076
      vertex 16.4192 24 1.58076
    endloop
  endfacet
  facet normal -0.649482 0 0.760377
    outer loop
      vertex 16.4192 20.5 1.58076
      vertex 16.2641 24 1.44828
      vertex 16.2641 20.5 1.44828
    endloop
  endfacet
  facet normal 0.852606 -0 0.522554
    outer loop
      vertex 14.3417 20.5 1.90981
      vertex 14.4483 24 1.73588
      vertex 14.3417 24 1.90981
    endloop
  endfacet
  facet normal 0.852606 0 0.522554
    outer loop
      vertex 14.4483 24 1.73588
      vertex 14.3417 20.5 1.90981
      vertex 14.4483 20.5 1.73588
    endloop
  endfacet
  facet normal -0.382603 0 0.923913
    outer loop
      vertex 15.9017 24 1.26363
      vertex 16.0902 20.5 1.34169
      vertex 16.0902 24 1.34169
    endloop
  endfacet
  facet normal -0.382603 0 0.923913
    outer loop
      vertex 16.0902 20.5 1.34169
      vertex 15.9017 24 1.26363
      vertex 15.9017 20.5 1.26363
    endloop
  endfacet
  facet normal -0.522584 0 0.852588
    outer loop
      vertex 16.0902 24 1.34169
      vertex 16.2641 20.5 1.44828
      vertex 16.2641 24 1.44828
    endloop
  endfacet
  facet normal -0.522584 0 0.852588
    outer loop
      vertex 16.2641 20.5 1.44828
      vertex 16.0902 24 1.34169
      vertex 16.0902 20.5 1.34169
    endloop
  endfacet
  facet normal 0.649482 0 -0.760377
    outer loop
      vertex 14.5808 20.5 3.41924
      vertex 14.7359 24 3.55172
      vertex 14.7359 20.5 3.55172
    endloop
  endfacet
  facet normal 0.649482 0 -0.760377
    outer loop
      vertex 14.7359 24 3.55172
      vertex 14.5808 20.5 3.41924
      vertex 14.5808 24 3.41924
    endloop
  endfacet
  facet normal -0.522584 0 -0.852588
    outer loop
      vertex 16.0902 20.5 3.65831
      vertex 16.2641 24 3.55172
      vertex 16.2641 20.5 3.55172
    endloop
  endfacet
  facet normal -0.522584 0 -0.852588
    outer loop
      vertex 16.2641 24 3.55172
      vertex 16.0902 20.5 3.65831
      vertex 16.0902 24 3.65831
    endloop
  endfacet
  facet normal -0.233503 0 -0.972356
    outer loop
      vertex 15.7034 20.5 3.78399
      vertex 15.9017 24 3.73637
      vertex 15.9017 20.5 3.73637
    endloop
  endfacet
  facet normal -0.233503 0 -0.972356
    outer loop
      vertex 15.9017 24 3.73637
      vertex 15.7034 20.5 3.78399
      vertex 15.7034 24 3.78399
    endloop
  endfacet
  facet normal 0.76037 -0 0.649491
    outer loop
      vertex 14.4483 20.5 1.73588
      vertex 14.5808 24 1.58076
      vertex 14.4483 24 1.73588
    endloop
  endfacet
  facet normal 0.76037 0 0.649491
    outer loop
      vertex 14.5808 24 1.58076
      vertex 14.4483 20.5 1.73588
      vertex 14.5808 20.5 1.58076
    endloop
  endfacet
  facet normal -0.852606 0 -0.522554
    outer loop
      vertex 16.6583 20.5 3.09019
      vertex 16.5517 24 3.26412
      vertex 16.6583 24 3.09019
    endloop
  endfacet
  facet normal -0.852606 -0 -0.522554
    outer loop
      vertex 16.5517 24 3.26412
      vertex 16.6583 20.5 3.09019
      vertex 16.5517 20.5 3.26412
    endloop
  endfacet
  facet normal -0.0784692 0 -0.996917
    outer loop
      vertex 15.5 20.5 3.8
      vertex 15.7034 24 3.78399
      vertex 15.7034 20.5 3.78399
    endloop
  endfacet
  facet normal -0.0784692 0 -0.996917
    outer loop
      vertex 15.7034 24 3.78399
      vertex 15.5 20.5 3.8
      vertex 15.5 24 3.8
    endloop
  endfacet
  facet normal -0.0784205 0 0.99692
    outer loop
      vertex 15.5 24 1.2
      vertex 15.7034 20.5 1.216
      vertex 15.7034 24 1.216
    endloop
  endfacet
  facet normal -0.0784205 0 0.99692
    outer loop
      vertex 15.7034 20.5 1.216
      vertex 15.5 24 1.2
      vertex 15.5 20.5 1.2
    endloop
  endfacet
  facet normal -0.649482 0 -0.760377
    outer loop
      vertex 16.2641 20.5 3.55172
      vertex 16.4192 24 3.41924
      vertex 16.4192 20.5 3.41924
    endloop
  endfacet
  facet normal -0.649482 0 -0.760377
    outer loop
      vertex 16.4192 24 3.41924
      vertex 16.2641 20.5 3.55172
      vertex 16.2641 24 3.55172
    endloop
  endfacet
  facet normal 0.923822 0 -0.382822
    outer loop
      vertex 14.3417 20.5 3.09019
      vertex 14.2636 24 2.90172
      vertex 14.3417 24 3.09019
    endloop
  endfacet
  facet normal 0.923822 0 -0.382822
    outer loop
      vertex 14.2636 24 2.90172
      vertex 14.3417 20.5 3.09019
      vertex 14.2636 20.5 2.90172
    endloop
  endfacet
  facet normal 0.996919 -0 0.078432
    outer loop
      vertex 14.2 20.5 2.5
      vertex 14.216 24 2.29663
      vertex 14.2 24 2.5
    endloop
  endfacet
  facet normal 0.996919 0 0.078432
    outer loop
      vertex 14.216 24 2.29663
      vertex 14.2 20.5 2.5
      vertex 14.216 20.5 2.29663
    endloop
  endfacet
  facet normal 0.522584 0 -0.852588
    outer loop
      vertex 14.7359 20.5 3.55172
      vertex 14.9098 24 3.65831
      vertex 14.9098 20.5 3.65831
    endloop
  endfacet
  facet normal 0.522584 0 -0.852588
    outer loop
      vertex 14.9098 24 3.65831
      vertex 14.7359 20.5 3.55172
      vertex 14.7359 24 3.55172
    endloop
  endfacet
  facet normal 0.923822 -0 0.382822
    outer loop
      vertex 14.2636 20.5 2.09828
      vertex 14.3417 24 1.90981
      vertex 14.2636 24 2.09828
    endloop
  endfacet
  facet normal 0.923822 0 0.382822
    outer loop
      vertex 14.3417 24 1.90981
      vertex 14.2636 20.5 2.09828
      vertex 14.3417 20.5 1.90981
    endloop
  endfacet
  facet normal 0.233503 0 -0.972356
    outer loop
      vertex 15.0983 20.5 3.73637
      vertex 15.2966 24 3.78399
      vertex 15.2966 20.5 3.78399
    endloop
  endfacet
  facet normal 0.233503 0 -0.972356
    outer loop
      vertex 15.2966 24 3.78399
      vertex 15.0983 20.5 3.73637
      vertex 15.0983 24 3.73637
    endloop
  endfacet
  facet normal 0.382603 0 -0.923913
    outer loop
      vertex 14.9098 20.5 3.65831
      vertex 15.0983 24 3.73637
      vertex 15.0983 20.5 3.73637
    endloop
  endfacet
  facet normal 0.382603 0 -0.923913
    outer loop
      vertex 15.0983 24 3.73637
      vertex 14.9098 20.5 3.65831
      vertex 14.9098 24 3.65831
    endloop
  endfacet
  facet normal 0.852606 0 -0.522554
    outer loop
      vertex 14.4483 20.5 3.26412
      vertex 14.3417 24 3.09019
      vertex 14.4483 24 3.26412
    endloop
  endfacet
  facet normal 0.852606 0 -0.522554
    outer loop
      vertex 14.3417 24 3.09019
      vertex 14.4483 20.5 3.26412
      vertex 14.3417 20.5 3.09019
    endloop
  endfacet
  facet normal 0.382765 0.923846 -0
    outer loop
      vertex 22.043 29.0095 0
      vertex 21.3906 29.2798 5
      vertex 22.043 29.0095 5
    endloop
  endfacet
  facet normal 0.382765 0.923846 0
    outer loop
      vertex 21.3906 29.2798 5
      vertex 22.043 29.0095 0
      vertex 21.3906 29.2798 0
    endloop
  endfacet
  facet normal 0.996918 -0.0784506 0
    outer loop
      vertex 24.4446 24.296 5
      vertex 24.5 25 0
      vertex 24.5 25 5
    endloop
  endfacet
  facet normal 0.996918 -0.0784506 0
    outer loop
      vertex 24.5 25 0
      vertex 24.4446 24.296 5
      vertex 24.4446 24.296 0
    endloop
  endfacet
  facet normal 0.996918 0.0784506 0
    outer loop
      vertex 24.5 25 5
      vertex 24.4446 25.704 0
      vertex 24.4446 25.704 5
    endloop
  endfacet
  facet normal 0.996918 0.0784506 0
    outer loop
      vertex 24.4446 25.704 0
      vertex 24.5 25 5
      vertex 24.5 25 0
    endloop
  endfacet
  facet normal 0.522492 -0.852644 0
    outer loop
      vertex 22.043 20.9905 0
      vertex 22.645 21.3594 5
      vertex 22.043 20.9905 5
    endloop
  endfacet
  facet normal 0.522492 -0.852644 0
    outer loop
      vertex 22.645 21.3594 5
      vertex 22.043 20.9905 0
      vertex 22.645 21.3594 0
    endloop
  endfacet
  facet normal 0 -1 0
    outer loop
      vertex 15.2966 20.5 3.78399
      vertex 20 20.5 5
      vertex -15.2966 20.5 3.78399
    endloop
  endfacet
  facet normal 0 -1 0
    outer loop
      vertex 20 20.5 5
      vertex 15.2966 20.5 3.78399
      vertex 15.5 20.5 3.8
    endloop
  endfacet
  facet normal 0 -1 0
    outer loop
      vertex -15.0983 20.5 3.73637
      vertex 15.2966 20.5 3.78399
      vertex -15.2966 20.5 3.78399
    endloop
  endfacet
  facet normal 0 -1 0
    outer loop
      vertex -15.0983 20.5 3.73637
      vertex 15.0983 20.5 3.73637
      vertex 15.2966 20.5 3.78399
    endloop
  endfacet
  facet normal 0 -1 0
    outer loop
      vertex -14.9098 20.5 3.65831
      vertex 15.0983 20.5 3.73637
      vertex -15.0983 20.5 3.73637
    endloop
  endfacet
  facet normal 0 -1 0
    outer loop
      vertex -14.9098 20.5 3.65831
      vertex 14.9098 20.5 3.65831
      vertex 15.0983 20.5 3.73637
    endloop
  endfacet
  facet normal 0 -1 0
    outer loop
      vertex -14.7359 20.5 3.55172
      vertex 14.9098 20.5 3.65831
      vertex -14.9098 20.5 3.65831
    endloop
  endfacet
  facet normal 0 -1 0
    outer loop
      vertex -14.7359 20.5 3.55172
      vertex 14.7359 20.5 3.55172
      vertex 14.9098 20.5 3.65831
    endloop
  endfacet
  facet normal 0 -1 0
    outer loop
      vertex -14.5808 20.5 3.41924
      vertex 14.7359 20.5 3.55172
      vertex -14.7359 20.5 3.55172
    endloop
  endfacet
  facet normal 0 -1 0
    outer loop
      vertex -14.5808 20.5 3.41924
      vertex 14.5808 20.5 3.41924
      vertex 14.7359 20.5 3.55172
    endloop
  endfacet
  facet normal 0 -1 0
    outer loop
      vertex -14.4483 20.5 3.26412
      vertex 14.5808 20.5 3.41924
      vertex -14.5808 20.5 3.41924
    endloop
  endfacet
  facet normal 0 -1 0
    outer loop
      vertex -14.4483 20.5 3.26412
      vertex 14.4483 20.5 3.26412
      vertex 14.5808 20.5 3.41924
    endloop
  endfacet
  facet normal 0 -1 0
    outer loop
      vertex -14.3417 20.5 3.09019
      vertex 14.4483 20.5 3.26412
      vertex -14.4483 20.5 3.26412
    endloop
  endfacet
  facet normal 0 -1 0
    outer loop
      vertex -14.3417 20.5 3.09019
      vertex 14.3417 20.5 3.09019
      vertex 14.4483 20.5 3.26412
    endloop
  endfacet
  facet normal 0 -1 0
    outer loop
      vertex -14.2636 20.5 2.90172
      vertex 14.3417 20.5 3.09019
      vertex -14.3417 20.5 3.09019
    endloop
  endfacet
  facet normal 0 -1 0
    outer loop
      vertex -14.2636 20.5 2.90172
      vertex 14.2636 20.5 2.90172
      vertex 14.3417 20.5 3.09019
    endloop
  endfacet
  facet normal 0 -1 0
    outer loop
      vertex -14.216 20.5 2.70336
      vertex 14.2636 20.5 2.90172
      vertex -14.2636 20.5 2.90172
    endloop
  endfacet
  facet normal 0 -1 0
    outer loop
      vertex -14.216 20.5 2.70336
      vertex 14.216 20.5 2.70336
      vertex 14.2636 20.5 2.90172
    endloop
  endfacet
  facet normal 0 -1 0
    outer loop
      vertex -14.2 20.5 2.5
      vertex 14.216 20.5 2.70336
      vertex -14.216 20.5 2.70336
    endloop
  endfacet
  facet normal 0 -1 0
    outer loop
      vertex -14.2 20.5 2.5
      vertex 14.2 20.5 2.5
      vertex 14.216 20.5 2.70336
    endloop
  endfacet
  facet normal 0 -1 0
    outer loop
      vertex -14.216 20.5 2.29663
      vertex 14.2 20.5 2.5
      vertex -14.2 20.5 2.5
    endloop
  endfacet
  facet normal 0 -1 0
    outer loop
      vertex -14.216 20.5 2.29663
      vertex 14.216 20.5 2.29663
      vertex 14.2 20.5 2.5
    endloop
  endfacet
  facet normal 0 -1 0
    outer loop
      vertex -14.2636 20.5 2.09828
      vertex 14.216 20.5 2.29663
      vertex -14.216 20.5 2.29663
    endloop
  endfacet
  facet normal 0 -1 0
    outer loop
      vertex -14.2636 20.5 2.09828
      vertex 14.2636 20.5 2.09828
      vertex 14.216 20.5 2.29663
    endloop
  endfacet
  facet normal 0 -1 0
    outer loop
      vertex -14.3417 20.5 1.90981
      vertex 14.2636 20.5 2.09828
      vertex -14.2636 20.5 2.09828
    endloop
  endfacet
  facet normal 0 -1 0
    outer loop
      vertex -14.3417 20.5 1.90981
      vertex 14.3417 20.5 1.90981
      vertex 14.2636 20.5 2.09828
    endloop
  endfacet
  facet normal 0 -1 0
    outer loop
      vertex -14.4483 20.5 1.73588
      vertex 14.3417 20.5 1.90981
      vertex -14.3417 20.5 1.90981
    endloop
  endfacet
  facet normal 0 -1 0
    outer loop
      vertex -14.4483 20.5 1.73588
      vertex 14.4483 20.5 1.73588
      vertex 14.3417 20.5 1.90981
    endloop
  endfacet
  facet normal 0 -1 0
    outer loop
      vertex -14.5808 20.5 1.58076
      vertex 14.4483 20.5 1.73588
      vertex -14.4483 20.5 1.73588
    endloop
  endfacet
  facet normal 0 -1 0
    outer loop
      vertex -14.5808 20.5 1.58076
      vertex 14.5808 20.5 1.58076
      vertex 14.4483 20.5 1.73588
    endloop
  endfacet
  facet normal 0 -1 0
    outer loop
      vertex -14.7359 20.5 1.44828
      vertex 14.5808 20.5 1.58076
      vertex -14.5808 20.5 1.58076
    endloop
  endfacet
  facet normal 0 -1 0
    outer loop
      vertex -14.7359 20.5 1.44828
      vertex 14.7359 20.5 1.44828
      vertex 14.5808 20.5 1.58076
    endloop
  endfacet
  facet normal 0 -1 0
    outer loop
      vertex -14.9098 20.5 1.34169
      vertex 14.7359 20.5 1.44828
      vertex -14.7359 20.5 1.44828
    endloop
  endfacet
  facet normal 0 -1 0
    outer loop
      vertex -14.9098 20.5 1.34169
      vertex 14.9098 20.5 1.34169
      vertex 14.7359 20.5 1.44828
    endloop
  endfacet
  facet normal 0 -1 0
    outer loop
      vertex -15.0983 20.5 1.26363
      vertex 14.9098 20.5 1.34169
      vertex -14.9098 20.5 1.34169
    endloop
  endfacet
  facet normal 0 -1 0
    outer loop
      vertex -15.0983 20.5 1.26363
      vertex 15.0983 20.5 1.26363
      vertex 14.9098 20.5 1.34169
    endloop
  endfacet
  facet normal 0 -1 0
    outer loop
      vertex -15.2966 20.5 1.216
      vertex 15.0983 20.5 1.26363
      vertex -15.0983 20.5 1.26363
    endloop
  endfacet
  facet normal 0 -1 0
    outer loop
      vertex -15.2966 20.5 1.216
      vertex 15.2966 20.5 1.216
      vertex 15.0983 20.5 1.26363
    endloop
  endfacet
  facet normal 0 -1 0
    outer loop
      vertex -20 20.5 0
      vertex -15.2966 20.5 1.216
      vertex -15.5 20.5 1.2
    endloop
  endfacet
  facet normal 0 -1 -0
    outer loop
      vertex -15.2966 20.5 1.216
      vertex -20 20.5 0
      vertex 15.2966 20.5 1.216
    endloop
  endfacet
  facet normal 0 -1 0
    outer loop
      vertex -15.2966 20.5 3.78399
      vertex -20 20.5 5
      vertex -15.5 20.5 3.8
    endloop
  endfacet
  facet normal 0 -1 0
    outer loop
      vertex -20 20.5 5
      vertex -15.7034 20.5 3.78399
      vertex -15.5 20.5 3.8
    endloop
  endfacet
  facet normal 0 -1 0
    outer loop
      vertex -20 20.5 5
      vertex -15.9017 20.5 3.73637
      vertex -15.7034 20.5 3.78399
    endloop
  endfacet
  facet normal 0 -1 0
    outer loop
      vertex -20 20.5 5
      vertex -16.0902 20.5 3.65831
      vertex -15.9017 20.5 3.73637
    endloop
  endfacet
  facet normal 0 -1 0
    outer loop
      vertex -20 20.5 5
      vertex -16.2641 20.5 3.55172
      vertex -16.0902 20.5 3.65831
    endloop
  endfacet
  facet normal 0 -1 0
    outer loop
      vertex -20 20.5 5
      vertex -16.4192 20.5 3.41924
      vertex -16.2641 20.5 3.55172
    endloop
  endfacet
  facet normal 0 -1 0
    outer loop
      vertex -20 20.5 5
      vertex -16.5517 20.5 3.26412
      vertex -16.4192 20.5 3.41924
    endloop
  endfacet
  facet normal 0 -1 0
    outer loop
      vertex -20 20.5 5
      vertex -16.6583 20.5 3.09019
      vertex -16.5517 20.5 3.26412
    endloop
  endfacet
  facet normal 0 -1 0
    outer loop
      vertex -20 20.5 5
      vertex -16.7364 20.5 2.90172
      vertex -16.6583 20.5 3.09019
    endloop
  endfacet
  facet normal 0 -1 0
    outer loop
      vertex -20 20.5 5
      vertex -16.784 20.5 2.70336
      vertex -16.7364 20.5 2.90172
    endloop
  endfacet
  facet normal 0 -1 0
    outer loop
      vertex -20 20.5 5
      vertex -16.8 20.5 2.5
      vertex -16.784 20.5 2.70336
    endloop
  endfacet
  facet normal 0 -1 0
    outer loop
      vertex -20 20.5 0
      vertex -16.8 20.5 2.5
      vertex -20 20.5 5
    endloop
  endfacet
  facet normal 0 -1 -0
    outer loop
      vertex -16.8 20.5 2.5
      vertex -20 20.5 0
      vertex -16.784 20.5 2.29663
    endloop
  endfacet
  facet normal 0 -1 -0
    outer loop
      vertex -16.784 20.5 2.29663
      vertex -20 20.5 0
      vertex -16.7364 20.5 2.09828
    endloop
  endfacet
  facet normal 0 -1 -0
    outer loop
      vertex -16.7364 20.5 2.09828
      vertex -20 20.5 0
      vertex -16.6583 20.5 1.90981
    endloop
  endfacet
  facet normal 0 -1 -0
    outer loop
      vertex -16.6583 20.5 1.90981
      vertex -20 20.5 0
      vertex -16.5517 20.5 1.73588
    endloop
  endfacet
  facet normal 0 -1 0
    outer loop
      vertex 20 20.5 0
      vertex 15.2966 20.5 1.216
      vertex -20 20.5 0
    endloop
  endfacet
  facet normal 0 -1 -0
    outer loop
      vertex -15.7034 20.5 1.216
      vertex -20 20.5 0
      vertex -15.5 20.5 1.2
    endloop
  endfacet
  facet normal 0 -1 -0
    outer loop
      vertex -15.9017 20.5 1.26363
      vertex -20 20.5 0
      vertex -15.7034 20.5 1.216
    endloop
  endfacet
  facet normal 0 -1 -0
    outer loop
      vertex -16.0902 20.5 1.34169
      vertex -20 20.5 0
      vertex -15.9017 20.5 1.26363
    endloop
  endfacet
  facet normal 0 -1 -0
    outer loop
      vertex -16.2641 20.5 1.44828
      vertex -20 20.5 0
      vertex -16.0902 20.5 1.34169
    endloop
  endfacet
  facet normal 0 -1 -0
    outer loop
      vertex -16.4192 20.5 1.58076
      vertex -20 20.5 0
      vertex -16.2641 20.5 1.44828
    endloop
  endfacet
  facet normal 0 -1 -0
    outer loop
      vertex -16.5517 20.5 1.73588
      vertex -20 20.5 0
      vertex -16.4192 20.5 1.58076
    endloop
  endfacet
  facet normal 0 -1 0
    outer loop
      vertex -20 20.5 5
      vertex -15.2966 20.5 3.78399
      vertex 20 20.5 5
    endloop
  endfacet
  facet normal 0 -1 0
    outer loop
      vertex 15.7034 20.5 3.78399
      vertex 20 20.5 5
      vertex 15.5 20.5 3.8
    endloop
  endfacet
  facet normal 0 -1 0
    outer loop
      vertex 15.9017 20.5 3.73637
      vertex 20 20.5 5
      vertex 15.7034 20.5 3.78399
    endloop
  endfacet
  facet normal 0 -1 0
    outer loop
      vertex 16.0902 20.5 3.65831
      vertex 20 20.5 5
      vertex 15.9017 20.5 3.73637
    endloop
  endfacet
  facet normal 0 -1 0
    outer loop
      vertex 16.2641 20.5 3.55172
      vertex 20 20.5 5
      vertex 16.0902 20.5 3.65831
    endloop
  endfacet
  facet normal 0 -1 0
    outer loop
      vertex 16.4192 20.5 3.41924
      vertex 20 20.5 5
      vertex 16.2641 20.5 3.55172
    endloop
  endfacet
  facet normal 0 -1 0
    outer loop
      vertex 16.5517 20.5 3.26412
      vertex 20 20.5 5
      vertex 16.4192 20.5 3.41924
    endloop
  endfacet
  facet normal 0 -1 0
    outer loop
      vertex 16.6583 20.5 3.09019
      vertex 20 20.5 5
      vertex 16.5517 20.5 3.26412
    endloop
  endfacet
  facet normal 0 -1 0
    outer loop
      vertex 16.7364 20.5 2.90172
      vertex 20 20.5 5
      vertex 16.6583 20.5 3.09019
    endloop
  endfacet
  facet normal 0 -1 0
    outer loop
      vertex 16.784 20.5 2.70336
      vertex 20 20.5 5
      vertex 16.7364 20.5 2.90172
    endloop
  endfacet
  facet normal 0 -1 0
    outer loop
      vertex 16.8 20.5 2.5
      vertex 20 20.5 5
      vertex 16.784 20.5 2.70336
    endloop
  endfacet
  facet normal 0 -1 0
    outer loop
      vertex 20 20.5 0
      vertex 16.8 20.5 2.5
      vertex 16.784 20.5 2.29663
    endloop
  endfacet
  facet normal 0 -1 0
    outer loop
      vertex 20 20.5 0
      vertex 16.784 20.5 2.29663
      vertex 16.7364 20.5 2.09828
    endloop
  endfacet
  facet normal 0 -1 0
    outer loop
      vertex 20 20.5 0
      vertex 16.7364 20.5 2.09828
      vertex 16.6583 20.5 1.90981
    endloop
  endfacet
  facet normal 0 -1 0
    outer loop
      vertex 20 20.5 0
      vertex 16.6583 20.5 1.90981
      vertex 16.5517 20.5 1.73588
    endloop
  endfacet
  facet normal 0 -1 0
    outer loop
      vertex 20 20.5 0
      vertex 16.5517 20.5 1.73588
      vertex 16.4192 20.5 1.58076
    endloop
  endfacet
  facet normal 0 -1 0
    outer loop
      vertex 16.8 20.5 2.5
      vertex 20 20.5 0
      vertex 20 20.5 5
    endloop
  endfacet
  facet normal 0 -1 0
    outer loop
      vertex 16.2641 20.5 1.44828
      vertex 20 20.5 0
      vertex 16.4192 20.5 1.58076
    endloop
  endfacet
  facet normal 0 -1 0
    outer loop
      vertex 16.0902 20.5 1.34169
      vertex 20 20.5 0
      vertex 16.2641 20.5 1.44828
    endloop
  endfacet
  facet normal 0 -1 0
    outer loop
      vertex 15.9017 20.5 1.26363
      vertex 20 20.5 0
      vertex 16.0902 20.5 1.34169
    endloop
  endfacet
  facet normal 0 -1 0
    outer loop
      vertex 15.7034 20.5 1.216
      vertex 20 20.5 0
      vertex 15.9017 20.5 1.26363
    endloop
  endfacet
  facet normal 0 -1 0
    outer loop
      vertex 15.5 20.5 1.2
      vertex 20 20.5 0
      vertex 15.7034 20.5 1.216
    endloop
  endfacet
  facet normal 0 -1 0
    outer loop
      vertex 15.2966 20.5 1.216
      vertex 20 20.5 0
      vertex 15.5 20.5 1.2
    endloop
  endfacet
  facet normal -0.382765 -0.923846 0
    outer loop
      vertex -22.043 20.9905 0
      vertex -21.3906 20.7202 5
      vertex -22.043 20.9905 5
    endloop
  endfacet
  facet normal -0.382765 -0.923846 -0
    outer loop
      vertex -21.3906 20.7202 5
      vertex -22.043 20.9905 0
      vertex -21.3906 20.7202 0
    endloop
  endfacet
  facet normal 0.923846 0.382765 0
    outer loop
      vertex 24.2798 26.3906 5
      vertex 24.0095 27.043 0
      vertex 24.0095 27.043 5
    endloop
  endfacet
  facet normal 0.923846 0.382765 0
    outer loop
      vertex 24.0095 27.043 0
      vertex 24.2798 26.3906 5
      vertex 24.2798 26.3906 0
    endloop
  endfacet
  facet normal 0 1 -0
    outer loop
      vertex 20 29.5 0
      vertex -20 29.5 5
      vertex 20 29.5 5
    endloop
  endfacet
  facet normal 0 1 0
    outer loop
      vertex -20 29.5 5
      vertex 20 29.5 0
      vertex -20 29.5 0
    endloop
  endfacet
  facet normal 0.522492 0.852644 -0
    outer loop
      vertex 22.645 28.6406 0
      vertex 22.043 29.0095 5
      vertex 22.645 28.6406 5
    endloop
  endfacet
  facet normal 0.522492 0.852644 0
    outer loop
      vertex 22.043 29.0095 5
      vertex 22.645 28.6406 0
      vertex 22.043 29.0095 0
    endloop
  endfacet
  facet normal 0 0 -1
    outer loop
      vertex 19 25 0
      vertex 24.5 25 0
      vertex 24.4446 24.296 0
    endloop
  endfacet
  facet normal 0 0 -1
    outer loop
      vertex 18.9877 24.8436 0
      vertex 24.4446 24.296 0
      vertex 24.2798 23.6094 0
    endloop
  endfacet
  facet normal 0 0 -1
    outer loop
      vertex 24.5 25 0
      vertex 19 25 0
      vertex 24.4446 25.704 0
    endloop
  endfacet
  facet normal 0 0 -1
    outer loop
      vertex 18.9877 24.8436 0
      vertex 24.2798 23.6094 0
      vertex 24.0095 22.957 0
    endloop
  endfacet
  facet normal 0 0 -1
    outer loop
      vertex 18.9877 25.1564 0
      vertex 24.4446 25.704 0
      vertex 19 25 0
    endloop
  endfacet
  facet normal 0 0 -1
    outer loop
      vertex 18.9511 24.691 0
      vertex 24.0095 22.957 0
      vertex 23.6406 22.355 0
    endloop
  endfacet
  facet normal -0 0 -1
    outer loop
      vertex 24.4446 25.704 0
      vertex 18.9877 25.1564 0
      vertex 24.2798 26.3906 0
    endloop
  endfacet
  facet normal 0 0 -1
    outer loop
      vertex 18.9511 24.691 0
      vertex 23.6406 22.355 0
      vertex 23.182 21.818 0
    endloop
  endfacet
  facet normal -0 0 -1
    outer loop
      vertex 24.2798 26.3906 0
      vertex 18.9877 25.1564 0
      vertex 24.0095 27.043 0
    endloop
  endfacet
  facet normal 0 0 -1
    outer loop
      vertex 18.891 24.546 0
      vertex 23.182 21.818 0
      vertex 22.645 21.3594 0
    endloop
  endfacet
  facet normal 0 0 -1
    outer loop
      vertex 18.9511 25.309 0
      vertex 24.0095 27.043 0
      vertex 18.9877 25.1564 0
    endloop
  endfacet
  facet normal 0 0 -1
    outer loop
      vertex 18.891 24.546 0
      vertex 22.645 21.3594 0
      vertex 22.043 20.9905 0
    endloop
  endfacet
  facet normal -0 0 -1
    outer loop
      vertex 24.0095 27.043 0
      vertex 18.9511 25.309 0
      vertex 23.6406 27.645 0
    endloop
  endfacet
  facet normal 0 0 -1
    outer loop
      vertex 18.809 24.4122 0
      vertex 22.043 20.9905 0
      vertex 21.3906 20.7202 0
    endloop
  endfacet
  facet normal -0 0 -1
    outer loop
      vertex 23.6406 27.645 0
      vertex 18.9511 25.309 0
      vertex 23.182 28.182 0
    endloop
  endfacet
  facet normal 0 0 -1
    outer loop
      vertex 18.809 24.4122 0
      vertex 21.3906 20.7202 0
      vertex 20.704 20.5554 0
    endloop
  endfacet
  facet normal 0 0 -1
    outer loop
      vertex 18.891 25.454 0
      vertex 23.182 28.182 0
      vertex 18.9511 25.309 0
    endloop
  endfacet
  facet normal 0 0 -1
    outer loop
      vertex 18.7071 24.2929 0
      vertex 20.704 20.5554 0
      vertex 20 20.5 0
    endloop
  endfacet
  facet normal -0 0 -1
    outer loop
      vertex 23.182 28.182 0
      vertex 18.891 25.454 0
      vertex 22.645 28.6406 0
    endloop
  endfacet
  facet normal -0 0 -1
    outer loop
      vertex 22.645 28.6406 0
      vertex 18.891 25.454 0
      vertex 22.043 29.0095 0
    endloop
  endfacet
  facet normal 0 0 -1
    outer loop
      vertex 24.4446 24.296 0
      vertex 18.9877 24.8436 0
      vertex 19 25 0
    endloop
  endfacet
  facet normal 0 0 -1
    outer loop
      vertex 24.0095 22.957 0
      vertex 18.9511 24.691 0
      vertex 18.9877 24.8436 0
    endloop
  endfacet
  facet normal 0 0 -1
    outer loop
      vertex 23.182 21.818 0
      vertex 18.891 24.546 0
      vertex 18.9511 24.691 0
    endloop
  endfacet
  facet normal 0 0 -1
    outer loop
      vertex 22.043 20.9905 0
      vertex 18.809 24.4122 0
      vertex 18.891 24.546 0
    endloop
  endfacet
  facet normal 0 0 -1
    outer loop
      vertex 20.704 20.5554 0
      vertex 18.7071 24.2929 0
      vertex 18.809 24.4122 0
    endloop
  endfacet
  facet normal 0 0 -1
    outer loop
      vertex 20 20.5 0
      vertex 18.5878 24.191 0
      vertex 18.7071 24.2929 0
    endloop
  endfacet
  facet normal 0 0 -1
    outer loop
      vertex 20 20.5 0
      vertex 18.454 24.109 0
      vertex 18.5878 24.191 0
    endloop
  endfacet
  facet normal 0 0 -1
    outer loop
      vertex 20 20.5 0
      vertex 18.309 24.0489 0
      vertex 18.454 24.109 0
    endloop
  endfacet
  facet normal 0 0 -1
    outer loop
      vertex 20 20.5 0
      vertex 18.1564 24.0123 0
      vertex 18.309 24.0489 0
    endloop
  endfacet
  facet normal 0 0 -1
    outer loop
      vertex 20 20.5 0
      vertex 18 24 0
      vertex 18.1564 24.0123 0
    endloop
  endfacet
  facet normal 0 0 -1
    outer loop
      vertex 20 20.5 0
      vertex 13 24 0
      vertex 18 24 0
    endloop
  endfacet
  facet normal 0 0 -1
    outer loop
      vertex 20 20.5 0
      vertex 12.8436 24.0123 0
      vertex 13 24 0
    endloop
  endfacet
  facet normal 0 0 -1
    outer loop
      vertex 20 20.5 0
      vertex 12.691 24.0489 0
      vertex 12.8436 24.0123 0
    endloop
  endfacet
  facet normal 0 0 -1
    outer loop
      vertex 0.525329 23.3832 0
      vertex 12.691 24.0489 0
      vertex 20 20.5 0
    endloop
  endfacet
  facet normal 0 0 -1
    outer loop
      vertex 12.0123 24.8436 0
      vertex 1.7 25 0
      vertex 12 25 0
    endloop
  endfacet
  facet normal 0 0 -1
    outer loop
      vertex 1.67907 24.7341 0
      vertex 12.0123 24.8436 0
      vertex 12.0489 24.691 0
    endloop
  endfacet
  facet normal 0 0 -1
    outer loop
      vertex 1.6168 24.4747 0
      vertex 12.0489 24.691 0
      vertex 12.109 24.546 0
    endloop
  endfacet
  facet normal 0 0 -1
    outer loop
      vertex 1.51471 24.2282 0
      vertex 12.109 24.546 0
      vertex 12.191 24.4122 0
    endloop
  endfacet
  facet normal 0 0 -1
    outer loop
      vertex 1.37533 24.0008 0
      vertex 12.191 24.4122 0
      vertex 12.2929 24.2929 0
    endloop
  endfacet
  facet normal 0 0 -1
    outer loop
      vertex 1.20208 23.7979 0
      vertex 12.2929 24.2929 0
      vertex 12.4122 24.191 0
    endloop
  endfacet
  facet normal 0 0 -1
    outer loop
      vertex 0.999234 23.6247 0
      vertex 12.4122 24.191 0
      vertex 12.546 24.109 0
    endloop
  endfacet
  facet normal 0 -0 -1
    outer loop
      vertex 0.771784 23.4853 0
      vertex 12.691 24.0489 0
      vertex 0.525329 23.3832 0
    endloop
  endfacet
  facet normal -0 0 -1
    outer loop
      vertex 12.0123 24.8436 0
      vertex 1.67907 24.7341 0
      vertex 1.7 25 0
    endloop
  endfacet
  facet normal -0 0 -1
    outer loop
      vertex 12.0489 24.691 0
      vertex 1.6168 24.4747 0
      vertex 1.67907 24.7341 0
    endloop
  endfacet
  facet normal 0 0 -1
    outer loop
      vertex 12.109 24.546 0
      vertex 1.51471 24.2282 0
      vertex 1.6168 24.4747 0
    endloop
  endfacet
  facet normal 0 0 -1
    outer loop
      vertex 12.191 24.4122 0
      vertex 1.37533 24.0008 0
      vertex 1.51471 24.2282 0
    endloop
  endfacet
  facet normal 0 0 -1
    outer loop
      vertex 12.2929 24.2929 0
      vertex 1.20208 23.7979 0
      vertex 1.37533 24.0008 0
    endloop
  endfacet
  facet normal 0 0 -1
    outer loop
      vertex 12.4122 24.191 0
      vertex 0.999234 23.6247 0
      vertex 1.20208 23.7979 0
    endloop
  endfacet
  facet normal 0 0 -1
    outer loop
      vertex 12.546 24.109 0
      vertex 0.771784 23.4853 0
      vertex 0.999234 23.6247 0
    endloop
  endfacet
  facet normal -0 0 -1
    outer loop
      vertex 12.691 24.0489 0
      vertex 0.771784 23.4853 0
      vertex 12.546 24.109 0
    endloop
  endfacet
  facet normal 0 0 -1
    outer loop
      vertex 20 20.5 0
      vertex 0.265938 23.3209 0
      vertex 0.525329 23.3832 0
    endloop
  endfacet
  facet normal 0 0 -1
    outer loop
      vertex 20 20.5 0
      vertex 0 23.3 0
      vertex 0.265938 23.3209 0
    endloop
  endfacet
  facet normal 0 0 -1
    outer loop
      vertex -20 20.5 0
      vertex 0 23.3 0
      vertex 20 20.5 0
    endloop
  endfacet
  facet normal 0 0 -1
    outer loop
      vertex -12.0123 24.8436 0
      vertex -1.7 25 0
      vertex -1.67907 24.7341 0
    endloop
  endfacet
  facet normal 0 0 -1
    outer loop
      vertex -12.0489 24.691 0
      vertex -1.67907 24.7341 0
      vertex -1.6168 24.4747 0
    endloop
  endfacet
  facet normal 0 0 -1
    outer loop
      vertex -12.109 24.546 0
      vertex -1.6168 24.4747 0
      vertex -1.51471 24.2282 0
    endloop
  endfacet
  facet normal 0 0 -1
    outer loop
      vertex -12.191 24.4122 0
      vertex -1.51471 24.2282 0
      vertex -1.37533 24.0008 0
    endloop
  endfacet
  facet normal 0 0 -1
    outer loop
      vertex -12.2929 24.2929 0
      vertex -1.37533 24.0008 0
      vertex -1.20208 23.7979 0
    endloop
  endfacet
  facet normal 0 0 -1
    outer loop
      vertex -12.4122 24.191 0
      vertex -1.20208 23.7979 0
      vertex -0.999234 23.6247 0
    endloop
  endfacet
  facet normal 0 0 -1
    outer loop
      vertex -12.546 24.109 0
      vertex -0.999234 23.6247 0
      vertex -0.771784 23.4853 0
    endloop
  endfacet
  facet normal 0 0 -1
    outer loop
      vertex -12.691 24.0489 0
      vertex -0.771784 23.4853 0
      vertex -0.525329 23.3832 0
    endloop
  endfacet
  facet normal 0 0 -1
    outer loop
      vertex -20 20.5 0
      vertex -0.525329 23.3832 0
      vertex -0.265938 23.3209 0
    endloop
  endfacet
  facet normal -0 0 -1
    outer loop
      vertex -1.7 25 0
      vertex -12.0123 24.8436 0
      vertex -12 25 0
    endloop
  endfacet
  facet normal -0 0 -1
    outer loop
      vertex 0 23.3 0
      vertex -20 20.5 0
      vertex -0.265938 23.3209 0
    endloop
  endfacet
  facet normal -0 0 -1
    outer loop
      vertex -1.67907 24.7341 0
      vertex -12.0489 24.691 0
      vertex -12.0123 24.8436 0
    endloop
  endfacet
  facet normal 0 0 -1
    outer loop
      vertex -1.6168 24.4747 0
      vertex -12.109 24.546 0
      vertex -12.0489 24.691 0
    endloop
  endfacet
  facet normal 0 0 -1
    outer loop
      vertex -1.51471 24.2282 0
      vertex -12.191 24.4122 0
      vertex -12.109 24.546 0
    endloop
  endfacet
  facet normal 0 0 -1
    outer loop
      vertex -1.37533 24.0008 0
      vertex -12.2929 24.2929 0
      vertex -12.191 24.4122 0
    endloop
  endfacet
  facet normal 0 0 -1
    outer loop
      vertex -1.20208 23.7979 0
      vertex -12.4122 24.191 0
      vertex -12.2929 24.2929 0
    endloop
  endfacet
  facet normal 0 0 -1
    outer loop
      vertex -0.999234 23.6247 0
      vertex -12.546 24.109 0
      vertex -12.4122 24.191 0
    endloop
  endfacet
  facet normal 0 0 -1
    outer loop
      vertex -0.771784 23.4853 0
      vertex -12.691 24.0489 0
      vertex -12.546 24.109 0
    endloop
  endfacet
  facet normal -0 0 -1
    outer loop
      vertex -0.525329 23.3832 0
      vertex -20 20.5 0
      vertex -12.691 24.0489 0
    endloop
  endfacet
  facet normal 0 0 -1
    outer loop
      vertex -12.691 24.0489 0
      vertex -20 20.5 0
      vertex -12.8436 24.0123 0
    endloop
  endfacet
  facet normal 0 0 -1
    outer loop
      vertex -12.8436 24.0123 0
      vertex -20 20.5 0
      vertex -13 24 0
    endloop
  endfacet
  facet normal -0 0 -1
    outer loop
      vertex -13 24 0
      vertex -20 20.5 0
      vertex -18 24 0
    endloop
  endfacet
  facet normal -0 0 -1
    outer loop
      vertex -18.809 24.4122 0
      vertex -22.043 20.9905 0
      vertex -18.891 24.546 0
    endloop
  endfacet
  facet normal 0 0 -1
    outer loop
      vertex -22.043 20.9905 0
      vertex -18.809 24.4122 0
      vertex -21.3906 20.7202 0
    endloop
  endfacet
  facet normal 0 0 -1
    outer loop
      vertex -21.3906 20.7202 0
      vertex -18.809 24.4122 0
      vertex -20.704 20.5554 0
    endloop
  endfacet
  facet normal -0 0 -1
    outer loop
      vertex -18.7071 24.2929 0
      vertex -20.704 20.5554 0
      vertex -18.809 24.4122 0
    endloop
  endfacet
  facet normal 0 0 -1
    outer loop
      vertex -20.704 20.5554 0
      vertex -18.7071 24.2929 0
      vertex -20 20.5 0
    endloop
  endfacet
  facet normal -0 0 -1
    outer loop
      vertex -18.5878 24.191 0
      vertex -20 20.5 0
      vertex -18.7071 24.2929 0
    endloop
  endfacet
  facet normal -0 0 -1
    outer loop
      vertex -18.454 24.109 0
      vertex -20 20.5 0
      vertex -18.5878 24.191 0
    endloop
  endfacet
  facet normal -0 0 -1
    outer loop
      vertex -18.309 24.0489 0
      vertex -20 20.5 0
      vertex -18.454 24.109 0
    endloop
  endfacet
  facet normal -0 0 -1
    outer loop
      vertex -18.1564 24.0123 0
      vertex -20 20.5 0
      vertex -18.309 24.0489 0
    endloop
  endfacet
  facet normal -0 0 -1
    outer loop
      vertex -18 24 0
      vertex -20 20.5 0
      vertex -18.1564 24.0123 0
    endloop
  endfacet
  facet normal 0 0 -1
    outer loop
      vertex 18.809 25.5878 0
      vertex 22.043 29.0095 0
      vertex 18.891 25.454 0
    endloop
  endfacet
  facet normal -0 0 -1
    outer loop
      vertex 22.043 29.0095 0
      vertex 18.809 25.5878 0
      vertex 21.3906 29.2798 0
    endloop
  endfacet
  facet normal -0 0 -1
    outer loop
      vertex 21.3906 29.2798 0
      vertex 18.809 25.5878 0
      vertex 20.704 29.4446 0
    endloop
  endfacet
  facet normal 0 0 -1
    outer loop
      vertex 18.7071 25.7071 0
      vertex 20.704 29.4446 0
      vertex 18.809 25.5878 0
    endloop
  endfacet
  facet normal -0 0 -1
    outer loop
      vertex 20.704 29.4446 0
      vertex 18.7071 25.7071 0
      vertex 20 29.5 0
    endloop
  endfacet
  facet normal 0 0 -1
    outer loop
      vertex 18.5878 25.809 0
      vertex 20 29.5 0
      vertex 18.7071 25.7071 0
    endloop
  endfacet
  facet normal 0 0 -1
    outer loop
      vertex 18.454 25.891 0
      vertex 20 29.5 0
      vertex 18.5878 25.809 0
    endloop
  endfacet
  facet normal 0 0 -1
    outer loop
      vertex 18.309 25.9511 0
      vertex 20 29.5 0
      vertex 18.454 25.891 0
    endloop
  endfacet
  facet normal 0 0 -1
    outer loop
      vertex 18.1564 25.9877 0
      vertex 20 29.5 0
      vertex 18.309 25.9511 0
    endloop
  endfacet
  facet normal 0 0 -1
    outer loop
      vertex 18 26 0
      vertex 20 29.5 0
      vertex 18.1564 25.9877 0
    endloop
  endfacet
  facet normal 0 0 -1
    outer loop
      vertex 13 26 0
      vertex 20 29.5 0
      vertex 18 26 0
    endloop
  endfacet
  facet normal 0 0 -1
    outer loop
      vertex 12.8436 25.9877 0
      vertex 20 29.5 0
      vertex 13 26 0
    endloop
  endfacet
  facet normal 0 0 -1
    outer loop
      vertex 12.691 25.9511 0
      vertex 20 29.5 0
      vertex 12.8436 25.9877 0
    endloop
  endfacet
  facet normal 0 0 -1
    outer loop
      vertex 0.771784 26.5147 0
      vertex 12.691 25.9511 0
      vertex 12.546 25.891 0
    endloop
  endfacet
  facet normal 0 0 -1
    outer loop
      vertex 1.7 25 0
      vertex 12.0123 25.1564 0
      vertex 12 25 0
    endloop
  endfacet
  facet normal 0 0 -1
    outer loop
      vertex 1.67907 25.2659 0
      vertex 12.0123 25.1564 0
      vertex 1.7 25 0
    endloop
  endfacet
  facet normal 0 0 -1
    outer loop
      vertex 12.0123 25.1564 0
      vertex 1.67907 25.2659 0
      vertex 12.0489 25.309 0
    endloop
  endfacet
  facet normal 0 0 -1
    outer loop
      vertex 1.6168 25.5253 0
      vertex 12.0489 25.309 0
      vertex 1.67907 25.2659 0
    endloop
  endfacet
  facet normal 0 0 -1
    outer loop
      vertex 12.0489 25.309 0
      vertex 1.6168 25.5253 0
      vertex 12.109 25.454 0
    endloop
  endfacet
  facet normal 0 0 -1
    outer loop
      vertex 1.51471 25.7718 0
      vertex 12.109 25.454 0
      vertex 1.6168 25.5253 0
    endloop
  endfacet
  facet normal 0 0 -1
    outer loop
      vertex 12.109 25.454 0
      vertex 1.51471 25.7718 0
      vertex 12.191 25.5878 0
    endloop
  endfacet
  facet normal 0 0 -1
    outer loop
      vertex 1.37533 25.9992 0
      vertex 12.191 25.5878 0
      vertex 1.51471 25.7718 0
    endloop
  endfacet
  facet normal 0 0 -1
    outer loop
      vertex 12.191 25.5878 0
      vertex 1.37533 25.9992 0
      vertex 12.2929 25.7071 0
    endloop
  endfacet
  facet normal 0 0 -1
    outer loop
      vertex 1.20208 26.2021 0
      vertex 12.2929 25.7071 0
      vertex 1.37533 25.9992 0
    endloop
  endfacet
  facet normal 0 0 -1
    outer loop
      vertex 12.2929 25.7071 0
      vertex 1.20208 26.2021 0
      vertex 12.4122 25.809 0
    endloop
  endfacet
  facet normal 0 0 -1
    outer loop
      vertex 0.999234 26.3753 0
      vertex 12.4122 25.809 0
      vertex 1.20208 26.2021 0
    endloop
  endfacet
  facet normal 0 0 -1
    outer loop
      vertex 12.4122 25.809 0
      vertex 0.999234 26.3753 0
      vertex 12.546 25.891 0
    endloop
  endfacet
  facet normal 0 0 -1
    outer loop
      vertex 0.771784 26.5147 0
      vertex 12.546 25.891 0
      vertex 0.999234 26.3753 0
    endloop
  endfacet
  facet normal 0 0 -1
    outer loop
      vertex 12.691 25.9511 0
      vertex 0.771784 26.5147 0
      vertex 0.525329 26.6168 0
    endloop
  endfacet
  facet normal 0 0 -1
    outer loop
      vertex 12.691 25.9511 0
      vertex 0.525329 26.6168 0
      vertex 20 29.5 0
    endloop
  endfacet
  facet normal 0 0 -1
    outer loop
      vertex 0.265938 26.6791 0
      vertex 20 29.5 0
      vertex 0.525329 26.6168 0
    endloop
  endfacet
  facet normal 0 0 -1
    outer loop
      vertex 0 26.7 0
      vertex 20 29.5 0
      vertex 0.265938 26.6791 0
    endloop
  endfacet
  facet normal 0 0 -1
    outer loop
      vertex -20 29.5 0
      vertex 0 26.7 0
      vertex -0.265938 26.6791 0
    endloop
  endfacet
  facet normal 0 0 -1
    outer loop
      vertex -12.0123 25.1564 0
      vertex -1.7 25 0
      vertex -12 25 0
    endloop
  endfacet
  facet normal 0 0 -1
    outer loop
      vertex -1.7 25 0
      vertex -12.0123 25.1564 0
      vertex -1.67907 25.2659 0
    endloop
  endfacet
  facet normal 0 0 -1
    outer loop
      vertex -12.0489 25.309 0
      vertex -1.67907 25.2659 0
      vertex -12.0123 25.1564 0
    endloop
  endfacet
  facet normal 0 0 -1
    outer loop
      vertex -1.67907 25.2659 0
      vertex -12.0489 25.309 0
      vertex -1.6168 25.5253 0
    endloop
  endfacet
  facet normal 0 0 -1
    outer loop
      vertex -12.109 25.454 0
      vertex -1.6168 25.5253 0
      vertex -12.0489 25.309 0
    endloop
  endfacet
  facet normal -0 0 -1
    outer loop
      vertex -1.6168 25.5253 0
      vertex -12.109 25.454 0
      vertex -1.51471 25.7718 0
    endloop
  endfacet
  facet normal 0 0 -1
    outer loop
      vertex -12.191 25.5878 0
      vertex -1.51471 25.7718 0
      vertex -12.109 25.454 0
    endloop
  endfacet
  facet normal -0 0 -1
    outer loop
      vertex -1.51471 25.7718 0
      vertex -12.191 25.5878 0
      vertex -1.37533 25.9992 0
    endloop
  endfacet
  facet normal 0 0 -1
    outer loop
      vertex -12.2929 25.7071 0
      vertex -1.37533 25.9992 0
      vertex -12.191 25.5878 0
    endloop
  endfacet
  facet normal -0 0 -1
    outer loop
      vertex -1.37533 25.9992 0
      vertex -12.2929 25.7071 0
      vertex -1.20208 26.2021 0
    endloop
  endfacet
  facet normal 0 0 -1
    outer loop
      vertex -12.4122 25.809 0
      vertex -1.20208 26.2021 0
      vertex -12.2929 25.7071 0
    endloop
  endfacet
  facet normal -0 0 -1
    outer loop
      vertex -1.20208 26.2021 0
      vertex -12.4122 25.809 0
      vertex -0.999234 26.3753 0
    endloop
  endfacet
  facet normal 0 0 -1
    outer loop
      vertex -12.546 25.891 0
      vertex -0.999234 26.3753 0
      vertex -12.4122 25.809 0
    endloop
  endfacet
  facet normal -0 0 -1
    outer loop
      vertex -0.999234 26.3753 0
      vertex -12.546 25.891 0
      vertex -0.771784 26.5147 0
    endloop
  endfacet
  facet normal 0 0 -1
    outer loop
      vertex -12.691 25.9511 0
      vertex -0.771784 26.5147 0
      vertex -12.546 25.891 0
    endloop
  endfacet
  facet normal -0 0 -1
    outer loop
      vertex -0.771784 26.5147 0
      vertex -12.691 25.9511 0
      vertex -0.525329 26.6168 0
    endloop
  endfacet
  facet normal 0 0 -1
    outer loop
      vertex -20 29.5 0
      vertex -0.525329 26.6168 0
      vertex -12.691 25.9511 0
    endloop
  endfacet
  facet normal 0 0 -1
    outer loop
      vertex -0.525329 26.6168 0
      vertex -20 29.5 0
      vertex -0.265938 26.6791 0
    endloop
  endfacet
  facet normal 0 0 -1
    outer loop
      vertex -20 29.5 0
      vertex -12.691 25.9511 0
      vertex -12.8436 25.9877 0
    endloop
  endfacet
  facet normal 0 0 -1
    outer loop
      vertex -20 29.5 0
      vertex -12.8436 25.9877 0
      vertex -13 26 0
    endloop
  endfacet
  facet normal 0 0 -1
    outer loop
      vertex -20 29.5 0
      vertex -13 26 0
      vertex -18 26 0
    endloop
  endfacet
  facet normal 0 0 -1
    outer loop
      vertex -20 29.5 0
      vertex -18 26 0
      vertex -18.1564 25.9877 0
    endloop
  endfacet
  facet normal 0 0 -1
    outer loop
      vertex -22.645 21.3594 0
      vertex -18.891 24.546 0
      vertex -22.043 20.9905 0
    endloop
  endfacet
  facet normal 0 0 -1
    outer loop
      vertex 0 26.7 0
      vertex -20 29.5 0
      vertex 20 29.5 0
    endloop
  endfacet
  facet normal 0 0 -1
    outer loop
      vertex -18.309 25.9511 0
      vertex -20 29.5 0
      vertex -18.1564 25.9877 0
    endloop
  endfacet
  facet normal 0 0 -1
    outer loop
      vertex -18.454 25.891 0
      vertex -20 29.5 0
      vertex -18.309 25.9511 0
    endloop
  endfacet
  facet normal 0 0 -1
    outer loop
      vertex -18.5878 25.809 0
      vertex -20 29.5 0
      vertex -18.454 25.891 0
    endloop
  endfacet
  facet normal 0 0 -1
    outer loop
      vertex -18.7071 25.7071 0
      vertex -20 29.5 0
      vertex -18.5878 25.809 0
    endloop
  endfacet
  facet normal 0 0 -1
    outer loop
      vertex -20.704 29.4446 0
      vertex -18.7071 25.7071 0
      vertex -18.809 25.5878 0
    endloop
  endfacet
  facet normal 0 0 -1
    outer loop
      vertex -22.043 29.0095 0
      vertex -18.809 25.5878 0
      vertex -18.891 25.454 0
    endloop
  endfacet
  facet normal 0 0 -1
    outer loop
      vertex -23.182 28.182 0
      vertex -18.891 25.454 0
      vertex -18.9511 25.309 0
    endloop
  endfacet
  facet normal 0 0 -1
    outer loop
      vertex -24.0095 27.043 0
      vertex -18.9511 25.309 0
      vertex -18.9877 25.1564 0
    endloop
  endfacet
  facet normal 0 0 -1
    outer loop
      vertex -23.182 21.818 0
      vertex -18.891 24.546 0
      vertex -22.645 21.3594 0
    endloop
  endfacet
  facet normal -0 0 -1
    outer loop
      vertex -18.891 24.546 0
      vertex -23.182 21.818 0
      vertex -18.9511 24.691 0
    endloop
  endfacet
  facet normal 0 0 -1
    outer loop
      vertex -18.7071 25.7071 0
      vertex -20.704 29.4446 0
      vertex -20 29.5 0
    endloop
  endfacet
  facet normal 0 0 -1
    outer loop
      vertex -23.6406 22.355 0
      vertex -18.9511 24.691 0
      vertex -23.182 21.818 0
    endloop
  endfacet
  facet normal 0 0 -1
    outer loop
      vertex -18.809 25.5878 0
      vertex -21.3906 29.2798 0
      vertex -20.704 29.4446 0
    endloop
  endfacet
  facet normal 0 0 -1
    outer loop
      vertex -24.0095 22.957 0
      vertex -18.9511 24.691 0
      vertex -23.6406 22.355 0
    endloop
  endfacet
  facet normal 0 0 -1
    outer loop
      vertex -18.809 25.5878 0
      vertex -22.043 29.0095 0
      vertex -21.3906 29.2798 0
    endloop
  endfacet
  facet normal -0 0 -1
    outer loop
      vertex -18.9511 24.691 0
      vertex -24.0095 22.957 0
      vertex -18.9877 24.8436 0
    endloop
  endfacet
  facet normal 0 0 -1
    outer loop
      vertex -18.891 25.454 0
      vertex -22.645 28.6406 0
      vertex -22.043 29.0095 0
    endloop
  endfacet
  facet normal 0 0 -1
    outer loop
      vertex -24.2798 23.6094 0
      vertex -18.9877 24.8436 0
      vertex -24.0095 22.957 0
    endloop
  endfacet
  facet normal 0 0 -1
    outer loop
      vertex -18.891 25.454 0
      vertex -23.182 28.182 0
      vertex -22.645 28.6406 0
    endloop
  endfacet
  facet normal 0 0 -1
    outer loop
      vertex -24.4446 24.296 0
      vertex -18.9877 24.8436 0
      vertex -24.2798 23.6094 0
    endloop
  endfacet
  facet normal 0 0 -1
    outer loop
      vertex -18.9511 25.309 0
      vertex -23.6406 27.645 0
      vertex -23.182 28.182 0
    endloop
  endfacet
  facet normal -0 0 -1
    outer loop
      vertex -18.9877 24.8436 0
      vertex -24.4446 24.296 0
      vertex -19 25 0
    endloop
  endfacet
  facet normal 0 0 -1
    outer loop
      vertex -18.9511 25.309 0
      vertex -24.0095 27.043 0
      vertex -23.6406 27.645 0
    endloop
  endfacet
  facet normal 0 0 -1
    outer loop
      vertex -24.5 25 0
      vertex -19 25 0
      vertex -24.4446 24.296 0
    endloop
  endfacet
  facet normal 0 0 -1
    outer loop
      vertex -18.9877 25.1564 0
      vertex -24.2798 26.3906 0
      vertex -24.0095 27.043 0
    endloop
  endfacet
  facet normal 0 -0 -1
    outer loop
      vertex -24.4446 25.704 0
      vertex -19 25 0
      vertex -24.5 25 0
    endloop
  endfacet
  facet normal 0 0 -1
    outer loop
      vertex -18.9877 25.1564 0
      vertex -24.4446 25.704 0
      vertex -24.2798 26.3906 0
    endloop
  endfacet
  facet normal 0 0 -1
    outer loop
      vertex -19 25 0
      vertex -24.4446 25.704 0
      vertex -18.9877 25.1564 0
    endloop
  endfacet
  facet normal 0.649414 0.760435 -0
    outer loop
      vertex 23.182 28.182 0
      vertex 22.645 28.6406 5
      vertex 23.182 28.182 5
    endloop
  endfacet
  facet normal 0.649414 0.760435 0
    outer loop
      vertex 22.645 28.6406 5
      vertex 23.182 28.182 0
      vertex 22.645 28.6406 0
    endloop
  endfacet
  facet normal -0.852644 -0.522492 0
    outer loop
      vertex -23.6406 22.355 0
      vertex -24.0095 22.957 5
      vertex -24.0095 22.957 0
    endloop
  endfacet
  facet normal -0.852644 -0.522492 0
    outer loop
      vertex -24.0095 22.957 5
      vertex -23.6406 22.355 0
      vertex -23.6406 22.355 5
    endloop
  endfacet
  facet normal 0.852644 0.522492 0
    outer loop
      vertex 24.0095 27.043 5
      vertex 23.6406 27.645 0
      vertex 23.6406 27.645 5
    endloop
  endfacet
  facet normal 0.852644 0.522492 0
    outer loop
      vertex 23.6406 27.645 0
      vertex 24.0095 27.043 5
      vertex 24.0095 27.043 0
    endloop
  endfacet
  facet normal 0.0784506 -0.996918 0
    outer loop
      vertex 20 20.5 0
      vertex 20.704 20.5554 5
      vertex 20 20.5 5
    endloop
  endfacet
  facet normal 0.0784506 -0.996918 0
    outer loop
      vertex 20.704 20.5554 5
      vertex 20 20.5 0
      vertex 20.704 20.5554 0
    endloop
  endfacet
  facet normal 0.233394 -0.972382 0
    outer loop
      vertex 20.704 20.5554 0
      vertex 21.3906 20.7202 5
      vertex 20.704 20.5554 5
    endloop
  endfacet
  facet normal 0.233394 -0.972382 0
    outer loop
      vertex 21.3906 20.7202 5
      vertex 20.704 20.5554 0
      vertex 21.3906 20.7202 0
    endloop
  endfacet
  facet normal -0.0784506 -0.996918 0
    outer loop
      vertex -20.704 20.5554 0
      vertex -20 20.5 5
      vertex -20.704 20.5554 5
    endloop
  endfacet
  facet normal -0.0784506 -0.996918 -0
    outer loop
      vertex -20 20.5 5
      vertex -20.704 20.5554 0
      vertex -20 20.5 0
    endloop
  endfacet
  facet normal 0.649414 -0.760435 0
    outer loop
      vertex 22.645 21.3594 0
      vertex 23.182 21.818 5
      vertex 22.645 21.3594 5
    endloop
  endfacet
  facet normal 0.649414 -0.760435 0
    outer loop
      vertex 23.182 21.818 5
      vertex 22.645 21.3594 0
      vertex 23.182 21.818 0
    endloop
  endfacet
  facet normal 0.972382 -0.233394 0
    outer loop
      vertex 24.2798 23.6094 5
      vertex 24.4446 24.296 0
      vertex 24.4446 24.296 5
    endloop
  endfacet
  facet normal 0.972382 -0.233394 0
    outer loop
      vertex 24.4446 24.296 0
      vertex 24.2798 23.6094 5
      vertex 24.2798 23.6094 0
    endloop
  endfacet
  facet normal 0.0784506 0.996918 -0
    outer loop
      vertex 20.704 29.4446 0
      vertex 20 29.5 5
      vertex 20.704 29.4446 5
    endloop
  endfacet
  facet normal 0.0784506 0.996918 0
    outer loop
      vertex 20 29.5 5
      vertex 20.704 29.4446 0
      vertex 20 29.5 0
    endloop
  endfacet
  facet normal 0.382765 -0.923846 0
    outer loop
      vertex 21.3906 20.7202 0
      vertex 22.043 20.9905 5
      vertex 21.3906 20.7202 5
    endloop
  endfacet
  facet normal 0.382765 -0.923846 0
    outer loop
      vertex 22.043 20.9905 5
      vertex 21.3906 20.7202 0
      vertex 22.043 20.9905 0
    endloop
  endfacet
  facet normal 0.852644 -0.522492 0
    outer loop
      vertex 23.6406 22.355 5
      vertex 24.0095 22.957 0
      vertex 24.0095 22.957 5
    endloop
  endfacet
  facet normal 0.852644 -0.522492 0
    outer loop
      vertex 24.0095 22.957 0
      vertex 23.6406 22.355 5
      vertex 23.6406 22.355 0
    endloop
  endfacet
  facet normal 0.760435 -0.649414 0
    outer loop
      vertex 23.182 21.818 5
      vertex 23.6406 22.355 0
      vertex 23.6406 22.355 5
    endloop
  endfacet
  facet normal 0.760435 -0.649414 0
    outer loop
      vertex 23.6406 22.355 0
      vertex 23.182 21.818 5
      vertex 23.182 21.818 0
    endloop
  endfacet
  facet normal 0.972382 0.233394 0
    outer loop
      vertex 24.4446 25.704 5
      vertex 24.2798 26.3906 0
      vertex 24.2798 26.3906 5
    endloop
  endfacet
  facet normal 0.972382 0.233394 0
    outer loop
      vertex 24.2798 26.3906 0
      vertex 24.4446 25.704 5
      vertex 24.4446 25.704 0
    endloop
  endfacet
  facet normal -0.923846 -0.382765 0
    outer loop
      vertex -24.0095 22.957 0
      vertex -24.2798 23.6094 5
      vertex -24.2798 23.6094 0
    endloop
  endfacet
  facet normal -0.923846 -0.382765 0
    outer loop
      vertex -24.2798 23.6094 5
      vertex -24.0095 22.957 0
      vertex -24.0095 22.957 5
    endloop
  endfacet
  facet normal -0.996918 -0.0784506 0
    outer loop
      vertex -24.4446 24.296 0
      vertex -24.5 25 5
      vertex -24.5 25 0
    endloop
  endfacet
  facet normal -0.996918 -0.0784506 0
    outer loop
      vertex -24.5 25 5
      vertex -24.4446 24.296 0
      vertex -24.4446 24.296 5
    endloop
  endfacet
  facet normal 0.233394 0.972382 -0
    outer loop
      vertex 21.3906 29.2798 0
      vertex 20.704 29.4446 5
      vertex 21.3906 29.2798 5
    endloop
  endfacet
  facet normal 0.233394 0.972382 0
    outer loop
      vertex 20.704 29.4446 5
      vertex 21.3906 29.2798 0
      vertex 20.704 29.4446 0
    endloop
  endfacet
  facet normal -0.996918 0.0784506 0
    outer loop
      vertex -24.5 25 0
      vertex -24.4446 25.704 5
      vertex -24.4446 25.704 0
    endloop
  endfacet
  facet normal -0.996918 0.0784506 0
    outer loop
      vertex -24.4446 25.704 5
      vertex -24.5 25 0
      vertex -24.5 25 5
    endloop
  endfacet
  facet normal -0.382765 0.923846 0
    outer loop
      vertex -21.3906 29.2798 0
      vertex -22.043 29.0095 5
      vertex -21.3906 29.2798 5
    endloop
  endfacet
  facet normal -0.382765 0.923846 0
    outer loop
      vertex -22.043 29.0095 5
      vertex -21.3906 29.2798 0
      vertex -22.043 29.0095 0
    endloop
  endfacet
  facet normal -0.852644 0.522492 0
    outer loop
      vertex -24.0095 27.043 0
      vertex -23.6406 27.645 5
      vertex -23.6406 27.645 0
    endloop
  endfacet
  facet normal -0.852644 0.522492 0
    outer loop
      vertex -23.6406 27.645 5
      vertex -24.0095 27.043 0
      vertex -24.0095 27.043 5
    endloop
  endfacet
  facet normal 0.760435 0.649414 0
    outer loop
      vertex 23.6406 27.645 5
      vertex 23.182 28.182 0
      vertex 23.182 28.182 5
    endloop
  endfacet
  facet normal 0.760435 0.649414 0
    outer loop
      vertex 23.182 28.182 0
      vertex 23.6406 27.645 5
      vertex 23.6406 27.645 0
    endloop
  endfacet
  facet normal -0.972382 0.233394 0
    outer loop
      vertex -24.4446 25.704 0
      vertex -24.2798 26.3906 5
      vertex -24.2798 26.3906 0
    endloop
  endfacet
  facet normal -0.972382 0.233394 0
    outer loop
      vertex -24.2798 26.3906 5
      vertex -24.4446 25.704 0
      vertex -24.4446 25.704 5
    endloop
  endfacet
  facet normal -0.0784506 0.996918 0
    outer loop
      vertex -20 29.5 0
      vertex -20.704 29.4446 5
      vertex -20 29.5 5
    endloop
  endfacet
  facet normal -0.0784506 0.996918 0
    outer loop
      vertex -20.704 29.4446 5
      vertex -20 29.5 0
      vertex -20.704 29.4446 0
    endloop
  endfacet
  facet normal 0.923846 -0.382765 0
    outer loop
      vertex 24.0095 22.957 5
      vertex 24.2798 23.6094 0
      vertex 24.2798 23.6094 5
    endloop
  endfacet
  facet normal 0.923846 -0.382765 0
    outer loop
      vertex 24.2798 23.6094 0
      vertex 24.0095 22.957 5
      vertex 24.0095 22.957 0
    endloop
  endfacet
  facet normal -0.760435 -0.649414 0
    outer loop
      vertex -23.182 21.818 0
      vertex -23.6406 22.355 5
      vertex -23.6406 22.355 0
    endloop
  endfacet
  facet normal -0.760435 -0.649414 0
    outer loop
      vertex -23.6406 22.355 5
      vertex -23.182 21.818 0
      vertex -23.182 21.818 5
    endloop
  endfacet
  facet normal -0.522492 0.852644 0
    outer loop
      vertex -22.043 29.0095 0
      vertex -22.645 28.6406 5
      vertex -22.043 29.0095 5
    endloop
  endfacet
  facet normal -0.522492 0.852644 0
    outer loop
      vertex -22.645 28.6406 5
      vertex -22.043 29.0095 0
      vertex -22.645 28.6406 0
    endloop
  endfacet
  facet normal -0.233394 -0.972382 0
    outer loop
      vertex -21.3906 20.7202 0
      vertex -20.704 20.5554 5
      vertex -21.3906 20.7202 5
    endloop
  endfacet
  facet normal -0.233394 -0.972382 -0
    outer loop
      vertex -20.704 20.5554 5
      vertex -21.3906 20.7202 0
      vertex -20.704 20.5554 0
    endloop
  endfacet
  facet normal -0.233394 0.972382 0
    outer loop
      vertex -20.704 29.4446 0
      vertex -21.3906 29.2798 5
      vertex -20.704 29.4446 5
    endloop
  endfacet
  facet normal -0.233394 0.972382 0
    outer loop
      vertex -21.3906 29.2798 5
      vertex -20.704 29.4446 0
      vertex -21.3906 29.2798 0
    endloop
  endfacet
  facet normal 0 0 1
    outer loop
      vertex 19 25 5
      vertex 24.5 25 5
      vertex 24.4446 25.704 5
    endloop
  endfacet
  facet normal 0 0 1
    outer loop
      vertex 18.9877 25.1564 5
      vertex 24.4446 25.704 5
      vertex 24.2798 26.3906 5
    endloop
  endfacet
  facet normal 0 0 1
    outer loop
      vertex 24.5 25 5
      vertex 19 25 5
      vertex 24.4446 24.296 5
    endloop
  endfacet
  facet normal 0 0 1
    outer loop
      vertex 18.9877 25.1564 5
      vertex 24.2798 26.3906 5
      vertex 24.0095 27.043 5
    endloop
  endfacet
  facet normal -0 0 1
    outer loop
      vertex 18.9877 24.8436 5
      vertex 24.4446 24.296 5
      vertex 19 25 5
    endloop
  endfacet
  facet normal 0 0 1
    outer loop
      vertex 18.9511 25.309 5
      vertex 24.0095 27.043 5
      vertex 23.6406 27.645 5
    endloop
  endfacet
  facet normal 0 0 1
    outer loop
      vertex 24.4446 24.296 5
      vertex 18.9877 24.8436 5
      vertex 24.2798 23.6094 5
    endloop
  endfacet
  facet normal 0 0 1
    outer loop
      vertex 18.9511 25.309 5
      vertex 23.6406 27.645 5
      vertex 23.182 28.182 5
    endloop
  endfacet
  facet normal 0 0 1
    outer loop
      vertex 24.2798 23.6094 5
      vertex 18.9877 24.8436 5
      vertex 24.0095 22.957 5
    endloop
  endfacet
  facet normal 0 0 1
    outer loop
      vertex 18.891 25.454 5
      vertex 23.182 28.182 5
      vertex 22.645 28.6406 5
    endloop
  endfacet
  facet normal -0 0 1
    outer loop
      vertex 18.9511 24.691 5
      vertex 24.0095 22.957 5
      vertex 18.9877 24.8436 5
    endloop
  endfacet
  facet normal 0 0 1
    outer loop
      vertex 18.891 25.454 5
      vertex 22.645 28.6406 5
      vertex 22.043 29.0095 5
    endloop
  endfacet
  facet normal 0 0 1
    outer loop
      vertex 24.0095 22.957 5
      vertex 18.9511 24.691 5
      vertex 23.6406 22.355 5
    endloop
  endfacet
  facet normal 0 0 1
    outer loop
      vertex 18.809 25.5878 5
      vertex 22.043 29.0095 5
      vertex 21.3906 29.2798 5
    endloop
  endfacet
  facet normal 0 0 1
    outer loop
      vertex 23.6406 22.355 5
      vertex 18.9511 24.691 5
      vertex 23.182 21.818 5
    endloop
  endfacet
  facet normal 0 0 1
    outer loop
      vertex 18.809 25.5878 5
      vertex 21.3906 29.2798 5
      vertex 20.704 29.4446 5
    endloop
  endfacet
  facet normal -0 0 1
    outer loop
      vertex 18.891 24.546 5
      vertex 23.182 21.818 5
      vertex 18.9511 24.691 5
    endloop
  endfacet
  facet normal 0 0 1
    outer loop
      vertex 18.7071 25.7071 5
      vertex 20.704 29.4446 5
      vertex 20 29.5 5
    endloop
  endfacet
  facet normal 0 0 1
    outer loop
      vertex 23.182 21.818 5
      vertex 18.891 24.546 5
      vertex 22.645 21.3594 5
    endloop
  endfacet
  facet normal 0 0 1
    outer loop
      vertex 22.645 21.3594 5
      vertex 18.891 24.546 5
      vertex 22.043 20.9905 5
    endloop
  endfacet
  facet normal 0 0 1
    outer loop
      vertex 24.4446 25.704 5
      vertex 18.9877 25.1564 5
      vertex 19 25 5
    endloop
  endfacet
  facet normal 0 0 1
    outer loop
      vertex 24.0095 27.043 5
      vertex 18.9511 25.309 5
      vertex 18.9877 25.1564 5
    endloop
  endfacet
  facet normal 0 0 1
    outer loop
      vertex 23.182 28.182 5
      vertex 18.891 25.454 5
      vertex 18.9511 25.309 5
    endloop
  endfacet
  facet normal 0 0 1
    outer loop
      vertex 22.043 29.0095 5
      vertex 18.809 25.5878 5
      vertex 18.891 25.454 5
    endloop
  endfacet
  facet normal 0 0 1
    outer loop
      vertex 20.704 29.4446 5
      vertex 18.7071 25.7071 5
      vertex 18.809 25.5878 5
    endloop
  endfacet
  facet normal 0 0 1
    outer loop
      vertex 20 29.5 5
      vertex 18.5878 25.809 5
      vertex 18.7071 25.7071 5
    endloop
  endfacet
  facet normal 0 0 1
    outer loop
      vertex 20 29.5 5
      vertex 18.454 25.891 5
      vertex 18.5878 25.809 5
    endloop
  endfacet
  facet normal 0 0 1
    outer loop
      vertex 20 29.5 5
      vertex 18.309 25.9511 5
      vertex 18.454 25.891 5
    endloop
  endfacet
  facet normal 0 0 1
    outer loop
      vertex 20 29.5 5
      vertex 18.1564 25.9877 5
      vertex 18.309 25.9511 5
    endloop
  endfacet
  facet normal 0 0 1
    outer loop
      vertex 20 29.5 5
      vertex 18 26 5
      vertex 18.1564 25.9877 5
    endloop
  endfacet
  facet normal 0 0 1
    outer loop
      vertex 20 29.5 5
      vertex 13 26 5
      vertex 18 26 5
    endloop
  endfacet
  facet normal 0 0 1
    outer loop
      vertex 20 29.5 5
      vertex 12.8436 25.9877 5
      vertex 13 26 5
    endloop
  endfacet
  facet normal 0 0 1
    outer loop
      vertex 20 29.5 5
      vertex 12.691 25.9511 5
      vertex 12.8436 25.9877 5
    endloop
  endfacet
  facet normal -0 0 1
    outer loop
      vertex 0.525329 26.6168 5
      vertex 12.691 25.9511 5
      vertex 20 29.5 5
    endloop
  endfacet
  facet normal 0 0 1
    outer loop
      vertex 12.0123 25.1564 5
      vertex 1.7 25 5
      vertex 12 25 5
    endloop
  endfacet
  facet normal -0 0 1
    outer loop
      vertex 1.67907 25.2659 5
      vertex 12.0123 25.1564 5
      vertex 12.0489 25.309 5
    endloop
  endfacet
  facet normal 0 0 1
    outer loop
      vertex 1.6168 25.5253 5
      vertex 12.0489 25.309 5
      vertex 12.109 25.454 5
    endloop
  endfacet
  facet normal 0 0 1
    outer loop
      vertex 1.51471 25.7718 5
      vertex 12.109 25.454 5
      vertex 12.191 25.5878 5
    endloop
  endfacet
  facet normal 0 0 1
    outer loop
      vertex 1.37533 25.9992 5
      vertex 12.191 25.5878 5
      vertex 12.2929 25.7071 5
    endloop
  endfacet
  facet normal 0 0 1
    outer loop
      vertex 1.20208 26.2021 5
      vertex 12.2929 25.7071 5
      vertex 12.4122 25.809 5
    endloop
  endfacet
  facet normal 0 0 1
    outer loop
      vertex 0.999234 26.3753 5
      vertex 12.4122 25.809 5
      vertex 12.546 25.891 5
    endloop
  endfacet
  facet normal -0 -0 1
    outer loop
      vertex 0.771784 26.5147 5
      vertex 12.691 25.9511 5
      vertex 0.525329 26.6168 5
    endloop
  endfacet
  facet normal 0 0 1
    outer loop
      vertex 12.0123 25.1564 5
      vertex 1.67907 25.2659 5
      vertex 1.7 25 5
    endloop
  endfacet
  facet normal 0 0 1
    outer loop
      vertex 12.0489 25.309 5
      vertex 1.6168 25.5253 5
      vertex 1.67907 25.2659 5
    endloop
  endfacet
  facet normal 0 0 1
    outer loop
      vertex 12.109 25.454 5
      vertex 1.51471 25.7718 5
      vertex 1.6168 25.5253 5
    endloop
  endfacet
  facet normal 0 0 1
    outer loop
      vertex 12.191 25.5878 5
      vertex 1.37533 25.9992 5
      vertex 1.51471 25.7718 5
    endloop
  endfacet
  facet normal 0 0 1
    outer loop
      vertex 12.2929 25.7071 5
      vertex 1.20208 26.2021 5
      vertex 1.37533 25.9992 5
    endloop
  endfacet
  facet normal 0 0 1
    outer loop
      vertex 12.4122 25.809 5
      vertex 0.999234 26.3753 5
      vertex 1.20208 26.2021 5
    endloop
  endfacet
  facet normal 0 0 1
    outer loop
      vertex 12.546 25.891 5
      vertex 0.771784 26.5147 5
      vertex 0.999234 26.3753 5
    endloop
  endfacet
  facet normal 0 0 1
    outer loop
      vertex 12.691 25.9511 5
      vertex 0.771784 26.5147 5
      vertex 12.546 25.891 5
    endloop
  endfacet
  facet normal 0 0 1
    outer loop
      vertex 20 29.5 5
      vertex 0.265938 26.6791 5
      vertex 0.525329 26.6168 5
    endloop
  endfacet
  facet normal 0 0 1
    outer loop
      vertex 20 29.5 5
      vertex 0 26.7 5
      vertex 0.265938 26.6791 5
    endloop
  endfacet
  facet normal -0 0 1
    outer loop
      vertex -20 29.5 5
      vertex 0 26.7 5
      vertex 20 29.5 5
    endloop
  endfacet
  facet normal -0 0 1
    outer loop
      vertex -12.0123 25.1564 5
      vertex -1.7 25 5
      vertex -1.67907 25.2659 5
    endloop
  endfacet
  facet normal -0 0 1
    outer loop
      vertex -12.0489 25.309 5
      vertex -1.67907 25.2659 5
      vertex -1.6168 25.5253 5
    endloop
  endfacet
  facet normal 0 0 1
    outer loop
      vertex -12.109 25.454 5
      vertex -1.6168 25.5253 5
      vertex -1.51471 25.7718 5
    endloop
  endfacet
  facet normal 0 0 1
    outer loop
      vertex -12.191 25.5878 5
      vertex -1.51471 25.7718 5
      vertex -1.37533 25.9992 5
    endloop
  endfacet
  facet normal 0 0 1
    outer loop
      vertex -12.2929 25.7071 5
      vertex -1.37533 25.9992 5
      vertex -1.20208 26.2021 5
    endloop
  endfacet
  facet normal 0 0 1
    outer loop
      vertex -12.4122 25.809 5
      vertex -1.20208 26.2021 5
      vertex -0.999234 26.3753 5
    endloop
  endfacet
  facet normal 0 0 1
    outer loop
      vertex -12.546 25.891 5
      vertex -0.999234 26.3753 5
      vertex -0.771784 26.5147 5
    endloop
  endfacet
  facet normal 0 0 1
    outer loop
      vertex -12.691 25.9511 5
      vertex -0.771784 26.5147 5
      vertex -0.525329 26.6168 5
    endloop
  endfacet
  facet normal 0 0 1
    outer loop
      vertex -20 29.5 5
      vertex -0.525329 26.6168 5
      vertex -0.265938 26.6791 5
    endloop
  endfacet
  facet normal 0 0 1
    outer loop
      vertex -1.7 25 5
      vertex -12.0123 25.1564 5
      vertex -12 25 5
    endloop
  endfacet
  facet normal 0 0 1
    outer loop
      vertex 0 26.7 5
      vertex -20 29.5 5
      vertex -0.265938 26.6791 5
    endloop
  endfacet
  facet normal 0 0 1
    outer loop
      vertex -1.67907 25.2659 5
      vertex -12.0489 25.309 5
      vertex -12.0123 25.1564 5
    endloop
  endfacet
  facet normal 0 0 1
    outer loop
      vertex -1.6168 25.5253 5
      vertex -12.109 25.454 5
      vertex -12.0489 25.309 5
    endloop
  endfacet
  facet normal 0 0 1
    outer loop
      vertex -1.51471 25.7718 5
      vertex -12.191 25.5878 5
      vertex -12.109 25.454 5
    endloop
  endfacet
  facet normal 0 0 1
    outer loop
      vertex -1.37533 25.9992 5
      vertex -12.2929 25.7071 5
      vertex -12.191 25.5878 5
    endloop
  endfacet
  facet normal 0 0 1
    outer loop
      vertex -1.20208 26.2021 5
      vertex -12.4122 25.809 5
      vertex -12.2929 25.7071 5
    endloop
  endfacet
  facet normal 0 0 1
    outer loop
      vertex -0.999234 26.3753 5
      vertex -12.546 25.891 5
      vertex -12.4122 25.809 5
    endloop
  endfacet
  facet normal 0 0 1
    outer loop
      vertex -0.771784 26.5147 5
      vertex -12.691 25.9511 5
      vertex -12.546 25.891 5
    endloop
  endfacet
  facet normal 0 0 1
    outer loop
      vertex -0.525329 26.6168 5
      vertex -20 29.5 5
      vertex -12.691 25.9511 5
    endloop
  endfacet
  facet normal 0 0 1
    outer loop
      vertex -12.691 25.9511 5
      vertex -20 29.5 5
      vertex -12.8436 25.9877 5
    endloop
  endfacet
  facet normal 0 0 1
    outer loop
      vertex -12.8436 25.9877 5
      vertex -20 29.5 5
      vertex -13 26 5
    endloop
  endfacet
  facet normal 0 0 1
    outer loop
      vertex -13 26 5
      vertex -20 29.5 5
      vertex -18 26 5
    endloop
  endfacet
  facet normal 0 0 1
    outer loop
      vertex -18.809 25.5878 5
      vertex -22.043 29.0095 5
      vertex -18.891 25.454 5
    endloop
  endfacet
  facet normal -0 0 1
    outer loop
      vertex -22.043 29.0095 5
      vertex -18.809 25.5878 5
      vertex -21.3906 29.2798 5
    endloop
  endfacet
  facet normal -0 0 1
    outer loop
      vertex -21.3906 29.2798 5
      vertex -18.809 25.5878 5
      vertex -20.704 29.4446 5
    endloop
  endfacet
  facet normal 0 0 1
    outer loop
      vertex -18.7071 25.7071 5
      vertex -20.704 29.4446 5
      vertex -18.809 25.5878 5
    endloop
  endfacet
  facet normal -0 0 1
    outer loop
      vertex -20.704 29.4446 5
      vertex -18.7071 25.7071 5
      vertex -20 29.5 5
    endloop
  endfacet
  facet normal 0 0 1
    outer loop
      vertex -18.5878 25.809 5
      vertex -20 29.5 5
      vertex -18.7071 25.7071 5
    endloop
  endfacet
  facet normal 0 0 1
    outer loop
      vertex -18.454 25.891 5
      vertex -20 29.5 5
      vertex -18.5878 25.809 5
    endloop
  endfacet
  facet normal 0 0 1
    outer loop
      vertex -18.309 25.9511 5
      vertex -20 29.5 5
      vertex -18.454 25.891 5
    endloop
  endfacet
  facet normal 0 0 1
    outer loop
      vertex -18.1564 25.9877 5
      vertex -20 29.5 5
      vertex -18.309 25.9511 5
    endloop
  endfacet
  facet normal 0 0 1
    outer loop
      vertex -18 26 5
      vertex -20 29.5 5
      vertex -18.1564 25.9877 5
    endloop
  endfacet
  facet normal -0 0 1
    outer loop
      vertex 18.809 24.4122 5
      vertex 22.043 20.9905 5
      vertex 18.891 24.546 5
    endloop
  endfacet
  facet normal 0 0 1
    outer loop
      vertex 22.043 20.9905 5
      vertex 18.809 24.4122 5
      vertex 21.3906 20.7202 5
    endloop
  endfacet
  facet normal 0 0 1
    outer loop
      vertex 21.3906 20.7202 5
      vertex 18.809 24.4122 5
      vertex 20.704 20.5554 5
    endloop
  endfacet
  facet normal -0 0 1
    outer loop
      vertex 18.7071 24.2929 5
      vertex 20.704 20.5554 5
      vertex 18.809 24.4122 5
    endloop
  endfacet
  facet normal 0 0 1
    outer loop
      vertex 20.704 20.5554 5
      vertex 18.7071 24.2929 5
      vertex 20 20.5 5
    endloop
  endfacet
  facet normal -0 0 1
    outer loop
      vertex 18.5878 24.191 5
      vertex 20 20.5 5
      vertex 18.7071 24.2929 5
    endloop
  endfacet
  facet normal -0 0 1
    outer loop
      vertex 18.454 24.109 5
      vertex 20 20.5 5
      vertex 18.5878 24.191 5
    endloop
  endfacet
  facet normal -0 0 1
    outer loop
      vertex 18.309 24.0489 5
      vertex 20 20.5 5
      vertex 18.454 24.109 5
    endloop
  endfacet
  facet normal -0 0 1
    outer loop
      vertex 18.1564 24.0123 5
      vertex 20 20.5 5
      vertex 18.309 24.0489 5
    endloop
  endfacet
  facet normal -0 0 1
    outer loop
      vertex 18 24 5
      vertex 20 20.5 5
      vertex 18.1564 24.0123 5
    endloop
  endfacet
  facet normal -0 0 1
    outer loop
      vertex 13 24 5
      vertex 20 20.5 5
      vertex 18 24 5
    endloop
  endfacet
  facet normal 0 0 1
    outer loop
      vertex 12.8436 24.0123 5
      vertex 20 20.5 5
      vertex 13 24 5
    endloop
  endfacet
  facet normal 0 0 1
    outer loop
      vertex 12.691 24.0489 5
      vertex 20 20.5 5
      vertex 12.8436 24.0123 5
    endloop
  endfacet
  facet normal 0 0 1
    outer loop
      vertex 0.771784 23.4853 5
      vertex 12.691 24.0489 5
      vertex 12.546 24.109 5
    endloop
  endfacet
  facet normal -0 0 1
    outer loop
      vertex 1.7 25 5
      vertex 12.0123 24.8436 5
      vertex 12 25 5
    endloop
  endfacet
  facet normal 0 0 1
    outer loop
      vertex 1.67907 24.7341 5
      vertex 12.0123 24.8436 5
      vertex 1.7 25 5
    endloop
  endfacet
  facet normal 0 0 1
    outer loop
      vertex 12.0123 24.8436 5
      vertex 1.67907 24.7341 5
      vertex 12.0489 24.691 5
    endloop
  endfacet
  facet normal 0 0 1
    outer loop
      vertex 1.6168 24.4747 5
      vertex 12.0489 24.691 5
      vertex 1.67907 24.7341 5
    endloop
  endfacet
  facet normal 0 0 1
    outer loop
      vertex 12.0489 24.691 5
      vertex 1.6168 24.4747 5
      vertex 12.109 24.546 5
    endloop
  endfacet
  facet normal 0 0 1
    outer loop
      vertex 1.51471 24.2282 5
      vertex 12.109 24.546 5
      vertex 1.6168 24.4747 5
    endloop
  endfacet
  facet normal 0 0 1
    outer loop
      vertex 12.109 24.546 5
      vertex 1.51471 24.2282 5
      vertex 12.191 24.4122 5
    endloop
  endfacet
  facet normal 0 0 1
    outer loop
      vertex 1.37533 24.0008 5
      vertex 12.191 24.4122 5
      vertex 1.51471 24.2282 5
    endloop
  endfacet
  facet normal 0 0 1
    outer loop
      vertex 12.191 24.4122 5
      vertex 1.37533 24.0008 5
      vertex 12.2929 24.2929 5
    endloop
  endfacet
  facet normal 0 0 1
    outer loop
      vertex 1.20208 23.7979 5
      vertex 12.2929 24.2929 5
      vertex 1.37533 24.0008 5
    endloop
  endfacet
  facet normal 0 0 1
    outer loop
      vertex 12.2929 24.2929 5
      vertex 1.20208 23.7979 5
      vertex 12.4122 24.191 5
    endloop
  endfacet
  facet normal 0 0 1
    outer loop
      vertex 0.999234 23.6247 5
      vertex 12.4122 24.191 5
      vertex 1.20208 23.7979 5
    endloop
  endfacet
  facet normal 0 0 1
    outer loop
      vertex 12.4122 24.191 5
      vertex 0.999234 23.6247 5
      vertex 12.546 24.109 5
    endloop
  endfacet
  facet normal 0 0 1
    outer loop
      vertex 0.771784 23.4853 5
      vertex 12.546 24.109 5
      vertex 0.999234 23.6247 5
    endloop
  endfacet
  facet normal 0 0 1
    outer loop
      vertex 12.691 24.0489 5
      vertex 0.771784 23.4853 5
      vertex 0.525329 23.3832 5
    endloop
  endfacet
  facet normal 0 0 1
    outer loop
      vertex 12.691 24.0489 5
      vertex 0.525329 23.3832 5
      vertex 20 20.5 5
    endloop
  endfacet
  facet normal -0 0 1
    outer loop
      vertex 0.265938 23.3209 5
      vertex 20 20.5 5
      vertex 0.525329 23.3832 5
    endloop
  endfacet
  facet normal -0 0 1
    outer loop
      vertex 0 23.3 5
      vertex 20 20.5 5
      vertex 0.265938 23.3209 5
    endloop
  endfacet
  facet normal 0 0 1
    outer loop
      vertex -20 20.5 5
      vertex 0 23.3 5
      vertex -0.265938 23.3209 5
    endloop
  endfacet
  facet normal 0 0 1
    outer loop
      vertex -12.0123 24.8436 5
      vertex -1.7 25 5
      vertex -12 25 5
    endloop
  endfacet
  facet normal 0 0 1
    outer loop
      vertex -1.7 25 5
      vertex -12.0123 24.8436 5
      vertex -1.67907 24.7341 5
    endloop
  endfacet
  facet normal 0 0 1
    outer loop
      vertex -12.0489 24.691 5
      vertex -1.67907 24.7341 5
      vertex -12.0123 24.8436 5
    endloop
  endfacet
  facet normal 0 0 1
    outer loop
      vertex -1.67907 24.7341 5
      vertex -12.0489 24.691 5
      vertex -1.6168 24.4747 5
    endloop
  endfacet
  facet normal -0 0 1
    outer loop
      vertex -12.109 24.546 5
      vertex -1.6168 24.4747 5
      vertex -12.0489 24.691 5
    endloop
  endfacet
  facet normal 0 0 1
    outer loop
      vertex -1.6168 24.4747 5
      vertex -12.109 24.546 5
      vertex -1.51471 24.2282 5
    endloop
  endfacet
  facet normal -0 0 1
    outer loop
      vertex -12.191 24.4122 5
      vertex -1.51471 24.2282 5
      vertex -12.109 24.546 5
    endloop
  endfacet
  facet normal 0 0 1
    outer loop
      vertex -1.51471 24.2282 5
      vertex -12.191 24.4122 5
      vertex -1.37533 24.0008 5
    endloop
  endfacet
  facet normal -0 0 1
    outer loop
      vertex -12.2929 24.2929 5
      vertex -1.37533 24.0008 5
      vertex -12.191 24.4122 5
    endloop
  endfacet
  facet normal 0 0 1
    outer loop
      vertex -1.37533 24.0008 5
      vertex -12.2929 24.2929 5
      vertex -1.20208 23.7979 5
    endloop
  endfacet
  facet normal -0 0 1
    outer loop
      vertex -12.4122 24.191 5
      vertex -1.20208 23.7979 5
      vertex -12.2929 24.2929 5
    endloop
  endfacet
  facet normal 0 0 1
    outer loop
      vertex -1.20208 23.7979 5
      vertex -12.4122 24.191 5
      vertex -0.999234 23.6247 5
    endloop
  endfacet
  facet normal -0 0 1
    outer loop
      vertex -12.546 24.109 5
      vertex -0.999234 23.6247 5
      vertex -12.4122 24.191 5
    endloop
  endfacet
  facet normal 0 0 1
    outer loop
      vertex -0.999234 23.6247 5
      vertex -12.546 24.109 5
      vertex -0.771784 23.4853 5
    endloop
  endfacet
  facet normal -0 0 1
    outer loop
      vertex -12.691 24.0489 5
      vertex -0.771784 23.4853 5
      vertex -12.546 24.109 5
    endloop
  endfacet
  facet normal 0 0 1
    outer loop
      vertex -0.771784 23.4853 5
      vertex -12.691 24.0489 5
      vertex -0.525329 23.3832 5
    endloop
  endfacet
  facet normal 0 0 1
    outer loop
      vertex -20 20.5 5
      vertex -0.525329 23.3832 5
      vertex -12.691 24.0489 5
    endloop
  endfacet
  facet normal 0 0 1
    outer loop
      vertex -0.525329 23.3832 5
      vertex -20 20.5 5
      vertex -0.265938 23.3209 5
    endloop
  endfacet
  facet normal 0 0 1
    outer loop
      vertex -20 20.5 5
      vertex -12.691 24.0489 5
      vertex -12.8436 24.0123 5
    endloop
  endfacet
  facet normal 0 0 1
    outer loop
      vertex -20 20.5 5
      vertex -12.8436 24.0123 5
      vertex -13 24 5
    endloop
  endfacet
  facet normal 0 0 1
    outer loop
      vertex -20 20.5 5
      vertex -13 24 5
      vertex -18 24 5
    endloop
  endfacet
  facet normal 0 0 1
    outer loop
      vertex -20 20.5 5
      vertex -18 24 5
      vertex -18.1564 24.0123 5
    endloop
  endfacet
  facet normal -0 0 1
    outer loop
      vertex -22.645 28.6406 5
      vertex -18.891 25.454 5
      vertex -22.043 29.0095 5
    endloop
  endfacet
  facet normal 0 0 1
    outer loop
      vertex 0 23.3 5
      vertex -20 20.5 5
      vertex 20 20.5 5
    endloop
  endfacet
  facet normal 0 0 1
    outer loop
      vertex -18.309 24.0489 5
      vertex -20 20.5 5
      vertex -18.1564 24.0123 5
    endloop
  endfacet
  facet normal 0 0 1
    outer loop
      vertex -18.454 24.109 5
      vertex -20 20.5 5
      vertex -18.309 24.0489 5
    endloop
  endfacet
  facet normal 0 0 1
    outer loop
      vertex -18.5878 24.191 5
      vertex -20 20.5 5
      vertex -18.454 24.109 5
    endloop
  endfacet
  facet normal 0 0 1
    outer loop
      vertex -18.7071 24.2929 5
      vertex -20 20.5 5
      vertex -18.5878 24.191 5
    endloop
  endfacet
  facet normal 0 0 1
    outer loop
      vertex -20.704 20.5554 5
      vertex -18.7071 24.2929 5
      vertex -18.809 24.4122 5
    endloop
  endfacet
  facet normal 0 0 1
    outer loop
      vertex -22.043 20.9905 5
      vertex -18.809 24.4122 5
      vertex -18.891 24.546 5
    endloop
  endfacet
  facet normal 0 0 1
    outer loop
      vertex -23.182 21.818 5
      vertex -18.891 24.546 5
      vertex -18.9511 24.691 5
    endloop
  endfacet
  facet normal 0 0 1
    outer loop
      vertex -24.0095 22.957 5
      vertex -18.9511 24.691 5
      vertex -18.9877 24.8436 5
    endloop
  endfacet
  facet normal -0 0 1
    outer loop
      vertex -23.182 28.182 5
      vertex -18.891 25.454 5
      vertex -22.645 28.6406 5
    endloop
  endfacet
  facet normal 0 0 1
    outer loop
      vertex -18.891 25.454 5
      vertex -23.182 28.182 5
      vertex -18.9511 25.309 5
    endloop
  endfacet
  facet normal 0 0 1
    outer loop
      vertex -18.7071 24.2929 5
      vertex -20.704 20.5554 5
      vertex -20 20.5 5
    endloop
  endfacet
  facet normal -0 0 1
    outer loop
      vertex -23.6406 27.645 5
      vertex -18.9511 25.309 5
      vertex -23.182 28.182 5
    endloop
  endfacet
  facet normal 0 0 1
    outer loop
      vertex -18.809 24.4122 5
      vertex -21.3906 20.7202 5
      vertex -20.704 20.5554 5
    endloop
  endfacet
  facet normal -0 0 1
    outer loop
      vertex -24.0095 27.043 5
      vertex -18.9511 25.309 5
      vertex -23.6406 27.645 5
    endloop
  endfacet
  facet normal 0 0 1
    outer loop
      vertex -18.809 24.4122 5
      vertex -22.043 20.9905 5
      vertex -21.3906 20.7202 5
    endloop
  endfacet
  facet normal 0 0 1
    outer loop
      vertex -18.9511 25.309 5
      vertex -24.0095 27.043 5
      vertex -18.9877 25.1564 5
    endloop
  endfacet
  facet normal 0 0 1
    outer loop
      vertex -18.891 24.546 5
      vertex -22.645 21.3594 5
      vertex -22.043 20.9905 5
    endloop
  endfacet
  facet normal -0 0 1
    outer loop
      vertex -24.2798 26.3906 5
      vertex -18.9877 25.1564 5
      vertex -24.0095 27.043 5
    endloop
  endfacet
  facet normal 0 0 1
    outer loop
      vertex -18.891 24.546 5
      vertex -23.182 21.818 5
      vertex -22.645 21.3594 5
    endloop
  endfacet
  facet normal -0 0 1
    outer loop
      vertex -24.4446 25.704 5
      vertex -18.9877 25.1564 5
      vertex -24.2798 26.3906 5
    endloop
  endfacet
  facet normal 0 0 1
    outer loop
      vertex -18.9511 24.691 5
      vertex -23.6406 22.355 5
      vertex -23.182 21.818 5
    endloop
  endfacet
  facet normal 0 0 1
    outer loop
      vertex -18.9877 25.1564 5
      vertex -24.4446 25.704 5
      vertex -19 25 5
    endloop
  endfacet
  facet normal 0 0 1
    outer loop
      vertex -18.9511 24.691 5
      vertex -24.0095 22.957 5
      vertex -23.6406 22.355 5
    endloop
  endfacet
  facet normal 0 0 1
    outer loop
      vertex -24.5 25 5
      vertex -19 25 5
      vertex -24.4446 25.704 5
    endloop
  endfacet
  facet normal 0 0 1
    outer loop
      vertex -18.9877 24.8436 5
      vertex -24.2798 23.6094 5
      vertex -24.0095 22.957 5
    endloop
  endfacet
  facet normal 0 -0 1
    outer loop
      vertex -24.4446 24.296 5
      vertex -19 25 5
      vertex -24.5 25 5
    endloop
  endfacet
  facet normal 0 0 1
    outer loop
      vertex -18.9877 24.8436 5
      vertex -24.4446 24.296 5
      vertex -24.2798 23.6094 5
    endloop
  endfacet
  facet normal 0 0 1
    outer loop
      vertex -19 25 5
      vertex -24.4446 24.296 5
      vertex -18.9877 24.8436 5
    endloop
  endfacet
  facet normal -0.649414 -0.760435 0
    outer loop
      vertex -23.182 21.818 0
      vertex -22.645 21.3594 5
      vertex -23.182 21.818 5
    endloop
  endfacet
  facet normal -0.649414 -0.760435 -0
    outer loop
      vertex -22.645 21.3594 5
      vertex -23.182 21.818 0
      vertex -22.645 21.3594 0
    endloop
  endfacet
  facet normal -0.522492 -0.852644 0
    outer loop
      vertex -22.645 21.3594 0
      vertex -22.043 20.9905 5
      vertex -22.645 21.3594 5
    endloop
  endfacet
  facet normal -0.522492 -0.852644 -0
    outer loop
      vertex -22.043 20.9905 5
      vertex -22.645 21.3594 0
      vertex -22.043 20.9905 0
    endloop
  endfacet
  facet normal -0.972382 -0.233394 0
    outer loop
      vertex -24.2798 23.6094 0
      vertex -24.4446 24.296 5
      vertex -24.4446 24.296 0
    endloop
  endfacet
  facet normal -0.972382 -0.233394 0
    outer loop
      vertex -24.4446 24.296 5
      vertex -24.2798 23.6094 0
      vertex -24.2798 23.6094 5
    endloop
  endfacet
  facet normal -0.760435 0.649414 0
    outer loop
      vertex -23.6406 27.645 0
      vertex -23.182 28.182 5
      vertex -23.182 28.182 0
    endloop
  endfacet
  facet normal -0.760435 0.649414 0
    outer loop
      vertex -23.182 28.182 5
      vertex -23.6406 27.645 0
      vertex -23.6406 27.645 5
    endloop
  endfacet
  facet normal -0.649414 0.760435 0
    outer loop
      vertex -22.645 28.6406 0
      vertex -23.182 28.182 5
      vertex -22.645 28.6406 5
    endloop
  endfacet
  facet normal -0.649414 0.760435 0
    outer loop
      vertex -23.182 28.182 5
      vertex -22.645 28.6406 0
      vertex -23.182 28.182 0
    endloop
  endfacet
  facet normal -0.923846 0.382765 0
    outer loop
      vertex -24.2798 26.3906 0
      vertex -24.0095 27.043 5
      vertex -24.0095 27.043 0
    endloop
  endfacet
  facet normal -0.923846 0.382765 0
    outer loop
      vertex -24.0095 27.043 5
      vertex -24.2798 26.3906 0
      vertex -24.2798 26.3906 5
    endloop
  endfacet
  facet normal -0.972375 -0.233423 0
    outer loop
      vertex 1.67907 25.2659 0
      vertex 1.6168 25.5253 5
      vertex 1.6168 25.5253 0
    endloop
  endfacet
  facet normal -0.972375 -0.233423 0
    outer loop
      vertex 1.6168 25.5253 5
      vertex 1.67907 25.2659 0
      vertex 1.67907 25.2659 5
    endloop
  endfacet
  facet normal -0.996916 -0.0784711 0
    outer loop
      vertex 1.7 25 0
      vertex 1.67907 25.2659 5
      vertex 1.67907 25.2659 0
    endloop
  endfacet
  facet normal -0.996916 -0.0784711 0
    outer loop
      vertex 1.67907 25.2659 5
      vertex 1.7 25 0
      vertex 1.7 25 5
    endloop
  endfacet
  facet normal -0.923898 -0.38264 0
    outer loop
      vertex 1.6168 25.5253 0
      vertex 1.51471 25.7718 5
      vertex 1.51471 25.7718 0
    endloop
  endfacet
  facet normal -0.923898 -0.38264 0
    outer loop
      vertex 1.51471 25.7718 5
      vertex 1.6168 25.5253 0
      vertex 1.6168 25.5253 5
    endloop
  endfacet
  facet normal -0.522549 0.852609 0
    outer loop
      vertex 0.999234 23.6247 0
      vertex 0.771784 23.4853 5
      vertex 0.999234 23.6247 5
    endloop
  endfacet
  facet normal -0.522549 0.852609 0
    outer loop
      vertex 0.771784 23.4853 5
      vertex 0.999234 23.6247 0
      vertex 0.771784 23.4853 0
    endloop
  endfacet
  facet normal 0.923898 -0.38264 0
    outer loop
      vertex -1.6168 25.5253 5
      vertex -1.51471 25.7718 0
      vertex -1.51471 25.7718 5
    endloop
  endfacet
  facet normal 0.923898 -0.38264 0
    outer loop
      vertex -1.51471 25.7718 0
      vertex -1.6168 25.5253 5
      vertex -1.6168 25.5253 0
    endloop
  endfacet
  facet normal 0.522549 0.852609 -0
    outer loop
      vertex -0.771784 23.4853 0
      vertex -0.999234 23.6247 5
      vertex -0.771784 23.4853 5
    endloop
  endfacet
  facet normal 0.522549 0.852609 0
    outer loop
      vertex -0.999234 23.6247 5
      vertex -0.771784 23.4853 0
      vertex -0.999234 23.6247 0
    endloop
  endfacet
  facet normal -0.972375 0.233423 0
    outer loop
      vertex 1.6168 24.4747 0
      vertex 1.67907 24.7341 5
      vertex 1.67907 24.7341 0
    endloop
  endfacet
  facet normal -0.972375 0.233423 0
    outer loop
      vertex 1.67907 24.7341 5
      vertex 1.6168 24.4747 0
      vertex 1.6168 24.4747 5
    endloop
  endfacet
  facet normal -0.382731 0.92386 0
    outer loop
      vertex 0.771784 23.4853 0
      vertex 0.525329 23.3832 5
      vertex 0.771784 23.4853 5
    endloop
  endfacet
  facet normal -0.382731 0.92386 0
    outer loop
      vertex 0.525329 23.3832 5
      vertex 0.771784 23.4853 0
      vertex 0.525329 23.3832 0
    endloop
  endfacet
  facet normal 0.382731 -0.92386 0
    outer loop
      vertex -0.771784 26.5147 0
      vertex -0.525329 26.6168 5
      vertex -0.771784 26.5147 5
    endloop
  endfacet
  facet normal 0.382731 -0.92386 0
    outer loop
      vertex -0.525329 26.6168 5
      vertex -0.771784 26.5147 0
      vertex -0.525329 26.6168 0
    endloop
  endfacet
  facet normal 0.522549 -0.852609 0
    outer loop
      vertex -0.999234 26.3753 0
      vertex -0.771784 26.5147 5
      vertex -0.999234 26.3753 5
    endloop
  endfacet
  facet normal 0.522549 -0.852609 0
    outer loop
      vertex -0.771784 26.5147 5
      vertex -0.999234 26.3753 0
      vertex -0.771784 26.5147 0
    endloop
  endfacet
  facet normal 0.233537 -0.972348 0
    outer loop
      vertex -0.525329 26.6168 0
      vertex -0.265938 26.6791 5
      vertex -0.525329 26.6168 5
    endloop
  endfacet
  facet normal 0.233537 -0.972348 0
    outer loop
      vertex -0.265938 26.6791 5
      vertex -0.525329 26.6168 0
      vertex -0.265938 26.6791 0
    endloop
  endfacet
  facet normal -0.649346 0.760493 0
    outer loop
      vertex 1.20208 23.7979 0
      vertex 0.999234 23.6247 5
      vertex 1.20208 23.7979 5
    endloop
  endfacet
  facet normal -0.649346 0.760493 0
    outer loop
      vertex 0.999234 23.6247 5
      vertex 1.20208 23.7979 0
      vertex 0.999234 23.6247 0
    endloop
  endfacet
  facet normal 0.0783482 -0.996926 0
    outer loop
      vertex -0.265938 26.6791 0
      vertex 0 26.7 5
      vertex -0.265938 26.6791 5
    endloop
  endfacet
  facet normal 0.0783482 -0.996926 0
    outer loop
      vertex 0 26.7 5
      vertex -0.265938 26.6791 0
      vertex 0 26.7 0
    endloop
  endfacet
  facet normal 0.923898 0.38264 0
    outer loop
      vertex -1.51471 24.2282 5
      vertex -1.6168 24.4747 0
      vertex -1.6168 24.4747 5
    endloop
  endfacet
  facet normal 0.923898 0.38264 0
    outer loop
      vertex -1.6168 24.4747 0
      vertex -1.51471 24.2282 5
      vertex -1.51471 24.2282 0
    endloop
  endfacet
  facet normal 0.760485 -0.649355 0
    outer loop
      vertex -1.37533 25.9992 5
      vertex -1.20208 26.2021 0
      vertex -1.20208 26.2021 5
    endloop
  endfacet
  facet normal 0.760485 -0.649355 0
    outer loop
      vertex -1.20208 26.2021 0
      vertex -1.37533 25.9992 5
      vertex -1.37533 25.9992 0
    endloop
  endfacet
  facet normal 0.233537 0.972348 -0
    outer loop
      vertex -0.265938 23.3209 0
      vertex -0.525329 23.3832 5
      vertex -0.265938 23.3209 5
    endloop
  endfacet
  facet normal 0.233537 0.972348 0
    outer loop
      vertex -0.525329 23.3832 5
      vertex -0.265938 23.3209 0
      vertex -0.525329 23.3832 0
    endloop
  endfacet
  facet normal -0.923898 0.38264 0
    outer loop
      vertex 1.51471 24.2282 0
      vertex 1.6168 24.4747 5
      vertex 1.6168 24.4747 0
    endloop
  endfacet
  facet normal -0.923898 0.38264 0
    outer loop
      vertex 1.6168 24.4747 5
      vertex 1.51471 24.2282 0
      vertex 1.51471 24.2282 5
    endloop
  endfacet
  facet normal 0.760485 0.649355 0
    outer loop
      vertex -1.20208 23.7979 5
      vertex -1.37533 24.0008 0
      vertex -1.37533 24.0008 5
    endloop
  endfacet
  facet normal 0.760485 0.649355 0
    outer loop
      vertex -1.37533 24.0008 0
      vertex -1.20208 23.7979 5
      vertex -1.20208 23.7979 0
    endloop
  endfacet
  facet normal 0.649346 -0.760493 0
    outer loop
      vertex -1.20208 26.2021 0
      vertex -0.999234 26.3753 5
      vertex -1.20208 26.2021 5
    endloop
  endfacet
  facet normal 0.649346 -0.760493 0
    outer loop
      vertex -0.999234 26.3753 5
      vertex -1.20208 26.2021 0
      vertex -0.999234 26.3753 0
    endloop
  endfacet
  facet normal -0.0783482 0.996926 0
    outer loop
      vertex 0.265938 23.3209 0
      vertex 0 23.3 5
      vertex 0.265938 23.3209 5
    endloop
  endfacet
  facet normal -0.0783482 0.996926 0
    outer loop
      vertex 0 23.3 5
      vertex 0.265938 23.3209 0
      vertex 0 23.3 0
    endloop
  endfacet
  facet normal -0.852592 0.522578 0
    outer loop
      vertex 1.37533 24.0008 0
      vertex 1.51471 24.2282 5
      vertex 1.51471 24.2282 0
    endloop
  endfacet
  facet normal -0.852592 0.522578 0
    outer loop
      vertex 1.51471 24.2282 5
      vertex 1.37533 24.0008 0
      vertex 1.37533 24.0008 5
    endloop
  endfacet
  facet normal -0.852592 -0.522578 0
    outer loop
      vertex 1.51471 25.7718 0
      vertex 1.37533 25.9992 5
      vertex 1.37533 25.9992 0
    endloop
  endfacet
  facet normal -0.852592 -0.522578 0
    outer loop
      vertex 1.37533 25.9992 5
      vertex 1.51471 25.7718 0
      vertex 1.51471 25.7718 5
    endloop
  endfacet
  facet normal -0.996916 0.0784711 0
    outer loop
      vertex 1.67907 24.7341 0
      vertex 1.7 25 5
      vertex 1.7 25 0
    endloop
  endfacet
  facet normal -0.996916 0.0784711 0
    outer loop
      vertex 1.7 25 5
      vertex 1.67907 24.7341 0
      vertex 1.67907 24.7341 5
    endloop
  endfacet
  facet normal 0.972375 0.233423 0
    outer loop
      vertex -1.6168 24.4747 5
      vertex -1.67907 24.7341 0
      vertex -1.67907 24.7341 5
    endloop
  endfacet
  facet normal 0.972375 0.233423 0
    outer loop
      vertex -1.67907 24.7341 0
      vertex -1.6168 24.4747 5
      vertex -1.6168 24.4747 0
    endloop
  endfacet
  facet normal -0.522549 -0.852609 0
    outer loop
      vertex 0.771784 26.5147 0
      vertex 0.999234 26.3753 5
      vertex 0.771784 26.5147 5
    endloop
  endfacet
  facet normal -0.522549 -0.852609 -0
    outer loop
      vertex 0.999234 26.3753 5
      vertex 0.771784 26.5147 0
      vertex 0.999234 26.3753 0
    endloop
  endfacet
  facet normal -0.760485 -0.649355 0
    outer loop
      vertex 1.37533 25.9992 0
      vertex 1.20208 26.2021 5
      vertex 1.20208 26.2021 0
    endloop
  endfacet
  facet normal -0.760485 -0.649355 0
    outer loop
      vertex 1.20208 26.2021 5
      vertex 1.37533 25.9992 0
      vertex 1.37533 25.9992 5
    endloop
  endfacet
  facet normal 0.996916 -0.0784711 0
    outer loop
      vertex -1.7 25 5
      vertex -1.67907 25.2659 0
      vertex -1.67907 25.2659 5
    endloop
  endfacet
  facet normal 0.996916 -0.0784711 0
    outer loop
      vertex -1.67907 25.2659 0
      vertex -1.7 25 5
      vertex -1.7 25 0
    endloop
  endfacet
  facet normal -0.649346 -0.760493 0
    outer loop
      vertex 0.999234 26.3753 0
      vertex 1.20208 26.2021 5
      vertex 0.999234 26.3753 5
    endloop
  endfacet
  facet normal -0.649346 -0.760493 -0
    outer loop
      vertex 1.20208 26.2021 5
      vertex 0.999234 26.3753 0
      vertex 1.20208 26.2021 0
    endloop
  endfacet
  facet normal -0.233537 0.972348 0
    outer loop
      vertex 0.525329 23.3832 0
      vertex 0.265938 23.3209 5
      vertex 0.525329 23.3832 5
    endloop
  endfacet
  facet normal -0.233537 0.972348 0
    outer loop
      vertex 0.265938 23.3209 5
      vertex 0.525329 23.3832 0
      vertex 0.265938 23.3209 0
    endloop
  endfacet
  facet normal 0.852592 0.522578 0
    outer loop
      vertex -1.37533 24.0008 5
      vertex -1.51471 24.2282 0
      vertex -1.51471 24.2282 5
    endloop
  endfacet
  facet normal 0.852592 0.522578 0
    outer loop
      vertex -1.51471 24.2282 0
      vertex -1.37533 24.0008 5
      vertex -1.37533 24.0008 0
    endloop
  endfacet
  facet normal 0.649346 0.760493 -0
    outer loop
      vertex -0.999234 23.6247 0
      vertex -1.20208 23.7979 5
      vertex -0.999234 23.6247 5
    endloop
  endfacet
  facet normal 0.649346 0.760493 0
    outer loop
      vertex -1.20208 23.7979 5
      vertex -0.999234 23.6247 0
      vertex -1.20208 23.7979 0
    endloop
  endfacet
  facet normal -0.760485 0.649355 0
    outer loop
      vertex 1.20208 23.7979 0
      vertex 1.37533 24.0008 5
      vertex 1.37533 24.0008 0
    endloop
  endfacet
  facet normal -0.760485 0.649355 0
    outer loop
      vertex 1.37533 24.0008 5
      vertex 1.20208 23.7979 0
      vertex 1.20208 23.7979 5
    endloop
  endfacet
  facet normal 0.852592 -0.522578 0
    outer loop
      vertex -1.51471 25.7718 5
      vertex -1.37533 25.9992 0
      vertex -1.37533 25.9992 5
    endloop
  endfacet
  facet normal 0.852592 -0.522578 0
    outer loop
      vertex -1.37533 25.9992 0
      vertex -1.51471 25.7718 5
      vertex -1.51471 25.7718 0
    endloop
  endfacet
  facet normal 0.996916 0.0784711 0
    outer loop
      vertex -1.67907 24.7341 5
      vertex -1.7 25 0
      vertex -1.7 25 5
    endloop
  endfacet
  facet normal 0.996916 0.0784711 0
    outer loop
      vertex -1.7 25 0
      vertex -1.67907 24.7341 5
      vertex -1.67907 24.7341 0
    endloop
  endfacet
  facet normal 0.382731 0.92386 -0
    outer loop
      vertex -0.525329 23.3832 0
      vertex -0.771784 23.4853 5
      vertex -0.525329 23.3832 5
    endloop
  endfacet
  facet normal 0.382731 0.92386 0
    outer loop
      vertex -0.771784 23.4853 5
      vertex -0.525329 23.3832 0
      vertex -0.771784 23.4853 0
    endloop
  endfacet
  facet normal -0.382731 -0.92386 0
    outer loop
      vertex 0.525329 26.6168 0
      vertex 0.771784 26.5147 5
      vertex 0.525329 26.6168 5
    endloop
  endfacet
  facet normal -0.382731 -0.92386 -0
    outer loop
      vertex 0.771784 26.5147 5
      vertex 0.525329 26.6168 0
      vertex 0.771784 26.5147 0
    endloop
  endfacet
  facet normal -0.233537 -0.972348 0
    outer loop
      vertex 0.265938 26.6791 0
      vertex 0.525329 26.6168 5
      vertex 0.265938 26.6791 5
    endloop
  endfacet
  facet normal -0.233537 -0.972348 -0
    outer loop
      vertex 0.525329 26.6168 5
      vertex 0.265938 26.6791 0
      vertex 0.525329 26.6168 0
    endloop
  endfacet
  facet normal -0.0783482 -0.996926 0
    outer loop
      vertex 0 26.7 0
      vertex 0.265938 26.6791 5
      vertex 0 26.7 5
    endloop
  endfacet
  facet normal -0.0783482 -0.996926 -0
    outer loop
      vertex 0.265938 26.6791 5
      vertex 0 26.7 0
      vertex 0.265938 26.6791 0
    endloop
  endfacet
  facet normal 0.972375 -0.233423 0
    outer loop
      vertex -1.67907 25.2659 5
      vertex -1.6168 25.5253 0
      vertex -1.6168 25.5253 5
    endloop
  endfacet
  facet normal 0.972375 -0.233423 0
    outer loop
      vertex -1.6168 25.5253 0
      vertex -1.67907 25.2659 5
      vertex -1.67907 25.2659 0
    endloop
  endfacet
  facet normal 0.0783482 0.996926 -0
    outer loop
      vertex 0 23.3 0
      vertex -0.265938 23.3209 5
      vertex 0 23.3 5
    endloop
  endfacet
  facet normal 0.0783482 0.996926 0
    outer loop
      vertex -0.265938 23.3209 5
      vertex 0 23.3 0
      vertex -0.265938 23.3209 0
    endloop
  endfacet
  facet normal -0.972422 0.233228 0
    outer loop
      vertex -12.0489 39.691 0
      vertex -12.0123 39.8436 5
      vertex -12.0123 39.8436 0
    endloop
  endfacet
  facet normal -0.972422 0.233228 0
    outer loop
      vertex -12.0123 39.8436 5
      vertex -12.0489 39.691 0
      vertex -12.0489 39.691 5
    endloop
  endfacet
  facet normal -0.923792 -0.382896 0
    outer loop
      vertex -12.0489 40.309 0
      vertex -12.109 40.454 5
      vertex -12.109 40.454 0
    endloop
  endfacet
  facet normal -0.923792 -0.382896 0
    outer loop
      vertex -12.109 40.454 5
      vertex -12.0489 40.309 0
      vertex -12.0489 40.309 5
    endloop
  endfacet
  facet normal 0.76038 -0.649478 0
    outer loop
      vertex -18.809 40.5878 5
      vertex -18.7071 40.7071 0
      vertex -18.7071 40.7071 5
    endloop
  endfacet
  facet normal 0.76038 -0.649478 0
    outer loop
      vertex -18.7071 40.7071 0
      vertex -18.809 40.5878 5
      vertex -18.809 40.5878 0
    endloop
  endfacet
  facet normal -0.996922 0.0784024 0
    outer loop
      vertex -12.0123 39.8436 0
      vertex -12 40 5
      vertex -12 40 0
    endloop
  endfacet
  facet normal -0.996922 0.0784024 0
    outer loop
      vertex -12 40 5
      vertex -12.0123 39.8436 0
      vertex -12.0123 39.8436 5
    endloop
  endfacet
  facet normal 0.233228 -0.972422 0
    outer loop
      vertex -18.309 40.9511 0
      vertex -18.1564 40.9877 5
      vertex -18.309 40.9511 5
    endloop
  endfacet
  facet normal 0.233228 -0.972422 0
    outer loop
      vertex -18.1564 40.9877 5
      vertex -18.309 40.9511 0
      vertex -18.1564 40.9877 0
    endloop
  endfacet
  facet normal 0.972422 -0.233228 0
    outer loop
      vertex -18.9877 40.1564 5
      vertex -18.9511 40.309 0
      vertex -18.9511 40.309 5
    endloop
  endfacet
  facet normal 0.972422 -0.233228 0
    outer loop
      vertex -18.9511 40.309 0
      vertex -18.9877 40.1564 5
      vertex -18.9877 40.1564 0
    endloop
  endfacet
  facet normal -0.649478 0.76038 0
    outer loop
      vertex -12.2929 39.2929 0
      vertex -12.4122 39.191 5
      vertex -12.2929 39.2929 5
    endloop
  endfacet
  facet normal -0.649478 0.76038 0
    outer loop
      vertex -12.4122 39.191 5
      vertex -12.2929 39.2929 0
      vertex -12.4122 39.191 0
    endloop
  endfacet
  facet normal -0.85262 -0.522532 0
    outer loop
      vertex -12.109 40.454 0
      vertex -12.191 40.5878 5
      vertex -12.191 40.5878 0
    endloop
  endfacet
  facet normal -0.85262 -0.522532 0
    outer loop
      vertex -12.191 40.5878 5
      vertex -12.109 40.454 0
      vertex -12.109 40.454 5
    endloop
  endfacet
  facet normal 0.522532 0.85262 -0
    outer loop
      vertex -18.454 39.109 0
      vertex -18.5878 39.191 5
      vertex -18.454 39.109 5
    endloop
  endfacet
  facet normal 0.522532 0.85262 0
    outer loop
      vertex -18.5878 39.191 5
      vertex -18.454 39.109 0
      vertex -18.5878 39.191 0
    endloop
  endfacet
  facet normal 0 -1 0
    outer loop
      vertex -18 41 0
      vertex -13 41 5
      vertex -18 41 5
    endloop
  endfacet
  facet normal 0 -1 -0
    outer loop
      vertex -13 41 5
      vertex -18 41 0
      vertex -13 41 0
    endloop
  endfacet
  facet normal -0.996922 -0.0784024 0
    outer loop
      vertex -12 40 0
      vertex -12.0123 40.1564 5
      vertex -12.0123 40.1564 0
    endloop
  endfacet
  facet normal -0.996922 -0.0784024 0
    outer loop
      vertex -12.0123 40.1564 5
      vertex -12 40 0
      vertex -12 40 5
    endloop
  endfacet
  facet normal 0.0784024 -0.996922 0
    outer loop
      vertex -18.1564 40.9877 0
      vertex -18 41 5
      vertex -18.1564 40.9877 5
    endloop
  endfacet
  facet normal 0.0784024 -0.996922 0
    outer loop
      vertex -18 41 5
      vertex -18.1564 40.9877 0
      vertex -18 41 0
    endloop
  endfacet
  facet normal -0.382896 0.923792 0
    outer loop
      vertex -12.546 39.109 0
      vertex -12.691 39.0489 5
      vertex -12.546 39.109 5
    endloop
  endfacet
  facet normal -0.382896 0.923792 0
    outer loop
      vertex -12.691 39.0489 5
      vertex -12.546 39.109 0
      vertex -12.691 39.0489 0
    endloop
  endfacet
  facet normal 0.0784024 0.996922 -0
    outer loop
      vertex -18 39 0
      vertex -18.1564 39.0123 5
      vertex -18 39 5
    endloop
  endfacet
  facet normal 0.0784024 0.996922 0
    outer loop
      vertex -18.1564 39.0123 5
      vertex -18 39 0
      vertex -18.1564 39.0123 0
    endloop
  endfacet
  facet normal 0.923792 -0.382896 0
    outer loop
      vertex -18.9511 40.309 5
      vertex -18.891 40.454 0
      vertex -18.891 40.454 5
    endloop
  endfacet
  facet normal 0.923792 -0.382896 0
    outer loop
      vertex -18.891 40.454 0
      vertex -18.9511 40.309 5
      vertex -18.9511 40.309 0
    endloop
  endfacet
  facet normal -0.0784024 0.996922 0
    outer loop
      vertex -12.8436 39.0123 0
      vertex -13 39 5
      vertex -12.8436 39.0123 5
    endloop
  endfacet
  facet normal -0.0784024 0.996922 0
    outer loop
      vertex -13 39 5
      vertex -12.8436 39.0123 0
      vertex -13 39 0
    endloop
  endfacet
  facet normal -0.649478 -0.76038 0
    outer loop
      vertex -12.4122 40.809 0
      vertex -12.2929 40.7071 5
      vertex -12.4122 40.809 5
    endloop
  endfacet
  facet normal -0.649478 -0.76038 -0
    outer loop
      vertex -12.2929 40.7071 5
      vertex -12.4122 40.809 0
      vertex -12.2929 40.7071 0
    endloop
  endfacet
  facet normal -0.233228 0.972422 0
    outer loop
      vertex -12.691 39.0489 0
      vertex -12.8436 39.0123 5
      vertex -12.691 39.0489 5
    endloop
  endfacet
  facet normal -0.233228 0.972422 0
    outer loop
      vertex -12.8436 39.0123 5
      vertex -12.691 39.0489 0
      vertex -12.8436 39.0123 0
    endloop
  endfacet
  facet normal 0.76038 0.649478 0
    outer loop
      vertex -18.7071 39.2929 5
      vertex -18.809 39.4122 0
      vertex -18.809 39.4122 5
    endloop
  endfacet
  facet normal 0.76038 0.649478 0
    outer loop
      vertex -18.809 39.4122 0
      vertex -18.7071 39.2929 5
      vertex -18.7071 39.2929 0
    endloop
  endfacet
  facet normal 0 1 0
    outer loop
      vertex -13 39 5
      vertex -15.5 39 3.8
      vertex -18 39 5
    endloop
  endfacet
  facet normal 0 1 0
    outer loop
      vertex -13 39 5
      vertex -15.2966 39 3.78399
      vertex -15.5 39 3.8
    endloop
  endfacet
  facet normal 0 1 0
    outer loop
      vertex -13 39 5
      vertex -15.0983 39 3.73637
      vertex -15.2966 39 3.78399
    endloop
  endfacet
  facet normal 0 1 0
    outer loop
      vertex -13 39 5
      vertex -14.9098 39 3.65831
      vertex -15.0983 39 3.73637
    endloop
  endfacet
  facet normal 0 1 0
    outer loop
      vertex -13 39 5
      vertex -14.7359 39 3.55172
      vertex -14.9098 39 3.65831
    endloop
  endfacet
  facet normal 0 1 0
    outer loop
      vertex -13 39 5
      vertex -14.5808 39 3.41924
      vertex -14.7359 39 3.55172
    endloop
  endfacet
  facet normal 0 1 0
    outer loop
      vertex -13 39 5
      vertex -14.4483 39 3.26412
      vertex -14.5808 39 3.41924
    endloop
  endfacet
  facet normal 0 1 0
    outer loop
      vertex -13 39 5
      vertex -14.3417 39 3.09019
      vertex -14.4483 39 3.26412
    endloop
  endfacet
  facet normal 0 1 0
    outer loop
      vertex -13 39 5
      vertex -14.2636 39 2.90172
      vertex -14.3417 39 3.09019
    endloop
  endfacet
  facet normal 0 1 0
    outer loop
      vertex -13 39 5
      vertex -14.216 39 2.70336
      vertex -14.2636 39 2.90172
    endloop
  endfacet
  facet normal 0 1 0
    outer loop
      vertex -13 39 5
      vertex -14.2 39 2.5
      vertex -14.216 39 2.70336
    endloop
  endfacet
  facet normal 0 1 -0
    outer loop
      vertex -13 39 0
      vertex -14.2 39 2.5
      vertex -13 39 5
    endloop
  endfacet
  facet normal 0 1 0
    outer loop
      vertex -14.2 39 2.5
      vertex -13 39 0
      vertex -14.216 39 2.29663
    endloop
  endfacet
  facet normal 0 1 0
    outer loop
      vertex -14.216 39 2.29663
      vertex -13 39 0
      vertex -14.2636 39 2.09828
    endloop
  endfacet
  facet normal 0 1 0
    outer loop
      vertex -15.2966 39 1.216
      vertex -13 39 0
      vertex -15.5 39 1.2
    endloop
  endfacet
  facet normal 0 1 0
    outer loop
      vertex -15.0983 39 1.26363
      vertex -13 39 0
      vertex -15.2966 39 1.216
    endloop
  endfacet
  facet normal 0 1 0
    outer loop
      vertex -14.9098 39 1.34169
      vertex -13 39 0
      vertex -15.0983 39 1.26363
    endloop
  endfacet
  facet normal 0 1 0
    outer loop
      vertex -14.7359 39 1.44828
      vertex -13 39 0
      vertex -14.9098 39 1.34169
    endloop
  endfacet
  facet normal 0 1 0
    outer loop
      vertex -14.5808 39 1.58076
      vertex -13 39 0
      vertex -14.7359 39 1.44828
    endloop
  endfacet
  facet normal 0 1 0
    outer loop
      vertex -14.4483 39 1.73588
      vertex -13 39 0
      vertex -14.5808 39 1.58076
    endloop
  endfacet
  facet normal 0 1 0
    outer loop
      vertex -14.3417 39 1.90981
      vertex -13 39 0
      vertex -14.4483 39 1.73588
    endloop
  endfacet
  facet normal 0 1 0
    outer loop
      vertex -14.2636 39 2.09828
      vertex -13 39 0
      vertex -14.3417 39 1.90981
    endloop
  endfacet
  facet normal 0 1 -0
    outer loop
      vertex -15.7034 39 3.78399
      vertex -18 39 5
      vertex -15.5 39 3.8
    endloop
  endfacet
  facet normal 0 1 -0
    outer loop
      vertex -15.9017 39 3.73637
      vertex -18 39 5
      vertex -15.7034 39 3.78399
    endloop
  endfacet
  facet normal 0 1 -0
    outer loop
      vertex -16.0902 39 3.65831
      vertex -18 39 5
      vertex -15.9017 39 3.73637
    endloop
  endfacet
  facet normal 0 1 -0
    outer loop
      vertex -16.2641 39 3.55172
      vertex -18 39 5
      vertex -16.0902 39 3.65831
    endloop
  endfacet
  facet normal 0 1 -0
    outer loop
      vertex -16.4192 39 3.41924
      vertex -18 39 5
      vertex -16.2641 39 3.55172
    endloop
  endfacet
  facet normal 0 1 -0
    outer loop
      vertex -16.5517 39 3.26412
      vertex -18 39 5
      vertex -16.4192 39 3.41924
    endloop
  endfacet
  facet normal 0 1 -0
    outer loop
      vertex -16.6583 39 3.09019
      vertex -18 39 5
      vertex -16.5517 39 3.26412
    endloop
  endfacet
  facet normal 0 1 -0
    outer loop
      vertex -16.7364 39 2.90172
      vertex -18 39 5
      vertex -16.6583 39 3.09019
    endloop
  endfacet
  facet normal 0 1 -0
    outer loop
      vertex -16.784 39 2.70336
      vertex -18 39 5
      vertex -16.7364 39 2.90172
    endloop
  endfacet
  facet normal 0 1 -0
    outer loop
      vertex -16.8 39 2.5
      vertex -18 39 5
      vertex -16.784 39 2.70336
    endloop
  endfacet
  facet normal 0 1 0
    outer loop
      vertex -18 39 0
      vertex -16.8 39 2.5
      vertex -16.784 39 2.29663
    endloop
  endfacet
  facet normal 0 1 0
    outer loop
      vertex -18 39 0
      vertex -16.784 39 2.29663
      vertex -16.7364 39 2.09828
    endloop
  endfacet
  facet normal 0 1 0
    outer loop
      vertex -18 39 0
      vertex -16.7364 39 2.09828
      vertex -16.6583 39 1.90981
    endloop
  endfacet
  facet normal 0 1 0
    outer loop
      vertex -18 39 0
      vertex -15.5 39 1.2
      vertex -13 39 0
    endloop
  endfacet
  facet normal 0 1 0
    outer loop
      vertex -15.5 39 1.2
      vertex -18 39 0
      vertex -15.7034 39 1.216
    endloop
  endfacet
  facet normal 0 1 0
    outer loop
      vertex -15.7034 39 1.216
      vertex -18 39 0
      vertex -15.9017 39 1.26363
    endloop
  endfacet
  facet normal 0 1 0
    outer loop
      vertex -16.8 39 2.5
      vertex -18 39 0
      vertex -18 39 5
    endloop
  endfacet
  facet normal 0 1 0
    outer loop
      vertex -16.5517 39 1.73588
      vertex -18 39 0
      vertex -16.6583 39 1.90981
    endloop
  endfacet
  facet normal 0 1 0
    outer loop
      vertex -16.4192 39 1.58076
      vertex -18 39 0
      vertex -16.5517 39 1.73588
    endloop
  endfacet
  facet normal 0 1 0
    outer loop
      vertex -16.2641 39 1.44828
      vertex -18 39 0
      vertex -16.4192 39 1.58076
    endloop
  endfacet
  facet normal 0 1 0
    outer loop
      vertex -16.0902 39 1.34169
      vertex -18 39 0
      vertex -16.2641 39 1.44828
    endloop
  endfacet
  facet normal 0 1 0
    outer loop
      vertex -15.9017 39 1.26363
      vertex -18 39 0
      vertex -16.0902 39 1.34169
    endloop
  endfacet
  facet normal 0.649478 -0.76038 0
    outer loop
      vertex -18.7071 40.7071 0
      vertex -18.5878 40.809 5
      vertex -18.7071 40.7071 5
    endloop
  endfacet
  facet normal 0.649478 -0.76038 0
    outer loop
      vertex -18.5878 40.809 5
      vertex -18.7071 40.7071 0
      vertex -18.5878 40.809 0
    endloop
  endfacet
  facet normal 0.382896 0.923792 -0
    outer loop
      vertex -18.309 39.0489 0
      vertex -18.454 39.109 5
      vertex -18.309 39.0489 5
    endloop
  endfacet
  facet normal 0.382896 0.923792 0
    outer loop
      vertex -18.454 39.109 5
      vertex -18.309 39.0489 0
      vertex -18.454 39.109 0
    endloop
  endfacet
  facet normal -0.0784024 -0.996922 0
    outer loop
      vertex -13 41 0
      vertex -12.8436 40.9877 5
      vertex -13 41 5
    endloop
  endfacet
  facet normal -0.0784024 -0.996922 -0
    outer loop
      vertex -12.8436 40.9877 5
      vertex -13 41 0
      vertex -12.8436 40.9877 0
    endloop
  endfacet
  facet normal -0.233228 -0.972422 0
    outer loop
      vertex -12.8436 40.9877 0
      vertex -12.691 40.9511 5
      vertex -12.8436 40.9877 5
    endloop
  endfacet
  facet normal -0.233228 -0.972422 -0
    outer loop
      vertex -12.691 40.9511 5
      vertex -12.8436 40.9877 0
      vertex -12.691 40.9511 0
    endloop
  endfacet
  facet normal -0.382896 -0.923792 0
    outer loop
      vertex -12.691 40.9511 0
      vertex -12.546 40.891 5
      vertex -12.691 40.9511 5
    endloop
  endfacet
  facet normal -0.382896 -0.923792 -0
    outer loop
      vertex -12.546 40.891 5
      vertex -12.691 40.9511 0
      vertex -12.546 40.891 0
    endloop
  endfacet
  facet normal 0.649478 0.76038 -0
    outer loop
      vertex -18.5878 39.191 0
      vertex -18.7071 39.2929 5
      vertex -18.5878 39.191 5
    endloop
  endfacet
  facet normal 0.649478 0.76038 0
    outer loop
      vertex -18.7071 39.2929 5
      vertex -18.5878 39.191 0
      vertex -18.7071 39.2929 0
    endloop
  endfacet
  facet normal 0.85262 -0.522532 0
    outer loop
      vertex -18.891 40.454 5
      vertex -18.809 40.5878 0
      vertex -18.809 40.5878 5
    endloop
  endfacet
  facet normal 0.85262 -0.522532 0
    outer loop
      vertex -18.809 40.5878 0
      vertex -18.891 40.454 5
      vertex -18.891 40.454 0
    endloop
  endfacet
  facet normal 0.382896 -0.923792 0
    outer loop
      vertex -18.454 40.891 0
      vertex -18.309 40.9511 5
      vertex -18.454 40.891 5
    endloop
  endfacet
  facet normal 0.382896 -0.923792 0
    outer loop
      vertex -18.309 40.9511 5
      vertex -18.454 40.891 0
      vertex -18.309 40.9511 0
    endloop
  endfacet
  facet normal 0.85262 0.522532 0
    outer loop
      vertex -18.809 39.4122 5
      vertex -18.891 39.546 0
      vertex -18.891 39.546 5
    endloop
  endfacet
  facet normal 0.85262 0.522532 0
    outer loop
      vertex -18.891 39.546 0
      vertex -18.809 39.4122 5
      vertex -18.809 39.4122 0
    endloop
  endfacet
  facet normal 0.233228 0.972422 -0
    outer loop
      vertex -18.1564 39.0123 0
      vertex -18.309 39.0489 5
      vertex -18.1564 39.0123 5
    endloop
  endfacet
  facet normal 0.233228 0.972422 0
    outer loop
      vertex -18.309 39.0489 5
      vertex -18.1564 39.0123 0
      vertex -18.309 39.0489 0
    endloop
  endfacet
  facet normal 0.522532 -0.85262 0
    outer loop
      vertex -18.5878 40.809 0
      vertex -18.454 40.891 5
      vertex -18.5878 40.809 5
    endloop
  endfacet
  facet normal 0.522532 -0.85262 0
    outer loop
      vertex -18.454 40.891 5
      vertex -18.5878 40.809 0
      vertex -18.454 40.891 0
    endloop
  endfacet
  facet normal 0.972422 0.233228 0
    outer loop
      vertex -18.9511 39.691 5
      vertex -18.9877 39.8436 0
      vertex -18.9877 39.8436 5
    endloop
  endfacet
  facet normal 0.972422 0.233228 0
    outer loop
      vertex -18.9877 39.8436 0
      vertex -18.9511 39.691 5
      vertex -18.9511 39.691 0
    endloop
  endfacet
  facet normal -0.85262 0.522532 0
    outer loop
      vertex -12.191 39.4122 0
      vertex -12.109 39.546 5
      vertex -12.109 39.546 0
    endloop
  endfacet
  facet normal -0.85262 0.522532 0
    outer loop
      vertex -12.109 39.546 5
      vertex -12.191 39.4122 0
      vertex -12.191 39.4122 5
    endloop
  endfacet
  facet normal -0.923792 0.382896 0
    outer loop
      vertex -12.109 39.546 0
      vertex -12.0489 39.691 5
      vertex -12.0489 39.691 0
    endloop
  endfacet
  facet normal -0.923792 0.382896 0
    outer loop
      vertex -12.0489 39.691 5
      vertex -12.109 39.546 0
      vertex -12.109 39.546 5
    endloop
  endfacet
  facet normal 0.923792 0.382896 0
    outer loop
      vertex -18.891 39.546 5
      vertex -18.9511 39.691 0
      vertex -18.9511 39.691 5
    endloop
  endfacet
  facet normal 0.923792 0.382896 0
    outer loop
      vertex -18.9511 39.691 0
      vertex -18.891 39.546 5
      vertex -18.891 39.546 0
    endloop
  endfacet
  facet normal -0.76038 0.649478 0
    outer loop
      vertex -12.2929 39.2929 0
      vertex -12.191 39.4122 5
      vertex -12.191 39.4122 0
    endloop
  endfacet
  facet normal -0.76038 0.649478 0
    outer loop
      vertex -12.191 39.4122 5
      vertex -12.2929 39.2929 0
      vertex -12.2929 39.2929 5
    endloop
  endfacet
  facet normal -0.522532 0.85262 0
    outer loop
      vertex -12.4122 39.191 0
      vertex -12.546 39.109 5
      vertex -12.4122 39.191 5
    endloop
  endfacet
  facet normal -0.522532 0.85262 0
    outer loop
      vertex -12.546 39.109 5
      vertex -12.4122 39.191 0
      vertex -12.546 39.109 0
    endloop
  endfacet
  facet normal 0.996922 0.0784024 0
    outer loop
      vertex -18.9877 39.8436 5
      vertex -19 40 0
      vertex -19 40 5
    endloop
  endfacet
  facet normal 0.996922 0.0784024 0
    outer loop
      vertex -19 40 0
      vertex -18.9877 39.8436 5
      vertex -18.9877 39.8436 0
    endloop
  endfacet
  facet normal 0.996922 -0.0784024 0
    outer loop
      vertex -19 40 5
      vertex -18.9877 40.1564 0
      vertex -18.9877 40.1564 5
    endloop
  endfacet
  facet normal 0.996922 -0.0784024 0
    outer loop
      vertex -18.9877 40.1564 0
      vertex -19 40 5
      vertex -19 40 0
    endloop
  endfacet
  facet normal -0.76038 -0.649478 0
    outer loop
      vertex -12.191 40.5878 0
      vertex -12.2929 40.7071 5
      vertex -12.2929 40.7071 0
    endloop
  endfacet
  facet normal -0.76038 -0.649478 0
    outer loop
      vertex -12.2929 40.7071 5
      vertex -12.191 40.5878 0
      vertex -12.191 40.5878 5
    endloop
  endfacet
  facet normal -0.972422 -0.233228 0
    outer loop
      vertex -12.0123 40.1564 0
      vertex -12.0489 40.309 5
      vertex -12.0489 40.309 0
    endloop
  endfacet
  facet normal -0.972422 -0.233228 0
    outer loop
      vertex -12.0489 40.309 5
      vertex -12.0123 40.1564 0
      vertex -12.0123 40.1564 5
    endloop
  endfacet
  facet normal -0.522532 -0.85262 0
    outer loop
      vertex -12.546 40.891 0
      vertex -12.4122 40.809 5
      vertex -12.546 40.891 5
    endloop
  endfacet
  facet normal -0.522532 -0.85262 -0
    outer loop
      vertex -12.4122 40.809 5
      vertex -12.546 40.891 0
      vertex -12.4122 40.809 0
    endloop
  endfacet
  facet normal 0.233549 0 0.972345
    outer loop
      vertex -15.9017 39 1.26363
      vertex -15.7034 35.5 1.216
      vertex -15.7034 39 1.216
    endloop
  endfacet
  facet normal 0.233549 0 0.972345
    outer loop
      vertex -15.7034 35.5 1.216
      vertex -15.9017 39 1.26363
      vertex -15.9017 35.5 1.26363
    endloop
  endfacet
  facet normal -0.972392 0 0.233354
    outer loop
      vertex -14.2636 35.5 2.09828
      vertex -14.216 39 2.29663
      vertex -14.2636 39 2.09828
    endloop
  endfacet
  facet normal -0.972392 0 0.233354
    outer loop
      vertex -14.216 39 2.29663
      vertex -14.2636 35.5 2.09828
      vertex -14.216 35.5 2.29663
    endloop
  endfacet
  facet normal -0.996919 0 0.078432
    outer loop
      vertex -14.216 35.5 2.29663
      vertex -14.2 39 2.5
      vertex -14.216 39 2.29663
    endloop
  endfacet
  facet normal -0.996919 0 0.078432
    outer loop
      vertex -14.2 39 2.5
      vertex -14.216 35.5 2.29663
      vertex -14.2 35.5 2.5
    endloop
  endfacet
  facet normal -0.923822 0 0.382822
    outer loop
      vertex -14.3417 35.5 1.90981
      vertex -14.2636 39 2.09828
      vertex -14.3417 39 1.90981
    endloop
  endfacet
  facet normal -0.923822 0 0.382822
    outer loop
      vertex -14.2636 39 2.09828
      vertex -14.3417 35.5 1.90981
      vertex -14.2636 35.5 2.09828
    endloop
  endfacet
  facet normal -0.233549 0 0.972345
    outer loop
      vertex -15.2966 39 1.216
      vertex -15.0983 35.5 1.26363
      vertex -15.0983 39 1.26363
    endloop
  endfacet
  facet normal -0.233549 0 0.972345
    outer loop
      vertex -15.0983 35.5 1.26363
      vertex -15.2966 39 1.216
      vertex -15.2966 35.5 1.216
    endloop
  endfacet
  facet normal -0.996919 0 -0.0784358
    outer loop
      vertex -14.2 35.5 2.5
      vertex -14.216 39 2.70336
      vertex -14.2 39 2.5
    endloop
  endfacet
  facet normal -0.996919 -0 -0.0784358
    outer loop
      vertex -14.216 39 2.70336
      vertex -14.2 35.5 2.5
      vertex -14.216 35.5 2.70336
    endloop
  endfacet
  facet normal -0.852606 0 0.522554
    outer loop
      vertex -14.4483 35.5 1.73588
      vertex -14.3417 39 1.90981
      vertex -14.4483 39 1.73588
    endloop
  endfacet
  facet normal -0.852606 0 0.522554
    outer loop
      vertex -14.3417 39 1.90981
      vertex -14.4483 35.5 1.73588
      vertex -14.3417 35.5 1.90981
    endloop
  endfacet
  facet normal -0.76037 0 0.649491
    outer loop
      vertex -14.5808 35.5 1.58076
      vertex -14.4483 39 1.73588
      vertex -14.5808 39 1.58076
    endloop
  endfacet
  facet normal -0.76037 0 0.649491
    outer loop
      vertex -14.4483 39 1.73588
      vertex -14.5808 35.5 1.58076
      vertex -14.4483 35.5 1.73588
    endloop
  endfacet
  facet normal 0.0784205 0 0.99692
    outer loop
      vertex -15.7034 39 1.216
      vertex -15.5 35.5 1.2
      vertex -15.5 39 1.2
    endloop
  endfacet
  facet normal 0.0784205 0 0.99692
    outer loop
      vertex -15.5 35.5 1.2
      vertex -15.7034 39 1.216
      vertex -15.7034 35.5 1.216
    endloop
  endfacet
  facet normal 0.522584 0 0.852588
    outer loop
      vertex -16.2641 39 1.44828
      vertex -16.0902 35.5 1.34169
      vertex -16.0902 39 1.34169
    endloop
  endfacet
  facet normal 0.522584 0 0.852588
    outer loop
      vertex -16.0902 35.5 1.34169
      vertex -16.2641 39 1.44828
      vertex -16.2641 35.5 1.44828
    endloop
  endfacet
  facet normal -0.382603 0 -0.923913
    outer loop
      vertex -15.0983 35.5 3.73637
      vertex -14.9098 39 3.65831
      vertex -14.9098 35.5 3.65831
    endloop
  endfacet
  facet normal -0.382603 0 -0.923913
    outer loop
      vertex -14.9098 39 3.65831
      vertex -15.0983 35.5 3.73637
      vertex -15.0983 39 3.73637
    endloop
  endfacet
  facet normal 0.382603 0 0.923913
    outer loop
      vertex -16.0902 39 1.34169
      vertex -15.9017 35.5 1.26363
      vertex -15.9017 39 1.26363
    endloop
  endfacet
  facet normal 0.382603 0 0.923913
    outer loop
      vertex -15.9017 35.5 1.26363
      vertex -16.0902 39 1.34169
      vertex -16.0902 35.5 1.34169
    endloop
  endfacet
  facet normal 0.972394 0 -0.233343
    outer loop
      vertex -16.7364 35.5 2.90172
      vertex -16.784 39 2.70336
      vertex -16.7364 39 2.90172
    endloop
  endfacet
  facet normal 0.972394 0 -0.233343
    outer loop
      vertex -16.784 39 2.70336
      vertex -16.7364 35.5 2.90172
      vertex -16.784 35.5 2.70336
    endloop
  endfacet
  facet normal 0.649482 0 0.760377
    outer loop
      vertex -16.4192 39 1.58076
      vertex -16.2641 35.5 1.44828
      vertex -16.2641 39 1.44828
    endloop
  endfacet
  facet normal 0.649482 0 0.760377
    outer loop
      vertex -16.2641 35.5 1.44828
      vertex -16.4192 39 1.58076
      vertex -16.4192 35.5 1.58076
    endloop
  endfacet
  facet normal -0.76037 0 -0.649491
    outer loop
      vertex -14.4483 35.5 3.26412
      vertex -14.5808 39 3.41924
      vertex -14.4483 39 3.26412
    endloop
  endfacet
  facet normal -0.76037 -0 -0.649491
    outer loop
      vertex -14.5808 39 3.41924
      vertex -14.4483 35.5 3.26412
      vertex -14.5808 35.5 3.41924
    endloop
  endfacet
  facet normal 0.996919 0 -0.0784358
    outer loop
      vertex -16.784 35.5 2.70336
      vertex -16.8 39 2.5
      vertex -16.784 39 2.70336
    endloop
  endfacet
  facet normal 0.996919 0 -0.0784358
    outer loop
      vertex -16.8 39 2.5
      vertex -16.784 35.5 2.70336
      vertex -16.8 35.5 2.5
    endloop
  endfacet
  facet normal 0.972392 -0 0.233354
    outer loop
      vertex -16.784 35.5 2.29663
      vertex -16.7364 39 2.09828
      vertex -16.784 39 2.29663
    endloop
  endfacet
  facet normal 0.972392 0 0.233354
    outer loop
      vertex -16.7364 39 2.09828
      vertex -16.784 35.5 2.29663
      vertex -16.7364 35.5 2.09828
    endloop
  endfacet
  facet normal 0.76037 0 -0.649491
    outer loop
      vertex -16.4192 35.5 3.41924
      vertex -16.5517 39 3.26412
      vertex -16.4192 39 3.41924
    endloop
  endfacet
  facet normal 0.76037 0 -0.649491
    outer loop
      vertex -16.5517 39 3.26412
      vertex -16.4192 35.5 3.41924
      vertex -16.5517 35.5 3.26412
    endloop
  endfacet
  facet normal 0.0784692 0 -0.996917
    outer loop
      vertex -15.7034 35.5 3.78399
      vertex -15.5 39 3.8
      vertex -15.5 35.5 3.8
    endloop
  endfacet
  facet normal 0.0784692 0 -0.996917
    outer loop
      vertex -15.5 39 3.8
      vertex -15.7034 35.5 3.78399
      vertex -15.7034 39 3.78399
    endloop
  endfacet
  facet normal -0.972394 0 -0.233343
    outer loop
      vertex -14.216 35.5 2.70336
      vertex -14.2636 39 2.90172
      vertex -14.216 39 2.70336
    endloop
  endfacet
  facet normal -0.972394 -0 -0.233343
    outer loop
      vertex -14.2636 39 2.90172
      vertex -14.216 35.5 2.70336
      vertex -14.2636 35.5 2.90172
    endloop
  endfacet
  facet normal -0.923822 0 -0.382822
    outer loop
      vertex -14.2636 35.5 2.90172
      vertex -14.3417 39 3.09019
      vertex -14.2636 39 2.90172
    endloop
  endfacet
  facet normal -0.923822 -0 -0.382822
    outer loop
      vertex -14.3417 39 3.09019
      vertex -14.2636 35.5 2.90172
      vertex -14.3417 35.5 3.09019
    endloop
  endfacet
  facet normal -0.649482 0 0.760377
    outer loop
      vertex -14.7359 39 1.44828
      vertex -14.5808 35.5 1.58076
      vertex -14.5808 39 1.58076
    endloop
  endfacet
  facet normal -0.649482 0 0.760377
    outer loop
      vertex -14.5808 35.5 1.58076
      vertex -14.7359 39 1.44828
      vertex -14.7359 35.5 1.44828
    endloop
  endfacet
  facet normal 0.852606 -0 0.522554
    outer loop
      vertex -16.6583 35.5 1.90981
      vertex -16.5517 39 1.73588
      vertex -16.6583 39 1.90981
    endloop
  endfacet
  facet normal 0.852606 0 0.522554
    outer loop
      vertex -16.5517 39 1.73588
      vertex -16.6583 35.5 1.90981
      vertex -16.5517 35.5 1.73588
    endloop
  endfacet
  facet normal -0.382603 0 0.923913
    outer loop
      vertex -15.0983 39 1.26363
      vertex -14.9098 35.5 1.34169
      vertex -14.9098 39 1.34169
    endloop
  endfacet
  facet normal -0.382603 0 0.923913
    outer loop
      vertex -14.9098 35.5 1.34169
      vertex -15.0983 39 1.26363
      vertex -15.0983 35.5 1.26363
    endloop
  endfacet
  facet normal -0.522584 0 0.852588
    outer loop
      vertex -14.9098 39 1.34169
      vertex -14.7359 35.5 1.44828
      vertex -14.7359 39 1.44828
    endloop
  endfacet
  facet normal -0.522584 0 0.852588
    outer loop
      vertex -14.7359 35.5 1.44828
      vertex -14.9098 39 1.34169
      vertex -14.9098 35.5 1.34169
    endloop
  endfacet
  facet normal 0.649482 0 -0.760377
    outer loop
      vertex -16.4192 35.5 3.41924
      vertex -16.2641 39 3.55172
      vertex -16.2641 35.5 3.55172
    endloop
  endfacet
  facet normal 0.649482 0 -0.760377
    outer loop
      vertex -16.2641 39 3.55172
      vertex -16.4192 35.5 3.41924
      vertex -16.4192 39 3.41924
    endloop
  endfacet
  facet normal -0.522584 0 -0.852588
    outer loop
      vertex -14.9098 35.5 3.65831
      vertex -14.7359 39 3.55172
      vertex -14.7359 35.5 3.55172
    endloop
  endfacet
  facet normal -0.522584 0 -0.852588
    outer loop
      vertex -14.7359 39 3.55172
      vertex -14.9098 35.5 3.65831
      vertex -14.9098 39 3.65831
    endloop
  endfacet
  facet normal -0.233503 0 -0.972356
    outer loop
      vertex -15.2966 35.5 3.78399
      vertex -15.0983 39 3.73637
      vertex -15.0983 35.5 3.73637
    endloop
  endfacet
  facet normal -0.233503 0 -0.972356
    outer loop
      vertex -15.0983 39 3.73637
      vertex -15.2966 35.5 3.78399
      vertex -15.2966 39 3.78399
    endloop
  endfacet
  facet normal 0.76037 -0 0.649491
    outer loop
      vertex -16.5517 35.5 1.73588
      vertex -16.4192 39 1.58076
      vertex -16.5517 39 1.73588
    endloop
  endfacet
  facet normal 0.76037 0 0.649491
    outer loop
      vertex -16.4192 39 1.58076
      vertex -16.5517 35.5 1.73588
      vertex -16.4192 35.5 1.58076
    endloop
  endfacet
  facet normal -0.852606 0 -0.522554
    outer loop
      vertex -14.3417 35.5 3.09019
      vertex -14.4483 39 3.26412
      vertex -14.3417 39 3.09019
    endloop
  endfacet
  facet normal -0.852606 -0 -0.522554
    outer loop
      vertex -14.4483 39 3.26412
      vertex -14.3417 35.5 3.09019
      vertex -14.4483 35.5 3.26412
    endloop
  endfacet
  facet normal -0.0784692 0 -0.996917
    outer loop
      vertex -15.5 35.5 3.8
      vertex -15.2966 39 3.78399
      vertex -15.2966 35.5 3.78399
    endloop
  endfacet
  facet normal -0.0784692 0 -0.996917
    outer loop
      vertex -15.2966 39 3.78399
      vertex -15.5 35.5 3.8
      vertex -15.5 39 3.8
    endloop
  endfacet
  facet normal -0.0784205 0 0.99692
    outer loop
      vertex -15.5 39 1.2
      vertex -15.2966 35.5 1.216
      vertex -15.2966 39 1.216
    endloop
  endfacet
  facet normal -0.0784205 0 0.99692
    outer loop
      vertex -15.2966 35.5 1.216
      vertex -15.5 39 1.2
      vertex -15.5 35.5 1.2
    endloop
  endfacet
  facet normal 0.996919 -0 0.078432
    outer loop
      vertex -16.8 35.5 2.5
      vertex -16.784 39 2.29663
      vertex -16.8 39 2.5
    endloop
  endfacet
  facet normal 0.996919 0 0.078432
    outer loop
      vertex -16.784 39 2.29663
      vertex -16.8 35.5 2.5
      vertex -16.784 35.5 2.29663
    endloop
  endfacet
  facet normal -0.649482 0 -0.760377
    outer loop
      vertex -14.7359 35.5 3.55172
      vertex -14.5808 39 3.41924
      vertex -14.5808 35.5 3.41924
    endloop
  endfacet
  facet normal -0.649482 0 -0.760377
    outer loop
      vertex -14.5808 39 3.41924
      vertex -14.7359 35.5 3.55172
      vertex -14.7359 39 3.55172
    endloop
  endfacet
  facet normal 0.923822 0 -0.382822
    outer loop
      vertex -16.6583 35.5 3.09019
      vertex -16.7364 39 2.90172
      vertex -16.6583 39 3.09019
    endloop
  endfacet
  facet normal 0.923822 0 -0.382822
    outer loop
      vertex -16.7364 39 2.90172
      vertex -16.6583 35.5 3.09019
      vertex -16.7364 35.5 2.90172
    endloop
  endfacet
  facet normal 0.522584 0 -0.852588
    outer loop
      vertex -16.2641 35.5 3.55172
      vertex -16.0902 39 3.65831
      vertex -16.0902 35.5 3.65831
    endloop
  endfacet
  facet normal 0.522584 0 -0.852588
    outer loop
      vertex -16.0902 39 3.65831
      vertex -16.2641 35.5 3.55172
      vertex -16.2641 39 3.55172
    endloop
  endfacet
  facet normal 0.923822 -0 0.382822
    outer loop
      vertex -16.7364 35.5 2.09828
      vertex -16.6583 39 1.90981
      vertex -16.7364 39 2.09828
    endloop
  endfacet
  facet normal 0.923822 0 0.382822
    outer loop
      vertex -16.6583 39 1.90981
      vertex -16.7364 35.5 2.09828
      vertex -16.6583 35.5 1.90981
    endloop
  endfacet
  facet normal 0.233503 0 -0.972356
    outer loop
      vertex -15.9017 35.5 3.73637
      vertex -15.7034 39 3.78399
      vertex -15.7034 35.5 3.78399
    endloop
  endfacet
  facet normal 0.233503 0 -0.972356
    outer loop
      vertex -15.7034 39 3.78399
      vertex -15.9017 35.5 3.73637
      vertex -15.9017 39 3.73637
    endloop
  endfacet
  facet normal 0.382603 0 -0.923913
    outer loop
      vertex -16.0902 35.5 3.65831
      vertex -15.9017 39 3.73637
      vertex -15.9017 35.5 3.73637
    endloop
  endfacet
  facet normal 0.382603 0 -0.923913
    outer loop
      vertex -15.9017 39 3.73637
      vertex -16.0902 35.5 3.65831
      vertex -16.0902 39 3.65831
    endloop
  endfacet
  facet normal 0.852606 0 -0.522554
    outer loop
      vertex -16.5517 35.5 3.26412
      vertex -16.6583 39 3.09019
      vertex -16.5517 39 3.26412
    endloop
  endfacet
  facet normal 0.852606 0 -0.522554
    outer loop
      vertex -16.6583 39 3.09019
      vertex -16.5517 35.5 3.26412
      vertex -16.6583 35.5 3.09019
    endloop
  endfacet
  facet normal 0.85262 0.522532 0
    outer loop
      vertex 12.191 39.4122 5
      vertex 12.109 39.546 0
      vertex 12.109 39.546 5
    endloop
  endfacet
  facet normal 0.85262 0.522532 0
    outer loop
      vertex 12.109 39.546 0
      vertex 12.191 39.4122 5
      vertex 12.191 39.4122 0
    endloop
  endfacet
  facet normal 0.0784024 0.996922 -0
    outer loop
      vertex 13 39 0
      vertex 12.8436 39.0123 5
      vertex 13 39 5
    endloop
  endfacet
  facet normal 0.0784024 0.996922 0
    outer loop
      vertex 12.8436 39.0123 5
      vertex 13 39 0
      vertex 12.8436 39.0123 0
    endloop
  endfacet
  facet normal 0.233228 -0.972422 0
    outer loop
      vertex 12.691 40.9511 0
      vertex 12.8436 40.9877 5
      vertex 12.691 40.9511 5
    endloop
  endfacet
  facet normal 0.233228 -0.972422 0
    outer loop
      vertex 12.8436 40.9877 5
      vertex 12.691 40.9511 0
      vertex 12.8436 40.9877 0
    endloop
  endfacet
  facet normal -0.649478 0.76038 0
    outer loop
      vertex 18.7071 39.2929 0
      vertex 18.5878 39.191 5
      vertex 18.7071 39.2929 5
    endloop
  endfacet
  facet normal -0.649478 0.76038 0
    outer loop
      vertex 18.5878 39.191 5
      vertex 18.7071 39.2929 0
      vertex 18.5878 39.191 0
    endloop
  endfacet
  facet normal -0.233228 0.972422 0
    outer loop
      vertex 18.309 39.0489 0
      vertex 18.1564 39.0123 5
      vertex 18.309 39.0489 5
    endloop
  endfacet
  facet normal -0.233228 0.972422 0
    outer loop
      vertex 18.1564 39.0123 5
      vertex 18.309 39.0489 0
      vertex 18.1564 39.0123 0
    endloop
  endfacet
  facet normal 0.382896 0.923792 -0
    outer loop
      vertex 12.691 39.0489 0
      vertex 12.546 39.109 5
      vertex 12.691 39.0489 5
    endloop
  endfacet
  facet normal 0.382896 0.923792 0
    outer loop
      vertex 12.546 39.109 5
      vertex 12.691 39.0489 0
      vertex 12.546 39.109 0
    endloop
  endfacet
  facet normal 0.972422 0.233228 0
    outer loop
      vertex 12.0489 39.691 5
      vertex 12.0123 39.8436 0
      vertex 12.0123 39.8436 5
    endloop
  endfacet
  facet normal 0.972422 0.233228 0
    outer loop
      vertex 12.0123 39.8436 0
      vertex 12.0489 39.691 5
      vertex 12.0489 39.691 0
    endloop
  endfacet
  facet normal -0.923792 -0.382896 0
    outer loop
      vertex 18.9511 40.309 0
      vertex 18.891 40.454 5
      vertex 18.891 40.454 0
    endloop
  endfacet
  facet normal -0.923792 -0.382896 0
    outer loop
      vertex 18.891 40.454 5
      vertex 18.9511 40.309 0
      vertex 18.9511 40.309 5
    endloop
  endfacet
  facet normal 0.76038 -0.649478 0
    outer loop
      vertex 12.191 40.5878 5
      vertex 12.2929 40.7071 0
      vertex 12.2929 40.7071 5
    endloop
  endfacet
  facet normal 0.76038 -0.649478 0
    outer loop
      vertex 12.2929 40.7071 0
      vertex 12.191 40.5878 5
      vertex 12.191 40.5878 0
    endloop
  endfacet
  facet normal -0.382896 -0.923792 0
    outer loop
      vertex 18.309 40.9511 0
      vertex 18.454 40.891 5
      vertex 18.309 40.9511 5
    endloop
  endfacet
  facet normal -0.382896 -0.923792 -0
    outer loop
      vertex 18.454 40.891 5
      vertex 18.309 40.9511 0
      vertex 18.454 40.891 0
    endloop
  endfacet
  facet normal 0 -1 0
    outer loop
      vertex 13 41 0
      vertex 18 41 5
      vertex 13 41 5
    endloop
  endfacet
  facet normal 0 -1 -0
    outer loop
      vertex 18 41 5
      vertex 13 41 0
      vertex 18 41 0
    endloop
  endfacet
  facet normal 0.996922 -0.0784024 0
    outer loop
      vertex 12 40 5
      vertex 12.0123 40.1564 0
      vertex 12.0123 40.1564 5
    endloop
  endfacet
  facet normal 0.996922 -0.0784024 0
    outer loop
      vertex 12.0123 40.1564 0
      vertex 12 40 5
      vertex 12 40 0
    endloop
  endfacet
  facet normal -0.76038 0.649478 0
    outer loop
      vertex 18.7071 39.2929 0
      vertex 18.809 39.4122 5
      vertex 18.809 39.4122 0
    endloop
  endfacet
  facet normal -0.76038 0.649478 0
    outer loop
      vertex 18.809 39.4122 5
      vertex 18.7071 39.2929 0
      vertex 18.7071 39.2929 5
    endloop
  endfacet
  facet normal 0.382896 -0.923792 0
    outer loop
      vertex 12.546 40.891 0
      vertex 12.691 40.9511 5
      vertex 12.546 40.891 5
    endloop
  endfacet
  facet normal 0.382896 -0.923792 0
    outer loop
      vertex 12.691 40.9511 5
      vertex 12.546 40.891 0
      vertex 12.691 40.9511 0
    endloop
  endfacet
  facet normal 0.923792 0.382896 0
    outer loop
      vertex 12.109 39.546 5
      vertex 12.0489 39.691 0
      vertex 12.0489 39.691 5
    endloop
  endfacet
  facet normal 0.923792 0.382896 0
    outer loop
      vertex 12.0489 39.691 0
      vertex 12.109 39.546 5
      vertex 12.109 39.546 0
    endloop
  endfacet
  facet normal -0.522532 0.85262 0
    outer loop
      vertex 18.5878 39.191 0
      vertex 18.454 39.109 5
      vertex 18.5878 39.191 5
    endloop
  endfacet
  facet normal -0.522532 0.85262 0
    outer loop
      vertex 18.454 39.109 5
      vertex 18.5878 39.191 0
      vertex 18.454 39.109 0
    endloop
  endfacet
  facet normal 0.85262 -0.522532 0
    outer loop
      vertex 12.109 40.454 5
      vertex 12.191 40.5878 0
      vertex 12.191 40.5878 5
    endloop
  endfacet
  facet normal 0.85262 -0.522532 0
    outer loop
      vertex 12.191 40.5878 0
      vertex 12.109 40.454 5
      vertex 12.109 40.454 0
    endloop
  endfacet
  facet normal -0.923792 0.382896 0
    outer loop
      vertex 18.891 39.546 0
      vertex 18.9511 39.691 5
      vertex 18.9511 39.691 0
    endloop
  endfacet
  facet normal -0.923792 0.382896 0
    outer loop
      vertex 18.9511 39.691 5
      vertex 18.891 39.546 0
      vertex 18.891 39.546 5
    endloop
  endfacet
  facet normal 0.972422 -0.233228 0
    outer loop
      vertex 12.0123 40.1564 5
      vertex 12.0489 40.309 0
      vertex 12.0489 40.309 5
    endloop
  endfacet
  facet normal 0.972422 -0.233228 0
    outer loop
      vertex 12.0489 40.309 0
      vertex 12.0123 40.1564 5
      vertex 12.0123 40.1564 0
    endloop
  endfacet
  facet normal 0.996922 0.0784024 0
    outer loop
      vertex 12.0123 39.8436 5
      vertex 12 40 0
      vertex 12 40 5
    endloop
  endfacet
  facet normal 0.996922 0.0784024 0
    outer loop
      vertex 12 40 0
      vertex 12.0123 39.8436 5
      vertex 12.0123 39.8436 0
    endloop
  endfacet
  facet normal -0.996922 -0.0784024 0
    outer loop
      vertex 19 40 0
      vertex 18.9877 40.1564 5
      vertex 18.9877 40.1564 0
    endloop
  endfacet
  facet normal -0.996922 -0.0784024 0
    outer loop
      vertex 18.9877 40.1564 5
      vertex 19 40 0
      vertex 19 40 5
    endloop
  endfacet
  facet normal 0.76038 0.649478 0
    outer loop
      vertex 12.2929 39.2929 5
      vertex 12.191 39.4122 0
      vertex 12.191 39.4122 5
    endloop
  endfacet
  facet normal 0.76038 0.649478 0
    outer loop
      vertex 12.191 39.4122 0
      vertex 12.2929 39.2929 5
      vertex 12.2929 39.2929 0
    endloop
  endfacet
  facet normal 0 1 0
    outer loop
      vertex 18 39 5
      vertex 15.5 39 3.8
      vertex 13 39 5
    endloop
  endfacet
  facet normal 0 1 0
    outer loop
      vertex 18 39 5
      vertex 15.7034 39 3.78399
      vertex 15.5 39 3.8
    endloop
  endfacet
  facet normal 0 1 0
    outer loop
      vertex 18 39 5
      vertex 15.9017 39 3.73637
      vertex 15.7034 39 3.78399
    endloop
  endfacet
  facet normal 0 1 0
    outer loop
      vertex 18 39 5
      vertex 16.0902 39 3.65831
      vertex 15.9017 39 3.73637
    endloop
  endfacet
  facet normal 0 1 0
    outer loop
      vertex 18 39 5
      vertex 16.2641 39 3.55172
      vertex 16.0902 39 3.65831
    endloop
  endfacet
  facet normal 0 1 0
    outer loop
      vertex 18 39 5
      vertex 16.4192 39 3.41924
      vertex 16.2641 39 3.55172
    endloop
  endfacet
  facet normal 0 1 0
    outer loop
      vertex 18 39 5
      vertex 16.5517 39 3.26412
      vertex 16.4192 39 3.41924
    endloop
  endfacet
  facet normal 0 1 0
    outer loop
      vertex 18 39 5
      vertex 16.6583 39 3.09019
      vertex 16.5517 39 3.26412
    endloop
  endfacet
  facet normal 0 1 0
    outer loop
      vertex 18 39 5
      vertex 16.7364 39 2.90172
      vertex 16.6583 39 3.09019
    endloop
  endfacet
  facet normal 0 1 0
    outer loop
      vertex 18 39 5
      vertex 16.784 39 2.70336
      vertex 16.7364 39 2.90172
    endloop
  endfacet
  facet normal 0 1 0
    outer loop
      vertex 18 39 5
      vertex 16.8 39 2.5
      vertex 16.784 39 2.70336
    endloop
  endfacet
  facet normal 0 1 -0
    outer loop
      vertex 18 39 0
      vertex 16.8 39 2.5
      vertex 18 39 5
    endloop
  endfacet
  facet normal 0 1 0
    outer loop
      vertex 16.8 39 2.5
      vertex 18 39 0
      vertex 16.784 39 2.29663
    endloop
  endfacet
  facet normal 0 1 0
    outer loop
      vertex 16.784 39 2.29663
      vertex 18 39 0
      vertex 16.7364 39 2.09828
    endloop
  endfacet
  facet normal 0 1 0
    outer loop
      vertex 15.7034 39 1.216
      vertex 18 39 0
      vertex 15.5 39 1.2
    endloop
  endfacet
  facet normal 0 1 0
    outer loop
      vertex 15.9017 39 1.26363
      vertex 18 39 0
      vertex 15.7034 39 1.216
    endloop
  endfacet
  facet normal 0 1 0
    outer loop
      vertex 16.0902 39 1.34169
      vertex 18 39 0
      vertex 15.9017 39 1.26363
    endloop
  endfacet
  facet normal 0 1 0
    outer loop
      vertex 16.2641 39 1.44828
      vertex 18 39 0
      vertex 16.0902 39 1.34169
    endloop
  endfacet
  facet normal 0 1 0
    outer loop
      vertex 16.4192 39 1.58076
      vertex 18 39 0
      vertex 16.2641 39 1.44828
    endloop
  endfacet
  facet normal 0 1 0
    outer loop
      vertex 16.5517 39 1.73588
      vertex 18 39 0
      vertex 16.4192 39 1.58076
    endloop
  endfacet
  facet normal 0 1 0
    outer loop
      vertex 16.6583 39 1.90981
      vertex 18 39 0
      vertex 16.5517 39 1.73588
    endloop
  endfacet
  facet normal 0 1 0
    outer loop
      vertex 16.7364 39 2.09828
      vertex 18 39 0
      vertex 16.6583 39 1.90981
    endloop
  endfacet
  facet normal 0 1 -0
    outer loop
      vertex 15.2966 39 3.78399
      vertex 13 39 5
      vertex 15.5 39 3.8
    endloop
  endfacet
  facet normal 0 1 -0
    outer loop
      vertex 15.0983 39 3.73637
      vertex 13 39 5
      vertex 15.2966 39 3.78399
    endloop
  endfacet
  facet normal 0 1 -0
    outer loop
      vertex 14.9098 39 3.65831
      vertex 13 39 5
      vertex 15.0983 39 3.73637
    endloop
  endfacet
  facet normal 0 1 -0
    outer loop
      vertex 14.7359 39 3.55172
      vertex 13 39 5
      vertex 14.9098 39 3.65831
    endloop
  endfacet
  facet normal 0 1 -0
    outer loop
      vertex 14.5808 39 3.41924
      vertex 13 39 5
      vertex 14.7359 39 3.55172
    endloop
  endfacet
  facet normal 0 1 -0
    outer loop
      vertex 14.4483 39 3.26412
      vertex 13 39 5
      vertex 14.5808 39 3.41924
    endloop
  endfacet
  facet normal 0 1 -0
    outer loop
      vertex 14.3417 39 3.09019
      vertex 13 39 5
      vertex 14.4483 39 3.26412
    endloop
  endfacet
  facet normal 0 1 -0
    outer loop
      vertex 14.2636 39 2.90172
      vertex 13 39 5
      vertex 14.3417 39 3.09019
    endloop
  endfacet
  facet normal 0 1 -0
    outer loop
      vertex 14.216 39 2.70336
      vertex 13 39 5
      vertex 14.2636 39 2.90172
    endloop
  endfacet
  facet normal 0 1 -0
    outer loop
      vertex 14.2 39 2.5
      vertex 13 39 5
      vertex 14.216 39 2.70336
    endloop
  endfacet
  facet normal 0 1 0
    outer loop
      vertex 13 39 0
      vertex 14.2 39 2.5
      vertex 14.216 39 2.29663
    endloop
  endfacet
  facet normal 0 1 0
    outer loop
      vertex 13 39 0
      vertex 14.216 39 2.29663
      vertex 14.2636 39 2.09828
    endloop
  endfacet
  facet normal 0 1 0
    outer loop
      vertex 13 39 0
      vertex 14.2636 39 2.09828
      vertex 14.3417 39 1.90981
    endloop
  endfacet
  facet normal 0 1 0
    outer loop
      vertex 13 39 0
      vertex 15.5 39 1.2
      vertex 18 39 0
    endloop
  endfacet
  facet normal 0 1 0
    outer loop
      vertex 15.5 39 1.2
      vertex 13 39 0
      vertex 15.2966 39 1.216
    endloop
  endfacet
  facet normal 0 1 0
    outer loop
      vertex 15.2966 39 1.216
      vertex 13 39 0
      vertex 15.0983 39 1.26363
    endloop
  endfacet
  facet normal 0 1 0
    outer loop
      vertex 14.2 39 2.5
      vertex 13 39 0
      vertex 13 39 5
    endloop
  endfacet
  facet normal 0 1 0
    outer loop
      vertex 14.4483 39 1.73588
      vertex 13 39 0
      vertex 14.3417 39 1.90981
    endloop
  endfacet
  facet normal 0 1 0
    outer loop
      vertex 14.5808 39 1.58076
      vertex 13 39 0
      vertex 14.4483 39 1.73588
    endloop
  endfacet
  facet normal 0 1 0
    outer loop
      vertex 14.7359 39 1.44828
      vertex 13 39 0
      vertex 14.5808 39 1.58076
    endloop
  endfacet
  facet normal 0 1 0
    outer loop
      vertex 14.9098 39 1.34169
      vertex 13 39 0
      vertex 14.7359 39 1.44828
    endloop
  endfacet
  facet normal 0 1 0
    outer loop
      vertex 15.0983 39 1.26363
      vertex 13 39 0
      vertex 14.9098 39 1.34169
    endloop
  endfacet
  facet normal -0.522532 -0.85262 0
    outer loop
      vertex 18.454 40.891 0
      vertex 18.5878 40.809 5
      vertex 18.454 40.891 5
    endloop
  endfacet
  facet normal -0.522532 -0.85262 -0
    outer loop
      vertex 18.5878 40.809 5
      vertex 18.454 40.891 0
      vertex 18.5878 40.809 0
    endloop
  endfacet
  facet normal 0.522532 -0.85262 0
    outer loop
      vertex 12.4122 40.809 0
      vertex 12.546 40.891 5
      vertex 12.4122 40.809 5
    endloop
  endfacet
  facet normal 0.522532 -0.85262 0
    outer loop
      vertex 12.546 40.891 5
      vertex 12.4122 40.809 0
      vertex 12.546 40.891 0
    endloop
  endfacet
  facet normal -0.85262 0.522532 0
    outer loop
      vertex 18.809 39.4122 0
      vertex 18.891 39.546 5
      vertex 18.891 39.546 0
    endloop
  endfacet
  facet normal -0.85262 0.522532 0
    outer loop
      vertex 18.891 39.546 5
      vertex 18.809 39.4122 0
      vertex 18.809 39.4122 5
    endloop
  endfacet
  facet normal -0.996922 0.0784024 0
    outer loop
      vertex 18.9877 39.8436 0
      vertex 19 40 5
      vertex 19 40 0
    endloop
  endfacet
  facet normal -0.996922 0.0784024 0
    outer loop
      vertex 19 40 5
      vertex 18.9877 39.8436 0
      vertex 18.9877 39.8436 5
    endloop
  endfacet
  facet normal 0.522532 0.85262 -0
    outer loop
      vertex 12.546 39.109 0
      vertex 12.4122 39.191 5
      vertex 12.546 39.109 5
    endloop
  endfacet
  facet normal 0.522532 0.85262 0
    outer loop
      vertex 12.4122 39.191 5
      vertex 12.546 39.109 0
      vertex 12.4122 39.191 0
    endloop
  endfacet
  facet normal -0.233228 -0.972422 0
    outer loop
      vertex 18.1564 40.9877 0
      vertex 18.309 40.9511 5
      vertex 18.1564 40.9877 5
    endloop
  endfacet
  facet normal -0.233228 -0.972422 -0
    outer loop
      vertex 18.309 40.9511 5
      vertex 18.1564 40.9877 0
      vertex 18.309 40.9511 0
    endloop
  endfacet
  facet normal -0.972422 0.233228 0
    outer loop
      vertex 18.9511 39.691 0
      vertex 18.9877 39.8436 5
      vertex 18.9877 39.8436 0
    endloop
  endfacet
  facet normal -0.972422 0.233228 0
    outer loop
      vertex 18.9877 39.8436 5
      vertex 18.9511 39.691 0
      vertex 18.9511 39.691 5
    endloop
  endfacet
  facet normal 0.0784024 -0.996922 0
    outer loop
      vertex 12.8436 40.9877 0
      vertex 13 41 5
      vertex 12.8436 40.9877 5
    endloop
  endfacet
  facet normal 0.0784024 -0.996922 0
    outer loop
      vertex 13 41 5
      vertex 12.8436 40.9877 0
      vertex 13 41 0
    endloop
  endfacet
  facet normal 0.233228 0.972422 -0
    outer loop
      vertex 12.8436 39.0123 0
      vertex 12.691 39.0489 5
      vertex 12.8436 39.0123 5
    endloop
  endfacet
  facet normal 0.233228 0.972422 0
    outer loop
      vertex 12.691 39.0489 5
      vertex 12.8436 39.0123 0
      vertex 12.691 39.0489 0
    endloop
  endfacet
  facet normal -0.76038 -0.649478 0
    outer loop
      vertex 18.809 40.5878 0
      vertex 18.7071 40.7071 5
      vertex 18.7071 40.7071 0
    endloop
  endfacet
  facet normal -0.76038 -0.649478 0
    outer loop
      vertex 18.7071 40.7071 5
      vertex 18.809 40.5878 0
      vertex 18.809 40.5878 5
    endloop
  endfacet
  facet normal -0.85262 -0.522532 0
    outer loop
      vertex 18.891 40.454 0
      vertex 18.809 40.5878 5
      vertex 18.809 40.5878 0
    endloop
  endfacet
  facet normal -0.85262 -0.522532 0
    outer loop
      vertex 18.809 40.5878 5
      vertex 18.891 40.454 0
      vertex 18.891 40.454 5
    endloop
  endfacet
  facet normal 0.923792 -0.382896 0
    outer loop
      vertex 12.0489 40.309 5
      vertex 12.109 40.454 0
      vertex 12.109 40.454 5
    endloop
  endfacet
  facet normal 0.923792 -0.382896 0
    outer loop
      vertex 12.109 40.454 0
      vertex 12.0489 40.309 5
      vertex 12.0489 40.309 0
    endloop
  endfacet
  facet normal -0.0784024 0.996922 0
    outer loop
      vertex 18.1564 39.0123 0
      vertex 18 39 5
      vertex 18.1564 39.0123 5
    endloop
  endfacet
  facet normal -0.0784024 0.996922 0
    outer loop
      vertex 18 39 5
      vertex 18.1564 39.0123 0
      vertex 18 39 0
    endloop
  endfacet
  facet normal 0.649478 0.76038 -0
    outer loop
      vertex 12.4122 39.191 0
      vertex 12.2929 39.2929 5
      vertex 12.4122 39.191 5
    endloop
  endfacet
  facet normal 0.649478 0.76038 0
    outer loop
      vertex 12.2929 39.2929 5
      vertex 12.4122 39.191 0
      vertex 12.2929 39.2929 0
    endloop
  endfacet
  facet normal -0.649478 -0.76038 0
    outer loop
      vertex 18.5878 40.809 0
      vertex 18.7071 40.7071 5
      vertex 18.5878 40.809 5
    endloop
  endfacet
  facet normal -0.649478 -0.76038 -0
    outer loop
      vertex 18.7071 40.7071 5
      vertex 18.5878 40.809 0
      vertex 18.7071 40.7071 0
    endloop
  endfacet
  facet normal -0.972422 -0.233228 0
    outer loop
      vertex 18.9877 40.1564 0
      vertex 18.9511 40.309 5
      vertex 18.9511 40.309 0
    endloop
  endfacet
  facet normal -0.972422 -0.233228 0
    outer loop
      vertex 18.9511 40.309 5
      vertex 18.9877 40.1564 0
      vertex 18.9877 40.1564 5
    endloop
  endfacet
  facet normal 0.649478 -0.76038 0
    outer loop
      vertex 12.2929 40.7071 0
      vertex 12.4122 40.809 5
      vertex 12.2929 40.7071 5
    endloop
  endfacet
  facet normal 0.649478 -0.76038 0
    outer loop
      vertex 12.4122 40.809 5
      vertex 12.2929 40.7071 0
      vertex 12.4122 40.809 0
    endloop
  endfacet
  facet normal -0.0784024 -0.996922 0
    outer loop
      vertex 18 41 0
      vertex 18.1564 40.9877 5
      vertex 18 41 5
    endloop
  endfacet
  facet normal -0.0784024 -0.996922 -0
    outer loop
      vertex 18.1564 40.9877 5
      vertex 18 41 0
      vertex 18.1564 40.9877 0
    endloop
  endfacet
  facet normal -0.382896 0.923792 0
    outer loop
      vertex 18.454 39.109 0
      vertex 18.309 39.0489 5
      vertex 18.454 39.109 5
    endloop
  endfacet
  facet normal -0.382896 0.923792 0
    outer loop
      vertex 18.309 39.0489 5
      vertex 18.454 39.109 0
      vertex 18.309 39.0489 0
    endloop
  endfacet
  facet normal 0.233549 0 0.972345
    outer loop
      vertex 15.0983 39 1.26363
      vertex 15.2966 35.5 1.216
      vertex 15.2966 39 1.216
    endloop
  endfacet
  facet normal 0.233549 0 0.972345
    outer loop
      vertex 15.2966 35.5 1.216
      vertex 15.0983 39 1.26363
      vertex 15.0983 35.5 1.26363
    endloop
  endfacet
  facet normal -0.972392 0 0.233354
    outer loop
      vertex 16.7364 35.5 2.09828
      vertex 16.784 39 2.29663
      vertex 16.7364 39 2.09828
    endloop
  endfacet
  facet normal -0.972392 0 0.233354
    outer loop
      vertex 16.784 39 2.29663
      vertex 16.7364 35.5 2.09828
      vertex 16.784 35.5 2.29663
    endloop
  endfacet
  facet normal -0.996919 0 0.078432
    outer loop
      vertex 16.784 35.5 2.29663
      vertex 16.8 39 2.5
      vertex 16.784 39 2.29663
    endloop
  endfacet
  facet normal -0.996919 0 0.078432
    outer loop
      vertex 16.8 39 2.5
      vertex 16.784 35.5 2.29663
      vertex 16.8 35.5 2.5
    endloop
  endfacet
  facet normal -0.923822 0 0.382822
    outer loop
      vertex 16.6583 35.5 1.90981
      vertex 16.7364 39 2.09828
      vertex 16.6583 39 1.90981
    endloop
  endfacet
  facet normal -0.923822 0 0.382822
    outer loop
      vertex 16.7364 39 2.09828
      vertex 16.6583 35.5 1.90981
      vertex 16.7364 35.5 2.09828
    endloop
  endfacet
  facet normal -0.233549 0 0.972345
    outer loop
      vertex 15.7034 39 1.216
      vertex 15.9017 35.5 1.26363
      vertex 15.9017 39 1.26363
    endloop
  endfacet
  facet normal -0.233549 0 0.972345
    outer loop
      vertex 15.9017 35.5 1.26363
      vertex 15.7034 39 1.216
      vertex 15.7034 35.5 1.216
    endloop
  endfacet
  facet normal -0.996919 0 -0.0784358
    outer loop
      vertex 16.8 35.5 2.5
      vertex 16.784 39 2.70336
      vertex 16.8 39 2.5
    endloop
  endfacet
  facet normal -0.996919 -0 -0.0784358
    outer loop
      vertex 16.784 39 2.70336
      vertex 16.8 35.5 2.5
      vertex 16.784 35.5 2.70336
    endloop
  endfacet
  facet normal -0.852606 0 0.522554
    outer loop
      vertex 16.5517 35.5 1.73588
      vertex 16.6583 39 1.90981
      vertex 16.5517 39 1.73588
    endloop
  endfacet
  facet normal -0.852606 0 0.522554
    outer loop
      vertex 16.6583 39 1.90981
      vertex 16.5517 35.5 1.73588
      vertex 16.6583 35.5 1.90981
    endloop
  endfacet
  facet normal -0.76037 0 0.649491
    outer loop
      vertex 16.4192 35.5 1.58076
      vertex 16.5517 39 1.73588
      vertex 16.4192 39 1.58076
    endloop
  endfacet
  facet normal -0.76037 0 0.649491
    outer loop
      vertex 16.5517 39 1.73588
      vertex 16.4192 35.5 1.58076
      vertex 16.5517 35.5 1.73588
    endloop
  endfacet
  facet normal 0.0784205 0 0.99692
    outer loop
      vertex 15.2966 39 1.216
      vertex 15.5 35.5 1.2
      vertex 15.5 39 1.2
    endloop
  endfacet
  facet normal 0.0784205 0 0.99692
    outer loop
      vertex 15.5 35.5 1.2
      vertex 15.2966 39 1.216
      vertex 15.2966 35.5 1.216
    endloop
  endfacet
  facet normal 0.522584 0 0.852588
    outer loop
      vertex 14.7359 39 1.44828
      vertex 14.9098 35.5 1.34169
      vertex 14.9098 39 1.34169
    endloop
  endfacet
  facet normal 0.522584 0 0.852588
    outer loop
      vertex 14.9098 35.5 1.34169
      vertex 14.7359 39 1.44828
      vertex 14.7359 35.5 1.44828
    endloop
  endfacet
  facet normal -0.382603 0 -0.923913
    outer loop
      vertex 15.9017 35.5 3.73637
      vertex 16.0902 39 3.65831
      vertex 16.0902 35.5 3.65831
    endloop
  endfacet
  facet normal -0.382603 0 -0.923913
    outer loop
      vertex 16.0902 39 3.65831
      vertex 15.9017 35.5 3.73637
      vertex 15.9017 39 3.73637
    endloop
  endfacet
  facet normal 0.382603 0 0.923913
    outer loop
      vertex 14.9098 39 1.34169
      vertex 15.0983 35.5 1.26363
      vertex 15.0983 39 1.26363
    endloop
  endfacet
  facet normal 0.382603 0 0.923913
    outer loop
      vertex 15.0983 35.5 1.26363
      vertex 14.9098 39 1.34169
      vertex 14.9098 35.5 1.34169
    endloop
  endfacet
  facet normal 0.972394 0 -0.233343
    outer loop
      vertex 14.2636 35.5 2.90172
      vertex 14.216 39 2.70336
      vertex 14.2636 39 2.90172
    endloop
  endfacet
  facet normal 0.972394 0 -0.233343
    outer loop
      vertex 14.216 39 2.70336
      vertex 14.2636 35.5 2.90172
      vertex 14.216 35.5 2.70336
    endloop
  endfacet
  facet normal 0.649482 0 0.760377
    outer loop
      vertex 14.5808 39 1.58076
      vertex 14.7359 35.5 1.44828
      vertex 14.7359 39 1.44828
    endloop
  endfacet
  facet normal 0.649482 0 0.760377
    outer loop
      vertex 14.7359 35.5 1.44828
      vertex 14.5808 39 1.58076
      vertex 14.5808 35.5 1.58076
    endloop
  endfacet
  facet normal -0.76037 0 -0.649491
    outer loop
      vertex 16.5517 35.5 3.26412
      vertex 16.4192 39 3.41924
      vertex 16.5517 39 3.26412
    endloop
  endfacet
  facet normal -0.76037 -0 -0.649491
    outer loop
      vertex 16.4192 39 3.41924
      vertex 16.5517 35.5 3.26412
      vertex 16.4192 35.5 3.41924
    endloop
  endfacet
  facet normal 0.996919 0 -0.0784358
    outer loop
      vertex 14.216 35.5 2.70336
      vertex 14.2 39 2.5
      vertex 14.216 39 2.70336
    endloop
  endfacet
  facet normal 0.996919 0 -0.0784358
    outer loop
      vertex 14.2 39 2.5
      vertex 14.216 35.5 2.70336
      vertex 14.2 35.5 2.5
    endloop
  endfacet
  facet normal 0.972392 -0 0.233354
    outer loop
      vertex 14.216 35.5 2.29663
      vertex 14.2636 39 2.09828
      vertex 14.216 39 2.29663
    endloop
  endfacet
  facet normal 0.972392 0 0.233354
    outer loop
      vertex 14.2636 39 2.09828
      vertex 14.216 35.5 2.29663
      vertex 14.2636 35.5 2.09828
    endloop
  endfacet
  facet normal 0.76037 0 -0.649491
    outer loop
      vertex 14.5808 35.5 3.41924
      vertex 14.4483 39 3.26412
      vertex 14.5808 39 3.41924
    endloop
  endfacet
  facet normal 0.76037 0 -0.649491
    outer loop
      vertex 14.4483 39 3.26412
      vertex 14.5808 35.5 3.41924
      vertex 14.4483 35.5 3.26412
    endloop
  endfacet
  facet normal 0.0784692 0 -0.996917
    outer loop
      vertex 15.2966 35.5 3.78399
      vertex 15.5 39 3.8
      vertex 15.5 35.5 3.8
    endloop
  endfacet
  facet normal 0.0784692 0 -0.996917
    outer loop
      vertex 15.5 39 3.8
      vertex 15.2966 35.5 3.78399
      vertex 15.2966 39 3.78399
    endloop
  endfacet
  facet normal -0.972394 0 -0.233343
    outer loop
      vertex 16.784 35.5 2.70336
      vertex 16.7364 39 2.90172
      vertex 16.784 39 2.70336
    endloop
  endfacet
  facet normal -0.972394 -0 -0.233343
    outer loop
      vertex 16.7364 39 2.90172
      vertex 16.784 35.5 2.70336
      vertex 16.7364 35.5 2.90172
    endloop
  endfacet
  facet normal -0.923822 0 -0.382822
    outer loop
      vertex 16.7364 35.5 2.90172
      vertex 16.6583 39 3.09019
      vertex 16.7364 39 2.90172
    endloop
  endfacet
  facet normal -0.923822 -0 -0.382822
    outer loop
      vertex 16.6583 39 3.09019
      vertex 16.7364 35.5 2.90172
      vertex 16.6583 35.5 3.09019
    endloop
  endfacet
  facet normal -0.649482 0 0.760377
    outer loop
      vertex 16.2641 39 1.44828
      vertex 16.4192 35.5 1.58076
      vertex 16.4192 39 1.58076
    endloop
  endfacet
  facet normal -0.649482 0 0.760377
    outer loop
      vertex 16.4192 35.5 1.58076
      vertex 16.2641 39 1.44828
      vertex 16.2641 35.5 1.44828
    endloop
  endfacet
  facet normal 0.852606 -0 0.522554
    outer loop
      vertex 14.3417 35.5 1.90981
      vertex 14.4483 39 1.73588
      vertex 14.3417 39 1.90981
    endloop
  endfacet
  facet normal 0.852606 0 0.522554
    outer loop
      vertex 14.4483 39 1.73588
      vertex 14.3417 35.5 1.90981
      vertex 14.4483 35.5 1.73588
    endloop
  endfacet
  facet normal -0.382603 0 0.923913
    outer loop
      vertex 15.9017 39 1.26363
      vertex 16.0902 35.5 1.34169
      vertex 16.0902 39 1.34169
    endloop
  endfacet
  facet normal -0.382603 0 0.923913
    outer loop
      vertex 16.0902 35.5 1.34169
      vertex 15.9017 39 1.26363
      vertex 15.9017 35.5 1.26363
    endloop
  endfacet
  facet normal -0.522584 0 0.852588
    outer loop
      vertex 16.0902 39 1.34169
      vertex 16.2641 35.5 1.44828
      vertex 16.2641 39 1.44828
    endloop
  endfacet
  facet normal -0.522584 0 0.852588
    outer loop
      vertex 16.2641 35.5 1.44828
      vertex 16.0902 39 1.34169
      vertex 16.0902 35.5 1.34169
    endloop
  endfacet
  facet normal 0.649482 0 -0.760377
    outer loop
      vertex 14.5808 35.5 3.41924
      vertex 14.7359 39 3.55172
      vertex 14.7359 35.5 3.55172
    endloop
  endfacet
  facet normal 0.649482 0 -0.760377
    outer loop
      vertex 14.7359 39 3.55172
      vertex 14.5808 35.5 3.41924
      vertex 14.5808 39 3.41924
    endloop
  endfacet
  facet normal -0.522584 0 -0.852588
    outer loop
      vertex 16.0902 35.5 3.65831
      vertex 16.2641 39 3.55172
      vertex 16.2641 35.5 3.55172
    endloop
  endfacet
  facet normal -0.522584 0 -0.852588
    outer loop
      vertex 16.2641 39 3.55172
      vertex 16.0902 35.5 3.65831
      vertex 16.0902 39 3.65831
    endloop
  endfacet
  facet normal -0.233503 0 -0.972356
    outer loop
      vertex 15.7034 35.5 3.78399
      vertex 15.9017 39 3.73637
      vertex 15.9017 35.5 3.73637
    endloop
  endfacet
  facet normal -0.233503 0 -0.972356
    outer loop
      vertex 15.9017 39 3.73637
      vertex 15.7034 35.5 3.78399
      vertex 15.7034 39 3.78399
    endloop
  endfacet
  facet normal 0.76037 -0 0.649491
    outer loop
      vertex 14.4483 35.5 1.73588
      vertex 14.5808 39 1.58076
      vertex 14.4483 39 1.73588
    endloop
  endfacet
  facet normal 0.76037 0 0.649491
    outer loop
      vertex 14.5808 39 1.58076
      vertex 14.4483 35.5 1.73588
      vertex 14.5808 35.5 1.58076
    endloop
  endfacet
  facet normal -0.852606 0 -0.522554
    outer loop
      vertex 16.6583 35.5 3.09019
      vertex 16.5517 39 3.26412
      vertex 16.6583 39 3.09019
    endloop
  endfacet
  facet normal -0.852606 -0 -0.522554
    outer loop
      vertex 16.5517 39 3.26412
      vertex 16.6583 35.5 3.09019
      vertex 16.5517 35.5 3.26412
    endloop
  endfacet
  facet normal -0.0784692 0 -0.996917
    outer loop
      vertex 15.5 35.5 3.8
      vertex 15.7034 39 3.78399
      vertex 15.7034 35.5 3.78399
    endloop
  endfacet
  facet normal -0.0784692 0 -0.996917
    outer loop
      vertex 15.7034 39 3.78399
      vertex 15.5 35.5 3.8
      vertex 15.5 39 3.8
    endloop
  endfacet
  facet normal -0.0784205 0 0.99692
    outer loop
      vertex 15.5 39 1.2
      vertex 15.7034 35.5 1.216
      vertex 15.7034 39 1.216
    endloop
  endfacet
  facet normal -0.0784205 0 0.99692
    outer loop
      vertex 15.7034 35.5 1.216
      vertex 15.5 39 1.2
      vertex 15.5 35.5 1.2
    endloop
  endfacet
  facet normal -0.649482 0 -0.760377
    outer loop
      vertex 16.2641 35.5 3.55172
      vertex 16.4192 39 3.41924
      vertex 16.4192 35.5 3.41924
    endloop
  endfacet
  facet normal -0.649482 0 -0.760377
    outer loop
      vertex 16.4192 39 3.41924
      vertex 16.2641 35.5 3.55172
      vertex 16.2641 39 3.55172
    endloop
  endfacet
  facet normal 0.923822 0 -0.382822
    outer loop
      vertex 14.3417 35.5 3.09019
      vertex 14.2636 39 2.90172
      vertex 14.3417 39 3.09019
    endloop
  endfacet
  facet normal 0.923822 0 -0.382822
    outer loop
      vertex 14.2636 39 2.90172
      vertex 14.3417 35.5 3.09019
      vertex 14.2636 35.5 2.90172
    endloop
  endfacet
  facet normal 0.996919 -0 0.078432
    outer loop
      vertex 14.2 35.5 2.5
      vertex 14.216 39 2.29663
      vertex 14.2 39 2.5
    endloop
  endfacet
  facet normal 0.996919 0 0.078432
    outer loop
      vertex 14.216 39 2.29663
      vertex 14.2 35.5 2.5
      vertex 14.216 35.5 2.29663
    endloop
  endfacet
  facet normal 0.522584 0 -0.852588
    outer loop
      vertex 14.7359 35.5 3.55172
      vertex 14.9098 39 3.65831
      vertex 14.9098 35.5 3.65831
    endloop
  endfacet
  facet normal 0.522584 0 -0.852588
    outer loop
      vertex 14.9098 39 3.65831
      vertex 14.7359 35.5 3.55172
      vertex 14.7359 39 3.55172
    endloop
  endfacet
  facet normal 0.923822 -0 0.382822
    outer loop
      vertex 14.2636 35.5 2.09828
      vertex 14.3417 39 1.90981
      vertex 14.2636 39 2.09828
    endloop
  endfacet
  facet normal 0.923822 0 0.382822
    outer loop
      vertex 14.3417 39 1.90981
      vertex 14.2636 35.5 2.09828
      vertex 14.3417 35.5 1.90981
    endloop
  endfacet
  facet normal 0.233503 0 -0.972356
    outer loop
      vertex 15.0983 35.5 3.73637
      vertex 15.2966 39 3.78399
      vertex 15.2966 35.5 3.78399
    endloop
  endfacet
  facet normal 0.233503 0 -0.972356
    outer loop
      vertex 15.2966 39 3.78399
      vertex 15.0983 35.5 3.73637
      vertex 15.0983 39 3.73637
    endloop
  endfacet
  facet normal 0.382603 0 -0.923913
    outer loop
      vertex 14.9098 35.5 3.65831
      vertex 15.0983 39 3.73637
      vertex 15.0983 35.5 3.73637
    endloop
  endfacet
  facet normal 0.382603 0 -0.923913
    outer loop
      vertex 15.0983 39 3.73637
      vertex 14.9098 35.5 3.65831
      vertex 14.9098 39 3.65831
    endloop
  endfacet
  facet normal 0.852606 0 -0.522554
    outer loop
      vertex 14.4483 35.5 3.26412
      vertex 14.3417 39 3.09019
      vertex 14.4483 39 3.26412
    endloop
  endfacet
  facet normal 0.852606 0 -0.522554
    outer loop
      vertex 14.3417 39 3.09019
      vertex 14.4483 35.5 3.26412
      vertex 14.3417 35.5 3.09019
    endloop
  endfacet
  facet normal 0.382765 0.923846 -0
    outer loop
      vertex 22.043 44.0095 0
      vertex 21.3906 44.2798 5
      vertex 22.043 44.0095 5
    endloop
  endfacet
  facet normal 0.382765 0.923846 0
    outer loop
      vertex 21.3906 44.2798 5
      vertex 22.043 44.0095 0
      vertex 21.3906 44.2798 0
    endloop
  endfacet
  facet normal 0.996918 -0.0784506 0
    outer loop
      vertex 24.4446 39.296 5
      vertex 24.5 40 0
      vertex 24.5 40 5
    endloop
  endfacet
  facet normal 0.996918 -0.0784506 0
    outer loop
      vertex 24.5 40 0
      vertex 24.4446 39.296 5
      vertex 24.4446 39.296 0
    endloop
  endfacet
  facet normal 0.996918 0.0784506 0
    outer loop
      vertex 24.5 40 5
      vertex 24.4446 40.704 0
      vertex 24.4446 40.704 5
    endloop
  endfacet
  facet normal 0.996918 0.0784506 0
    outer loop
      vertex 24.4446 40.704 0
      vertex 24.5 40 5
      vertex 24.5 40 0
    endloop
  endfacet
  facet normal 0.522492 -0.852644 0
    outer loop
      vertex 22.043 35.9905 0
      vertex 22.645 36.3594 5
      vertex 22.043 35.9905 5
    endloop
  endfacet
  facet normal 0.522492 -0.852644 0
    outer loop
      vertex 22.645 36.3594 5
      vertex 22.043 35.9905 0
      vertex 22.645 36.3594 0
    endloop
  endfacet
  facet normal 0 -1 0
    outer loop
      vertex 15.2966 35.5 3.78399
      vertex 20 35.5 5
      vertex -15.2966 35.5 3.78399
    endloop
  endfacet
  facet normal 0 -1 0
    outer loop
      vertex 20 35.5 5
      vertex 15.2966 35.5 3.78399
      vertex 15.5 35.5 3.8
    endloop
  endfacet
  facet normal 0 -1 0
    outer loop
      vertex -15.0983 35.5 3.73637
      vertex 15.2966 35.5 3.78399
      vertex -15.2966 35.5 3.78399
    endloop
  endfacet
  facet normal 0 -1 0
    outer loop
      vertex -15.0983 35.5 3.73637
      vertex 15.0983 35.5 3.73637
      vertex 15.2966 35.5 3.78399
    endloop
  endfacet
  facet normal 0 -1 0
    outer loop
      vertex -14.9098 35.5 3.65831
      vertex 15.0983 35.5 3.73637
      vertex -15.0983 35.5 3.73637
    endloop
  endfacet
  facet normal 0 -1 0
    outer loop
      vertex -14.9098 35.5 3.65831
      vertex 14.9098 35.5 3.65831
      vertex 15.0983 35.5 3.73637
    endloop
  endfacet
  facet normal 0 -1 0
    outer loop
      vertex -14.7359 35.5 3.55172
      vertex 14.9098 35.5 3.65831
      vertex -14.9098 35.5 3.65831
    endloop
  endfacet
  facet normal 0 -1 0
    outer loop
      vertex -14.7359 35.5 3.55172
      vertex 14.7359 35.5 3.55172
      vertex 14.9098 35.5 3.65831
    endloop
  endfacet
  facet normal 0 -1 0
    outer loop
      vertex -14.5808 35.5 3.41924
      vertex 14.7359 35.5 3.55172
      vertex -14.7359 35.5 3.55172
    endloop
  endfacet
  facet normal 0 -1 0
    outer loop
      vertex -14.5808 35.5 3.41924
      vertex 14.5808 35.5 3.41924
      vertex 14.7359 35.5 3.55172
    endloop
  endfacet
  facet normal 0 -1 0
    outer loop
      vertex -14.4483 35.5 3.26412
      vertex 14.5808 35.5 3.41924
      vertex -14.5808 35.5 3.41924
    endloop
  endfacet
  facet normal 0 -1 0
    outer loop
      vertex -14.4483 35.5 3.26412
      vertex 14.4483 35.5 3.26412
      vertex 14.5808 35.5 3.41924
    endloop
  endfacet
  facet normal 0 -1 0
    outer loop
      vertex -14.3417 35.5 3.09019
      vertex 14.4483 35.5 3.26412
      vertex -14.4483 35.5 3.26412
    endloop
  endfacet
  facet normal 0 -1 0
    outer loop
      vertex -14.3417 35.5 3.09019
      vertex 14.3417 35.5 3.09019
      vertex 14.4483 35.5 3.26412
    endloop
  endfacet
  facet normal 0 -1 0
    outer loop
      vertex -14.2636 35.5 2.90172
      vertex 14.3417 35.5 3.09019
      vertex -14.3417 35.5 3.09019
    endloop
  endfacet
  facet normal 0 -1 0
    outer loop
      vertex -14.2636 35.5 2.90172
      vertex 14.2636 35.5 2.90172
      vertex 14.3417 35.5 3.09019
    endloop
  endfacet
  facet normal 0 -1 0
    outer loop
      vertex -14.216 35.5 2.70336
      vertex 14.2636 35.5 2.90172
      vertex -14.2636 35.5 2.90172
    endloop
  endfacet
  facet normal 0 -1 0
    outer loop
      vertex -14.216 35.5 2.70336
      vertex 14.216 35.5 2.70336
      vertex 14.2636 35.5 2.90172
    endloop
  endfacet
  facet normal 0 -1 0
    outer loop
      vertex -14.2 35.5 2.5
      vertex 14.216 35.5 2.70336
      vertex -14.216 35.5 2.70336
    endloop
  endfacet
  facet normal 0 -1 0
    outer loop
      vertex -14.2 35.5 2.5
      vertex 14.2 35.5 2.5
      vertex 14.216 35.5 2.70336
    endloop
  endfacet
  facet normal 0 -1 0
    outer loop
      vertex -14.216 35.5 2.29663
      vertex 14.2 35.5 2.5
      vertex -14.2 35.5 2.5
    endloop
  endfacet
  facet normal 0 -1 0
    outer loop
      vertex -14.216 35.5 2.29663
      vertex 14.216 35.5 2.29663
      vertex 14.2 35.5 2.5
    endloop
  endfacet
  facet normal 0 -1 0
    outer loop
      vertex -14.2636 35.5 2.09828
      vertex 14.216 35.5 2.29663
      vertex -14.216 35.5 2.29663
    endloop
  endfacet
  facet normal 0 -1 0
    outer loop
      vertex -14.2636 35.5 2.09828
      vertex 14.2636 35.5 2.09828
      vertex 14.216 35.5 2.29663
    endloop
  endfacet
  facet normal 0 -1 0
    outer loop
      vertex -14.3417 35.5 1.90981
      vertex 14.2636 35.5 2.09828
      vertex -14.2636 35.5 2.09828
    endloop
  endfacet
  facet normal 0 -1 0
    outer loop
      vertex -14.3417 35.5 1.90981
      vertex 14.3417 35.5 1.90981
      vertex 14.2636 35.5 2.09828
    endloop
  endfacet
  facet normal 0 -1 0
    outer loop
      vertex -14.4483 35.5 1.73588
      vertex 14.3417 35.5 1.90981
      vertex -14.3417 35.5 1.90981
    endloop
  endfacet
  facet normal 0 -1 0
    outer loop
      vertex -14.4483 35.5 1.73588
      vertex 14.4483 35.5 1.73588
      vertex 14.3417 35.5 1.90981
    endloop
  endfacet
  facet normal 0 -1 0
    outer loop
      vertex -14.5808 35.5 1.58076
      vertex 14.4483 35.5 1.73588
      vertex -14.4483 35.5 1.73588
    endloop
  endfacet
  facet normal 0 -1 0
    outer loop
      vertex -14.5808 35.5 1.58076
      vertex 14.5808 35.5 1.58076
      vertex 14.4483 35.5 1.73588
    endloop
  endfacet
  facet normal 0 -1 0
    outer loop
      vertex -14.7359 35.5 1.44828
      vertex 14.5808 35.5 1.58076
      vertex -14.5808 35.5 1.58076
    endloop
  endfacet
  facet normal 0 -1 0
    outer loop
      vertex -14.7359 35.5 1.44828
      vertex 14.7359 35.5 1.44828
      vertex 14.5808 35.5 1.58076
    endloop
  endfacet
  facet normal 0 -1 0
    outer loop
      vertex -14.9098 35.5 1.34169
      vertex 14.7359 35.5 1.44828
      vertex -14.7359 35.5 1.44828
    endloop
  endfacet
  facet normal 0 -1 0
    outer loop
      vertex -14.9098 35.5 1.34169
      vertex 14.9098 35.5 1.34169
      vertex 14.7359 35.5 1.44828
    endloop
  endfacet
  facet normal 0 -1 0
    outer loop
      vertex -15.0983 35.5 1.26363
      vertex 14.9098 35.5 1.34169
      vertex -14.9098 35.5 1.34169
    endloop
  endfacet
  facet normal 0 -1 0
    outer loop
      vertex -15.0983 35.5 1.26363
      vertex 15.0983 35.5 1.26363
      vertex 14.9098 35.5 1.34169
    endloop
  endfacet
  facet normal 0 -1 0
    outer loop
      vertex -15.2966 35.5 1.216
      vertex 15.0983 35.5 1.26363
      vertex -15.0983 35.5 1.26363
    endloop
  endfacet
  facet normal 0 -1 0
    outer loop
      vertex -15.2966 35.5 1.216
      vertex 15.2966 35.5 1.216
      vertex 15.0983 35.5 1.26363
    endloop
  endfacet
  facet normal 0 -1 0
    outer loop
      vertex -20 35.5 0
      vertex -15.2966 35.5 1.216
      vertex -15.5 35.5 1.2
    endloop
  endfacet
  facet normal 0 -1 -0
    outer loop
      vertex -15.2966 35.5 1.216
      vertex -20 35.5 0
      vertex 15.2966 35.5 1.216
    endloop
  endfacet
  facet normal 0 -1 0
    outer loop
      vertex -15.2966 35.5 3.78399
      vertex -20 35.5 5
      vertex -15.5 35.5 3.8
    endloop
  endfacet
  facet normal 0 -1 0
    outer loop
      vertex -20 35.5 5
      vertex -15.7034 35.5 3.78399
      vertex -15.5 35.5 3.8
    endloop
  endfacet
  facet normal 0 -1 0
    outer loop
      vertex -20 35.5 5
      vertex -15.9017 35.5 3.73637
      vertex -15.7034 35.5 3.78399
    endloop
  endfacet
  facet normal 0 -1 0
    outer loop
      vertex -20 35.5 5
      vertex -16.0902 35.5 3.65831
      vertex -15.9017 35.5 3.73637
    endloop
  endfacet
  facet normal 0 -1 0
    outer loop
      vertex -20 35.5 5
      vertex -16.2641 35.5 3.55172
      vertex -16.0902 35.5 3.65831
    endloop
  endfacet
  facet normal 0 -1 0
    outer loop
      vertex -20 35.5 5
      vertex -16.4192 35.5 3.41924
      vertex -16.2641 35.5 3.55172
    endloop
  endfacet
  facet normal 0 -1 0
    outer loop
      vertex -20 35.5 5
      vertex -16.5517 35.5 3.26412
      vertex -16.4192 35.5 3.41924
    endloop
  endfacet
  facet normal 0 -1 0
    outer loop
      vertex -20 35.5 5
      vertex -16.6583 35.5 3.09019
      vertex -16.5517 35.5 3.26412
    endloop
  endfacet
  facet normal 0 -1 0
    outer loop
      vertex -20 35.5 5
      vertex -16.7364 35.5 2.90172
      vertex -16.6583 35.5 3.09019
    endloop
  endfacet
  facet normal 0 -1 0
    outer loop
      vertex -20 35.5 5
      vertex -16.784 35.5 2.70336
      vertex -16.7364 35.5 2.90172
    endloop
  endfacet
  facet normal 0 -1 0
    outer loop
      vertex -20 35.5 5
      vertex -16.8 35.5 2.5
      vertex -16.784 35.5 2.70336
    endloop
  endfacet
  facet normal 0 -1 0
    outer loop
      vertex -20 35.5 0
      vertex -16.8 35.5 2.5
      vertex -20 35.5 5
    endloop
  endfacet
  facet normal 0 -1 -0
    outer loop
      vertex -16.8 35.5 2.5
      vertex -20 35.5 0
      vertex -16.784 35.5 2.29663
    endloop
  endfacet
  facet normal 0 -1 -0
    outer loop
      vertex -16.784 35.5 2.29663
      vertex -20 35.5 0
      vertex -16.7364 35.5 2.09828
    endloop
  endfacet
  facet normal 0 -1 -0
    outer loop
      vertex -16.7364 35.5 2.09828
      vertex -20 35.5 0
      vertex -16.6583 35.5 1.90981
    endloop
  endfacet
  facet normal 0 -1 -0
    outer loop
      vertex -16.6583 35.5 1.90981
      vertex -20 35.5 0
      vertex -16.5517 35.5 1.73588
    endloop
  endfacet
  facet normal 0 -1 0
    outer loop
      vertex 20 35.5 0
      vertex 15.2966 35.5 1.216
      vertex -20 35.5 0
    endloop
  endfacet
  facet normal 0 -1 -0
    outer loop
      vertex -15.7034 35.5 1.216
      vertex -20 35.5 0
      vertex -15.5 35.5 1.2
    endloop
  endfacet
  facet normal 0 -1 -0
    outer loop
      vertex -15.9017 35.5 1.26363
      vertex -20 35.5 0
      vertex -15.7034 35.5 1.216
    endloop
  endfacet
  facet normal 0 -1 -0
    outer loop
      vertex -16.0902 35.5 1.34169
      vertex -20 35.5 0
      vertex -15.9017 35.5 1.26363
    endloop
  endfacet
  facet normal 0 -1 -0
    outer loop
      vertex -16.2641 35.5 1.44828
      vertex -20 35.5 0
      vertex -16.0902 35.5 1.34169
    endloop
  endfacet
  facet normal 0 -1 -0
    outer loop
      vertex -16.4192 35.5 1.58076
      vertex -20 35.5 0
      vertex -16.2641 35.5 1.44828
    endloop
  endfacet
  facet normal 0 -1 -0
    outer loop
      vertex -16.5517 35.5 1.73588
      vertex -20 35.5 0
      vertex -16.4192 35.5 1.58076
    endloop
  endfacet
  facet normal 0 -1 0
    outer loop
      vertex -20 35.5 5
      vertex -15.2966 35.5 3.78399
      vertex 20 35.5 5
    endloop
  endfacet
  facet normal 0 -1 0
    outer loop
      vertex 15.7034 35.5 3.78399
      vertex 20 35.5 5
      vertex 15.5 35.5 3.8
    endloop
  endfacet
  facet normal 0 -1 0
    outer loop
      vertex 15.9017 35.5 3.73637
      vertex 20 35.5 5
      vertex 15.7034 35.5 3.78399
    endloop
  endfacet
  facet normal 0 -1 0
    outer loop
      vertex 16.0902 35.5 3.65831
      vertex 20 35.5 5
      vertex 15.9017 35.5 3.73637
    endloop
  endfacet
  facet normal 0 -1 0
    outer loop
      vertex 16.2641 35.5 3.55172
      vertex 20 35.5 5
      vertex 16.0902 35.5 3.65831
    endloop
  endfacet
  facet normal 0 -1 0
    outer loop
      vertex 16.4192 35.5 3.41924
      vertex 20 35.5 5
      vertex 16.2641 35.5 3.55172
    endloop
  endfacet
  facet normal 0 -1 0
    outer loop
      vertex 16.5517 35.5 3.26412
      vertex 20 35.5 5
      vertex 16.4192 35.5 3.41924
    endloop
  endfacet
  facet normal 0 -1 0
    outer loop
      vertex 16.6583 35.5 3.09019
      vertex 20 35.5 5
      vertex 16.5517 35.5 3.26412
    endloop
  endfacet
  facet normal 0 -1 0
    outer loop
      vertex 16.7364 35.5 2.90172
      vertex 20 35.5 5
      vertex 16.6583 35.5 3.09019
    endloop
  endfacet
  facet normal 0 -1 0
    outer loop
      vertex 16.784 35.5 2.70336
      vertex 20 35.5 5
      vertex 16.7364 35.5 2.90172
    endloop
  endfacet
  facet normal 0 -1 0
    outer loop
      vertex 16.8 35.5 2.5
      vertex 20 35.5 5
      vertex 16.784 35.5 2.70336
    endloop
  endfacet
  facet normal 0 -1 0
    outer loop
      vertex 20 35.5 0
      vertex 16.8 35.5 2.5
      vertex 16.784 35.5 2.29663
    endloop
  endfacet
  facet normal 0 -1 0
    outer loop
      vertex 20 35.5 0
      vertex 16.784 35.5 2.29663
      vertex 16.7364 35.5 2.09828
    endloop
  endfacet
  facet normal 0 -1 0
    outer loop
      vertex 20 35.5 0
      vertex 16.7364 35.5 2.09828
      vertex 16.6583 35.5 1.90981
    endloop
  endfacet
  facet normal 0 -1 0
    outer loop
      vertex 20 35.5 0
      vertex 16.6583 35.5 1.90981
      vertex 16.5517 35.5 1.73588
    endloop
  endfacet
  facet normal 0 -1 0
    outer loop
      vertex 20 35.5 0
      vertex 16.5517 35.5 1.73588
      vertex 16.4192 35.5 1.58076
    endloop
  endfacet
  facet normal 0 -1 0
    outer loop
      vertex 16.8 35.5 2.5
      vertex 20 35.5 0
      vertex 20 35.5 5
    endloop
  endfacet
  facet normal 0 -1 0
    outer loop
      vertex 16.2641 35.5 1.44828
      vertex 20 35.5 0
      vertex 16.4192 35.5 1.58076
    endloop
  endfacet
  facet normal 0 -1 0
    outer loop
      vertex 16.0902 35.5 1.34169
      vertex 20 35.5 0
      vertex 16.2641 35.5 1.44828
    endloop
  endfacet
  facet normal 0 -1 0
    outer loop
      vertex 15.9017 35.5 1.26363
      vertex 20 35.5 0
      vertex 16.0902 35.5 1.34169
    endloop
  endfacet
  facet normal 0 -1 0
    outer loop
      vertex 15.7034 35.5 1.216
      vertex 20 35.5 0
      vertex 15.9017 35.5 1.26363
    endloop
  endfacet
  facet normal 0 -1 0
    outer loop
      vertex 15.5 35.5 1.2
      vertex 20 35.5 0
      vertex 15.7034 35.5 1.216
    endloop
  endfacet
  facet normal 0 -1 0
    outer loop
      vertex 15.2966 35.5 1.216
      vertex 20 35.5 0
      vertex 15.5 35.5 1.2
    endloop
  endfacet
  facet normal -0.382765 -0.923846 0
    outer loop
      vertex -22.043 35.9905 0
      vertex -21.3906 35.7202 5
      vertex -22.043 35.9905 5
    endloop
  endfacet
  facet normal -0.382765 -0.923846 -0
    outer loop
      vertex -21.3906 35.7202 5
      vertex -22.043 35.9905 0
      vertex -21.3906 35.7202 0
    endloop
  endfacet
  facet normal 0.923846 0.382765 0
    outer loop
      vertex 24.2798 41.3906 5
      vertex 24.0095 42.043 0
      vertex 24.0095 42.043 5
    endloop
  endfacet
  facet normal 0.923846 0.382765 0
    outer loop
      vertex 24.0095 42.043 0
      vertex 24.2798 41.3906 5
      vertex 24.2798 41.3906 0
    endloop
  endfacet
  facet normal 0 1 -0
    outer loop
      vertex 20 44.5 0
      vertex -20 44.5 5
      vertex 20 44.5 5
    endloop
  endfacet
  facet normal 0 1 0
    outer loop
      vertex -20 44.5 5
      vertex 20 44.5 0
      vertex -20 44.5 0
    endloop
  endfacet
  facet normal 0.522492 0.852644 -0
    outer loop
      vertex 22.645 43.6406 0
      vertex 22.043 44.0095 5
      vertex 22.645 43.6406 5
    endloop
  endfacet
  facet normal 0.522492 0.852644 0
    outer loop
      vertex 22.043 44.0095 5
      vertex 22.645 43.6406 0
      vertex 22.043 44.0095 0
    endloop
  endfacet
  facet normal 0 0 -1
    outer loop
      vertex 19 40 0
      vertex 24.5 40 0
      vertex 24.4446 39.296 0
    endloop
  endfacet
  facet normal 0 0 -1
    outer loop
      vertex 18.9877 39.8436 0
      vertex 24.4446 39.296 0
      vertex 24.2798 38.6094 0
    endloop
  endfacet
  facet normal 0 0 -1
    outer loop
      vertex 24.5 40 0
      vertex 19 40 0
      vertex 24.4446 40.704 0
    endloop
  endfacet
  facet normal 0 0 -1
    outer loop
      vertex 18.9877 39.8436 0
      vertex 24.2798 38.6094 0
      vertex 24.0095 37.957 0
    endloop
  endfacet
  facet normal 0 0 -1
    outer loop
      vertex 18.9877 40.1564 0
      vertex 24.4446 40.704 0
      vertex 19 40 0
    endloop
  endfacet
  facet normal 0 0 -1
    outer loop
      vertex 18.9511 39.691 0
      vertex 24.0095 37.957 0
      vertex 23.6406 37.355 0
    endloop
  endfacet
  facet normal -0 0 -1
    outer loop
      vertex 24.4446 40.704 0
      vertex 18.9877 40.1564 0
      vertex 24.2798 41.3906 0
    endloop
  endfacet
  facet normal 0 0 -1
    outer loop
      vertex 18.9511 39.691 0
      vertex 23.6406 37.355 0
      vertex 23.182 36.818 0
    endloop
  endfacet
  facet normal -0 0 -1
    outer loop
      vertex 24.2798 41.3906 0
      vertex 18.9877 40.1564 0
      vertex 24.0095 42.043 0
    endloop
  endfacet
  facet normal 0 0 -1
    outer loop
      vertex 18.891 39.546 0
      vertex 23.182 36.818 0
      vertex 22.645 36.3594 0
    endloop
  endfacet
  facet normal 0 0 -1
    outer loop
      vertex 18.9511 40.309 0
      vertex 24.0095 42.043 0
      vertex 18.9877 40.1564 0
    endloop
  endfacet
  facet normal 0 0 -1
    outer loop
      vertex 18.891 39.546 0
      vertex 22.645 36.3594 0
      vertex 22.043 35.9905 0
    endloop
  endfacet
  facet normal -0 0 -1
    outer loop
      vertex 24.0095 42.043 0
      vertex 18.9511 40.309 0
      vertex 23.6406 42.645 0
    endloop
  endfacet
  facet normal 0 0 -1
    outer loop
      vertex 18.809 39.4122 0
      vertex 22.043 35.9905 0
      vertex 21.3906 35.7202 0
    endloop
  endfacet
  facet normal -0 0 -1
    outer loop
      vertex 23.6406 42.645 0
      vertex 18.9511 40.309 0
      vertex 23.182 43.182 0
    endloop
  endfacet
  facet normal 0 0 -1
    outer loop
      vertex 18.809 39.4122 0
      vertex 21.3906 35.7202 0
      vertex 20.704 35.5554 0
    endloop
  endfacet
  facet normal 0 0 -1
    outer loop
      vertex 18.891 40.454 0
      vertex 23.182 43.182 0
      vertex 18.9511 40.309 0
    endloop
  endfacet
  facet normal 0 0 -1
    outer loop
      vertex 18.7071 39.2929 0
      vertex 20.704 35.5554 0
      vertex 20 35.5 0
    endloop
  endfacet
  facet normal -0 0 -1
    outer loop
      vertex 23.182 43.182 0
      vertex 18.891 40.454 0
      vertex 22.645 43.6406 0
    endloop
  endfacet
  facet normal -0 0 -1
    outer loop
      vertex 22.645 43.6406 0
      vertex 18.891 40.454 0
      vertex 22.043 44.0095 0
    endloop
  endfacet
  facet normal 0 0 -1
    outer loop
      vertex 24.4446 39.296 0
      vertex 18.9877 39.8436 0
      vertex 19 40 0
    endloop
  endfacet
  facet normal 0 0 -1
    outer loop
      vertex 24.0095 37.957 0
      vertex 18.9511 39.691 0
      vertex 18.9877 39.8436 0
    endloop
  endfacet
  facet normal 0 0 -1
    outer loop
      vertex 23.182 36.818 0
      vertex 18.891 39.546 0
      vertex 18.9511 39.691 0
    endloop
  endfacet
  facet normal 0 0 -1
    outer loop
      vertex 22.043 35.9905 0
      vertex 18.809 39.4122 0
      vertex 18.891 39.546 0
    endloop
  endfacet
  facet normal 0 0 -1
    outer loop
      vertex 20.704 35.5554 0
      vertex 18.7071 39.2929 0
      vertex 18.809 39.4122 0
    endloop
  endfacet
  facet normal 0 0 -1
    outer loop
      vertex 20 35.5 0
      vertex 18.5878 39.191 0
      vertex 18.7071 39.2929 0
    endloop
  endfacet
  facet normal 0 0 -1
    outer loop
      vertex 20 35.5 0
      vertex 18.454 39.109 0
      vertex 18.5878 39.191 0
    endloop
  endfacet
  facet normal 0 0 -1
    outer loop
      vertex 20 35.5 0
      vertex 18.309 39.0489 0
      vertex 18.454 39.109 0
    endloop
  endfacet
  facet normal 0 0 -1
    outer loop
      vertex 20 35.5 0
      vertex 18.1564 39.0123 0
      vertex 18.309 39.0489 0
    endloop
  endfacet
  facet normal 0 0 -1
    outer loop
      vertex 20 35.5 0
      vertex 18 39 0
      vertex 18.1564 39.0123 0
    endloop
  endfacet
  facet normal 0 0 -1
    outer loop
      vertex 20 35.5 0
      vertex 13 39 0
      vertex 18 39 0
    endloop
  endfacet
  facet normal 0 0 -1
    outer loop
      vertex 20 35.5 0
      vertex 12.8436 39.0123 0
      vertex 13 39 0
    endloop
  endfacet
  facet normal 0 0 -1
    outer loop
      vertex 20 35.5 0
      vertex 12.691 39.0489 0
      vertex 12.8436 39.0123 0
    endloop
  endfacet
  facet normal 0 0 -1
    outer loop
      vertex 0.525329 38.3832 0
      vertex 12.691 39.0489 0
      vertex 20 35.5 0
    endloop
  endfacet
  facet normal 0 0 -1
    outer loop
      vertex 12.0123 39.8436 0
      vertex 1.7 40 0
      vertex 12 40 0
    endloop
  endfacet
  facet normal 0 0 -1
    outer loop
      vertex 1.67907 39.7341 0
      vertex 12.0123 39.8436 0
      vertex 12.0489 39.691 0
    endloop
  endfacet
  facet normal 0 0 -1
    outer loop
      vertex 1.6168 39.4747 0
      vertex 12.0489 39.691 0
      vertex 12.109 39.546 0
    endloop
  endfacet
  facet normal 0 0 -1
    outer loop
      vertex 1.51471 39.2282 0
      vertex 12.109 39.546 0
      vertex 12.191 39.4122 0
    endloop
  endfacet
  facet normal 0 0 -1
    outer loop
      vertex 1.37533 39.0008 0
      vertex 12.191 39.4122 0
      vertex 12.2929 39.2929 0
    endloop
  endfacet
  facet normal 0 0 -1
    outer loop
      vertex 1.20208 38.7979 0
      vertex 12.2929 39.2929 0
      vertex 12.4122 39.191 0
    endloop
  endfacet
  facet normal 0 0 -1
    outer loop
      vertex 0.999234 38.6247 0
      vertex 12.4122 39.191 0
      vertex 12.546 39.109 0
    endloop
  endfacet
  facet normal 0 -0 -1
    outer loop
      vertex 0.771784 38.4853 0
      vertex 12.691 39.0489 0
      vertex 0.525329 38.3832 0
    endloop
  endfacet
  facet normal -0 0 -1
    outer loop
      vertex 12.0123 39.8436 0
      vertex 1.67907 39.7341 0
      vertex 1.7 40 0
    endloop
  endfacet
  facet normal -0 0 -1
    outer loop
      vertex 12.0489 39.691 0
      vertex 1.6168 39.4747 0
      vertex 1.67907 39.7341 0
    endloop
  endfacet
  facet normal 0 0 -1
    outer loop
      vertex 12.109 39.546 0
      vertex 1.51471 39.2282 0
      vertex 1.6168 39.4747 0
    endloop
  endfacet
  facet normal 0 0 -1
    outer loop
      vertex 12.191 39.4122 0
      vertex 1.37533 39.0008 0
      vertex 1.51471 39.2282 0
    endloop
  endfacet
  facet normal 0 0 -1
    outer loop
      vertex 12.2929 39.2929 0
      vertex 1.20208 38.7979 0
      vertex 1.37533 39.0008 0
    endloop
  endfacet
  facet normal 0 0 -1
    outer loop
      vertex 12.4122 39.191 0
      vertex 0.999234 38.6247 0
      vertex 1.20208 38.7979 0
    endloop
  endfacet
  facet normal 0 0 -1
    outer loop
      vertex 12.546 39.109 0
      vertex 0.771784 38.4853 0
      vertex 0.999234 38.6247 0
    endloop
  endfacet
  facet normal -0 0 -1
    outer loop
      vertex 12.691 39.0489 0
      vertex 0.771784 38.4853 0
      vertex 12.546 39.109 0
    endloop
  endfacet
  facet normal 0 0 -1
    outer loop
      vertex 20 35.5 0
      vertex 0.265938 38.3209 0
      vertex 0.525329 38.3832 0
    endloop
  endfacet
  facet normal 0 0 -1
    outer loop
      vertex 20 35.5 0
      vertex 0 38.3 0
      vertex 0.265938 38.3209 0
    endloop
  endfacet
  facet normal 0 0 -1
    outer loop
      vertex -20 35.5 0
      vertex 0 38.3 0
      vertex 20 35.5 0
    endloop
  endfacet
  facet normal 0 0 -1
    outer loop
      vertex -12.0123 39.8436 0
      vertex -1.7 40 0
      vertex -1.67907 39.7341 0
    endloop
  endfacet
  facet normal 0 0 -1
    outer loop
      vertex -12.0489 39.691 0
      vertex -1.67907 39.7341 0
      vertex -1.6168 39.4747 0
    endloop
  endfacet
  facet normal 0 0 -1
    outer loop
      vertex -12.109 39.546 0
      vertex -1.6168 39.4747 0
      vertex -1.51471 39.2282 0
    endloop
  endfacet
  facet normal 0 0 -1
    outer loop
      vertex -12.191 39.4122 0
      vertex -1.51471 39.2282 0
      vertex -1.37533 39.0008 0
    endloop
  endfacet
  facet normal 0 0 -1
    outer loop
      vertex -12.2929 39.2929 0
      vertex -1.37533 39.0008 0
      vertex -1.20208 38.7979 0
    endloop
  endfacet
  facet normal 0 0 -1
    outer loop
      vertex -12.4122 39.191 0
      vertex -1.20208 38.7979 0
      vertex -0.999234 38.6247 0
    endloop
  endfacet
  facet normal 0 0 -1
    outer loop
      vertex -12.546 39.109 0
      vertex -0.999234 38.6247 0
      vertex -0.771784 38.4853 0
    endloop
  endfacet
  facet normal 0 0 -1
    outer loop
      vertex -12.691 39.0489 0
      vertex -0.771784 38.4853 0
      vertex -0.525329 38.3832 0
    endloop
  endfacet
  facet normal 0 0 -1
    outer loop
      vertex -20 35.5 0
      vertex -0.525329 38.3832 0
      vertex -0.265938 38.3209 0
    endloop
  endfacet
  facet normal -0 0 -1
    outer loop
      vertex -1.7 40 0
      vertex -12.0123 39.8436 0
      vertex -12 40 0
    endloop
  endfacet
  facet normal -0 0 -1
    outer loop
      vertex 0 38.3 0
      vertex -20 35.5 0
      vertex -0.265938 38.3209 0
    endloop
  endfacet
  facet normal -0 0 -1
    outer loop
      vertex -1.67907 39.7341 0
      vertex -12.0489 39.691 0
      vertex -12.0123 39.8436 0
    endloop
  endfacet
  facet normal 0 0 -1
    outer loop
      vertex -1.6168 39.4747 0
      vertex -12.109 39.546 0
      vertex -12.0489 39.691 0
    endloop
  endfacet
  facet normal 0 0 -1
    outer loop
      vertex -1.51471 39.2282 0
      vertex -12.191 39.4122 0
      vertex -12.109 39.546 0
    endloop
  endfacet
  facet normal 0 0 -1
    outer loop
      vertex -1.37533 39.0008 0
      vertex -12.2929 39.2929 0
      vertex -12.191 39.4122 0
    endloop
  endfacet
  facet normal 0 0 -1
    outer loop
      vertex -1.20208 38.7979 0
      vertex -12.4122 39.191 0
      vertex -12.2929 39.2929 0
    endloop
  endfacet
  facet normal 0 0 -1
    outer loop
      vertex -0.999234 38.6247 0
      vertex -12.546 39.109 0
      vertex -12.4122 39.191 0
    endloop
  endfacet
  facet normal 0 0 -1
    outer loop
      vertex -0.771784 38.4853 0
      vertex -12.691 39.0489 0
      vertex -12.546 39.109 0
    endloop
  endfacet
  facet normal -0 0 -1
    outer loop
      vertex -0.525329 38.3832 0
      vertex -20 35.5 0
      vertex -12.691 39.0489 0
    endloop
  endfacet
  facet normal 0 0 -1
    outer loop
      vertex -12.691 39.0489 0
      vertex -20 35.5 0
      vertex -12.8436 39.0123 0
    endloop
  endfacet
  facet normal 0 0 -1
    outer loop
      vertex -12.8436 39.0123 0
      vertex -20 35.5 0
      vertex -13 39 0
    endloop
  endfacet
  facet normal -0 0 -1
    outer loop
      vertex -13 39 0
      vertex -20 35.5 0
      vertex -18 39 0
    endloop
  endfacet
  facet normal -0 0 -1
    outer loop
      vertex -18.809 39.4122 0
      vertex -22.043 35.9905 0
      vertex -18.891 39.546 0
    endloop
  endfacet
  facet normal 0 0 -1
    outer loop
      vertex -22.043 35.9905 0
      vertex -18.809 39.4122 0
      vertex -21.3906 35.7202 0
    endloop
  endfacet
  facet normal 0 0 -1
    outer loop
      vertex -21.3906 35.7202 0
      vertex -18.809 39.4122 0
      vertex -20.704 35.5554 0
    endloop
  endfacet
  facet normal -0 0 -1
    outer loop
      vertex -18.7071 39.2929 0
      vertex -20.704 35.5554 0
      vertex -18.809 39.4122 0
    endloop
  endfacet
  facet normal 0 0 -1
    outer loop
      vertex -20.704 35.5554 0
      vertex -18.7071 39.2929 0
      vertex -20 35.5 0
    endloop
  endfacet
  facet normal -0 0 -1
    outer loop
      vertex -18.5878 39.191 0
      vertex -20 35.5 0
      vertex -18.7071 39.2929 0
    endloop
  endfacet
  facet normal -0 0 -1
    outer loop
      vertex -18.454 39.109 0
      vertex -20 35.5 0
      vertex -18.5878 39.191 0
    endloop
  endfacet
  facet normal -0 0 -1
    outer loop
      vertex -18.309 39.0489 0
      vertex -20 35.5 0
      vertex -18.454 39.109 0
    endloop
  endfacet
  facet normal -0 0 -1
    outer loop
      vertex -18.1564 39.0123 0
      vertex -20 35.5 0
      vertex -18.309 39.0489 0
    endloop
  endfacet
  facet normal -0 0 -1
    outer loop
      vertex -18 39 0
      vertex -20 35.5 0
      vertex -18.1564 39.0123 0
    endloop
  endfacet
  facet normal 0 0 -1
    outer loop
      vertex 18.809 40.5878 0
      vertex 22.043 44.0095 0
      vertex 18.891 40.454 0
    endloop
  endfacet
  facet normal -0 0 -1
    outer loop
      vertex 22.043 44.0095 0
      vertex 18.809 40.5878 0
      vertex 21.3906 44.2798 0
    endloop
  endfacet
  facet normal -0 0 -1
    outer loop
      vertex 21.3906 44.2798 0
      vertex 18.809 40.5878 0
      vertex 20.704 44.4446 0
    endloop
  endfacet
  facet normal 0 0 -1
    outer loop
      vertex 18.7071 40.7071 0
      vertex 20.704 44.4446 0
      vertex 18.809 40.5878 0
    endloop
  endfacet
  facet normal -0 0 -1
    outer loop
      vertex 20.704 44.4446 0
      vertex 18.7071 40.7071 0
      vertex 20 44.5 0
    endloop
  endfacet
  facet normal 0 0 -1
    outer loop
      vertex 18.5878 40.809 0
      vertex 20 44.5 0
      vertex 18.7071 40.7071 0
    endloop
  endfacet
  facet normal 0 0 -1
    outer loop
      vertex 18.454 40.891 0
      vertex 20 44.5 0
      vertex 18.5878 40.809 0
    endloop
  endfacet
  facet normal 0 0 -1
    outer loop
      vertex 18.309 40.9511 0
      vertex 20 44.5 0
      vertex 18.454 40.891 0
    endloop
  endfacet
  facet normal 0 0 -1
    outer loop
      vertex 18.1564 40.9877 0
      vertex 20 44.5 0
      vertex 18.309 40.9511 0
    endloop
  endfacet
  facet normal 0 0 -1
    outer loop
      vertex 18 41 0
      vertex 20 44.5 0
      vertex 18.1564 40.9877 0
    endloop
  endfacet
  facet normal 0 0 -1
    outer loop
      vertex 13 41 0
      vertex 20 44.5 0
      vertex 18 41 0
    endloop
  endfacet
  facet normal 0 0 -1
    outer loop
      vertex 12.8436 40.9877 0
      vertex 20 44.5 0
      vertex 13 41 0
    endloop
  endfacet
  facet normal 0 0 -1
    outer loop
      vertex 12.691 40.9511 0
      vertex 20 44.5 0
      vertex 12.8436 40.9877 0
    endloop
  endfacet
  facet normal 0 0 -1
    outer loop
      vertex 0.771784 41.5147 0
      vertex 12.691 40.9511 0
      vertex 12.546 40.891 0
    endloop
  endfacet
  facet normal 0 0 -1
    outer loop
      vertex 1.7 40 0
      vertex 12.0123 40.1564 0
      vertex 12 40 0
    endloop
  endfacet
  facet normal 0 0 -1
    outer loop
      vertex 1.67907 40.2659 0
      vertex 12.0123 40.1564 0
      vertex 1.7 40 0
    endloop
  endfacet
  facet normal 0 0 -1
    outer loop
      vertex 12.0123 40.1564 0
      vertex 1.67907 40.2659 0
      vertex 12.0489 40.309 0
    endloop
  endfacet
  facet normal 0 0 -1
    outer loop
      vertex 1.6168 40.5253 0
      vertex 12.0489 40.309 0
      vertex 1.67907 40.2659 0
    endloop
  endfacet
  facet normal 0 0 -1
    outer loop
      vertex 12.0489 40.309 0
      vertex 1.6168 40.5253 0
      vertex 12.109 40.454 0
    endloop
  endfacet
  facet normal 0 0 -1
    outer loop
      vertex 1.51471 40.7718 0
      vertex 12.109 40.454 0
      vertex 1.6168 40.5253 0
    endloop
  endfacet
  facet normal 0 0 -1
    outer loop
      vertex 12.109 40.454 0
      vertex 1.51471 40.7718 0
      vertex 12.191 40.5878 0
    endloop
  endfacet
  facet normal 0 0 -1
    outer loop
      vertex 1.37533 40.9992 0
      vertex 12.191 40.5878 0
      vertex 1.51471 40.7718 0
    endloop
  endfacet
  facet normal 0 0 -1
    outer loop
      vertex 12.191 40.5878 0
      vertex 1.37533 40.9992 0
      vertex 12.2929 40.7071 0
    endloop
  endfacet
  facet normal 0 0 -1
    outer loop
      vertex 1.20208 41.2021 0
      vertex 12.2929 40.7071 0
      vertex 1.37533 40.9992 0
    endloop
  endfacet
  facet normal 0 0 -1
    outer loop
      vertex 12.2929 40.7071 0
      vertex 1.20208 41.2021 0
      vertex 12.4122 40.809 0
    endloop
  endfacet
  facet normal 0 0 -1
    outer loop
      vertex 0.999234 41.3753 0
      vertex 12.4122 40.809 0
      vertex 1.20208 41.2021 0
    endloop
  endfacet
  facet normal 0 0 -1
    outer loop
      vertex 12.4122 40.809 0
      vertex 0.999234 41.3753 0
      vertex 12.546 40.891 0
    endloop
  endfacet
  facet normal 0 0 -1
    outer loop
      vertex 0.771784 41.5147 0
      vertex 12.546 40.891 0
      vertex 0.999234 41.3753 0
    endloop
  endfacet
  facet normal 0 0 -1
    outer loop
      vertex 12.691 40.9511 0
      vertex 0.771784 41.5147 0
      vertex 0.525329 41.6168 0
    endloop
  endfacet
  facet normal 0 0 -1
    outer loop
      vertex 12.691 40.9511 0
      vertex 0.525329 41.6168 0
      vertex 20 44.5 0
    endloop
  endfacet
  facet normal 0 0 -1
    outer loop
      vertex 0.265938 41.6791 0
      vertex 20 44.5 0
      vertex 0.525329 41.6168 0
    endloop
  endfacet
  facet normal 0 0 -1
    outer loop
      vertex 0 41.7 0
      vertex 20 44.5 0
      vertex 0.265938 41.6791 0
    endloop
  endfacet
  facet normal 0 0 -1
    outer loop
      vertex -20 44.5 0
      vertex 0 41.7 0
      vertex -0.265938 41.6791 0
    endloop
  endfacet
  facet normal 0 0 -1
    outer loop
      vertex -12.0123 40.1564 0
      vertex -1.7 40 0
      vertex -12 40 0
    endloop
  endfacet
  facet normal 0 0 -1
    outer loop
      vertex -1.7 40 0
      vertex -12.0123 40.1564 0
      vertex -1.67907 40.2659 0
    endloop
  endfacet
  facet normal 0 0 -1
    outer loop
      vertex -12.0489 40.309 0
      vertex -1.67907 40.2659 0
      vertex -12.0123 40.1564 0
    endloop
  endfacet
  facet normal 0 0 -1
    outer loop
      vertex -1.67907 40.2659 0
      vertex -12.0489 40.309 0
      vertex -1.6168 40.5253 0
    endloop
  endfacet
  facet normal 0 0 -1
    outer loop
      vertex -12.109 40.454 0
      vertex -1.6168 40.5253 0
      vertex -12.0489 40.309 0
    endloop
  endfacet
  facet normal -0 0 -1
    outer loop
      vertex -1.6168 40.5253 0
      vertex -12.109 40.454 0
      vertex -1.51471 40.7718 0
    endloop
  endfacet
  facet normal 0 0 -1
    outer loop
      vertex -12.191 40.5878 0
      vertex -1.51471 40.7718 0
      vertex -12.109 40.454 0
    endloop
  endfacet
  facet normal -0 0 -1
    outer loop
      vertex -1.51471 40.7718 0
      vertex -12.191 40.5878 0
      vertex -1.37533 40.9992 0
    endloop
  endfacet
  facet normal 0 0 -1
    outer loop
      vertex -12.2929 40.7071 0
      vertex -1.37533 40.9992 0
      vertex -12.191 40.5878 0
    endloop
  endfacet
  facet normal -0 0 -1
    outer loop
      vertex -1.37533 40.9992 0
      vertex -12.2929 40.7071 0
      vertex -1.20208 41.2021 0
    endloop
  endfacet
  facet normal 0 0 -1
    outer loop
      vertex -12.4122 40.809 0
      vertex -1.20208 41.2021 0
      vertex -12.2929 40.7071 0
    endloop
  endfacet
  facet normal -0 0 -1
    outer loop
      vertex -1.20208 41.2021 0
      vertex -12.4122 40.809 0
      vertex -0.999234 41.3753 0
    endloop
  endfacet
  facet normal 0 0 -1
    outer loop
      vertex -12.546 40.891 0
      vertex -0.999234 41.3753 0
      vertex -12.4122 40.809 0
    endloop
  endfacet
  facet normal -0 0 -1
    outer loop
      vertex -0.999234 41.3753 0
      vertex -12.546 40.891 0
      vertex -0.771784 41.5147 0
    endloop
  endfacet
  facet normal 0 0 -1
    outer loop
      vertex -12.691 40.9511 0
      vertex -0.771784 41.5147 0
      vertex -12.546 40.891 0
    endloop
  endfacet
  facet normal -0 0 -1
    outer loop
      vertex -0.771784 41.5147 0
      vertex -12.691 40.9511 0
      vertex -0.525329 41.6168 0
    endloop
  endfacet
  facet normal 0 0 -1
    outer loop
      vertex -20 44.5 0
      vertex -0.525329 41.6168 0
      vertex -12.691 40.9511 0
    endloop
  endfacet
  facet normal 0 0 -1
    outer loop
      vertex -0.525329 41.6168 0
      vertex -20 44.5 0
      vertex -0.265938 41.6791 0
    endloop
  endfacet
  facet normal 0 0 -1
    outer loop
      vertex -20 44.5 0
      vertex -12.691 40.9511 0
      vertex -12.8436 40.9877 0
    endloop
  endfacet
  facet normal 0 0 -1
    outer loop
      vertex -20 44.5 0
      vertex -12.8436 40.9877 0
      vertex -13 41 0
    endloop
  endfacet
  facet normal 0 0 -1
    outer loop
      vertex -20 44.5 0
      vertex -13 41 0
      vertex -18 41 0
    endloop
  endfacet
  facet normal 0 0 -1
    outer loop
      vertex -20 44.5 0
      vertex -18 41 0
      vertex -18.1564 40.9877 0
    endloop
  endfacet
  facet normal 0 0 -1
    outer loop
      vertex -22.645 36.3594 0
      vertex -18.891 39.546 0
      vertex -22.043 35.9905 0
    endloop
  endfacet
  facet normal 0 0 -1
    outer loop
      vertex 0 41.7 0
      vertex -20 44.5 0
      vertex 20 44.5 0
    endloop
  endfacet
  facet normal 0 0 -1
    outer loop
      vertex -18.309 40.9511 0
      vertex -20 44.5 0
      vertex -18.1564 40.9877 0
    endloop
  endfacet
  facet normal 0 0 -1
    outer loop
      vertex -18.454 40.891 0
      vertex -20 44.5 0
      vertex -18.309 40.9511 0
    endloop
  endfacet
  facet normal 0 0 -1
    outer loop
      vertex -18.5878 40.809 0
      vertex -20 44.5 0
      vertex -18.454 40.891 0
    endloop
  endfacet
  facet normal 0 0 -1
    outer loop
      vertex -18.7071 40.7071 0
      vertex -20 44.5 0
      vertex -18.5878 40.809 0
    endloop
  endfacet
  facet normal 0 0 -1
    outer loop
      vertex -20.704 44.4446 0
      vertex -18.7071 40.7071 0
      vertex -18.809 40.5878 0
    endloop
  endfacet
  facet normal 0 0 -1
    outer loop
      vertex -22.043 44.0095 0
      vertex -18.809 40.5878 0
      vertex -18.891 40.454 0
    endloop
  endfacet
  facet normal 0 0 -1
    outer loop
      vertex -23.182 43.182 0
      vertex -18.891 40.454 0
      vertex -18.9511 40.309 0
    endloop
  endfacet
  facet normal 0 0 -1
    outer loop
      vertex -24.0095 42.043 0
      vertex -18.9511 40.309 0
      vertex -18.9877 40.1564 0
    endloop
  endfacet
  facet normal 0 0 -1
    outer loop
      vertex -23.182 36.818 0
      vertex -18.891 39.546 0
      vertex -22.645 36.3594 0
    endloop
  endfacet
  facet normal -0 0 -1
    outer loop
      vertex -18.891 39.546 0
      vertex -23.182 36.818 0
      vertex -18.9511 39.691 0
    endloop
  endfacet
  facet normal 0 0 -1
    outer loop
      vertex -18.7071 40.7071 0
      vertex -20.704 44.4446 0
      vertex -20 44.5 0
    endloop
  endfacet
  facet normal 0 0 -1
    outer loop
      vertex -23.6406 37.355 0
      vertex -18.9511 39.691 0
      vertex -23.182 36.818 0
    endloop
  endfacet
  facet normal 0 0 -1
    outer loop
      vertex -18.809 40.5878 0
      vertex -21.3906 44.2798 0
      vertex -20.704 44.4446 0
    endloop
  endfacet
  facet normal 0 0 -1
    outer loop
      vertex -24.0095 37.957 0
      vertex -18.9511 39.691 0
      vertex -23.6406 37.355 0
    endloop
  endfacet
  facet normal 0 0 -1
    outer loop
      vertex -18.809 40.5878 0
      vertex -22.043 44.0095 0
      vertex -21.3906 44.2798 0
    endloop
  endfacet
  facet normal -0 0 -1
    outer loop
      vertex -18.9511 39.691 0
      vertex -24.0095 37.957 0
      vertex -18.9877 39.8436 0
    endloop
  endfacet
  facet normal 0 0 -1
    outer loop
      vertex -18.891 40.454 0
      vertex -22.645 43.6406 0
      vertex -22.043 44.0095 0
    endloop
  endfacet
  facet normal 0 0 -1
    outer loop
      vertex -24.2798 38.6094 0
      vertex -18.9877 39.8436 0
      vertex -24.0095 37.957 0
    endloop
  endfacet
  facet normal 0 0 -1
    outer loop
      vertex -18.891 40.454 0
      vertex -23.182 43.182 0
      vertex -22.645 43.6406 0
    endloop
  endfacet
  facet normal 0 0 -1
    outer loop
      vertex -24.4446 39.296 0
      vertex -18.9877 39.8436 0
      vertex -24.2798 38.6094 0
    endloop
  endfacet
  facet normal 0 0 -1
    outer loop
      vertex -18.9511 40.309 0
      vertex -23.6406 42.645 0
      vertex -23.182 43.182 0
    endloop
  endfacet
  facet normal -0 0 -1
    outer loop
      vertex -18.9877 39.8436 0
      vertex -24.4446 39.296 0
      vertex -19 40 0
    endloop
  endfacet
  facet normal 0 0 -1
    outer loop
      vertex -18.9511 40.309 0
      vertex -24.0095 42.043 0
      vertex -23.6406 42.645 0
    endloop
  endfacet
  facet normal 0 0 -1
    outer loop
      vertex -24.5 40 0
      vertex -19 40 0
      vertex -24.4446 39.296 0
    endloop
  endfacet
  facet normal 0 0 -1
    outer loop
      vertex -18.9877 40.1564 0
      vertex -24.2798 41.3906 0
      vertex -24.0095 42.043 0
    endloop
  endfacet
  facet normal 0 -0 -1
    outer loop
      vertex -24.4446 40.704 0
      vertex -19 40 0
      vertex -24.5 40 0
    endloop
  endfacet
  facet normal 0 0 -1
    outer loop
      vertex -18.9877 40.1564 0
      vertex -24.4446 40.704 0
      vertex -24.2798 41.3906 0
    endloop
  endfacet
  facet normal 0 0 -1
    outer loop
      vertex -19 40 0
      vertex -24.4446 40.704 0
      vertex -18.9877 40.1564 0
    endloop
  endfacet
  facet normal 0.649414 0.760435 -0
    outer loop
      vertex 23.182 43.182 0
      vertex 22.645 43.6406 5
      vertex 23.182 43.182 5
    endloop
  endfacet
  facet normal 0.649414 0.760435 0
    outer loop
      vertex 22.645 43.6406 5
      vertex 23.182 43.182 0
      vertex 22.645 43.6406 0
    endloop
  endfacet
  facet normal -0.852644 -0.522492 0
    outer loop
      vertex -23.6406 37.355 0
      vertex -24.0095 37.957 5
      vertex -24.0095 37.957 0
    endloop
  endfacet
  facet normal -0.852644 -0.522492 0
    outer loop
      vertex -24.0095 37.957 5
      vertex -23.6406 37.355 0
      vertex -23.6406 37.355 5
    endloop
  endfacet
  facet normal 0.852644 0.522492 0
    outer loop
      vertex 24.0095 42.043 5
      vertex 23.6406 42.645 0
      vertex 23.6406 42.645 5
    endloop
  endfacet
  facet normal 0.852644 0.522492 0
    outer loop
      vertex 23.6406 42.645 0
      vertex 24.0095 42.043 5
      vertex 24.0095 42.043 0
    endloop
  endfacet
  facet normal 0.0784506 -0.996918 0
    outer loop
      vertex 20 35.5 0
      vertex 20.704 35.5554 5
      vertex 20 35.5 5
    endloop
  endfacet
  facet normal 0.0784506 -0.996918 0
    outer loop
      vertex 20.704 35.5554 5
      vertex 20 35.5 0
      vertex 20.704 35.5554 0
    endloop
  endfacet
  facet normal 0.233394 -0.972382 0
    outer loop
      vertex 20.704 35.5554 0
      vertex 21.3906 35.7202 5
      vertex 20.704 35.5554 5
    endloop
  endfacet
  facet normal 0.233394 -0.972382 0
    outer loop
      vertex 21.3906 35.7202 5
      vertex 20.704 35.5554 0
      vertex 21.3906 35.7202 0
    endloop
  endfacet
  facet normal -0.0784506 -0.996918 0
    outer loop
      vertex -20.704 35.5554 0
      vertex -20 35.5 5
      vertex -20.704 35.5554 5
    endloop
  endfacet
  facet normal -0.0784506 -0.996918 -0
    outer loop
      vertex -20 35.5 5
      vertex -20.704 35.5554 0
      vertex -20 35.5 0
    endloop
  endfacet
  facet normal 0.649414 -0.760435 0
    outer loop
      vertex 22.645 36.3594 0
      vertex 23.182 36.818 5
      vertex 22.645 36.3594 5
    endloop
  endfacet
  facet normal 0.649414 -0.760435 0
    outer loop
      vertex 23.182 36.818 5
      vertex 22.645 36.3594 0
      vertex 23.182 36.818 0
    endloop
  endfacet
  facet normal 0.972382 -0.233394 0
    outer loop
      vertex 24.2798 38.6094 5
      vertex 24.4446 39.296 0
      vertex 24.4446 39.296 5
    endloop
  endfacet
  facet normal 0.972382 -0.233394 0
    outer loop
      vertex 24.4446 39.296 0
      vertex 24.2798 38.6094 5
      vertex 24.2798 38.6094 0
    endloop
  endfacet
  facet normal 0.0784506 0.996918 -0
    outer loop
      vertex 20.704 44.4446 0
      vertex 20 44.5 5
      vertex 20.704 44.4446 5
    endloop
  endfacet
  facet normal 0.0784506 0.996918 0
    outer loop
      vertex 20 44.5 5
      vertex 20.704 44.4446 0
      vertex 20 44.5 0
    endloop
  endfacet
  facet normal 0.382765 -0.923846 0
    outer loop
      vertex 21.3906 35.7202 0
      vertex 22.043 35.9905 5
      vertex 21.3906 35.7202 5
    endloop
  endfacet
  facet normal 0.382765 -0.923846 0
    outer loop
      vertex 22.043 35.9905 5
      vertex 21.3906 35.7202 0
      vertex 22.043 35.9905 0
    endloop
  endfacet
  facet normal 0.852644 -0.522492 0
    outer loop
      vertex 23.6406 37.355 5
      vertex 24.0095 37.957 0
      vertex 24.0095 37.957 5
    endloop
  endfacet
  facet normal 0.852644 -0.522492 0
    outer loop
      vertex 24.0095 37.957 0
      vertex 23.6406 37.355 5
      vertex 23.6406 37.355 0
    endloop
  endfacet
  facet normal 0.760435 -0.649414 0
    outer loop
      vertex 23.182 36.818 5
      vertex 23.6406 37.355 0
      vertex 23.6406 37.355 5
    endloop
  endfacet
  facet normal 0.760435 -0.649414 0
    outer loop
      vertex 23.6406 37.355 0
      vertex 23.182 36.818 5
      vertex 23.182 36.818 0
    endloop
  endfacet
  facet normal 0.972382 0.233394 0
    outer loop
      vertex 24.4446 40.704 5
      vertex 24.2798 41.3906 0
      vertex 24.2798 41.3906 5
    endloop
  endfacet
  facet normal 0.972382 0.233394 0
    outer loop
      vertex 24.2798 41.3906 0
      vertex 24.4446 40.704 5
      vertex 24.4446 40.704 0
    endloop
  endfacet
  facet normal -0.923846 -0.382765 0
    outer loop
      vertex -24.0095 37.957 0
      vertex -24.2798 38.6094 5
      vertex -24.2798 38.6094 0
    endloop
  endfacet
  facet normal -0.923846 -0.382765 0
    outer loop
      vertex -24.2798 38.6094 5
      vertex -24.0095 37.957 0
      vertex -24.0095 37.957 5
    endloop
  endfacet
  facet normal -0.996918 -0.0784506 0
    outer loop
      vertex -24.4446 39.296 0
      vertex -24.5 40 5
      vertex -24.5 40 0
    endloop
  endfacet
  facet normal -0.996918 -0.0784506 0
    outer loop
      vertex -24.5 40 5
      vertex -24.4446 39.296 0
      vertex -24.4446 39.296 5
    endloop
  endfacet
  facet normal 0.233394 0.972382 -0
    outer loop
      vertex 21.3906 44.2798 0
      vertex 20.704 44.4446 5
      vertex 21.3906 44.2798 5
    endloop
  endfacet
  facet normal 0.233394 0.972382 0
    outer loop
      vertex 20.704 44.4446 5
      vertex 21.3906 44.2798 0
      vertex 20.704 44.4446 0
    endloop
  endfacet
  facet normal -0.996918 0.0784506 0
    outer loop
      vertex -24.5 40 0
      vertex -24.4446 40.704 5
      vertex -24.4446 40.704 0
    endloop
  endfacet
  facet normal -0.996918 0.0784506 0
    outer loop
      vertex -24.4446 40.704 5
      vertex -24.5 40 0
      vertex -24.5 40 5
    endloop
  endfacet
  facet normal -0.382765 0.923846 0
    outer loop
      vertex -21.3906 44.2798 0
      vertex -22.043 44.0095 5
      vertex -21.3906 44.2798 5
    endloop
  endfacet
  facet normal -0.382765 0.923846 0
    outer loop
      vertex -22.043 44.0095 5
      vertex -21.3906 44.2798 0
      vertex -22.043 44.0095 0
    endloop
  endfacet
  facet normal -0.852644 0.522492 0
    outer loop
      vertex -24.0095 42.043 0
      vertex -23.6406 42.645 5
      vertex -23.6406 42.645 0
    endloop
  endfacet
  facet normal -0.852644 0.522492 0
    outer loop
      vertex -23.6406 42.645 5
      vertex -24.0095 42.043 0
      vertex -24.0095 42.043 5
    endloop
  endfacet
  facet normal 0.760435 0.649414 0
    outer loop
      vertex 23.6406 42.645 5
      vertex 23.182 43.182 0
      vertex 23.182 43.182 5
    endloop
  endfacet
  facet normal 0.760435 0.649414 0
    outer loop
      vertex 23.182 43.182 0
      vertex 23.6406 42.645 5
      vertex 23.6406 42.645 0
    endloop
  endfacet
  facet normal -0.972382 0.233394 0
    outer loop
      vertex -24.4446 40.704 0
      vertex -24.2798 41.3906 5
      vertex -24.2798 41.3906 0
    endloop
  endfacet
  facet normal -0.972382 0.233394 0
    outer loop
      vertex -24.2798 41.3906 5
      vertex -24.4446 40.704 0
      vertex -24.4446 40.704 5
    endloop
  endfacet
  facet normal -0.0784506 0.996918 0
    outer loop
      vertex -20 44.5 0
      vertex -20.704 44.4446 5
      vertex -20 44.5 5
    endloop
  endfacet
  facet normal -0.0784506 0.996918 0
    outer loop
      vertex -20.704 44.4446 5
      vertex -20 44.5 0
      vertex -20.704 44.4446 0
    endloop
  endfacet
  facet normal 0.923846 -0.382765 0
    outer loop
      vertex 24.0095 37.957 5
      vertex 24.2798 38.6094 0
      vertex 24.2798 38.6094 5
    endloop
  endfacet
  facet normal 0.923846 -0.382765 0
    outer loop
      vertex 24.2798 38.6094 0
      vertex 24.0095 37.957 5
      vertex 24.0095 37.957 0
    endloop
  endfacet
  facet normal -0.760435 -0.649414 0
    outer loop
      vertex -23.182 36.818 0
      vertex -23.6406 37.355 5
      vertex -23.6406 37.355 0
    endloop
  endfacet
  facet normal -0.760435 -0.649414 0
    outer loop
      vertex -23.6406 37.355 5
      vertex -23.182 36.818 0
      vertex -23.182 36.818 5
    endloop
  endfacet
  facet normal -0.522492 0.852644 0
    outer loop
      vertex -22.043 44.0095 0
      vertex -22.645 43.6406 5
      vertex -22.043 44.0095 5
    endloop
  endfacet
  facet normal -0.522492 0.852644 0
    outer loop
      vertex -22.645 43.6406 5
      vertex -22.043 44.0095 0
      vertex -22.645 43.6406 0
    endloop
  endfacet
  facet normal -0.233394 -0.972382 0
    outer loop
      vertex -21.3906 35.7202 0
      vertex -20.704 35.5554 5
      vertex -21.3906 35.7202 5
    endloop
  endfacet
  facet normal -0.233394 -0.972382 -0
    outer loop
      vertex -20.704 35.5554 5
      vertex -21.3906 35.7202 0
      vertex -20.704 35.5554 0
    endloop
  endfacet
  facet normal -0.233394 0.972382 0
    outer loop
      vertex -20.704 44.4446 0
      vertex -21.3906 44.2798 5
      vertex -20.704 44.4446 5
    endloop
  endfacet
  facet normal -0.233394 0.972382 0
    outer loop
      vertex -21.3906 44.2798 5
      vertex -20.704 44.4446 0
      vertex -21.3906 44.2798 0
    endloop
  endfacet
  facet normal 0 0 1
    outer loop
      vertex 19 40 5
      vertex 24.5 40 5
      vertex 24.4446 40.704 5
    endloop
  endfacet
  facet normal 0 0 1
    outer loop
      vertex 18.9877 40.1564 5
      vertex 24.4446 40.704 5
      vertex 24.2798 41.3906 5
    endloop
  endfacet
  facet normal 0 0 1
    outer loop
      vertex 24.5 40 5
      vertex 19 40 5
      vertex 24.4446 39.296 5
    endloop
  endfacet
  facet normal 0 0 1
    outer loop
      vertex 18.9877 40.1564 5
      vertex 24.2798 41.3906 5
      vertex 24.0095 42.043 5
    endloop
  endfacet
  facet normal -0 0 1
    outer loop
      vertex 18.9877 39.8436 5
      vertex 24.4446 39.296 5
      vertex 19 40 5
    endloop
  endfacet
  facet normal 0 0 1
    outer loop
      vertex 18.9511 40.309 5
      vertex 24.0095 42.043 5
      vertex 23.6406 42.645 5
    endloop
  endfacet
  facet normal 0 0 1
    outer loop
      vertex 24.4446 39.296 5
      vertex 18.9877 39.8436 5
      vertex 24.2798 38.6094 5
    endloop
  endfacet
  facet normal 0 0 1
    outer loop
      vertex 18.9511 40.309 5
      vertex 23.6406 42.645 5
      vertex 23.182 43.182 5
    endloop
  endfacet
  facet normal 0 0 1
    outer loop
      vertex 24.2798 38.6094 5
      vertex 18.9877 39.8436 5
      vertex 24.0095 37.957 5
    endloop
  endfacet
  facet normal 0 0 1
    outer loop
      vertex 18.891 40.454 5
      vertex 23.182 43.182 5
      vertex 22.645 43.6406 5
    endloop
  endfacet
  facet normal -0 0 1
    outer loop
      vertex 18.9511 39.691 5
      vertex 24.0095 37.957 5
      vertex 18.9877 39.8436 5
    endloop
  endfacet
  facet normal 0 0 1
    outer loop
      vertex 18.891 40.454 5
      vertex 22.645 43.6406 5
      vertex 22.043 44.0095 5
    endloop
  endfacet
  facet normal 0 0 1
    outer loop
      vertex 24.0095 37.957 5
      vertex 18.9511 39.691 5
      vertex 23.6406 37.355 5
    endloop
  endfacet
  facet normal 0 0 1
    outer loop
      vertex 18.809 40.5878 5
      vertex 22.043 44.0095 5
      vertex 21.3906 44.2798 5
    endloop
  endfacet
  facet normal 0 0 1
    outer loop
      vertex 23.6406 37.355 5
      vertex 18.9511 39.691 5
      vertex 23.182 36.818 5
    endloop
  endfacet
  facet normal 0 0 1
    outer loop
      vertex 18.809 40.5878 5
      vertex 21.3906 44.2798 5
      vertex 20.704 44.4446 5
    endloop
  endfacet
  facet normal -0 0 1
    outer loop
      vertex 18.891 39.546 5
      vertex 23.182 36.818 5
      vertex 18.9511 39.691 5
    endloop
  endfacet
  facet normal 0 0 1
    outer loop
      vertex 18.7071 40.7071 5
      vertex 20.704 44.4446 5
      vertex 20 44.5 5
    endloop
  endfacet
  facet normal 0 0 1
    outer loop
      vertex 23.182 36.818 5
      vertex 18.891 39.546 5
      vertex 22.645 36.3594 5
    endloop
  endfacet
  facet normal 0 0 1
    outer loop
      vertex 22.645 36.3594 5
      vertex 18.891 39.546 5
      vertex 22.043 35.9905 5
    endloop
  endfacet
  facet normal 0 0 1
    outer loop
      vertex 24.4446 40.704 5
      vertex 18.9877 40.1564 5
      vertex 19 40 5
    endloop
  endfacet
  facet normal 0 0 1
    outer loop
      vertex 24.0095 42.043 5
      vertex 18.9511 40.309 5
      vertex 18.9877 40.1564 5
    endloop
  endfacet
  facet normal 0 0 1
    outer loop
      vertex 23.182 43.182 5
      vertex 18.891 40.454 5
      vertex 18.9511 40.309 5
    endloop
  endfacet
  facet normal 0 0 1
    outer loop
      vertex 22.043 44.0095 5
      vertex 18.809 40.5878 5
      vertex 18.891 40.454 5
    endloop
  endfacet
  facet normal 0 0 1
    outer loop
      vertex 20.704 44.4446 5
      vertex 18.7071 40.7071 5
      vertex 18.809 40.5878 5
    endloop
  endfacet
  facet normal 0 0 1
    outer loop
      vertex 20 44.5 5
      vertex 18.5878 40.809 5
      vertex 18.7071 40.7071 5
    endloop
  endfacet
  facet normal 0 0 1
    outer loop
      vertex 20 44.5 5
      vertex 18.454 40.891 5
      vertex 18.5878 40.809 5
    endloop
  endfacet
  facet normal 0 0 1
    outer loop
      vertex 20 44.5 5
      vertex 18.309 40.9511 5
      vertex 18.454 40.891 5
    endloop
  endfacet
  facet normal 0 0 1
    outer loop
      vertex 20 44.5 5
      vertex 18.1564 40.9877 5
      vertex 18.309 40.9511 5
    endloop
  endfacet
  facet normal 0 0 1
    outer loop
      vertex 20 44.5 5
      vertex 18 41 5
      vertex 18.1564 40.9877 5
    endloop
  endfacet
  facet normal 0 0 1
    outer loop
      vertex 20 44.5 5
      vertex 13 41 5
      vertex 18 41 5
    endloop
  endfacet
  facet normal 0 0 1
    outer loop
      vertex 20 44.5 5
      vertex 12.8436 40.9877 5
      vertex 13 41 5
    endloop
  endfacet
  facet normal 0 0 1
    outer loop
      vertex 20 44.5 5
      vertex 12.691 40.9511 5
      vertex 12.8436 40.9877 5
    endloop
  endfacet
  facet normal -0 0 1
    outer loop
      vertex 0.525329 41.6168 5
      vertex 12.691 40.9511 5
      vertex 20 44.5 5
    endloop
  endfacet
  facet normal 0 0 1
    outer loop
      vertex 12.0123 40.1564 5
      vertex 1.7 40 5
      vertex 12 40 5
    endloop
  endfacet
  facet normal -0 0 1
    outer loop
      vertex 1.67907 40.2659 5
      vertex 12.0123 40.1564 5
      vertex 12.0489 40.309 5
    endloop
  endfacet
  facet normal 0 0 1
    outer loop
      vertex 1.6168 40.5253 5
      vertex 12.0489 40.309 5
      vertex 12.109 40.454 5
    endloop
  endfacet
  facet normal 0 0 1
    outer loop
      vertex 1.51471 40.7718 5
      vertex 12.109 40.454 5
      vertex 12.191 40.5878 5
    endloop
  endfacet
  facet normal 0 0 1
    outer loop
      vertex 1.37533 40.9992 5
      vertex 12.191 40.5878 5
      vertex 12.2929 40.7071 5
    endloop
  endfacet
  facet normal 0 0 1
    outer loop
      vertex 1.20208 41.2021 5
      vertex 12.2929 40.7071 5
      vertex 12.4122 40.809 5
    endloop
  endfacet
  facet normal 0 0 1
    outer loop
      vertex 0.999234 41.3753 5
      vertex 12.4122 40.809 5
      vertex 12.546 40.891 5
    endloop
  endfacet
  facet normal -0 -0 1
    outer loop
      vertex 0.771784 41.5147 5
      vertex 12.691 40.9511 5
      vertex 0.525329 41.6168 5
    endloop
  endfacet
  facet normal 0 0 1
    outer loop
      vertex 12.0123 40.1564 5
      vertex 1.67907 40.2659 5
      vertex 1.7 40 5
    endloop
  endfacet
  facet normal 0 0 1
    outer loop
      vertex 12.0489 40.309 5
      vertex 1.6168 40.5253 5
      vertex 1.67907 40.2659 5
    endloop
  endfacet
  facet normal 0 0 1
    outer loop
      vertex 12.109 40.454 5
      vertex 1.51471 40.7718 5
      vertex 1.6168 40.5253 5
    endloop
  endfacet
  facet normal 0 0 1
    outer loop
      vertex 12.191 40.5878 5
      vertex 1.37533 40.9992 5
      vertex 1.51471 40.7718 5
    endloop
  endfacet
  facet normal 0 0 1
    outer loop
      vertex 12.2929 40.7071 5
      vertex 1.20208 41.2021 5
      vertex 1.37533 40.9992 5
    endloop
  endfacet
  facet normal 0 0 1
    outer loop
      vertex 12.4122 40.809 5
      vertex 0.999234 41.3753 5
      vertex 1.20208 41.2021 5
    endloop
  endfacet
  facet normal 0 0 1
    outer loop
      vertex 12.546 40.891 5
      vertex 0.771784 41.5147 5
      vertex 0.999234 41.3753 5
    endloop
  endfacet
  facet normal 0 0 1
    outer loop
      vertex 12.691 40.9511 5
      vertex 0.771784 41.5147 5
      vertex 12.546 40.891 5
    endloop
  endfacet
  facet normal 0 0 1
    outer loop
      vertex 20 44.5 5
      vertex 0.265938 41.6791 5
      vertex 0.525329 41.6168 5
    endloop
  endfacet
  facet normal 0 0 1
    outer loop
      vertex 20 44.5 5
      vertex 0 41.7 5
      vertex 0.265938 41.6791 5
    endloop
  endfacet
  facet normal -0 0 1
    outer loop
      vertex -20 44.5 5
      vertex 0 41.7 5
      vertex 20 44.5 5
    endloop
  endfacet
  facet normal -0 0 1
    outer loop
      vertex -12.0123 40.1564 5
      vertex -1.7 40 5
      vertex -1.67907 40.2659 5
    endloop
  endfacet
  facet normal -0 0 1
    outer loop
      vertex -12.0489 40.309 5
      vertex -1.67907 40.2659 5
      vertex -1.6168 40.5253 5
    endloop
  endfacet
  facet normal 0 0 1
    outer loop
      vertex -12.109 40.454 5
      vertex -1.6168 40.5253 5
      vertex -1.51471 40.7718 5
    endloop
  endfacet
  facet normal 0 0 1
    outer loop
      vertex -12.191 40.5878 5
      vertex -1.51471 40.7718 5
      vertex -1.37533 40.9992 5
    endloop
  endfacet
  facet normal 0 0 1
    outer loop
      vertex -12.2929 40.7071 5
      vertex -1.37533 40.9992 5
      vertex -1.20208 41.2021 5
    endloop
  endfacet
  facet normal 0 0 1
    outer loop
      vertex -12.4122 40.809 5
      vertex -1.20208 41.2021 5
      vertex -0.999234 41.3753 5
    endloop
  endfacet
  facet normal 0 0 1
    outer loop
      vertex -12.546 40.891 5
      vertex -0.999234 41.3753 5
      vertex -0.771784 41.5147 5
    endloop
  endfacet
  facet normal 0 0 1
    outer loop
      vertex -12.691 40.9511 5
      vertex -0.771784 41.5147 5
      vertex -0.525329 41.6168 5
    endloop
  endfacet
  facet normal 0 0 1
    outer loop
      vertex -20 44.5 5
      vertex -0.525329 41.6168 5
      vertex -0.265938 41.6791 5
    endloop
  endfacet
  facet normal 0 0 1
    outer loop
      vertex -1.7 40 5
      vertex -12.0123 40.1564 5
      vertex -12 40 5
    endloop
  endfacet
  facet normal 0 0 1
    outer loop
      vertex 0 41.7 5
      vertex -20 44.5 5
      vertex -0.265938 41.6791 5
    endloop
  endfacet
  facet normal 0 0 1
    outer loop
      vertex -1.67907 40.2659 5
      vertex -12.0489 40.309 5
      vertex -12.0123 40.1564 5
    endloop
  endfacet
  facet normal 0 0 1
    outer loop
      vertex -1.6168 40.5253 5
      vertex -12.109 40.454 5
      vertex -12.0489 40.309 5
    endloop
  endfacet
  facet normal 0 0 1
    outer loop
      vertex -1.51471 40.7718 5
      vertex -12.191 40.5878 5
      vertex -12.109 40.454 5
    endloop
  endfacet
  facet normal 0 0 1
    outer loop
      vertex -1.37533 40.9992 5
      vertex -12.2929 40.7071 5
      vertex -12.191 40.5878 5
    endloop
  endfacet
  facet normal 0 0 1
    outer loop
      vertex -1.20208 41.2021 5
      vertex -12.4122 40.809 5
      vertex -12.2929 40.7071 5
    endloop
  endfacet
  facet normal 0 0 1
    outer loop
      vertex -0.999234 41.3753 5
      vertex -12.546 40.891 5
      vertex -12.4122 40.809 5
    endloop
  endfacet
  facet normal 0 0 1
    outer loop
      vertex -0.771784 41.5147 5
      vertex -12.691 40.9511 5
      vertex -12.546 40.891 5
    endloop
  endfacet
  facet normal 0 0 1
    outer loop
      vertex -0.525329 41.6168 5
      vertex -20 44.5 5
      vertex -12.691 40.9511 5
    endloop
  endfacet
  facet normal 0 0 1
    outer loop
      vertex -12.691 40.9511 5
      vertex -20 44.5 5
      vertex -12.8436 40.9877 5
    endloop
  endfacet
  facet normal 0 0 1
    outer loop
      vertex -12.8436 40.9877 5
      vertex -20 44.5 5
      vertex -13 41 5
    endloop
  endfacet
  facet normal 0 0 1
    outer loop
      vertex -13 41 5
      vertex -20 44.5 5
      vertex -18 41 5
    endloop
  endfacet
  facet normal 0 0 1
    outer loop
      vertex -18.809 40.5878 5
      vertex -22.043 44.0095 5
      vertex -18.891 40.454 5
    endloop
  endfacet
  facet normal -0 0 1
    outer loop
      vertex -22.043 44.0095 5
      vertex -18.809 40.5878 5
      vertex -21.3906 44.2798 5
    endloop
  endfacet
  facet normal -0 0 1
    outer loop
      vertex -21.3906 44.2798 5
      vertex -18.809 40.5878 5
      vertex -20.704 44.4446 5
    endloop
  endfacet
  facet normal 0 0 1
    outer loop
      vertex -18.7071 40.7071 5
      vertex -20.704 44.4446 5
      vertex -18.809 40.5878 5
    endloop
  endfacet
  facet normal -0 0 1
    outer loop
      vertex -20.704 44.4446 5
      vertex -18.7071 40.7071 5
      vertex -20 44.5 5
    endloop
  endfacet
  facet normal 0 0 1
    outer loop
      vertex -18.5878 40.809 5
      vertex -20 44.5 5
      vertex -18.7071 40.7071 5
    endloop
  endfacet
  facet normal 0 0 1
    outer loop
      vertex -18.454 40.891 5
      vertex -20 44.5 5
      vertex -18.5878 40.809 5
    endloop
  endfacet
  facet normal 0 0 1
    outer loop
      vertex -18.309 40.9511 5
      vertex -20 44.5 5
      vertex -18.454 40.891 5
    endloop
  endfacet
  facet normal 0 0 1
    outer loop
      vertex -18.1564 40.9877 5
      vertex -20 44.5 5
      vertex -18.309 40.9511 5
    endloop
  endfacet
  facet normal 0 0 1
    outer loop
      vertex -18 41 5
      vertex -20 44.5 5
      vertex -18.1564 40.9877 5
    endloop
  endfacet
  facet normal -0 0 1
    outer loop
      vertex 18.809 39.4122 5
      vertex 22.043 35.9905 5
      vertex 18.891 39.546 5
    endloop
  endfacet
  facet normal 0 0 1
    outer loop
      vertex 22.043 35.9905 5
      vertex 18.809 39.4122 5
      vertex 21.3906 35.7202 5
    endloop
  endfacet
  facet normal 0 0 1
    outer loop
      vertex 21.3906 35.7202 5
      vertex 18.809 39.4122 5
      vertex 20.704 35.5554 5
    endloop
  endfacet
  facet normal -0 0 1
    outer loop
      vertex 18.7071 39.2929 5
      vertex 20.704 35.5554 5
      vertex 18.809 39.4122 5
    endloop
  endfacet
  facet normal 0 0 1
    outer loop
      vertex 20.704 35.5554 5
      vertex 18.7071 39.2929 5
      vertex 20 35.5 5
    endloop
  endfacet
  facet normal -0 0 1
    outer loop
      vertex 18.5878 39.191 5
      vertex 20 35.5 5
      vertex 18.7071 39.2929 5
    endloop
  endfacet
  facet normal -0 0 1
    outer loop
      vertex 18.454 39.109 5
      vertex 20 35.5 5
      vertex 18.5878 39.191 5
    endloop
  endfacet
  facet normal -0 0 1
    outer loop
      vertex 18.309 39.0489 5
      vertex 20 35.5 5
      vertex 18.454 39.109 5
    endloop
  endfacet
  facet normal -0 0 1
    outer loop
      vertex 18.1564 39.0123 5
      vertex 20 35.5 5
      vertex 18.309 39.0489 5
    endloop
  endfacet
  facet normal -0 0 1
    outer loop
      vertex 18 39 5
      vertex 20 35.5 5
      vertex 18.1564 39.0123 5
    endloop
  endfacet
  facet normal -0 0 1
    outer loop
      vertex 13 39 5
      vertex 20 35.5 5
      vertex 18 39 5
    endloop
  endfacet
  facet normal 0 0 1
    outer loop
      vertex 12.8436 39.0123 5
      vertex 20 35.5 5
      vertex 13 39 5
    endloop
  endfacet
  facet normal 0 0 1
    outer loop
      vertex 12.691 39.0489 5
      vertex 20 35.5 5
      vertex 12.8436 39.0123 5
    endloop
  endfacet
  facet normal 0 0 1
    outer loop
      vertex 0.771784 38.4853 5
      vertex 12.691 39.0489 5
      vertex 12.546 39.109 5
    endloop
  endfacet
  facet normal -0 0 1
    outer loop
      vertex 1.7 40 5
      vertex 12.0123 39.8436 5
      vertex 12 40 5
    endloop
  endfacet
  facet normal 0 0 1
    outer loop
      vertex 1.67907 39.7341 5
      vertex 12.0123 39.8436 5
      vertex 1.7 40 5
    endloop
  endfacet
  facet normal 0 0 1
    outer loop
      vertex 12.0123 39.8436 5
      vertex 1.67907 39.7341 5
      vertex 12.0489 39.691 5
    endloop
  endfacet
  facet normal 0 0 1
    outer loop
      vertex 1.6168 39.4747 5
      vertex 12.0489 39.691 5
      vertex 1.67907 39.7341 5
    endloop
  endfacet
  facet normal 0 0 1
    outer loop
      vertex 12.0489 39.691 5
      vertex 1.6168 39.4747 5
      vertex 12.109 39.546 5
    endloop
  endfacet
  facet normal 0 0 1
    outer loop
      vertex 1.51471 39.2282 5
      vertex 12.109 39.546 5
      vertex 1.6168 39.4747 5
    endloop
  endfacet
  facet normal 0 0 1
    outer loop
      vertex 12.109 39.546 5
      vertex 1.51471 39.2282 5
      vertex 12.191 39.4122 5
    endloop
  endfacet
  facet normal 0 0 1
    outer loop
      vertex 1.37533 39.0008 5
      vertex 12.191 39.4122 5
      vertex 1.51471 39.2282 5
    endloop
  endfacet
  facet normal 0 0 1
    outer loop
      vertex 12.191 39.4122 5
      vertex 1.37533 39.0008 5
      vertex 12.2929 39.2929 5
    endloop
  endfacet
  facet normal 0 0 1
    outer loop
      vertex 1.20208 38.7979 5
      vertex 12.2929 39.2929 5
      vertex 1.37533 39.0008 5
    endloop
  endfacet
  facet normal 0 0 1
    outer loop
      vertex 12.2929 39.2929 5
      vertex 1.20208 38.7979 5
      vertex 12.4122 39.191 5
    endloop
  endfacet
  facet normal 0 0 1
    outer loop
      vertex 0.999234 38.6247 5
      vertex 12.4122 39.191 5
      vertex 1.20208 38.7979 5
    endloop
  endfacet
  facet normal 0 0 1
    outer loop
      vertex 12.4122 39.191 5
      vertex 0.999234 38.6247 5
      vertex 12.546 39.109 5
    endloop
  endfacet
  facet normal 0 0 1
    outer loop
      vertex 0.771784 38.4853 5
      vertex 12.546 39.109 5
      vertex 0.999234 38.6247 5
    endloop
  endfacet
  facet normal 0 0 1
    outer loop
      vertex 12.691 39.0489 5
      vertex 0.771784 38.4853 5
      vertex 0.525329 38.3832 5
    endloop
  endfacet
  facet normal 0 0 1
    outer loop
      vertex 12.691 39.0489 5
      vertex 0.525329 38.3832 5
      vertex 20 35.5 5
    endloop
  endfacet
  facet normal -0 0 1
    outer loop
      vertex 0.265938 38.3209 5
      vertex 20 35.5 5
      vertex 0.525329 38.3832 5
    endloop
  endfacet
  facet normal -0 0 1
    outer loop
      vertex 0 38.3 5
      vertex 20 35.5 5
      vertex 0.265938 38.3209 5
    endloop
  endfacet
  facet normal 0 0 1
    outer loop
      vertex -20 35.5 5
      vertex 0 38.3 5
      vertex -0.265938 38.3209 5
    endloop
  endfacet
  facet normal 0 0 1
    outer loop
      vertex -12.0123 39.8436 5
      vertex -1.7 40 5
      vertex -12 40 5
    endloop
  endfacet
  facet normal 0 0 1
    outer loop
      vertex -1.7 40 5
      vertex -12.0123 39.8436 5
      vertex -1.67907 39.7341 5
    endloop
  endfacet
  facet normal 0 0 1
    outer loop
      vertex -12.0489 39.691 5
      vertex -1.67907 39.7341 5
      vertex -12.0123 39.8436 5
    endloop
  endfacet
  facet normal 0 0 1
    outer loop
      vertex -1.67907 39.7341 5
      vertex -12.0489 39.691 5
      vertex -1.6168 39.4747 5
    endloop
  endfacet
  facet normal -0 0 1
    outer loop
      vertex -12.109 39.546 5
      vertex -1.6168 39.4747 5
      vertex -12.0489 39.691 5
    endloop
  endfacet
  facet normal 0 0 1
    outer loop
      vertex -1.6168 39.4747 5
      vertex -12.109 39.546 5
      vertex -1.51471 39.2282 5
    endloop
  endfacet
  facet normal -0 0 1
    outer loop
      vertex -12.191 39.4122 5
      vertex -1.51471 39.2282 5
      vertex -12.109 39.546 5
    endloop
  endfacet
  facet normal 0 0 1
    outer loop
      vertex -1.51471 39.2282 5
      vertex -12.191 39.4122 5
      vertex -1.37533 39.0008 5
    endloop
  endfacet
  facet normal -0 0 1
    outer loop
      vertex -12.2929 39.2929 5
      vertex -1.37533 39.0008 5
      vertex -12.191 39.4122 5
    endloop
  endfacet
  facet normal 0 0 1
    outer loop
      vertex -1.37533 39.0008 5
      vertex -12.2929 39.2929 5
      vertex -1.20208 38.7979 5
    endloop
  endfacet
  facet normal -0 0 1
    outer loop
      vertex -12.4122 39.191 5
      vertex -1.20208 38.7979 5
      vertex -12.2929 39.2929 5
    endloop
  endfacet
  facet normal 0 0 1
    outer loop
      vertex -1.20208 38.7979 5
      vertex -12.4122 39.191 5
      vertex -0.999234 38.6247 5
    endloop
  endfacet
  facet normal -0 0 1
    outer loop
      vertex -12.546 39.109 5
      vertex -0.999234 38.6247 5
      vertex -12.4122 39.191 5
    endloop
  endfacet
  facet normal 0 0 1
    outer loop
      vertex -0.999234 38.6247 5
      vertex -12.546 39.109 5
      vertex -0.771784 38.4853 5
    endloop
  endfacet
  facet normal -0 0 1
    outer loop
      vertex -12.691 39.0489 5
      vertex -0.771784 38.4853 5
      vertex -12.546 39.109 5
    endloop
  endfacet
  facet normal 0 0 1
    outer loop
      vertex -0.771784 38.4853 5
      vertex -12.691 39.0489 5
      vertex -0.525329 38.3832 5
    endloop
  endfacet
  facet normal 0 0 1
    outer loop
      vertex -20 35.5 5
      vertex -0.525329 38.3832 5
      vertex -12.691 39.0489 5
    endloop
  endfacet
  facet normal 0 0 1
    outer loop
      vertex -0.525329 38.3832 5
      vertex -20 35.5 5
      vertex -0.265938 38.3209 5
    endloop
  endfacet
  facet normal 0 0 1
    outer loop
      vertex -20 35.5 5
      vertex -12.691 39.0489 5
      vertex -12.8436 39.0123 5
    endloop
  endfacet
  facet normal 0 0 1
    outer loop
      vertex -20 35.5 5
      vertex -12.8436 39.0123 5
      vertex -13 39 5
    endloop
  endfacet
  facet normal 0 0 1
    outer loop
      vertex -20 35.5 5
      vertex -13 39 5
      vertex -18 39 5
    endloop
  endfacet
  facet normal 0 0 1
    outer loop
      vertex -20 35.5 5
      vertex -18 39 5
      vertex -18.1564 39.0123 5
    endloop
  endfacet
  facet normal -0 0 1
    outer loop
      vertex -22.645 43.6406 5
      vertex -18.891 40.454 5
      vertex -22.043 44.0095 5
    endloop
  endfacet
  facet normal 0 0 1
    outer loop
      vertex 0 38.3 5
      vertex -20 35.5 5
      vertex 20 35.5 5
    endloop
  endfacet
  facet normal 0 0 1
    outer loop
      vertex -18.309 39.0489 5
      vertex -20 35.5 5
      vertex -18.1564 39.0123 5
    endloop
  endfacet
  facet normal 0 0 1
    outer loop
      vertex -18.454 39.109 5
      vertex -20 35.5 5
      vertex -18.309 39.0489 5
    endloop
  endfacet
  facet normal 0 0 1
    outer loop
      vertex -18.5878 39.191 5
      vertex -20 35.5 5
      vertex -18.454 39.109 5
    endloop
  endfacet
  facet normal 0 0 1
    outer loop
      vertex -18.7071 39.2929 5
      vertex -20 35.5 5
      vertex -18.5878 39.191 5
    endloop
  endfacet
  facet normal 0 0 1
    outer loop
      vertex -20.704 35.5554 5
      vertex -18.7071 39.2929 5
      vertex -18.809 39.4122 5
    endloop
  endfacet
  facet normal 0 0 1
    outer loop
      vertex -22.043 35.9905 5
      vertex -18.809 39.4122 5
      vertex -18.891 39.546 5
    endloop
  endfacet
  facet normal 0 0 1
    outer loop
      vertex -23.182 36.818 5
      vertex -18.891 39.546 5
      vertex -18.9511 39.691 5
    endloop
  endfacet
  facet normal 0 0 1
    outer loop
      vertex -24.0095 37.957 5
      vertex -18.9511 39.691 5
      vertex -18.9877 39.8436 5
    endloop
  endfacet
  facet normal -0 0 1
    outer loop
      vertex -23.182 43.182 5
      vertex -18.891 40.454 5
      vertex -22.645 43.6406 5
    endloop
  endfacet
  facet normal 0 0 1
    outer loop
      vertex -18.891 40.454 5
      vertex -23.182 43.182 5
      vertex -18.9511 40.309 5
    endloop
  endfacet
  facet normal 0 0 1
    outer loop
      vertex -18.7071 39.2929 5
      vertex -20.704 35.5554 5
      vertex -20 35.5 5
    endloop
  endfacet
  facet normal -0 0 1
    outer loop
      vertex -23.6406 42.645 5
      vertex -18.9511 40.309 5
      vertex -23.182 43.182 5
    endloop
  endfacet
  facet normal 0 0 1
    outer loop
      vertex -18.809 39.4122 5
      vertex -21.3906 35.7202 5
      vertex -20.704 35.5554 5
    endloop
  endfacet
  facet normal -0 0 1
    outer loop
      vertex -24.0095 42.043 5
      vertex -18.9511 40.309 5
      vertex -23.6406 42.645 5
    endloop
  endfacet
  facet normal 0 0 1
    outer loop
      vertex -18.809 39.4122 5
      vertex -22.043 35.9905 5
      vertex -21.3906 35.7202 5
    endloop
  endfacet
  facet normal 0 0 1
    outer loop
      vertex -18.9511 40.309 5
      vertex -24.0095 42.043 5
      vertex -18.9877 40.1564 5
    endloop
  endfacet
  facet normal 0 0 1
    outer loop
      vertex -18.891 39.546 5
      vertex -22.645 36.3594 5
      vertex -22.043 35.9905 5
    endloop
  endfacet
  facet normal -0 0 1
    outer loop
      vertex -24.2798 41.3906 5
      vertex -18.9877 40.1564 5
      vertex -24.0095 42.043 5
    endloop
  endfacet
  facet normal 0 0 1
    outer loop
      vertex -18.891 39.546 5
      vertex -23.182 36.818 5
      vertex -22.645 36.3594 5
    endloop
  endfacet
  facet normal -0 0 1
    outer loop
      vertex -24.4446 40.704 5
      vertex -18.9877 40.1564 5
      vertex -24.2798 41.3906 5
    endloop
  endfacet
  facet normal 0 0 1
    outer loop
      vertex -18.9511 39.691 5
      vertex -23.6406 37.355 5
      vertex -23.182 36.818 5
    endloop
  endfacet
  facet normal 0 0 1
    outer loop
      vertex -18.9877 40.1564 5
      vertex -24.4446 40.704 5
      vertex -19 40 5
    endloop
  endfacet
  facet normal 0 0 1
    outer loop
      vertex -18.9511 39.691 5
      vertex -24.0095 37.957 5
      vertex -23.6406 37.355 5
    endloop
  endfacet
  facet normal 0 0 1
    outer loop
      vertex -24.5 40 5
      vertex -19 40 5
      vertex -24.4446 40.704 5
    endloop
  endfacet
  facet normal 0 0 1
    outer loop
      vertex -18.9877 39.8436 5
      vertex -24.2798 38.6094 5
      vertex -24.0095 37.957 5
    endloop
  endfacet
  facet normal 0 -0 1
    outer loop
      vertex -24.4446 39.296 5
      vertex -19 40 5
      vertex -24.5 40 5
    endloop
  endfacet
  facet normal 0 0 1
    outer loop
      vertex -18.9877 39.8436 5
      vertex -24.4446 39.296 5
      vertex -24.2798 38.6094 5
    endloop
  endfacet
  facet normal 0 0 1
    outer loop
      vertex -19 40 5
      vertex -24.4446 39.296 5
      vertex -18.9877 39.8436 5
    endloop
  endfacet
  facet normal -0.649414 -0.760435 0
    outer loop
      vertex -23.182 36.818 0
      vertex -22.645 36.3594 5
      vertex -23.182 36.818 5
    endloop
  endfacet
  facet normal -0.649414 -0.760435 -0
    outer loop
      vertex -22.645 36.3594 5
      vertex -23.182 36.818 0
      vertex -22.645 36.3594 0
    endloop
  endfacet
  facet normal -0.522492 -0.852644 0
    outer loop
      vertex -22.645 36.3594 0
      vertex -22.043 35.9905 5
      vertex -22.645 36.3594 5
    endloop
  endfacet
  facet normal -0.522492 -0.852644 -0
    outer loop
      vertex -22.043 35.9905 5
      vertex -22.645 36.3594 0
      vertex -22.043 35.9905 0
    endloop
  endfacet
  facet normal -0.972382 -0.233394 0
    outer loop
      vertex -24.2798 38.6094 0
      vertex -24.4446 39.296 5
      vertex -24.4446 39.296 0
    endloop
  endfacet
  facet normal -0.972382 -0.233394 0
    outer loop
      vertex -24.4446 39.296 5
      vertex -24.2798 38.6094 0
      vertex -24.2798 38.6094 5
    endloop
  endfacet
  facet normal -0.760435 0.649414 0
    outer loop
      vertex -23.6406 42.645 0
      vertex -23.182 43.182 5
      vertex -23.182 43.182 0
    endloop
  endfacet
  facet normal -0.760435 0.649414 0
    outer loop
      vertex -23.182 43.182 5
      vertex -23.6406 42.645 0
      vertex -23.6406 42.645 5
    endloop
  endfacet
  facet normal -0.649414 0.760435 0
    outer loop
      vertex -22.645 43.6406 0
      vertex -23.182 43.182 5
      vertex -22.645 43.6406 5
    endloop
  endfacet
  facet normal -0.649414 0.760435 0
    outer loop
      vertex -23.182 43.182 5
      vertex -22.645 43.6406 0
      vertex -23.182 43.182 0
    endloop
  endfacet
  facet normal -0.923846 0.382765 0
    outer loop
      vertex -24.2798 41.3906 0
      vertex -24.0095 42.043 5
      vertex -24.0095 42.043 0
    endloop
  endfacet
  facet normal -0.923846 0.382765 0
    outer loop
      vertex -24.0095 42.043 5
      vertex -24.2798 41.3906 0
      vertex -24.2798 41.3906 5
    endloop
  endfacet
  facet normal -0.972375 -0.233423 0
    outer loop
      vertex 1.67907 40.2659 0
      vertex 1.6168 40.5253 5
      vertex 1.6168 40.5253 0
    endloop
  endfacet
  facet normal -0.972375 -0.233423 0
    outer loop
      vertex 1.6168 40.5253 5
      vertex 1.67907 40.2659 0
      vertex 1.67907 40.2659 5
    endloop
  endfacet
  facet normal -0.996916 -0.0784711 0
    outer loop
      vertex 1.7 40 0
      vertex 1.67907 40.2659 5
      vertex 1.67907 40.2659 0
    endloop
  endfacet
  facet normal -0.996916 -0.0784711 0
    outer loop
      vertex 1.67907 40.2659 5
      vertex 1.7 40 0
      vertex 1.7 40 5
    endloop
  endfacet
  facet normal -0.923898 -0.38264 0
    outer loop
      vertex 1.6168 40.5253 0
      vertex 1.51471 40.7718 5
      vertex 1.51471 40.7718 0
    endloop
  endfacet
  facet normal -0.923898 -0.38264 0
    outer loop
      vertex 1.51471 40.7718 5
      vertex 1.6168 40.5253 0
      vertex 1.6168 40.5253 5
    endloop
  endfacet
  facet normal -0.522549 0.852609 0
    outer loop
      vertex 0.999234 38.6247 0
      vertex 0.771784 38.4853 5
      vertex 0.999234 38.6247 5
    endloop
  endfacet
  facet normal -0.522549 0.852609 0
    outer loop
      vertex 0.771784 38.4853 5
      vertex 0.999234 38.6247 0
      vertex 0.771784 38.4853 0
    endloop
  endfacet
  facet normal 0.923898 -0.38264 0
    outer loop
      vertex -1.6168 40.5253 5
      vertex -1.51471 40.7718 0
      vertex -1.51471 40.7718 5
    endloop
  endfacet
  facet normal 0.923898 -0.38264 0
    outer loop
      vertex -1.51471 40.7718 0
      vertex -1.6168 40.5253 5
      vertex -1.6168 40.5253 0
    endloop
  endfacet
  facet normal 0.522549 0.852609 -0
    outer loop
      vertex -0.771784 38.4853 0
      vertex -0.999234 38.6247 5
      vertex -0.771784 38.4853 5
    endloop
  endfacet
  facet normal 0.522549 0.852609 0
    outer loop
      vertex -0.999234 38.6247 5
      vertex -0.771784 38.4853 0
      vertex -0.999234 38.6247 0
    endloop
  endfacet
  facet normal -0.972375 0.233423 0
    outer loop
      vertex 1.6168 39.4747 0
      vertex 1.67907 39.7341 5
      vertex 1.67907 39.7341 0
    endloop
  endfacet
  facet normal -0.972375 0.233423 0
    outer loop
      vertex 1.67907 39.7341 5
      vertex 1.6168 39.4747 0
      vertex 1.6168 39.4747 5
    endloop
  endfacet
  facet normal -0.382731 0.92386 0
    outer loop
      vertex 0.771784 38.4853 0
      vertex 0.525329 38.3832 5
      vertex 0.771784 38.4853 5
    endloop
  endfacet
  facet normal -0.382731 0.92386 0
    outer loop
      vertex 0.525329 38.3832 5
      vertex 0.771784 38.4853 0
      vertex 0.525329 38.3832 0
    endloop
  endfacet
  facet normal 0.382731 -0.92386 0
    outer loop
      vertex -0.771784 41.5147 0
      vertex -0.525329 41.6168 5
      vertex -0.771784 41.5147 5
    endloop
  endfacet
  facet normal 0.382731 -0.92386 0
    outer loop
      vertex -0.525329 41.6168 5
      vertex -0.771784 41.5147 0
      vertex -0.525329 41.6168 0
    endloop
  endfacet
  facet normal 0.522549 -0.852609 0
    outer loop
      vertex -0.999234 41.3753 0
      vertex -0.771784 41.5147 5
      vertex -0.999234 41.3753 5
    endloop
  endfacet
  facet normal 0.522549 -0.852609 0
    outer loop
      vertex -0.771784 41.5147 5
      vertex -0.999234 41.3753 0
      vertex -0.771784 41.5147 0
    endloop
  endfacet
  facet normal 0.233537 -0.972348 0
    outer loop
      vertex -0.525329 41.6168 0
      vertex -0.265938 41.6791 5
      vertex -0.525329 41.6168 5
    endloop
  endfacet
  facet normal 0.233537 -0.972348 0
    outer loop
      vertex -0.265938 41.6791 5
      vertex -0.525329 41.6168 0
      vertex -0.265938 41.6791 0
    endloop
  endfacet
  facet normal -0.649346 0.760493 0
    outer loop
      vertex 1.20208 38.7979 0
      vertex 0.999234 38.6247 5
      vertex 1.20208 38.7979 5
    endloop
  endfacet
  facet normal -0.649346 0.760493 0
    outer loop
      vertex 0.999234 38.6247 5
      vertex 1.20208 38.7979 0
      vertex 0.999234 38.6247 0
    endloop
  endfacet
  facet normal 0.0783482 -0.996926 0
    outer loop
      vertex -0.265938 41.6791 0
      vertex 0 41.7 5
      vertex -0.265938 41.6791 5
    endloop
  endfacet
  facet normal 0.0783482 -0.996926 0
    outer loop
      vertex 0 41.7 5
      vertex -0.265938 41.6791 0
      vertex 0 41.7 0
    endloop
  endfacet
  facet normal 0.923898 0.38264 0
    outer loop
      vertex -1.51471 39.2282 5
      vertex -1.6168 39.4747 0
      vertex -1.6168 39.4747 5
    endloop
  endfacet
  facet normal 0.923898 0.38264 0
    outer loop
      vertex -1.6168 39.4747 0
      vertex -1.51471 39.2282 5
      vertex -1.51471 39.2282 0
    endloop
  endfacet
  facet normal 0.760485 -0.649355 0
    outer loop
      vertex -1.37533 40.9992 5
      vertex -1.20208 41.2021 0
      vertex -1.20208 41.2021 5
    endloop
  endfacet
  facet normal 0.760485 -0.649355 0
    outer loop
      vertex -1.20208 41.2021 0
      vertex -1.37533 40.9992 5
      vertex -1.37533 40.9992 0
    endloop
  endfacet
  facet normal 0.233537 0.972348 -0
    outer loop
      vertex -0.265938 38.3209 0
      vertex -0.525329 38.3832 5
      vertex -0.265938 38.3209 5
    endloop
  endfacet
  facet normal 0.233537 0.972348 0
    outer loop
      vertex -0.525329 38.3832 5
      vertex -0.265938 38.3209 0
      vertex -0.525329 38.3832 0
    endloop
  endfacet
  facet normal -0.923898 0.38264 0
    outer loop
      vertex 1.51471 39.2282 0
      vertex 1.6168 39.4747 5
      vertex 1.6168 39.4747 0
    endloop
  endfacet
  facet normal -0.923898 0.38264 0
    outer loop
      vertex 1.6168 39.4747 5
      vertex 1.51471 39.2282 0
      vertex 1.51471 39.2282 5
    endloop
  endfacet
  facet normal 0.760485 0.649355 0
    outer loop
      vertex -1.20208 38.7979 5
      vertex -1.37533 39.0008 0
      vertex -1.37533 39.0008 5
    endloop
  endfacet
  facet normal 0.760485 0.649355 0
    outer loop
      vertex -1.37533 39.0008 0
      vertex -1.20208 38.7979 5
      vertex -1.20208 38.7979 0
    endloop
  endfacet
  facet normal 0.649346 -0.760493 0
    outer loop
      vertex -1.20208 41.2021 0
      vertex -0.999234 41.3753 5
      vertex -1.20208 41.2021 5
    endloop
  endfacet
  facet normal 0.649346 -0.760493 0
    outer loop
      vertex -0.999234 41.3753 5
      vertex -1.20208 41.2021 0
      vertex -0.999234 41.3753 0
    endloop
  endfacet
  facet normal -0.0783482 0.996926 0
    outer loop
      vertex 0.265938 38.3209 0
      vertex 0 38.3 5
      vertex 0.265938 38.3209 5
    endloop
  endfacet
  facet normal -0.0783482 0.996926 0
    outer loop
      vertex 0 38.3 5
      vertex 0.265938 38.3209 0
      vertex 0 38.3 0
    endloop
  endfacet
  facet normal -0.852592 0.522578 0
    outer loop
      vertex 1.37533 39.0008 0
      vertex 1.51471 39.2282 5
      vertex 1.51471 39.2282 0
    endloop
  endfacet
  facet normal -0.852592 0.522578 0
    outer loop
      vertex 1.51471 39.2282 5
      vertex 1.37533 39.0008 0
      vertex 1.37533 39.0008 5
    endloop
  endfacet
  facet normal -0.852592 -0.522578 0
    outer loop
      vertex 1.51471 40.7718 0
      vertex 1.37533 40.9992 5
      vertex 1.37533 40.9992 0
    endloop
  endfacet
  facet normal -0.852592 -0.522578 0
    outer loop
      vertex 1.37533 40.9992 5
      vertex 1.51471 40.7718 0
      vertex 1.51471 40.7718 5
    endloop
  endfacet
  facet normal -0.996916 0.0784711 0
    outer loop
      vertex 1.67907 39.7341 0
      vertex 1.7 40 5
      vertex 1.7 40 0
    endloop
  endfacet
  facet normal -0.996916 0.0784711 0
    outer loop
      vertex 1.7 40 5
      vertex 1.67907 39.7341 0
      vertex 1.67907 39.7341 5
    endloop
  endfacet
  facet normal 0.972375 0.233423 0
    outer loop
      vertex -1.6168 39.4747 5
      vertex -1.67907 39.7341 0
      vertex -1.67907 39.7341 5
    endloop
  endfacet
  facet normal 0.972375 0.233423 0
    outer loop
      vertex -1.67907 39.7341 0
      vertex -1.6168 39.4747 5
      vertex -1.6168 39.4747 0
    endloop
  endfacet
  facet normal -0.522549 -0.852609 0
    outer loop
      vertex 0.771784 41.5147 0
      vertex 0.999234 41.3753 5
      vertex 0.771784 41.5147 5
    endloop
  endfacet
  facet normal -0.522549 -0.852609 -0
    outer loop
      vertex 0.999234 41.3753 5
      vertex 0.771784 41.5147 0
      vertex 0.999234 41.3753 0
    endloop
  endfacet
  facet normal -0.760485 -0.649355 0
    outer loop
      vertex 1.37533 40.9992 0
      vertex 1.20208 41.2021 5
      vertex 1.20208 41.2021 0
    endloop
  endfacet
  facet normal -0.760485 -0.649355 0
    outer loop
      vertex 1.20208 41.2021 5
      vertex 1.37533 40.9992 0
      vertex 1.37533 40.9992 5
    endloop
  endfacet
  facet normal 0.996916 -0.0784711 0
    outer loop
      vertex -1.7 40 5
      vertex -1.67907 40.2659 0
      vertex -1.67907 40.2659 5
    endloop
  endfacet
  facet normal 0.996916 -0.0784711 0
    outer loop
      vertex -1.67907 40.2659 0
      vertex -1.7 40 5
      vertex -1.7 40 0
    endloop
  endfacet
  facet normal -0.649346 -0.760493 0
    outer loop
      vertex 0.999234 41.3753 0
      vertex 1.20208 41.2021 5
      vertex 0.999234 41.3753 5
    endloop
  endfacet
  facet normal -0.649346 -0.760493 -0
    outer loop
      vertex 1.20208 41.2021 5
      vertex 0.999234 41.3753 0
      vertex 1.20208 41.2021 0
    endloop
  endfacet
  facet normal -0.233537 0.972348 0
    outer loop
      vertex 0.525329 38.3832 0
      vertex 0.265938 38.3209 5
      vertex 0.525329 38.3832 5
    endloop
  endfacet
  facet normal -0.233537 0.972348 0
    outer loop
      vertex 0.265938 38.3209 5
      vertex 0.525329 38.3832 0
      vertex 0.265938 38.3209 0
    endloop
  endfacet
  facet normal 0.852592 0.522578 0
    outer loop
      vertex -1.37533 39.0008 5
      vertex -1.51471 39.2282 0
      vertex -1.51471 39.2282 5
    endloop
  endfacet
  facet normal 0.852592 0.522578 0
    outer loop
      vertex -1.51471 39.2282 0
      vertex -1.37533 39.0008 5
      vertex -1.37533 39.0008 0
    endloop
  endfacet
  facet normal 0.649346 0.760493 -0
    outer loop
      vertex -0.999234 38.6247 0
      vertex -1.20208 38.7979 5
      vertex -0.999234 38.6247 5
    endloop
  endfacet
  facet normal 0.649346 0.760493 0
    outer loop
      vertex -1.20208 38.7979 5
      vertex -0.999234 38.6247 0
      vertex -1.20208 38.7979 0
    endloop
  endfacet
  facet normal -0.760485 0.649355 0
    outer loop
      vertex 1.20208 38.7979 0
      vertex 1.37533 39.0008 5
      vertex 1.37533 39.0008 0
    endloop
  endfacet
  facet normal -0.760485 0.649355 0
    outer loop
      vertex 1.37533 39.0008 5
      vertex 1.20208 38.7979 0
      vertex 1.20208 38.7979 5
    endloop
  endfacet
  facet normal 0.852592 -0.522578 0
    outer loop
      vertex -1.51471 40.7718 5
      vertex -1.37533 40.9992 0
      vertex -1.37533 40.9992 5
    endloop
  endfacet
  facet normal 0.852592 -0.522578 0
    outer loop
      vertex -1.37533 40.9992 0
      vertex -1.51471 40.7718 5
      vertex -1.51471 40.7718 0
    endloop
  endfacet
  facet normal 0.996916 0.0784711 0
    outer loop
      vertex -1.67907 39.7341 5
      vertex -1.7 40 0
      vertex -1.7 40 5
    endloop
  endfacet
  facet normal 0.996916 0.0784711 0
    outer loop
      vertex -1.7 40 0
      vertex -1.67907 39.7341 5
      vertex -1.67907 39.7341 0
    endloop
  endfacet
  facet normal 0.382731 0.92386 -0
    outer loop
      vertex -0.525329 38.3832 0
      vertex -0.771784 38.4853 5
      vertex -0.525329 38.3832 5
    endloop
  endfacet
  facet normal 0.382731 0.92386 0
    outer loop
      vertex -0.771784 38.4853 5
      vertex -0.525329 38.3832 0
      vertex -0.771784 38.4853 0
    endloop
  endfacet
  facet normal -0.382731 -0.92386 0
    outer loop
      vertex 0.525329 41.6168 0
      vertex 0.771784 41.5147 5
      vertex 0.525329 41.6168 5
    endloop
  endfacet
  facet normal -0.382731 -0.92386 -0
    outer loop
      vertex 0.771784 41.5147 5
      vertex 0.525329 41.6168 0
      vertex 0.771784 41.5147 0
    endloop
  endfacet
  facet normal -0.233537 -0.972348 0
    outer loop
      vertex 0.265938 41.6791 0
      vertex 0.525329 41.6168 5
      vertex 0.265938 41.6791 5
    endloop
  endfacet
  facet normal -0.233537 -0.972348 -0
    outer loop
      vertex 0.525329 41.6168 5
      vertex 0.265938 41.6791 0
      vertex 0.525329 41.6168 0
    endloop
  endfacet
  facet normal -0.0783482 -0.996926 0
    outer loop
      vertex 0 41.7 0
      vertex 0.265938 41.6791 5
      vertex 0 41.7 5
    endloop
  endfacet
  facet normal -0.0783482 -0.996926 -0
    outer loop
      vertex 0.265938 41.6791 5
      vertex 0 41.7 0
      vertex 0.265938 41.6791 0
    endloop
  endfacet
  facet normal 0.972375 -0.233423 0
    outer loop
      vertex -1.67907 40.2659 5
      vertex -1.6168 40.5253 0
      vertex -1.6168 40.5253 5
    endloop
  endfacet
  facet normal 0.972375 -0.233423 0
    outer loop
      vertex -1.6168 40.5253 0
      vertex -1.67907 40.2659 5
      vertex -1.67907 40.2659 0
    endloop
  endfacet
  facet normal 0.0783482 0.996926 -0
    outer loop
      vertex 0 38.3 0
      vertex -0.265938 38.3209 5
      vertex 0 38.3 5
    endloop
  endfacet
  facet normal 0.0783482 0.996926 0
    outer loop
      vertex -0.265938 38.3209 5
      vertex 0 38.3 0
      vertex -0.265938 38.3209 0
    endloop
  endfacet
endsolid OpenSCAD_Model
