solid OpenSCAD_Model
  facet normal 0.146736 0.989176 -0
    outer loop
      vertex 5.07235 25.5004 0
      vertex 2.54844 25.8748 10
      vertex 5.07235 25.5004 10
    endloop
  endfacet
  facet normal 0.146736 0.989176 0
    outer loop
      vertex 2.54844 25.8748 10
      vertex 5.07235 25.5004 0
      vertex 2.54844 25.8748 0
    endloop
  endfacet
  facet normal 0.989176 0.146736 0
    outer loop
      vertex 25.8748 2.54844 10
      vertex 25.5004 5.07235 0
      vertex 25.5004 5.07235 10
    endloop
  endfacet
  facet normal 0.989176 0.146736 0
    outer loop
      vertex 25.5004 5.07235 0
      vertex 25.8748 2.54844 10
      vertex 25.8748 2.54844 0
    endloop
  endfacet
  facet normal 0.998795 0.0490689 0
    outer loop
      vertex 26 0 10
      vertex 25.8748 2.54844 0
      vertex 25.8748 2.54844 10
    endloop
  endfacet
  facet normal 0.998795 0.0490689 0
    outer loop
      vertex 25.8748 2.54844 0
      vertex 26 0 10
      vertex 26 0 0
    endloop
  endfacet
  facet normal 0.970028 0.242992 0
    outer loop
      vertex 25.5004 5.07235 10
      vertex 24.8804 7.5474 0
      vertex 24.8804 7.5474 10
    endloop
  endfacet
  facet normal 0.970028 0.242992 0
    outer loop
      vertex 24.8804 7.5474 0
      vertex 25.5004 5.07235 10
      vertex 25.5004 5.07235 0
    endloop
  endfacet
  facet normal 0.336861 -0.941554 0
    outer loop
      vertex 7.5474 -24.8804 0
      vertex 9.94977 -24.0209 10
      vertex 7.5474 -24.8804 10
    endloop
  endfacet
  facet normal 0.336861 -0.941554 0
    outer loop
      vertex 9.94977 -24.0209 10
      vertex 7.5474 -24.8804 0
      vertex 9.94977 -24.0209 0
    endloop
  endfacet
  facet normal 0.90399 -0.427553 0
    outer loop
      vertex 22.93 -12.2563 10
      vertex 24.0209 -9.94977 0
      vertex 24.0209 -9.94977 10
    endloop
  endfacet
  facet normal 0.90399 -0.427553 0
    outer loop
      vertex 24.0209 -9.94977 0
      vertex 22.93 -12.2563 10
      vertex 22.93 -12.2563 0
    endloop
  endfacet
  facet normal 0.67155 0.740959 -0
    outer loop
      vertex 18.3848 18.3848 0
      vertex 16.4942 20.0983 10
      vertex 18.3848 18.3848 10
    endloop
  endfacet
  facet normal 0.67155 0.740959 0
    outer loop
      vertex 16.4942 20.0983 10
      vertex 18.3848 18.3848 0
      vertex 16.4942 20.0983 0
    endloop
  endfacet
  facet normal -0.740959 0.67155 0
    outer loop
      vertex -20.0983 16.4942 0
      vertex -18.3848 18.3848 10
      vertex -18.3848 18.3848 0
    endloop
  endfacet
  facet normal -0.740959 0.67155 0
    outer loop
      vertex -18.3848 18.3848 10
      vertex -20.0983 16.4942 0
      vertex -20.0983 16.4942 10
    endloop
  endfacet
  facet normal -0.146736 -0.989176 0
    outer loop
      vertex -5.07235 -25.5004 0
      vertex -2.54844 -25.8748 10
      vertex -5.07235 -25.5004 10
    endloop
  endfacet
  facet normal -0.146736 -0.989176 -0
    outer loop
      vertex -2.54844 -25.8748 10
      vertex -5.07235 -25.5004 0
      vertex -2.54844 -25.8748 0
    endloop
  endfacet
  facet normal 0.941554 0.336861 0
    outer loop
      vertex 24.8804 7.5474 10
      vertex 24.0209 9.94977 0
      vertex 24.0209 9.94977 10
    endloop
  endfacet
  facet normal 0.941554 0.336861 0
    outer loop
      vertex 24.0209 9.94977 0
      vertex 24.8804 7.5474 10
      vertex 24.8804 7.5474 0
    endloop
  endfacet
  facet normal -0.0490689 0.998795 0
    outer loop
      vertex 0 26 0
      vertex -2.54844 25.8748 10
      vertex 0 26 10
    endloop
  endfacet
  facet normal -0.0490689 0.998795 0
    outer loop
      vertex -2.54844 25.8748 10
      vertex 0 26 0
      vertex -2.54844 25.8748 0
    endloop
  endfacet
  facet normal 0.803215 0.59569 0
    outer loop
      vertex 21.6182 14.4448 10
      vertex 20.0983 16.4942 0
      vertex 20.0983 16.4942 10
    endloop
  endfacet
  facet normal 0.803215 0.59569 0
    outer loop
      vertex 20.0983 16.4942 0
      vertex 21.6182 14.4448 10
      vertex 21.6182 14.4448 0
    endloop
  endfacet
  facet normal 0.0490689 -0.998795 0
    outer loop
      vertex 0 -26 0
      vertex 2.54844 -25.8748 10
      vertex 0 -26 10
    endloop
  endfacet
  facet normal 0.0490689 -0.998795 0
    outer loop
      vertex 2.54844 -25.8748 10
      vertex 0 -26 0
      vertex 2.54844 -25.8748 0
    endloop
  endfacet
  facet normal 0.0490689 0.998795 -0
    outer loop
      vertex 2.54844 25.8748 0
      vertex 0 26 10
      vertex 2.54844 25.8748 10
    endloop
  endfacet
  facet normal 0.0490689 0.998795 0
    outer loop
      vertex 0 26 10
      vertex 2.54844 25.8748 0
      vertex 0 26 0
    endloop
  endfacet
  facet normal 0.857718 -0.514121 0
    outer loop
      vertex 21.6182 -14.4448 10
      vertex 22.93 -12.2563 0
      vertex 22.93 -12.2563 10
    endloop
  endfacet
  facet normal 0.857718 -0.514121 0
    outer loop
      vertex 22.93 -12.2563 0
      vertex 21.6182 -14.4448 10
      vertex 21.6182 -14.4448 0
    endloop
  endfacet
  facet normal -0.59569 -0.803215 0
    outer loop
      vertex -16.4942 -20.0983 0
      vertex -14.4448 -21.6182 10
      vertex -16.4942 -20.0983 10
    endloop
  endfacet
  facet normal -0.59569 -0.803215 -0
    outer loop
      vertex -14.4448 -21.6182 10
      vertex -16.4942 -20.0983 0
      vertex -14.4448 -21.6182 0
    endloop
  endfacet
  facet normal -0.857718 0.514121 0
    outer loop
      vertex -22.93 12.2563 0
      vertex -21.6182 14.4448 10
      vertex -21.6182 14.4448 0
    endloop
  endfacet
  facet normal -0.857718 0.514121 0
    outer loop
      vertex -21.6182 14.4448 10
      vertex -22.93 12.2563 0
      vertex -22.93 12.2563 10
    endloop
  endfacet
  facet normal -0.242992 -0.970028 0
    outer loop
      vertex -7.5474 -24.8804 0
      vertex -5.07235 -25.5004 10
      vertex -7.5474 -24.8804 10
    endloop
  endfacet
  facet normal -0.242992 -0.970028 -0
    outer loop
      vertex -5.07235 -25.5004 10
      vertex -7.5474 -24.8804 0
      vertex -5.07235 -25.5004 0
    endloop
  endfacet
  facet normal 0.857718 0.514121 0
    outer loop
      vertex 22.93 12.2563 10
      vertex 21.6182 14.4448 0
      vertex 21.6182 14.4448 10
    endloop
  endfacet
  facet normal 0.857718 0.514121 0
    outer loop
      vertex 21.6182 14.4448 0
      vertex 22.93 12.2563 10
      vertex 22.93 12.2563 0
    endloop
  endfacet
  facet normal -0.998795 -0.0490689 0
    outer loop
      vertex -25.8748 -2.54844 0
      vertex -26 0 10
      vertex -26 0 0
    endloop
  endfacet
  facet normal -0.998795 -0.0490689 0
    outer loop
      vertex -26 0 10
      vertex -25.8748 -2.54844 0
      vertex -25.8748 -2.54844 10
    endloop
  endfacet
  facet normal 0.90399 0.427553 0
    outer loop
      vertex 24.0209 9.94977 10
      vertex 22.93 12.2563 0
      vertex 22.93 12.2563 10
    endloop
  endfacet
  facet normal 0.90399 0.427553 0
    outer loop
      vertex 22.93 12.2563 0
      vertex 24.0209 9.94977 10
      vertex 24.0209 9.94977 0
    endloop
  endfacet
  facet normal 0.970028 -0.242992 0
    outer loop
      vertex 24.8804 -7.5474 10
      vertex 25.5004 -5.07235 0
      vertex 25.5004 -5.07235 10
    endloop
  endfacet
  facet normal 0.970028 -0.242992 0
    outer loop
      vertex 25.5004 -5.07235 0
      vertex 24.8804 -7.5474 10
      vertex 24.8804 -7.5474 0
    endloop
  endfacet
  facet normal -0.970028 0.242992 0
    outer loop
      vertex -25.5004 5.07235 0
      vertex -24.8804 7.5474 10
      vertex -24.8804 7.5474 0
    endloop
  endfacet
  facet normal -0.970028 0.242992 0
    outer loop
      vertex -24.8804 7.5474 10
      vertex -25.5004 5.07235 0
      vertex -25.5004 5.07235 10
    endloop
  endfacet
  facet normal -0.427553 -0.90399 0
    outer loop
      vertex -12.2563 -22.93 0
      vertex -9.94977 -24.0209 10
      vertex -12.2563 -22.93 10
    endloop
  endfacet
  facet normal -0.427553 -0.90399 -0
    outer loop
      vertex -9.94977 -24.0209 10
      vertex -12.2563 -22.93 0
      vertex -9.94977 -24.0209 0
    endloop
  endfacet
  facet normal -0.970028 -0.242992 0
    outer loop
      vertex -24.8804 -7.5474 0
      vertex -25.5004 -5.07235 10
      vertex -25.5004 -5.07235 0
    endloop
  endfacet
  facet normal -0.970028 -0.242992 0
    outer loop
      vertex -25.5004 -5.07235 10
      vertex -24.8804 -7.5474 0
      vertex -24.8804 -7.5474 10
    endloop
  endfacet
  facet normal 0.336861 0.941554 -0
    outer loop
      vertex 9.94977 24.0209 0
      vertex 7.5474 24.8804 10
      vertex 9.94977 24.0209 10
    endloop
  endfacet
  facet normal 0.336861 0.941554 0
    outer loop
      vertex 7.5474 24.8804 10
      vertex 9.94977 24.0209 0
      vertex 7.5474 24.8804 0
    endloop
  endfacet
  facet normal 0.989176 -0.146736 0
    outer loop
      vertex 25.5004 -5.07235 10
      vertex 25.8748 -2.54844 0
      vertex 25.8748 -2.54844 10
    endloop
  endfacet
  facet normal 0.989176 -0.146736 0
    outer loop
      vertex 25.8748 -2.54844 0
      vertex 25.5004 -5.07235 10
      vertex 25.5004 -5.07235 0
    endloop
  endfacet
  facet normal -0.146736 0.989176 0
    outer loop
      vertex -2.54844 25.8748 0
      vertex -5.07235 25.5004 10
      vertex -2.54844 25.8748 10
    endloop
  endfacet
  facet normal -0.146736 0.989176 0
    outer loop
      vertex -5.07235 25.5004 10
      vertex -2.54844 25.8748 0
      vertex -5.07235 25.5004 0
    endloop
  endfacet
  facet normal 0.427553 -0.90399 0
    outer loop
      vertex 9.94977 -24.0209 0
      vertex 12.2563 -22.93 10
      vertex 9.94977 -24.0209 10
    endloop
  endfacet
  facet normal 0.427553 -0.90399 0
    outer loop
      vertex 12.2563 -22.93 10
      vertex 9.94977 -24.0209 0
      vertex 12.2563 -22.93 0
    endloop
  endfacet
  facet normal -0.67155 0.740959 0
    outer loop
      vertex -16.4942 20.0983 0
      vertex -18.3848 18.3848 10
      vertex -16.4942 20.0983 10
    endloop
  endfacet
  facet normal -0.67155 0.740959 0
    outer loop
      vertex -18.3848 18.3848 10
      vertex -16.4942 20.0983 0
      vertex -18.3848 18.3848 0
    endloop
  endfacet
  facet normal 0 0 -1
    outer loop
      vertex -18.5007 0.801374 0
      vertex -5.74164 1.74171 0
      vertex -18.4294 0.650561 0
    endloop
  endfacet
  facet normal -0 0 -1
    outer loop
      vertex -5.74164 1.74171 0
      vertex -18.5007 0.801374 0
      vertex -5.54328 2.2961 0
    endloop
  endfacet
  facet normal 0 0 -1
    outer loop
      vertex -18.5865 0.944468 0
      vertex -5.54328 2.2961 0
      vertex -18.5007 0.801374 0
    endloop
  endfacet
  facet normal 0 0 -1
    outer loop
      vertex -18.6859 1.07847 0
      vertex -5.54328 2.2961 0
      vertex -18.5865 0.944468 0
    endloop
  endfacet
  facet normal -0 0 -1
    outer loop
      vertex -5.54328 2.2961 0
      vertex -18.6859 1.07847 0
      vertex -5.29153 2.82838 0
    endloop
  endfacet
  facet normal 0 0 -1
    outer loop
      vertex -18.7979 1.20208 0
      vertex -5.29153 2.82838 0
      vertex -18.6859 1.07847 0
    endloop
  endfacet
  facet normal -0 0 -1
    outer loop
      vertex -5.29153 2.82838 0
      vertex -18.7979 1.20208 0
      vertex -4.98882 3.33342 0
    endloop
  endfacet
  facet normal 0 0 -1
    outer loop
      vertex -4.98882 3.33342 0
      vertex -18.3848 18.3848 0
      vertex -16.4942 20.0983 0
    endloop
  endfacet
  facet normal 0 0 -1
    outer loop
      vertex -18.9215 1.31412 0
      vertex -4.98882 3.33342 0
      vertex -18.7979 1.20208 0
    endloop
  endfacet
  facet normal 0 0 -1
    outer loop
      vertex -21.6182 14.4448 0
      vertex -4.98882 3.33342 0
      vertex -18.9215 1.31412 0
    endloop
  endfacet
  facet normal 0 0 -1
    outer loop
      vertex -21.6182 14.4448 0
      vertex -18.9215 1.31412 0
      vertex -19.0555 1.4135 0
    endloop
  endfacet
  facet normal 0 0 -1
    outer loop
      vertex -21.6182 14.4448 0
      vertex -19.0555 1.4135 0
      vertex -19.1986 1.49927 0
    endloop
  endfacet
  facet normal 0 0 -1
    outer loop
      vertex -22.93 12.2563 0
      vertex -19.1986 1.49927 0
      vertex -19.3494 1.57059 0
    endloop
  endfacet
  facet normal 0 0 -1
    outer loop
      vertex -22.93 12.2563 0
      vertex -19.3494 1.57059 0
      vertex -19.5065 1.6268 0
    endloop
  endfacet
  facet normal 0 0 -1
    outer loop
      vertex -24.0209 9.94977 0
      vertex -19.5065 1.6268 0
      vertex -19.6683 1.66733 0
    endloop
  endfacet
  facet normal 0 0 -1
    outer loop
      vertex -24.0209 9.94977 0
      vertex -19.6683 1.66733 0
      vertex -19.8334 1.69181 0
    endloop
  endfacet
  facet normal 0 0 -1
    outer loop
      vertex -24.8804 7.5474 0
      vertex -19.8334 1.69181 0
      vertex -20 1.7 0
    endloop
  endfacet
  facet normal 0 0 -1
    outer loop
      vertex -4.98882 3.33342 0
      vertex -20.0983 16.4942 0
      vertex -18.3848 18.3848 0
    endloop
  endfacet
  facet normal 0 0 -1
    outer loop
      vertex -24.8804 7.5474 0
      vertex -20 1.7 0
      vertex -20.1666 1.69181 0
    endloop
  endfacet
  facet normal 0 0 -1
    outer loop
      vertex -24.8804 7.5474 0
      vertex -20.1666 1.69181 0
      vertex -20.3317 1.66733 0
    endloop
  endfacet
  facet normal 0 0 -1
    outer loop
      vertex -24.8804 7.5474 0
      vertex -20.3317 1.66733 0
      vertex -20.4935 1.6268 0
    endloop
  endfacet
  facet normal 0 0 -1
    outer loop
      vertex -25.5004 5.07235 0
      vertex -20.4935 1.6268 0
      vertex -20.6506 1.57059 0
    endloop
  endfacet
  facet normal 0 0 -1
    outer loop
      vertex -25.5004 5.07235 0
      vertex -20.6506 1.57059 0
      vertex -20.8014 1.49927 0
    endloop
  endfacet
  facet normal 0 0 -1
    outer loop
      vertex -25.5004 5.07235 0
      vertex -20.8014 1.49927 0
      vertex -20.9445 1.4135 0
    endloop
  endfacet
  facet normal 0 0 -1
    outer loop
      vertex -25.5004 5.07235 0
      vertex -20.9445 1.4135 0
      vertex -21.0785 1.31412 0
    endloop
  endfacet
  facet normal 0 0 -1
    outer loop
      vertex -25.5004 5.07235 0
      vertex -21.0785 1.31412 0
      vertex -21.2021 1.20208 0
    endloop
  endfacet
  facet normal 0 0 -1
    outer loop
      vertex -25.8748 2.54844 0
      vertex -21.2021 1.20208 0
      vertex -21.3141 1.07847 0
    endloop
  endfacet
  facet normal 0 0 -1
    outer loop
      vertex -25.8748 2.54844 0
      vertex -21.3141 1.07847 0
      vertex -21.4135 0.944468 0
    endloop
  endfacet
  facet normal 0 0 -1
    outer loop
      vertex -25.8748 2.54844 0
      vertex -21.4135 0.944468 0
      vertex -21.4993 0.801374 0
    endloop
  endfacet
  facet normal 0 0 -1
    outer loop
      vertex -25.8748 2.54844 0
      vertex -21.4993 0.801374 0
      vertex -21.5706 0.650561 0
    endloop
  endfacet
  facet normal 0 0 -1
    outer loop
      vertex -4.98882 3.33342 0
      vertex -21.6182 14.4448 0
      vertex -20.0983 16.4942 0
    endloop
  endfacet
  facet normal 0 0 -1
    outer loop
      vertex -25.8748 2.54844 0
      vertex -21.5706 0.650561 0
      vertex -21.6268 0.493484 0
    endloop
  endfacet
  facet normal 0 0 -1
    outer loop
      vertex -26 0 0
      vertex -21.6268 0.493484 0
      vertex -21.6673 0.331653 0
    endloop
  endfacet
  facet normal 0 0 -1
    outer loop
      vertex -26 0 0
      vertex -21.6673 0.331653 0
      vertex -21.6918 0.166629 0
    endloop
  endfacet
  facet normal 0 0 -1
    outer loop
      vertex -26 0 0
      vertex -21.6918 0.166629 0
      vertex -21.7 0 0
    endloop
  endfacet
  facet normal -0 0 -1
    outer loop
      vertex -21.5706 -0.650561 0
      vertex -25.8748 -2.54844 0
      vertex -21.6268 -0.493484 0
    endloop
  endfacet
  facet normal 0 0 -1
    outer loop
      vertex -19.1986 1.49927 0
      vertex -22.93 12.2563 0
      vertex -21.6182 14.4448 0
    endloop
  endfacet
  facet normal 0 0 -1
    outer loop
      vertex -26 0 0
      vertex -21.6268 -0.493484 0
      vertex -25.8748 -2.54844 0
    endloop
  endfacet
  facet normal 0 0 -1
    outer loop
      vertex -19.5065 1.6268 0
      vertex -24.0209 9.94977 0
      vertex -22.93 12.2563 0
    endloop
  endfacet
  facet normal 0 0 -1
    outer loop
      vertex -21.6268 -0.493484 0
      vertex -26 0 0
      vertex -21.6673 -0.331653 0
    endloop
  endfacet
  facet normal 0 0 -1
    outer loop
      vertex -19.8334 1.69181 0
      vertex -24.8804 7.5474 0
      vertex -24.0209 9.94977 0
    endloop
  endfacet
  facet normal 0 0 -1
    outer loop
      vertex -21.6673 -0.331653 0
      vertex -26 0 0
      vertex -21.6918 -0.166629 0
    endloop
  endfacet
  facet normal 0 0 -1
    outer loop
      vertex -20.4935 1.6268 0
      vertex -25.5004 5.07235 0
      vertex -24.8804 7.5474 0
    endloop
  endfacet
  facet normal 0 0 -1
    outer loop
      vertex -21.6918 -0.166629 0
      vertex -26 0 0
      vertex -21.7 0 0
    endloop
  endfacet
  facet normal 0 0 -1
    outer loop
      vertex -21.2021 1.20208 0
      vertex -25.8748 2.54844 0
      vertex -25.5004 5.07235 0
    endloop
  endfacet
  facet normal -0 0 -1
    outer loop
      vertex -21.6268 0.493484 0
      vertex -26 0 0
      vertex -25.8748 2.54844 0
    endloop
  endfacet
  facet normal 0 0 -1
    outer loop
      vertex 7.5474 24.8804 0
      vertex 1.69181 19.8334 0
      vertex 1.7 20 0
    endloop
  endfacet
  facet normal 0 0 -1
    outer loop
      vertex 2.2961 5.54328 0
      vertex 1.66733 19.6683 0
      vertex 1.69181 19.8334 0
    endloop
  endfacet
  facet normal 0 0 -1
    outer loop
      vertex 2.2961 5.54328 0
      vertex 1.6268 19.5065 0
      vertex 1.66733 19.6683 0
    endloop
  endfacet
  facet normal 0 0 -1
    outer loop
      vertex 2.2961 5.54328 0
      vertex 1.57059 19.3494 0
      vertex 1.6268 19.5065 0
    endloop
  endfacet
  facet normal 0 0 -1
    outer loop
      vertex 2.2961 5.54328 0
      vertex 1.49927 19.1986 0
      vertex 1.57059 19.3494 0
    endloop
  endfacet
  facet normal 0 0 -1
    outer loop
      vertex 2.2961 5.54328 0
      vertex 1.4135 19.0555 0
      vertex 1.49927 19.1986 0
    endloop
  endfacet
  facet normal 0 0 -1
    outer loop
      vertex 2.2961 5.54328 0
      vertex 1.31412 18.9215 0
      vertex 1.4135 19.0555 0
    endloop
  endfacet
  facet normal 0 0 -1
    outer loop
      vertex 2.2961 5.54328 0
      vertex 1.20208 18.7979 0
      vertex 1.31412 18.9215 0
    endloop
  endfacet
  facet normal 0 0 -1
    outer loop
      vertex 0.650561 18.4294 0
      vertex 1.74171 5.74164 0
      vertex 1.17054 5.88471 0
    endloop
  endfacet
  facet normal 0 0 -1
    outer loop
      vertex 2.2961 5.54328 0
      vertex 1.07847 18.6859 0
      vertex 1.20208 18.7979 0
    endloop
  endfacet
  facet normal 0 0 -1
    outer loop
      vertex 2.2961 5.54328 0
      vertex 0.944468 18.5865 0
      vertex 1.07847 18.6859 0
    endloop
  endfacet
  facet normal 0 0 -1
    outer loop
      vertex 2.2961 5.54328 0
      vertex 0.801374 18.5007 0
      vertex 0.944468 18.5865 0
    endloop
  endfacet
  facet normal 0 0 -1
    outer loop
      vertex 1.74171 5.74164 0
      vertex 0.650561 18.4294 0
      vertex 0.801374 18.5007 0
    endloop
  endfacet
  facet normal 0 0 -1
    outer loop
      vertex 0.331653 18.3327 0
      vertex 1.17054 5.88471 0
      vertex 0.588102 5.97111 0
    endloop
  endfacet
  facet normal 0 0 -1
    outer loop
      vertex 1.17054 5.88471 0
      vertex 0.493484 18.3732 0
      vertex 0.650561 18.4294 0
    endloop
  endfacet
  facet normal 0 0 -1
    outer loop
      vertex 1.17054 5.88471 0
      vertex 0.331653 18.3327 0
      vertex 0.493484 18.3732 0
    endloop
  endfacet
  facet normal 0 0 -1
    outer loop
      vertex 0.588102 5.97111 0
      vertex 0.166629 18.3082 0
      vertex 0.331653 18.3327 0
    endloop
  endfacet
  facet normal 0 0 -1
    outer loop
      vertex 0 6 0
      vertex 0.166629 18.3082 0
      vertex 0.588102 5.97111 0
    endloop
  endfacet
  facet normal 0 0 -1
    outer loop
      vertex 0 6 0
      vertex 0 18.3 0
      vertex 0.166629 18.3082 0
    endloop
  endfacet
  facet normal 0 0 -1
    outer loop
      vertex 0 6 0
      vertex -0.166629 18.3082 0
      vertex 0 18.3 0
    endloop
  endfacet
  facet normal 0 0 -1
    outer loop
      vertex -0.588102 5.97111 0
      vertex -0.166629 18.3082 0
      vertex 0 6 0
    endloop
  endfacet
  facet normal -0 0 -1
    outer loop
      vertex -0.166629 18.3082 0
      vertex -0.588102 5.97111 0
      vertex -0.331653 18.3327 0
    endloop
  endfacet
  facet normal 0 0 -1
    outer loop
      vertex -1.17054 5.88471 0
      vertex -0.331653 18.3327 0
      vertex -0.588102 5.97111 0
    endloop
  endfacet
  facet normal -0 0 -1
    outer loop
      vertex -0.331653 18.3327 0
      vertex -1.17054 5.88471 0
      vertex -0.493484 18.3732 0
    endloop
  endfacet
  facet normal -0 0 -1
    outer loop
      vertex -0.493484 18.3732 0
      vertex -1.17054 5.88471 0
      vertex -0.650561 18.4294 0
    endloop
  endfacet
  facet normal 0 0 -1
    outer loop
      vertex -1.74171 5.74164 0
      vertex -0.650561 18.4294 0
      vertex -1.17054 5.88471 0
    endloop
  endfacet
  facet normal -0 0 -1
    outer loop
      vertex -0.650561 18.4294 0
      vertex -1.74171 5.74164 0
      vertex -0.801374 18.5007 0
    endloop
  endfacet
  facet normal 0 0 -1
    outer loop
      vertex -2.2961 5.54328 0
      vertex -0.801374 18.5007 0
      vertex -1.74171 5.74164 0
    endloop
  endfacet
  facet normal -0 0 -1
    outer loop
      vertex -0.801374 18.5007 0
      vertex -2.2961 5.54328 0
      vertex -0.944468 18.5865 0
    endloop
  endfacet
  facet normal -0 0 -1
    outer loop
      vertex -0.944468 18.5865 0
      vertex -2.2961 5.54328 0
      vertex -1.07847 18.6859 0
    endloop
  endfacet
  facet normal 0 0 -1
    outer loop
      vertex -2.82838 5.29153 0
      vertex -1.07847 18.6859 0
      vertex -2.2961 5.54328 0
    endloop
  endfacet
  facet normal -0 0 -1
    outer loop
      vertex -1.07847 18.6859 0
      vertex -2.82838 5.29153 0
      vertex -1.20208 18.7979 0
    endloop
  endfacet
  facet normal 0 0 -1
    outer loop
      vertex -3.33342 4.98882 0
      vertex -1.20208 18.7979 0
      vertex -2.82838 5.29153 0
    endloop
  endfacet
  facet normal -0 0 -1
    outer loop
      vertex -1.20208 18.7979 0
      vertex -3.33342 4.98882 0
      vertex -1.31412 18.9215 0
    endloop
  endfacet
  facet normal -0 0 -1
    outer loop
      vertex -1.31412 18.9215 0
      vertex -3.33342 4.98882 0
      vertex -1.4135 19.0555 0
    endloop
  endfacet
  facet normal 0 0 -1
    outer loop
      vertex -14.4448 21.6182 0
      vertex -1.4135 19.0555 0
      vertex -3.33342 4.98882 0
    endloop
  endfacet
  facet normal 0 0 -1
    outer loop
      vertex -1.4135 19.0555 0
      vertex -14.4448 21.6182 0
      vertex -1.49927 19.1986 0
    endloop
  endfacet
  facet normal 0 -0 -1
    outer loop
      vertex -12.2563 22.93 0
      vertex -1.49927 19.1986 0
      vertex -14.4448 21.6182 0
    endloop
  endfacet
  facet normal 0 0 -1
    outer loop
      vertex 4.63806 3.80636 0
      vertex 20.0983 16.4942 0
      vertex 4.98882 3.33342 0
    endloop
  endfacet
  facet normal -0 0 -1
    outer loop
      vertex 20.0983 16.4942 0
      vertex 4.63806 3.80636 0
      vertex 18.3848 18.3848 0
    endloop
  endfacet
  facet normal 0 0 -1
    outer loop
      vertex 4.24264 4.24264 0
      vertex 18.3848 18.3848 0
      vertex 4.63806 3.80636 0
    endloop
  endfacet
  facet normal -0 0 -1
    outer loop
      vertex 18.3848 18.3848 0
      vertex 4.24264 4.24264 0
      vertex 16.4942 20.0983 0
    endloop
  endfacet
  facet normal 0 0 -1
    outer loop
      vertex 3.80636 4.63806 0
      vertex 16.4942 20.0983 0
      vertex 4.24264 4.24264 0
    endloop
  endfacet
  facet normal -0 0 -1
    outer loop
      vertex 16.4942 20.0983 0
      vertex 3.80636 4.63806 0
      vertex 14.4448 21.6182 0
    endloop
  endfacet
  facet normal 0 0 -1
    outer loop
      vertex 3.33342 4.98882 0
      vertex 14.4448 21.6182 0
      vertex 3.80636 4.63806 0
    endloop
  endfacet
  facet normal 0 0 -1
    outer loop
      vertex 1.69181 19.8334 0
      vertex 14.4448 21.6182 0
      vertex 3.33342 4.98882 0
    endloop
  endfacet
  facet normal 0 0 -1
    outer loop
      vertex 1.69181 19.8334 0
      vertex 9.94977 24.0209 0
      vertex 12.2563 22.93 0
    endloop
  endfacet
  facet normal 0 0 -1
    outer loop
      vertex 1.69181 19.8334 0
      vertex 7.5474 24.8804 0
      vertex 9.94977 24.0209 0
    endloop
  endfacet
  facet normal 0 0 -1
    outer loop
      vertex 1.69181 19.8334 0
      vertex 12.2563 22.93 0
      vertex 14.4448 21.6182 0
    endloop
  endfacet
  facet normal 0 0 -1
    outer loop
      vertex 1.69181 19.8334 0
      vertex 3.33342 4.98882 0
      vertex 2.82838 5.29153 0
    endloop
  endfacet
  facet normal 0 0 -1
    outer loop
      vertex 1.69181 20.1666 0
      vertex 7.5474 24.8804 0
      vertex 1.7 20 0
    endloop
  endfacet
  facet normal 0 0 -1
    outer loop
      vertex 1.69181 19.8334 0
      vertex 2.82838 5.29153 0
      vertex 2.2961 5.54328 0
    endloop
  endfacet
  facet normal 0 0 -1
    outer loop
      vertex 0.801374 18.5007 0
      vertex 2.2961 5.54328 0
      vertex 1.74171 5.74164 0
    endloop
  endfacet
  facet normal 0 0 -1
    outer loop
      vertex 1.66733 20.3317 0
      vertex 7.5474 24.8804 0
      vertex 1.69181 20.1666 0
    endloop
  endfacet
  facet normal 0 0 -1
    outer loop
      vertex 1.6268 20.4935 0
      vertex 7.5474 24.8804 0
      vertex 1.66733 20.3317 0
    endloop
  endfacet
  facet normal -0 0 -1
    outer loop
      vertex 7.5474 24.8804 0
      vertex 1.6268 20.4935 0
      vertex 5.07235 25.5004 0
    endloop
  endfacet
  facet normal 0 0 -1
    outer loop
      vertex 1.57059 20.6506 0
      vertex 5.07235 25.5004 0
      vertex 1.6268 20.4935 0
    endloop
  endfacet
  facet normal 0 0 -1
    outer loop
      vertex 1.49927 20.8014 0
      vertex 5.07235 25.5004 0
      vertex 1.57059 20.6506 0
    endloop
  endfacet
  facet normal 0 0 -1
    outer loop
      vertex 1.4135 20.9445 0
      vertex 5.07235 25.5004 0
      vertex 1.49927 20.8014 0
    endloop
  endfacet
  facet normal 0 0 -1
    outer loop
      vertex 1.31412 21.0785 0
      vertex 5.07235 25.5004 0
      vertex 1.4135 20.9445 0
    endloop
  endfacet
  facet normal -0 0 -1
    outer loop
      vertex 5.07235 25.5004 0
      vertex 1.31412 21.0785 0
      vertex 2.54844 25.8748 0
    endloop
  endfacet
  facet normal 0 0 -1
    outer loop
      vertex 1.20208 21.2021 0
      vertex 2.54844 25.8748 0
      vertex 1.31412 21.0785 0
    endloop
  endfacet
  facet normal 0 0 -1
    outer loop
      vertex 1.07847 21.3141 0
      vertex 2.54844 25.8748 0
      vertex 1.20208 21.2021 0
    endloop
  endfacet
  facet normal 0 0 -1
    outer loop
      vertex 0.944468 21.4135 0
      vertex 2.54844 25.8748 0
      vertex 1.07847 21.3141 0
    endloop
  endfacet
  facet normal 0 0 -1
    outer loop
      vertex 0.801374 21.4993 0
      vertex 2.54844 25.8748 0
      vertex 0.944468 21.4135 0
    endloop
  endfacet
  facet normal 0 0 -1
    outer loop
      vertex 0.650561 21.5706 0
      vertex 2.54844 25.8748 0
      vertex 0.801374 21.4993 0
    endloop
  endfacet
  facet normal 0 0 -1
    outer loop
      vertex 0.493484 21.6268 0
      vertex 2.54844 25.8748 0
      vertex 0.650561 21.5706 0
    endloop
  endfacet
  facet normal 0 0 -1
    outer loop
      vertex 0 26 0
      vertex 0.493484 21.6268 0
      vertex 0.331653 21.6673 0
    endloop
  endfacet
  facet normal 0 0 -1
    outer loop
      vertex 0 26 0
      vertex 0.331653 21.6673 0
      vertex 0.166629 21.6918 0
    endloop
  endfacet
  facet normal 0 0 -1
    outer loop
      vertex 0 26 0
      vertex 0.166629 21.6918 0
      vertex 0 21.7 0
    endloop
  endfacet
  facet normal 0 0 -1
    outer loop
      vertex 0.493484 21.6268 0
      vertex 0 26 0
      vertex 2.54844 25.8748 0
    endloop
  endfacet
  facet normal 0 0 -1
    outer loop
      vertex -0.166629 21.6918 0
      vertex 0 26 0
      vertex 0 21.7 0
    endloop
  endfacet
  facet normal 0 0 -1
    outer loop
      vertex -0.331653 21.6673 0
      vertex 0 26 0
      vertex -0.166629 21.6918 0
    endloop
  endfacet
  facet normal 0 0 -1
    outer loop
      vertex -0.493484 21.6268 0
      vertex 0 26 0
      vertex -0.331653 21.6673 0
    endloop
  endfacet
  facet normal 0 0 -1
    outer loop
      vertex -2.54844 25.8748 0
      vertex -0.493484 21.6268 0
      vertex -0.650561 21.5706 0
    endloop
  endfacet
  facet normal 0 0 -1
    outer loop
      vertex -2.54844 25.8748 0
      vertex -0.650561 21.5706 0
      vertex -0.801374 21.4993 0
    endloop
  endfacet
  facet normal 0 0 -1
    outer loop
      vertex -2.54844 25.8748 0
      vertex -0.801374 21.4993 0
      vertex -0.944468 21.4135 0
    endloop
  endfacet
  facet normal 0 0 -1
    outer loop
      vertex -2.54844 25.8748 0
      vertex -0.944468 21.4135 0
      vertex -1.07847 21.3141 0
    endloop
  endfacet
  facet normal 0 0 -1
    outer loop
      vertex -2.54844 25.8748 0
      vertex -1.07847 21.3141 0
      vertex -1.20208 21.2021 0
    endloop
  endfacet
  facet normal 0 0 -1
    outer loop
      vertex -2.54844 25.8748 0
      vertex -1.20208 21.2021 0
      vertex -1.31412 21.0785 0
    endloop
  endfacet
  facet normal 0 0 -1
    outer loop
      vertex -5.07235 25.5004 0
      vertex -1.31412 21.0785 0
      vertex -1.4135 20.9445 0
    endloop
  endfacet
  facet normal 0 0 -1
    outer loop
      vertex -5.07235 25.5004 0
      vertex -1.4135 20.9445 0
      vertex -1.49927 20.8014 0
    endloop
  endfacet
  facet normal 0 0 -1
    outer loop
      vertex -5.07235 25.5004 0
      vertex -1.49927 20.8014 0
      vertex -1.57059 20.6506 0
    endloop
  endfacet
  facet normal 0 0 -1
    outer loop
      vertex -5.07235 25.5004 0
      vertex -1.57059 20.6506 0
      vertex -1.6268 20.4935 0
    endloop
  endfacet
  facet normal 0 0 -1
    outer loop
      vertex -1.49927 19.1986 0
      vertex -12.2563 22.93 0
      vertex -1.57059 19.3494 0
    endloop
  endfacet
  facet normal 0 0 -1
    outer loop
      vertex -0.493484 21.6268 0
      vertex -2.54844 25.8748 0
      vertex 0 26 0
    endloop
  endfacet
  facet normal 0 0 -1
    outer loop
      vertex -7.5474 24.8804 0
      vertex -1.6268 20.4935 0
      vertex -1.66733 20.3317 0
    endloop
  endfacet
  facet normal 0 0 -1
    outer loop
      vertex -7.5474 24.8804 0
      vertex -1.66733 20.3317 0
      vertex -1.69181 20.1666 0
    endloop
  endfacet
  facet normal 0 0 -1
    outer loop
      vertex -7.5474 24.8804 0
      vertex -1.69181 20.1666 0
      vertex -1.7 20 0
    endloop
  endfacet
  facet normal 0 0 -1
    outer loop
      vertex -1.57059 19.3494 0
      vertex -12.2563 22.93 0
      vertex -1.6268 19.5065 0
    endloop
  endfacet
  facet normal 0 -0 -1
    outer loop
      vertex -9.94977 24.0209 0
      vertex -1.6268 19.5065 0
      vertex -12.2563 22.93 0
    endloop
  endfacet
  facet normal 0 0 -1
    outer loop
      vertex -1.6268 19.5065 0
      vertex -9.94977 24.0209 0
      vertex -1.66733 19.6683 0
    endloop
  endfacet
  facet normal 0 0 -1
    outer loop
      vertex -14.4448 21.6182 0
      vertex -3.33342 4.98882 0
      vertex -3.80636 4.63806 0
    endloop
  endfacet
  facet normal 0 0 -1
    outer loop
      vertex -16.4942 20.0983 0
      vertex -3.80636 4.63806 0
      vertex -4.24264 4.24264 0
    endloop
  endfacet
  facet normal 0 0 -1
    outer loop
      vertex -16.4942 20.0983 0
      vertex -4.24264 4.24264 0
      vertex -4.63806 3.80636 0
    endloop
  endfacet
  facet normal 0 0 -1
    outer loop
      vertex -16.4942 20.0983 0
      vertex -4.63806 3.80636 0
      vertex -4.98882 3.33342 0
    endloop
  endfacet
  facet normal 0 0 -1
    outer loop
      vertex -1.31412 21.0785 0
      vertex -5.07235 25.5004 0
      vertex -2.54844 25.8748 0
    endloop
  endfacet
  facet normal 0 0 -1
    outer loop
      vertex -18.4294 0.650561 0
      vertex -5.88471 1.17054 0
      vertex -18.3732 0.493484 0
    endloop
  endfacet
  facet normal 0 0 -1
    outer loop
      vertex -18.3732 0.493484 0
      vertex -5.88471 1.17054 0
      vertex -18.3327 0.331653 0
    endloop
  endfacet
  facet normal -0 0 -1
    outer loop
      vertex -5.97111 0.588102 0
      vertex -18.3327 0.331653 0
      vertex -5.88471 1.17054 0
    endloop
  endfacet
  facet normal 0 0 -1
    outer loop
      vertex -18.3327 0.331653 0
      vertex -5.97111 0.588102 0
      vertex -18.3082 0.166629 0
    endloop
  endfacet
  facet normal 0 0 -1
    outer loop
      vertex -6 0 0
      vertex -18.3082 0.166629 0
      vertex -5.97111 0.588102 0
    endloop
  endfacet
  facet normal 0 0 -1
    outer loop
      vertex -18.3082 0.166629 0
      vertex -6 0 0
      vertex -18.3 0 0
    endloop
  endfacet
  facet normal 0 0 -1
    outer loop
      vertex -21.6182 -14.4448 0
      vertex -4.98882 -3.33342 0
      vertex -20.0983 -16.4942 0
    endloop
  endfacet
  facet normal -0 0 -1
    outer loop
      vertex -5.88471 1.17054 0
      vertex -18.4294 0.650561 0
      vertex -5.74164 1.74171 0
    endloop
  endfacet
  facet normal 0 -0 -1
    outer loop
      vertex -18.9215 -1.31412 0
      vertex -4.98882 -3.33342 0
      vertex -21.6182 -14.4448 0
    endloop
  endfacet
  facet normal 0 0 -1
    outer loop
      vertex -1.6268 20.4935 0
      vertex -7.5474 24.8804 0
      vertex -5.07235 25.5004 0
    endloop
  endfacet
  facet normal 0 0 -1
    outer loop
      vertex -4.98882 -3.33342 0
      vertex -18.7979 -1.20208 0
      vertex -5.29153 -2.82838 0
    endloop
  endfacet
  facet normal 0 0 -1
    outer loop
      vertex -1.69181 19.8334 0
      vertex -7.5474 24.8804 0
      vertex -1.7 20 0
    endloop
  endfacet
  facet normal 0 -0 -1
    outer loop
      vertex -18.6859 -1.07847 0
      vertex -5.29153 -2.82838 0
      vertex -18.7979 -1.20208 0
    endloop
  endfacet
  facet normal 0 -0 -1
    outer loop
      vertex -7.5474 24.8804 0
      vertex -1.69181 19.8334 0
      vertex -9.94977 24.0209 0
    endloop
  endfacet
  facet normal 0 0 -1
    outer loop
      vertex -5.29153 -2.82838 0
      vertex -18.6859 -1.07847 0
      vertex -5.54328 -2.2961 0
    endloop
  endfacet
  facet normal 0 0 -1
    outer loop
      vertex -1.66733 19.6683 0
      vertex -9.94977 24.0209 0
      vertex -1.69181 19.8334 0
    endloop
  endfacet
  facet normal 0 0 -1
    outer loop
      vertex -3.80636 4.63806 0
      vertex -16.4942 20.0983 0
      vertex -14.4448 21.6182 0
    endloop
  endfacet
  facet normal -0 0 -1
    outer loop
      vertex -6 0 0
      vertex -18.3082 -0.166629 0
      vertex -18.3 0 0
    endloop
  endfacet
  facet normal 0 0 -1
    outer loop
      vertex -5.97111 -0.588102 0
      vertex -18.3082 -0.166629 0
      vertex -6 0 0
    endloop
  endfacet
  facet normal 0 -0 -1
    outer loop
      vertex -18.3082 -0.166629 0
      vertex -5.97111 -0.588102 0
      vertex -18.3327 -0.331653 0
    endloop
  endfacet
  facet normal 0 -0 -1
    outer loop
      vertex -18.5865 -0.944468 0
      vertex -5.54328 -2.2961 0
      vertex -18.6859 -1.07847 0
    endloop
  endfacet
  facet normal 0 0 -1
    outer loop
      vertex -5.88471 -1.17054 0
      vertex -18.3327 -0.331653 0
      vertex -5.97111 -0.588102 0
    endloop
  endfacet
  facet normal 0 -0 -1
    outer loop
      vertex -18.3327 -0.331653 0
      vertex -5.88471 -1.17054 0
      vertex -18.3732 -0.493484 0
    endloop
  endfacet
  facet normal 0 -0 -1
    outer loop
      vertex -18.3732 -0.493484 0
      vertex -5.88471 -1.17054 0
      vertex -18.4294 -0.650561 0
    endloop
  endfacet
  facet normal 0 0 -1
    outer loop
      vertex -5.74164 -1.74171 0
      vertex -18.4294 -0.650561 0
      vertex -5.88471 -1.17054 0
    endloop
  endfacet
  facet normal 0 -0 -1
    outer loop
      vertex -18.4294 -0.650561 0
      vertex -5.74164 -1.74171 0
      vertex -18.5007 -0.801374 0
    endloop
  endfacet
  facet normal 0 -0 -1
    outer loop
      vertex -18.5007 -0.801374 0
      vertex -5.54328 -2.2961 0
      vertex -18.5865 -0.944468 0
    endloop
  endfacet
  facet normal 0 0 -1
    outer loop
      vertex -5.54328 -2.2961 0
      vertex -18.5007 -0.801374 0
      vertex -5.74164 -1.74171 0
    endloop
  endfacet
  facet normal 0 -0 -1
    outer loop
      vertex -18.7979 -1.20208 0
      vertex -4.98882 -3.33342 0
      vertex -18.9215 -1.31412 0
    endloop
  endfacet
  facet normal 0 0 -1
    outer loop
      vertex -18.9215 -1.31412 0
      vertex -21.6182 -14.4448 0
      vertex -19.0555 -1.4135 0
    endloop
  endfacet
  facet normal 0 0 -1
    outer loop
      vertex -19.0555 -1.4135 0
      vertex -21.6182 -14.4448 0
      vertex -19.1986 -1.49927 0
    endloop
  endfacet
  facet normal 0 0 -1
    outer loop
      vertex -22.93 -12.2563 0
      vertex -19.1986 -1.49927 0
      vertex -21.6182 -14.4448 0
    endloop
  endfacet
  facet normal 0 0 -1
    outer loop
      vertex -19.1986 -1.49927 0
      vertex -22.93 -12.2563 0
      vertex -19.3494 -1.57059 0
    endloop
  endfacet
  facet normal 0 0 -1
    outer loop
      vertex -19.3494 -1.57059 0
      vertex -22.93 -12.2563 0
      vertex -19.5065 -1.6268 0
    endloop
  endfacet
  facet normal 0 0 -1
    outer loop
      vertex -24.0209 -9.94977 0
      vertex -19.5065 -1.6268 0
      vertex -22.93 -12.2563 0
    endloop
  endfacet
  facet normal 0 0 -1
    outer loop
      vertex -19.5065 -1.6268 0
      vertex -24.0209 -9.94977 0
      vertex -19.6683 -1.66733 0
    endloop
  endfacet
  facet normal 0 0 -1
    outer loop
      vertex -19.6683 -1.66733 0
      vertex -24.0209 -9.94977 0
      vertex -19.8334 -1.69181 0
    endloop
  endfacet
  facet normal 0 0 -1
    outer loop
      vertex -24.8804 -7.5474 0
      vertex -19.8334 -1.69181 0
      vertex -24.0209 -9.94977 0
    endloop
  endfacet
  facet normal 0 0 -1
    outer loop
      vertex -19.8334 -1.69181 0
      vertex -24.8804 -7.5474 0
      vertex -20 -1.7 0
    endloop
  endfacet
  facet normal -0 0 -1
    outer loop
      vertex -20 -1.7 0
      vertex -24.8804 -7.5474 0
      vertex -20.1666 -1.69181 0
    endloop
  endfacet
  facet normal -0 0 -1
    outer loop
      vertex -20.1666 -1.69181 0
      vertex -24.8804 -7.5474 0
      vertex -20.3317 -1.66733 0
    endloop
  endfacet
  facet normal -0 0 -1
    outer loop
      vertex -20.3317 -1.66733 0
      vertex -24.8804 -7.5474 0
      vertex -20.4935 -1.6268 0
    endloop
  endfacet
  facet normal 0 0 -1
    outer loop
      vertex -25.5004 -5.07235 0
      vertex -20.4935 -1.6268 0
      vertex -24.8804 -7.5474 0
    endloop
  endfacet
  facet normal -0 0 -1
    outer loop
      vertex -20.4935 -1.6268 0
      vertex -25.5004 -5.07235 0
      vertex -20.6506 -1.57059 0
    endloop
  endfacet
  facet normal -0 0 -1
    outer loop
      vertex -20.6506 -1.57059 0
      vertex -25.5004 -5.07235 0
      vertex -20.8014 -1.49927 0
    endloop
  endfacet
  facet normal -0 0 -1
    outer loop
      vertex -20.8014 -1.49927 0
      vertex -25.5004 -5.07235 0
      vertex -20.9445 -1.4135 0
    endloop
  endfacet
  facet normal -0 0 -1
    outer loop
      vertex -20.9445 -1.4135 0
      vertex -25.5004 -5.07235 0
      vertex -21.0785 -1.31412 0
    endloop
  endfacet
  facet normal -0 0 -1
    outer loop
      vertex -21.0785 -1.31412 0
      vertex -25.5004 -5.07235 0
      vertex -21.2021 -1.20208 0
    endloop
  endfacet
  facet normal 0 0 -1
    outer loop
      vertex -25.8748 -2.54844 0
      vertex -21.2021 -1.20208 0
      vertex -25.5004 -5.07235 0
    endloop
  endfacet
  facet normal -0 0 -1
    outer loop
      vertex -21.2021 -1.20208 0
      vertex -25.8748 -2.54844 0
      vertex -21.3141 -1.07847 0
    endloop
  endfacet
  facet normal -0 0 -1
    outer loop
      vertex -21.3141 -1.07847 0
      vertex -25.8748 -2.54844 0
      vertex -21.4135 -0.944468 0
    endloop
  endfacet
  facet normal -0 0 -1
    outer loop
      vertex -21.4135 -0.944468 0
      vertex -25.8748 -2.54844 0
      vertex -21.4993 -0.801374 0
    endloop
  endfacet
  facet normal -0 0 -1
    outer loop
      vertex -21.4993 -0.801374 0
      vertex -25.8748 -2.54844 0
      vertex -21.5706 -0.650561 0
    endloop
  endfacet
  facet normal 0 0 -1
    outer loop
      vertex 12.2563 -22.93 0
      vertex 1.49927 -19.1986 0
      vertex 14.4448 -21.6182 0
    endloop
  endfacet
  facet normal 0 0 -1
    outer loop
      vertex 1.4135 -19.0555 0
      vertex 14.4448 -21.6182 0
      vertex 1.49927 -19.1986 0
    endloop
  endfacet
  facet normal 0 0 -1
    outer loop
      vertex 14.4448 -21.6182 0
      vertex 1.4135 -19.0555 0
      vertex 3.33342 -4.98882 0
    endloop
  endfacet
  facet normal 0 0 -1
    outer loop
      vertex 1.31412 -18.9215 0
      vertex 3.33342 -4.98882 0
      vertex 1.4135 -19.0555 0
    endloop
  endfacet
  facet normal 0 0 -1
    outer loop
      vertex 1.20208 -18.7979 0
      vertex 3.33342 -4.98882 0
      vertex 1.31412 -18.9215 0
    endloop
  endfacet
  facet normal 0 0 -1
    outer loop
      vertex 3.33342 -4.98882 0
      vertex 1.20208 -18.7979 0
      vertex 2.82838 -5.29153 0
    endloop
  endfacet
  facet normal 0 0 -1
    outer loop
      vertex 1.07847 -18.6859 0
      vertex 2.82838 -5.29153 0
      vertex 1.20208 -18.7979 0
    endloop
  endfacet
  facet normal 0 0 -1
    outer loop
      vertex 2.82838 -5.29153 0
      vertex 1.07847 -18.6859 0
      vertex 2.2961 -5.54328 0
    endloop
  endfacet
  facet normal 0 0 -1
    outer loop
      vertex 0.944468 -18.5865 0
      vertex 2.2961 -5.54328 0
      vertex 1.07847 -18.6859 0
    endloop
  endfacet
  facet normal 0 0 -1
    outer loop
      vertex 0.801374 -18.5007 0
      vertex 2.2961 -5.54328 0
      vertex 0.944468 -18.5865 0
    endloop
  endfacet
  facet normal 0 0 -1
    outer loop
      vertex 2.2961 -5.54328 0
      vertex 0.801374 -18.5007 0
      vertex 1.74171 -5.74164 0
    endloop
  endfacet
  facet normal 0 0 -1
    outer loop
      vertex 0.650561 -18.4294 0
      vertex 1.74171 -5.74164 0
      vertex 0.801374 -18.5007 0
    endloop
  endfacet
  facet normal 0 0 -1
    outer loop
      vertex 1.74171 -5.74164 0
      vertex 0.650561 -18.4294 0
      vertex 1.17054 -5.88471 0
    endloop
  endfacet
  facet normal 0 0 -1
    outer loop
      vertex 0.493484 -18.3732 0
      vertex 1.17054 -5.88471 0
      vertex 0.650561 -18.4294 0
    endloop
  endfacet
  facet normal 0 0 -1
    outer loop
      vertex 0.331653 -18.3327 0
      vertex 1.17054 -5.88471 0
      vertex 0.493484 -18.3732 0
    endloop
  endfacet
  facet normal 0 0 -1
    outer loop
      vertex 1.17054 -5.88471 0
      vertex 0.331653 -18.3327 0
      vertex 0.588102 -5.97111 0
    endloop
  endfacet
  facet normal 0 0 -1
    outer loop
      vertex 0.166629 -18.3082 0
      vertex 0.588102 -5.97111 0
      vertex 0.331653 -18.3327 0
    endloop
  endfacet
  facet normal 0 0 -1
    outer loop
      vertex 0 -6 0
      vertex 0.166629 -18.3082 0
      vertex 0 -18.3 0
    endloop
  endfacet
  facet normal 0 0 -1
    outer loop
      vertex 0.166629 -18.3082 0
      vertex 0 -6 0
      vertex 0.588102 -5.97111 0
    endloop
  endfacet
  facet normal 0 0 -1
    outer loop
      vertex -0.166629 -18.3082 0
      vertex 0 -6 0
      vertex 0 -18.3 0
    endloop
  endfacet
  facet normal 0 0 -1
    outer loop
      vertex -0.588102 -5.97111 0
      vertex -0.166629 -18.3082 0
      vertex -0.331653 -18.3327 0
    endloop
  endfacet
  facet normal 0 0 -1
    outer loop
      vertex -1.17054 -5.88471 0
      vertex -0.331653 -18.3327 0
      vertex -0.493484 -18.3732 0
    endloop
  endfacet
  facet normal 0 0 -1
    outer loop
      vertex -0.166629 -18.3082 0
      vertex -0.588102 -5.97111 0
      vertex 0 -6 0
    endloop
  endfacet
  facet normal 0 0 -1
    outer loop
      vertex -1.17054 -5.88471 0
      vertex -0.493484 -18.3732 0
      vertex -0.650561 -18.4294 0
    endloop
  endfacet
  facet normal 0 0 -1
    outer loop
      vertex -1.74171 -5.74164 0
      vertex -0.650561 -18.4294 0
      vertex -0.801374 -18.5007 0
    endloop
  endfacet
  facet normal 0 0 -1
    outer loop
      vertex -2.2961 -5.54328 0
      vertex -0.801374 -18.5007 0
      vertex -0.944468 -18.5865 0
    endloop
  endfacet
  facet normal 0 0 -1
    outer loop
      vertex -2.2961 -5.54328 0
      vertex -0.944468 -18.5865 0
      vertex -1.07847 -18.6859 0
    endloop
  endfacet
  facet normal 0 0 -1
    outer loop
      vertex -0.331653 -18.3327 0
      vertex -1.17054 -5.88471 0
      vertex -0.588102 -5.97111 0
    endloop
  endfacet
  facet normal 0 0 -1
    outer loop
      vertex -2.82838 -5.29153 0
      vertex -1.07847 -18.6859 0
      vertex -1.20208 -18.7979 0
    endloop
  endfacet
  facet normal 0 0 -1
    outer loop
      vertex -3.33342 -4.98882 0
      vertex -1.20208 -18.7979 0
      vertex -1.31412 -18.9215 0
    endloop
  endfacet
  facet normal 0 0 -1
    outer loop
      vertex -3.33342 -4.98882 0
      vertex -1.31412 -18.9215 0
      vertex -1.4135 -19.0555 0
    endloop
  endfacet
  facet normal -0 0 -1
    outer loop
      vertex -1.57059 -19.3494 0
      vertex -12.2563 -22.93 0
      vertex -1.49927 -19.1986 0
    endloop
  endfacet
  facet normal 0 0 -1
    outer loop
      vertex -12.2563 -22.93 0
      vertex -1.6268 -19.5065 0
      vertex -9.94977 -24.0209 0
    endloop
  endfacet
  facet normal -0 0 -1
    outer loop
      vertex -1.66733 -19.6683 0
      vertex -9.94977 -24.0209 0
      vertex -1.6268 -19.5065 0
    endloop
  endfacet
  facet normal -0 0 -1
    outer loop
      vertex -1.69181 -19.8334 0
      vertex -9.94977 -24.0209 0
      vertex -1.66733 -19.6683 0
    endloop
  endfacet
  facet normal 0 0 -1
    outer loop
      vertex -9.94977 -24.0209 0
      vertex -1.69181 -19.8334 0
      vertex -7.5474 -24.8804 0
    endloop
  endfacet
  facet normal 0 0 -1
    outer loop
      vertex -7.5474 -24.8804 0
      vertex -1.69181 -19.8334 0
      vertex -1.7 -20 0
    endloop
  endfacet
  facet normal 0 0 -1
    outer loop
      vertex -0.650561 -18.4294 0
      vertex -1.74171 -5.74164 0
      vertex -1.17054 -5.88471 0
    endloop
  endfacet
  facet normal 0 0 -1
    outer loop
      vertex 21.6268 -0.493484 0
      vertex 26 0 0
      vertex 25.8748 -2.54844 0
    endloop
  endfacet
  facet normal 0 0 -1
    outer loop
      vertex 21.2021 -1.20208 0
      vertex 25.8748 -2.54844 0
      vertex 25.5004 -5.07235 0
    endloop
  endfacet
  facet normal 0 0 -1
    outer loop
      vertex 26 0 0
      vertex 21.6673 -0.331653 0
      vertex 21.6918 -0.166629 0
    endloop
  endfacet
  facet normal 0 0 -1
    outer loop
      vertex 20.4935 -1.6268 0
      vertex 25.5004 -5.07235 0
      vertex 24.8804 -7.5474 0
    endloop
  endfacet
  facet normal -0 0 -1
    outer loop
      vertex 26 0 0
      vertex 21.6918 -0.166629 0
      vertex 21.7 0 0
    endloop
  endfacet
  facet normal 0 0 -1
    outer loop
      vertex 19.8334 -1.69181 0
      vertex 24.8804 -7.5474 0
      vertex 24.0209 -9.94977 0
    endloop
  endfacet
  facet normal 0 0 -1
    outer loop
      vertex 21.6673 0.331653 0
      vertex 26 0 0
      vertex 21.6918 0.166629 0
    endloop
  endfacet
  facet normal 0 0 -1
    outer loop
      vertex 19.5065 -1.6268 0
      vertex 24.0209 -9.94977 0
      vertex 22.93 -12.2563 0
    endloop
  endfacet
  facet normal 0 0 -1
    outer loop
      vertex 21.6268 0.493484 0
      vertex 26 0 0
      vertex 21.6673 0.331653 0
    endloop
  endfacet
  facet normal 0 0 -1
    outer loop
      vertex 21.5706 0.650561 0
      vertex 25.8748 2.54844 0
      vertex 21.6268 0.493484 0
    endloop
  endfacet
  facet normal 0 0 -1
    outer loop
      vertex 26 0 0
      vertex 21.6268 0.493484 0
      vertex 25.8748 2.54844 0
    endloop
  endfacet
  facet normal 0 0 -1
    outer loop
      vertex 21.6918 0.166629 0
      vertex 26 0 0
      vertex 21.7 0 0
    endloop
  endfacet
  facet normal 0 0 -1
    outer loop
      vertex 26 0 0
      vertex 21.6268 -0.493484 0
      vertex 21.6673 -0.331653 0
    endloop
  endfacet
  facet normal 0 0 -1
    outer loop
      vertex 19.1986 -1.49927 0
      vertex 22.93 -12.2563 0
      vertex 21.6182 -14.4448 0
    endloop
  endfacet
  facet normal 0 0 -1
    outer loop
      vertex 25.8748 -2.54844 0
      vertex 21.5706 -0.650561 0
      vertex 21.6268 -0.493484 0
    endloop
  endfacet
  facet normal 0 0 -1
    outer loop
      vertex 25.8748 -2.54844 0
      vertex 21.4993 -0.801374 0
      vertex 21.5706 -0.650561 0
    endloop
  endfacet
  facet normal 0 0 -1
    outer loop
      vertex 25.8748 -2.54844 0
      vertex 21.4135 -0.944468 0
      vertex 21.4993 -0.801374 0
    endloop
  endfacet
  facet normal 0 0 -1
    outer loop
      vertex 25.8748 -2.54844 0
      vertex 21.3141 -1.07847 0
      vertex 21.4135 -0.944468 0
    endloop
  endfacet
  facet normal 0 0 -1
    outer loop
      vertex 25.8748 -2.54844 0
      vertex 21.2021 -1.20208 0
      vertex 21.3141 -1.07847 0
    endloop
  endfacet
  facet normal 0 0 -1
    outer loop
      vertex 25.5004 -5.07235 0
      vertex 21.0785 -1.31412 0
      vertex 21.2021 -1.20208 0
    endloop
  endfacet
  facet normal 0 0 -1
    outer loop
      vertex 25.5004 -5.07235 0
      vertex 20.9445 -1.4135 0
      vertex 21.0785 -1.31412 0
    endloop
  endfacet
  facet normal 0 0 -1
    outer loop
      vertex 25.5004 -5.07235 0
      vertex 20.8014 -1.49927 0
      vertex 20.9445 -1.4135 0
    endloop
  endfacet
  facet normal 0 0 -1
    outer loop
      vertex 25.5004 -5.07235 0
      vertex 20.6506 -1.57059 0
      vertex 20.8014 -1.49927 0
    endloop
  endfacet
  facet normal 0 0 -1
    outer loop
      vertex 25.5004 -5.07235 0
      vertex 20.4935 -1.6268 0
      vertex 20.6506 -1.57059 0
    endloop
  endfacet
  facet normal 0 0 -1
    outer loop
      vertex 24.8804 -7.5474 0
      vertex 20.3317 -1.66733 0
      vertex 20.4935 -1.6268 0
    endloop
  endfacet
  facet normal 0 0 -1
    outer loop
      vertex 24.8804 -7.5474 0
      vertex 20.1666 -1.69181 0
      vertex 20.3317 -1.66733 0
    endloop
  endfacet
  facet normal 0 0 -1
    outer loop
      vertex 4.98882 -3.33342 0
      vertex 21.6182 -14.4448 0
      vertex 20.0983 -16.4942 0
    endloop
  endfacet
  facet normal 0 0 -1
    outer loop
      vertex 24.8804 -7.5474 0
      vertex 20 -1.7 0
      vertex 20.1666 -1.69181 0
    endloop
  endfacet
  facet normal 0 0 -1
    outer loop
      vertex 24.8804 -7.5474 0
      vertex 19.8334 -1.69181 0
      vertex 20 -1.7 0
    endloop
  endfacet
  facet normal 0 0 -1
    outer loop
      vertex 24.0209 -9.94977 0
      vertex 19.6683 -1.66733 0
      vertex 19.8334 -1.69181 0
    endloop
  endfacet
  facet normal 0 0 -1
    outer loop
      vertex 24.0209 -9.94977 0
      vertex 19.5065 -1.6268 0
      vertex 19.6683 -1.66733 0
    endloop
  endfacet
  facet normal 0 0 -1
    outer loop
      vertex 22.93 -12.2563 0
      vertex 19.3494 -1.57059 0
      vertex 19.5065 -1.6268 0
    endloop
  endfacet
  facet normal 0 0 -1
    outer loop
      vertex 22.93 -12.2563 0
      vertex 19.1986 -1.49927 0
      vertex 19.3494 -1.57059 0
    endloop
  endfacet
  facet normal 0 0 -1
    outer loop
      vertex 21.6182 -14.4448 0
      vertex 19.0555 -1.4135 0
      vertex 19.1986 -1.49927 0
    endloop
  endfacet
  facet normal 0 0 -1
    outer loop
      vertex 21.6182 -14.4448 0
      vertex 18.9215 -1.31412 0
      vertex 19.0555 -1.4135 0
    endloop
  endfacet
  facet normal 0 0 -1
    outer loop
      vertex 21.6182 -14.4448 0
      vertex 4.98882 -3.33342 0
      vertex 18.9215 -1.31412 0
    endloop
  endfacet
  facet normal -0 0 -1
    outer loop
      vertex 18.9215 -1.31412 0
      vertex 4.98882 -3.33342 0
      vertex 18.7979 -1.20208 0
    endloop
  endfacet
  facet normal 0 -0 -1
    outer loop
      vertex 5.29153 -2.82838 0
      vertex 18.7979 -1.20208 0
      vertex 4.98882 -3.33342 0
    endloop
  endfacet
  facet normal -0 0 -1
    outer loop
      vertex 18.7979 -1.20208 0
      vertex 5.29153 -2.82838 0
      vertex 18.6859 -1.07847 0
    endloop
  endfacet
  facet normal 0 -0 -1
    outer loop
      vertex 5.54328 -2.2961 0
      vertex 18.6859 -1.07847 0
      vertex 5.29153 -2.82838 0
    endloop
  endfacet
  facet normal 0 0 -1
    outer loop
      vertex 4.63806 -3.80636 0
      vertex 20.0983 -16.4942 0
      vertex 18.3848 -18.3848 0
    endloop
  endfacet
  facet normal -0 0 -1
    outer loop
      vertex 18.6859 -1.07847 0
      vertex 5.54328 -2.2961 0
      vertex 18.5865 -0.944468 0
    endloop
  endfacet
  facet normal -0 0 -1
    outer loop
      vertex 18.5865 -0.944468 0
      vertex 5.54328 -2.2961 0
      vertex 18.5007 -0.801374 0
    endloop
  endfacet
  facet normal 0 -0 -1
    outer loop
      vertex 5.74164 -1.74171 0
      vertex 18.5007 -0.801374 0
      vertex 5.54328 -2.2961 0
    endloop
  endfacet
  facet normal -0 0 -1
    outer loop
      vertex 18.5007 -0.801374 0
      vertex 5.74164 -1.74171 0
      vertex 18.4294 -0.650561 0
    endloop
  endfacet
  facet normal 0 0 -1
    outer loop
      vertex 4.24264 -4.24264 0
      vertex 18.3848 -18.3848 0
      vertex 16.4942 -20.0983 0
    endloop
  endfacet
  facet normal 0 0 -1
    outer loop
      vertex 21.4993 0.801374 0
      vertex 25.8748 2.54844 0
      vertex 21.5706 0.650561 0
    endloop
  endfacet
  facet normal 0 0 -1
    outer loop
      vertex 21.4135 0.944468 0
      vertex 25.8748 2.54844 0
      vertex 21.4993 0.801374 0
    endloop
  endfacet
  facet normal 0 0 -1
    outer loop
      vertex 21.3141 1.07847 0
      vertex 25.8748 2.54844 0
      vertex 21.4135 0.944468 0
    endloop
  endfacet
  facet normal 0 0 -1
    outer loop
      vertex 21.2021 1.20208 0
      vertex 25.8748 2.54844 0
      vertex 21.3141 1.07847 0
    endloop
  endfacet
  facet normal -0 0 -1
    outer loop
      vertex 25.8748 2.54844 0
      vertex 21.2021 1.20208 0
      vertex 25.5004 5.07235 0
    endloop
  endfacet
  facet normal 0 0 -1
    outer loop
      vertex 21.0785 1.31412 0
      vertex 25.5004 5.07235 0
      vertex 21.2021 1.20208 0
    endloop
  endfacet
  facet normal 0 0 -1
    outer loop
      vertex 20.9445 1.4135 0
      vertex 25.5004 5.07235 0
      vertex 21.0785 1.31412 0
    endloop
  endfacet
  facet normal 0 0 -1
    outer loop
      vertex 20.8014 1.49927 0
      vertex 25.5004 5.07235 0
      vertex 20.9445 1.4135 0
    endloop
  endfacet
  facet normal 0 0 -1
    outer loop
      vertex 20.6506 1.57059 0
      vertex 25.5004 5.07235 0
      vertex 20.8014 1.49927 0
    endloop
  endfacet
  facet normal 0 0 -1
    outer loop
      vertex 20.4935 1.6268 0
      vertex 25.5004 5.07235 0
      vertex 20.6506 1.57059 0
    endloop
  endfacet
  facet normal -0 0 -1
    outer loop
      vertex 25.5004 5.07235 0
      vertex 20.4935 1.6268 0
      vertex 24.8804 7.5474 0
    endloop
  endfacet
  facet normal 0 0 -1
    outer loop
      vertex 20.3317 1.66733 0
      vertex 24.8804 7.5474 0
      vertex 20.4935 1.6268 0
    endloop
  endfacet
  facet normal 0 0 -1
    outer loop
      vertex 20.1666 1.69181 0
      vertex 24.8804 7.5474 0
      vertex 20.3317 1.66733 0
    endloop
  endfacet
  facet normal 0 0 -1
    outer loop
      vertex 20 1.7 0
      vertex 24.8804 7.5474 0
      vertex 20.1666 1.69181 0
    endloop
  endfacet
  facet normal 0 0 -1
    outer loop
      vertex 19.8334 1.69181 0
      vertex 24.8804 7.5474 0
      vertex 20 1.7 0
    endloop
  endfacet
  facet normal -0 0 -1
    outer loop
      vertex 24.8804 7.5474 0
      vertex 19.8334 1.69181 0
      vertex 24.0209 9.94977 0
    endloop
  endfacet
  facet normal 0 0 -1
    outer loop
      vertex 19.6683 1.66733 0
      vertex 24.0209 9.94977 0
      vertex 19.8334 1.69181 0
    endloop
  endfacet
  facet normal 0 0 -1
    outer loop
      vertex 19.5065 1.6268 0
      vertex 24.0209 9.94977 0
      vertex 19.6683 1.66733 0
    endloop
  endfacet
  facet normal -0 0 -1
    outer loop
      vertex 24.0209 9.94977 0
      vertex 19.5065 1.6268 0
      vertex 22.93 12.2563 0
    endloop
  endfacet
  facet normal 0 0 -1
    outer loop
      vertex 19.3494 1.57059 0
      vertex 22.93 12.2563 0
      vertex 19.5065 1.6268 0
    endloop
  endfacet
  facet normal 0 0 -1
    outer loop
      vertex 19.1986 1.49927 0
      vertex 22.93 12.2563 0
      vertex 19.3494 1.57059 0
    endloop
  endfacet
  facet normal -0 0 -1
    outer loop
      vertex 22.93 12.2563 0
      vertex 19.1986 1.49927 0
      vertex 21.6182 14.4448 0
    endloop
  endfacet
  facet normal 0 0 -1
    outer loop
      vertex 19.0555 1.4135 0
      vertex 21.6182 14.4448 0
      vertex 19.1986 1.49927 0
    endloop
  endfacet
  facet normal 0 0 -1
    outer loop
      vertex 18.9215 1.31412 0
      vertex 21.6182 14.4448 0
      vertex 19.0555 1.4135 0
    endloop
  endfacet
  facet normal 0 0 -1
    outer loop
      vertex 18.7979 1.20208 0
      vertex 4.98882 3.33342 0
      vertex 18.9215 1.31412 0
    endloop
  endfacet
  facet normal 0 0 -1
    outer loop
      vertex 5.54328 2.2961 0
      vertex 18.5007 0.801374 0
      vertex 5.74164 1.74171 0
    endloop
  endfacet
  facet normal 0 0 -1
    outer loop
      vertex 18.4294 0.650561 0
      vertex 5.74164 1.74171 0
      vertex 18.5007 0.801374 0
    endloop
  endfacet
  facet normal 0 0 -1
    outer loop
      vertex 5.74164 1.74171 0
      vertex 18.4294 0.650561 0
      vertex 5.88471 1.17054 0
    endloop
  endfacet
  facet normal 0 0 -1
    outer loop
      vertex 18.3732 0.493484 0
      vertex 5.88471 1.17054 0
      vertex 18.4294 0.650561 0
    endloop
  endfacet
  facet normal 0 0 -1
    outer loop
      vertex 18.3327 0.331653 0
      vertex 5.88471 1.17054 0
      vertex 18.3732 0.493484 0
    endloop
  endfacet
  facet normal 0 0 -1
    outer loop
      vertex 18.5007 0.801374 0
      vertex 5.54328 2.2961 0
      vertex 18.5865 0.944468 0
    endloop
  endfacet
  facet normal 0 0 -1
    outer loop
      vertex 5.88471 1.17054 0
      vertex 18.3327 0.331653 0
      vertex 5.97111 0.588102 0
    endloop
  endfacet
  facet normal 0 0 -1
    outer loop
      vertex 18.3082 0.166629 0
      vertex 5.97111 0.588102 0
      vertex 18.3327 0.331653 0
    endloop
  endfacet
  facet normal 0 0 -1
    outer loop
      vertex 5.97111 0.588102 0
      vertex 18.3082 0.166629 0
      vertex 6 0 0
    endloop
  endfacet
  facet normal 0 0 -1
    outer loop
      vertex 6 0 0
      vertex 18.3082 0.166629 0
      vertex 18.3 0 0
    endloop
  endfacet
  facet normal 0 -0 -1
    outer loop
      vertex 5.88471 -1.17054 0
      vertex 18.4294 -0.650561 0
      vertex 5.74164 -1.74171 0
    endloop
  endfacet
  facet normal 0 0 -1
    outer loop
      vertex 18.5865 0.944468 0
      vertex 5.54328 2.2961 0
      vertex 18.6859 1.07847 0
    endloop
  endfacet
  facet normal 0 0 -1
    outer loop
      vertex 3.80636 -4.63806 0
      vertex 16.4942 -20.0983 0
      vertex 14.4448 -21.6182 0
    endloop
  endfacet
  facet normal 0 0 -1
    outer loop
      vertex 5.29153 2.82838 0
      vertex 18.6859 1.07847 0
      vertex 5.54328 2.2961 0
    endloop
  endfacet
  facet normal 0 0 -1
    outer loop
      vertex 1.66733 -19.6683 0
      vertex 9.94977 -24.0209 0
      vertex 1.69181 -19.8334 0
    endloop
  endfacet
  facet normal 0 0 -1
    outer loop
      vertex 18.6859 1.07847 0
      vertex 5.29153 2.82838 0
      vertex 18.7979 1.20208 0
    endloop
  endfacet
  facet normal 0 0 -1
    outer loop
      vertex 7.5474 -24.8804 0
      vertex 1.69181 -19.8334 0
      vertex 9.94977 -24.0209 0
    endloop
  endfacet
  facet normal 0 0 -1
    outer loop
      vertex 4.98882 3.33342 0
      vertex 18.7979 1.20208 0
      vertex 5.29153 2.82838 0
    endloop
  endfacet
  facet normal 0 0 -1
    outer loop
      vertex 1.69181 -19.8334 0
      vertex 7.5474 -24.8804 0
      vertex 1.7 -20 0
    endloop
  endfacet
  facet normal 0 0 -1
    outer loop
      vertex 18.9215 1.31412 0
      vertex 4.98882 3.33342 0
      vertex 21.6182 14.4448 0
    endloop
  endfacet
  facet normal -0 0 -1
    outer loop
      vertex 21.6182 14.4448 0
      vertex 4.98882 3.33342 0
      vertex 20.0983 16.4942 0
    endloop
  endfacet
  facet normal 0 0 -1
    outer loop
      vertex 18.3082 -0.166629 0
      vertex 6 0 0
      vertex 18.3 0 0
    endloop
  endfacet
  facet normal 0 -0 -1
    outer loop
      vertex 6 0 0
      vertex 18.3082 -0.166629 0
      vertex 5.97111 -0.588102 0
    endloop
  endfacet
  facet normal -0 0 -1
    outer loop
      vertex 18.3327 -0.331653 0
      vertex 5.97111 -0.588102 0
      vertex 18.3082 -0.166629 0
    endloop
  endfacet
  facet normal 0 -0 -1
    outer loop
      vertex 5.97111 -0.588102 0
      vertex 18.3327 -0.331653 0
      vertex 5.88471 -1.17054 0
    endloop
  endfacet
  facet normal -0 0 -1
    outer loop
      vertex 18.3732 -0.493484 0
      vertex 5.88471 -1.17054 0
      vertex 18.3327 -0.331653 0
    endloop
  endfacet
  facet normal 0 0 -1
    outer loop
      vertex 1.6268 -20.4935 0
      vertex 7.5474 -24.8804 0
      vertex 5.07235 -25.5004 0
    endloop
  endfacet
  facet normal -0 0 -1
    outer loop
      vertex 18.4294 -0.650561 0
      vertex 5.88471 -1.17054 0
      vertex 18.3732 -0.493484 0
    endloop
  endfacet
  facet normal 0 0 -1
    outer loop
      vertex 20.0983 -16.4942 0
      vertex 4.63806 -3.80636 0
      vertex 4.98882 -3.33342 0
    endloop
  endfacet
  facet normal 0 0 -1
    outer loop
      vertex 1.6268 -19.5065 0
      vertex 9.94977 -24.0209 0
      vertex 1.66733 -19.6683 0
    endloop
  endfacet
  facet normal 0 0 -1
    outer loop
      vertex 18.3848 -18.3848 0
      vertex 4.24264 -4.24264 0
      vertex 4.63806 -3.80636 0
    endloop
  endfacet
  facet normal 0 0 -1
    outer loop
      vertex 16.4942 -20.0983 0
      vertex 3.80636 -4.63806 0
      vertex 4.24264 -4.24264 0
    endloop
  endfacet
  facet normal 0 0 -1
    outer loop
      vertex 14.4448 -21.6182 0
      vertex 3.33342 -4.98882 0
      vertex 3.80636 -4.63806 0
    endloop
  endfacet
  facet normal 0 0 -1
    outer loop
      vertex 1.31412 -21.0785 0
      vertex 5.07235 -25.5004 0
      vertex 2.54844 -25.8748 0
    endloop
  endfacet
  facet normal 0 0 -1
    outer loop
      vertex 9.94977 -24.0209 0
      vertex 1.6268 -19.5065 0
      vertex 12.2563 -22.93 0
    endloop
  endfacet
  facet normal 0 0 -1
    outer loop
      vertex 1.57059 -19.3494 0
      vertex 12.2563 -22.93 0
      vertex 1.6268 -19.5065 0
    endloop
  endfacet
  facet normal 0 0 -1
    outer loop
      vertex 1.49927 -19.1986 0
      vertex 12.2563 -22.93 0
      vertex 1.57059 -19.3494 0
    endloop
  endfacet
  facet normal 0 0 -1
    outer loop
      vertex 7.5474 -24.8804 0
      vertex 1.69181 -20.1666 0
      vertex 1.7 -20 0
    endloop
  endfacet
  facet normal 0 0 -1
    outer loop
      vertex 7.5474 -24.8804 0
      vertex 1.66733 -20.3317 0
      vertex 1.69181 -20.1666 0
    endloop
  endfacet
  facet normal 0 0 -1
    outer loop
      vertex 7.5474 -24.8804 0
      vertex 1.6268 -20.4935 0
      vertex 1.66733 -20.3317 0
    endloop
  endfacet
  facet normal 0 0 -1
    outer loop
      vertex 5.07235 -25.5004 0
      vertex 1.57059 -20.6506 0
      vertex 1.6268 -20.4935 0
    endloop
  endfacet
  facet normal 0 0 -1
    outer loop
      vertex 5.07235 -25.5004 0
      vertex 1.49927 -20.8014 0
      vertex 1.57059 -20.6506 0
    endloop
  endfacet
  facet normal 0 0 -1
    outer loop
      vertex 5.07235 -25.5004 0
      vertex 1.4135 -20.9445 0
      vertex 1.49927 -20.8014 0
    endloop
  endfacet
  facet normal 0 0 -1
    outer loop
      vertex 5.07235 -25.5004 0
      vertex 1.31412 -21.0785 0
      vertex 1.4135 -20.9445 0
    endloop
  endfacet
  facet normal 0 0 -1
    outer loop
      vertex 2.54844 -25.8748 0
      vertex 1.20208 -21.2021 0
      vertex 1.31412 -21.0785 0
    endloop
  endfacet
  facet normal 0 0 -1
    outer loop
      vertex 2.54844 -25.8748 0
      vertex 1.07847 -21.3141 0
      vertex 1.20208 -21.2021 0
    endloop
  endfacet
  facet normal 0 0 -1
    outer loop
      vertex 2.54844 -25.8748 0
      vertex 0.944468 -21.4135 0
      vertex 1.07847 -21.3141 0
    endloop
  endfacet
  facet normal 0 0 -1
    outer loop
      vertex 2.54844 -25.8748 0
      vertex 0.801374 -21.4993 0
      vertex 0.944468 -21.4135 0
    endloop
  endfacet
  facet normal 0 0 -1
    outer loop
      vertex 2.54844 -25.8748 0
      vertex 0.650561 -21.5706 0
      vertex 0.801374 -21.4993 0
    endloop
  endfacet
  facet normal 0 0 -1
    outer loop
      vertex 2.54844 -25.8748 0
      vertex 0.493484 -21.6268 0
      vertex 0.650561 -21.5706 0
    endloop
  endfacet
  facet normal 0 0 -1
    outer loop
      vertex 0 -26 0
      vertex 0.493484 -21.6268 0
      vertex 2.54844 -25.8748 0
    endloop
  endfacet
  facet normal 0 0 -1
    outer loop
      vertex 0.493484 -21.6268 0
      vertex 0 -26 0
      vertex 0.331653 -21.6673 0
    endloop
  endfacet
  facet normal 0 0 -1
    outer loop
      vertex 0.331653 -21.6673 0
      vertex 0 -26 0
      vertex 0.166629 -21.6918 0
    endloop
  endfacet
  facet normal 0 0 -1
    outer loop
      vertex 0 -26 0
      vertex 0 -21.7 0
      vertex 0.166629 -21.6918 0
    endloop
  endfacet
  facet normal 0 0 -1
    outer loop
      vertex 0 -26 0
      vertex -0.166629 -21.6918 0
      vertex 0 -21.7 0
    endloop
  endfacet
  facet normal 0 0 -1
    outer loop
      vertex 0 -26 0
      vertex -0.331653 -21.6673 0
      vertex -0.166629 -21.6918 0
    endloop
  endfacet
  facet normal 0 0 -1
    outer loop
      vertex 0 -26 0
      vertex -0.493484 -21.6268 0
      vertex -0.331653 -21.6673 0
    endloop
  endfacet
  facet normal 0 0 -1
    outer loop
      vertex -2.54844 -25.8748 0
      vertex -0.493484 -21.6268 0
      vertex 0 -26 0
    endloop
  endfacet
  facet normal -0 0 -1
    outer loop
      vertex -0.493484 -21.6268 0
      vertex -2.54844 -25.8748 0
      vertex -0.650561 -21.5706 0
    endloop
  endfacet
  facet normal -0 0 -1
    outer loop
      vertex -0.650561 -21.5706 0
      vertex -2.54844 -25.8748 0
      vertex -0.801374 -21.4993 0
    endloop
  endfacet
  facet normal -0 0 -1
    outer loop
      vertex -0.801374 -21.4993 0
      vertex -2.54844 -25.8748 0
      vertex -0.944468 -21.4135 0
    endloop
  endfacet
  facet normal -0 0 -1
    outer loop
      vertex -0.944468 -21.4135 0
      vertex -2.54844 -25.8748 0
      vertex -1.07847 -21.3141 0
    endloop
  endfacet
  facet normal -0 0 -1
    outer loop
      vertex -1.07847 -21.3141 0
      vertex -2.54844 -25.8748 0
      vertex -1.20208 -21.2021 0
    endloop
  endfacet
  facet normal -0 0 -1
    outer loop
      vertex -1.20208 -21.2021 0
      vertex -2.54844 -25.8748 0
      vertex -1.31412 -21.0785 0
    endloop
  endfacet
  facet normal 0 0 -1
    outer loop
      vertex -5.07235 -25.5004 0
      vertex -1.31412 -21.0785 0
      vertex -2.54844 -25.8748 0
    endloop
  endfacet
  facet normal -0 0 -1
    outer loop
      vertex -1.31412 -21.0785 0
      vertex -5.07235 -25.5004 0
      vertex -1.4135 -20.9445 0
    endloop
  endfacet
  facet normal -0 0 -1
    outer loop
      vertex -1.4135 -20.9445 0
      vertex -5.07235 -25.5004 0
      vertex -1.49927 -20.8014 0
    endloop
  endfacet
  facet normal 0 0 -1
    outer loop
      vertex -0.801374 -18.5007 0
      vertex -2.2961 -5.54328 0
      vertex -1.74171 -5.74164 0
    endloop
  endfacet
  facet normal -0 0 -1
    outer loop
      vertex -1.49927 -20.8014 0
      vertex -5.07235 -25.5004 0
      vertex -1.57059 -20.6506 0
    endloop
  endfacet
  facet normal -0 0 -1
    outer loop
      vertex -1.57059 -20.6506 0
      vertex -5.07235 -25.5004 0
      vertex -1.6268 -20.4935 0
    endloop
  endfacet
  facet normal 0 0 -1
    outer loop
      vertex -7.5474 -24.8804 0
      vertex -1.6268 -20.4935 0
      vertex -5.07235 -25.5004 0
    endloop
  endfacet
  facet normal -0 0 -1
    outer loop
      vertex -1.6268 -20.4935 0
      vertex -7.5474 -24.8804 0
      vertex -1.66733 -20.3317 0
    endloop
  endfacet
  facet normal -0 0 -1
    outer loop
      vertex -1.66733 -20.3317 0
      vertex -7.5474 -24.8804 0
      vertex -1.69181 -20.1666 0
    endloop
  endfacet
  facet normal -0 0 -1
    outer loop
      vertex -1.69181 -20.1666 0
      vertex -7.5474 -24.8804 0
      vertex -1.7 -20 0
    endloop
  endfacet
  facet normal -0 0 -1
    outer loop
      vertex -1.6268 -19.5065 0
      vertex -12.2563 -22.93 0
      vertex -1.57059 -19.3494 0
    endloop
  endfacet
  facet normal 0 0 -1
    outer loop
      vertex -1.07847 -18.6859 0
      vertex -2.82838 -5.29153 0
      vertex -2.2961 -5.54328 0
    endloop
  endfacet
  facet normal 0 0 -1
    outer loop
      vertex -1.20208 -18.7979 0
      vertex -3.33342 -4.98882 0
      vertex -2.82838 -5.29153 0
    endloop
  endfacet
  facet normal 0 0 -1
    outer loop
      vertex -14.4448 -21.6182 0
      vertex -3.33342 -4.98882 0
      vertex -1.4135 -19.0555 0
    endloop
  endfacet
  facet normal 0 0 -1
    outer loop
      vertex -14.4448 -21.6182 0
      vertex -1.49927 -19.1986 0
      vertex -12.2563 -22.93 0
    endloop
  endfacet
  facet normal -0 0 -1
    outer loop
      vertex -1.49927 -19.1986 0
      vertex -14.4448 -21.6182 0
      vertex -1.4135 -19.0555 0
    endloop
  endfacet
  facet normal -0 0 -1
    outer loop
      vertex -3.33342 -4.98882 0
      vertex -14.4448 -21.6182 0
      vertex -3.80636 -4.63806 0
    endloop
  endfacet
  facet normal 0 0 -1
    outer loop
      vertex -16.4942 -20.0983 0
      vertex -3.80636 -4.63806 0
      vertex -14.4448 -21.6182 0
    endloop
  endfacet
  facet normal -0 0 -1
    outer loop
      vertex -3.80636 -4.63806 0
      vertex -16.4942 -20.0983 0
      vertex -4.24264 -4.24264 0
    endloop
  endfacet
  facet normal 0 0 -1
    outer loop
      vertex -18.3848 -18.3848 0
      vertex -4.24264 -4.24264 0
      vertex -16.4942 -20.0983 0
    endloop
  endfacet
  facet normal -0 0 -1
    outer loop
      vertex -4.24264 -4.24264 0
      vertex -18.3848 -18.3848 0
      vertex -4.63806 -3.80636 0
    endloop
  endfacet
  facet normal 0 0 -1
    outer loop
      vertex -20.0983 -16.4942 0
      vertex -4.63806 -3.80636 0
      vertex -18.3848 -18.3848 0
    endloop
  endfacet
  facet normal -0 0 -1
    outer loop
      vertex -4.63806 -3.80636 0
      vertex -20.0983 -16.4942 0
      vertex -4.98882 -3.33342 0
    endloop
  endfacet
  facet normal -0.59569 0.803215 0
    outer loop
      vertex -14.4448 21.6182 0
      vertex -16.4942 20.0983 10
      vertex -14.4448 21.6182 10
    endloop
  endfacet
  facet normal -0.59569 0.803215 0
    outer loop
      vertex -16.4942 20.0983 10
      vertex -14.4448 21.6182 0
      vertex -16.4942 20.0983 0
    endloop
  endfacet
  facet normal 0.242992 0.970028 -0
    outer loop
      vertex 7.5474 24.8804 0
      vertex 5.07235 25.5004 10
      vertex 7.5474 24.8804 10
    endloop
  endfacet
  facet normal 0.242992 0.970028 0
    outer loop
      vertex 5.07235 25.5004 10
      vertex 7.5474 24.8804 0
      vertex 5.07235 25.5004 0
    endloop
  endfacet
  facet normal 0.998795 -0.0490689 0
    outer loop
      vertex 25.8748 -2.54844 10
      vertex 26 0 0
      vertex 26 0 10
    endloop
  endfacet
  facet normal 0.998795 -0.0490689 0
    outer loop
      vertex 26 0 0
      vertex 25.8748 -2.54844 10
      vertex 25.8748 -2.54844 0
    endloop
  endfacet
  facet normal -0.427553 0.90399 0
    outer loop
      vertex -9.94977 24.0209 0
      vertex -12.2563 22.93 10
      vertex -9.94977 24.0209 10
    endloop
  endfacet
  facet normal -0.427553 0.90399 0
    outer loop
      vertex -12.2563 22.93 10
      vertex -9.94977 24.0209 0
      vertex -12.2563 22.93 0
    endloop
  endfacet
  facet normal -0.941554 -0.336861 0
    outer loop
      vertex -24.0209 -9.94977 0
      vertex -24.8804 -7.5474 10
      vertex -24.8804 -7.5474 0
    endloop
  endfacet
  facet normal -0.941554 -0.336861 0
    outer loop
      vertex -24.8804 -7.5474 10
      vertex -24.0209 -9.94977 0
      vertex -24.0209 -9.94977 10
    endloop
  endfacet
  facet normal 0.514121 0.857718 -0
    outer loop
      vertex 14.4448 21.6182 0
      vertex 12.2563 22.93 10
      vertex 14.4448 21.6182 10
    endloop
  endfacet
  facet normal 0.514121 0.857718 0
    outer loop
      vertex 12.2563 22.93 10
      vertex 14.4448 21.6182 0
      vertex 12.2563 22.93 0
    endloop
  endfacet
  facet normal 0.59569 0.803215 -0
    outer loop
      vertex 16.4942 20.0983 0
      vertex 14.4448 21.6182 10
      vertex 16.4942 20.0983 10
    endloop
  endfacet
  facet normal 0.59569 0.803215 0
    outer loop
      vertex 14.4448 21.6182 10
      vertex 16.4942 20.0983 0
      vertex 14.4448 21.6182 0
    endloop
  endfacet
  facet normal 0.146736 -0.989176 0
    outer loop
      vertex 2.54844 -25.8748 0
      vertex 5.07235 -25.5004 10
      vertex 2.54844 -25.8748 10
    endloop
  endfacet
  facet normal 0.146736 -0.989176 0
    outer loop
      vertex 5.07235 -25.5004 10
      vertex 2.54844 -25.8748 0
      vertex 5.07235 -25.5004 0
    endloop
  endfacet
  facet normal 0.740959 -0.67155 0
    outer loop
      vertex 18.3848 -18.3848 10
      vertex 20.0983 -16.4942 0
      vertex 20.0983 -16.4942 10
    endloop
  endfacet
  facet normal 0.740959 -0.67155 0
    outer loop
      vertex 20.0983 -16.4942 0
      vertex 18.3848 -18.3848 10
      vertex 18.3848 -18.3848 0
    endloop
  endfacet
  facet normal 0.803215 -0.59569 0
    outer loop
      vertex 20.0983 -16.4942 10
      vertex 21.6182 -14.4448 0
      vertex 21.6182 -14.4448 10
    endloop
  endfacet
  facet normal 0.803215 -0.59569 0
    outer loop
      vertex 21.6182 -14.4448 0
      vertex 20.0983 -16.4942 10
      vertex 20.0983 -16.4942 0
    endloop
  endfacet
  facet normal 0.242992 -0.970028 0
    outer loop
      vertex 5.07235 -25.5004 0
      vertex 7.5474 -24.8804 10
      vertex 5.07235 -25.5004 10
    endloop
  endfacet
  facet normal 0.242992 -0.970028 0
    outer loop
      vertex 7.5474 -24.8804 10
      vertex 5.07235 -25.5004 0
      vertex 7.5474 -24.8804 0
    endloop
  endfacet
  facet normal 0.941554 -0.336861 0
    outer loop
      vertex 24.0209 -9.94977 10
      vertex 24.8804 -7.5474 0
      vertex 24.8804 -7.5474 10
    endloop
  endfacet
  facet normal 0.941554 -0.336861 0
    outer loop
      vertex 24.8804 -7.5474 0
      vertex 24.0209 -9.94977 10
      vertex 24.0209 -9.94977 0
    endloop
  endfacet
  facet normal -0.242992 0.970028 0
    outer loop
      vertex -5.07235 25.5004 0
      vertex -7.5474 24.8804 10
      vertex -5.07235 25.5004 10
    endloop
  endfacet
  facet normal -0.242992 0.970028 0
    outer loop
      vertex -7.5474 24.8804 10
      vertex -5.07235 25.5004 0
      vertex -7.5474 24.8804 0
    endloop
  endfacet
  facet normal -0.90399 -0.427553 0
    outer loop
      vertex -22.93 -12.2563 0
      vertex -24.0209 -9.94977 10
      vertex -24.0209 -9.94977 0
    endloop
  endfacet
  facet normal -0.90399 -0.427553 0
    outer loop
      vertex -24.0209 -9.94977 10
      vertex -22.93 -12.2563 0
      vertex -22.93 -12.2563 10
    endloop
  endfacet
  facet normal -0.989176 0.146736 0
    outer loop
      vertex -25.8748 2.54844 0
      vertex -25.5004 5.07235 10
      vertex -25.5004 5.07235 0
    endloop
  endfacet
  facet normal -0.989176 0.146736 0
    outer loop
      vertex -25.5004 5.07235 10
      vertex -25.8748 2.54844 0
      vertex -25.8748 2.54844 10
    endloop
  endfacet
  facet normal 0.427553 0.90399 -0
    outer loop
      vertex 12.2563 22.93 0
      vertex 9.94977 24.0209 10
      vertex 12.2563 22.93 10
    endloop
  endfacet
  facet normal 0.427553 0.90399 0
    outer loop
      vertex 9.94977 24.0209 10
      vertex 12.2563 22.93 0
      vertex 9.94977 24.0209 0
    endloop
  endfacet
  facet normal -0.740959 -0.67155 0
    outer loop
      vertex -18.3848 -18.3848 0
      vertex -20.0983 -16.4942 10
      vertex -20.0983 -16.4942 0
    endloop
  endfacet
  facet normal -0.740959 -0.67155 0
    outer loop
      vertex -20.0983 -16.4942 10
      vertex -18.3848 -18.3848 0
      vertex -18.3848 -18.3848 10
    endloop
  endfacet
  facet normal -0.857718 -0.514121 0
    outer loop
      vertex -21.6182 -14.4448 0
      vertex -22.93 -12.2563 10
      vertex -22.93 -12.2563 0
    endloop
  endfacet
  facet normal -0.857718 -0.514121 0
    outer loop
      vertex -22.93 -12.2563 10
      vertex -21.6182 -14.4448 0
      vertex -21.6182 -14.4448 10
    endloop
  endfacet
  facet normal -0.336861 0.941554 0
    outer loop
      vertex -7.5474 24.8804 0
      vertex -9.94977 24.0209 10
      vertex -7.5474 24.8804 10
    endloop
  endfacet
  facet normal -0.336861 0.941554 0
    outer loop
      vertex -9.94977 24.0209 10
      vertex -7.5474 24.8804 0
      vertex -9.94977 24.0209 0
    endloop
  endfacet
  facet normal -0.514121 -0.857718 0
    outer loop
      vertex -14.4448 -21.6182 0
      vertex -12.2563 -22.93 10
      vertex -14.4448 -21.6182 10
    endloop
  endfacet
  facet normal -0.514121 -0.857718 -0
    outer loop
      vertex -12.2563 -22.93 10
      vertex -14.4448 -21.6182 0
      vertex -12.2563 -22.93 0
    endloop
  endfacet
  facet normal -0.941554 0.336861 0
    outer loop
      vertex -24.8804 7.5474 0
      vertex -24.0209 9.94977 10
      vertex -24.0209 9.94977 0
    endloop
  endfacet
  facet normal -0.941554 0.336861 0
    outer loop
      vertex -24.0209 9.94977 10
      vertex -24.8804 7.5474 0
      vertex -24.8804 7.5474 10
    endloop
  endfacet
  facet normal 0.59569 -0.803215 0
    outer loop
      vertex 14.4448 -21.6182 0
      vertex 16.4942 -20.0983 10
      vertex 14.4448 -21.6182 10
    endloop
  endfacet
  facet normal 0.59569 -0.803215 0
    outer loop
      vertex 16.4942 -20.0983 10
      vertex 14.4448 -21.6182 0
      vertex 16.4942 -20.0983 0
    endloop
  endfacet
  facet normal 0.740959 0.67155 0
    outer loop
      vertex 20.0983 16.4942 10
      vertex 18.3848 18.3848 0
      vertex 18.3848 18.3848 10
    endloop
  endfacet
  facet normal 0.740959 0.67155 0
    outer loop
      vertex 18.3848 18.3848 0
      vertex 20.0983 16.4942 10
      vertex 20.0983 16.4942 0
    endloop
  endfacet
  facet normal -0.803215 -0.59569 0
    outer loop
      vertex -20.0983 -16.4942 0
      vertex -21.6182 -14.4448 10
      vertex -21.6182 -14.4448 0
    endloop
  endfacet
  facet normal -0.803215 -0.59569 0
    outer loop
      vertex -21.6182 -14.4448 10
      vertex -20.0983 -16.4942 0
      vertex -20.0983 -16.4942 10
    endloop
  endfacet
  facet normal -0.514121 0.857718 0
    outer loop
      vertex -12.2563 22.93 0
      vertex -14.4448 21.6182 10
      vertex -12.2563 22.93 10
    endloop
  endfacet
  facet normal -0.514121 0.857718 0
    outer loop
      vertex -14.4448 21.6182 10
      vertex -12.2563 22.93 0
      vertex -14.4448 21.6182 0
    endloop
  endfacet
  facet normal -0.989176 -0.146736 0
    outer loop
      vertex -25.5004 -5.07235 0
      vertex -25.8748 -2.54844 10
      vertex -25.8748 -2.54844 0
    endloop
  endfacet
  facet normal -0.989176 -0.146736 0
    outer loop
      vertex -25.8748 -2.54844 10
      vertex -25.5004 -5.07235 0
      vertex -25.5004 -5.07235 10
    endloop
  endfacet
  facet normal -0.90399 0.427553 0
    outer loop
      vertex -24.0209 9.94977 0
      vertex -22.93 12.2563 10
      vertex -22.93 12.2563 0
    endloop
  endfacet
  facet normal -0.90399 0.427553 0
    outer loop
      vertex -22.93 12.2563 10
      vertex -24.0209 9.94977 0
      vertex -24.0209 9.94977 10
    endloop
  endfacet
  facet normal 0.514121 -0.857718 0
    outer loop
      vertex 12.2563 -22.93 0
      vertex 14.4448 -21.6182 10
      vertex 12.2563 -22.93 10
    endloop
  endfacet
  facet normal 0.514121 -0.857718 0
    outer loop
      vertex 14.4448 -21.6182 10
      vertex 12.2563 -22.93 0
      vertex 14.4448 -21.6182 0
    endloop
  endfacet
  facet normal -0.67155 -0.740959 0
    outer loop
      vertex -18.3848 -18.3848 0
      vertex -16.4942 -20.0983 10
      vertex -18.3848 -18.3848 10
    endloop
  endfacet
  facet normal -0.67155 -0.740959 -0
    outer loop
      vertex -16.4942 -20.0983 10
      vertex -18.3848 -18.3848 0
      vertex -16.4942 -20.0983 0
    endloop
  endfacet
  facet normal -0.803215 0.59569 0
    outer loop
      vertex -21.6182 14.4448 0
      vertex -20.0983 16.4942 10
      vertex -20.0983 16.4942 0
    endloop
  endfacet
  facet normal -0.803215 0.59569 0
    outer loop
      vertex -20.0983 16.4942 10
      vertex -21.6182 14.4448 0
      vertex -21.6182 14.4448 10
    endloop
  endfacet
  facet normal -0.0490689 -0.998795 0
    outer loop
      vertex -2.54844 -25.8748 0
      vertex 0 -26 10
      vertex -2.54844 -25.8748 10
    endloop
  endfacet
  facet normal -0.0490689 -0.998795 -0
    outer loop
      vertex 0 -26 10
      vertex -2.54844 -25.8748 0
      vertex 0 -26 0
    endloop
  endfacet
  facet normal 0 0 1
    outer loop
      vertex -18.3327 -0.331653 10
      vertex -12 0 10
      vertex -18.3082 -0.166629 10
    endloop
  endfacet
  facet normal 0 0 1
    outer loop
      vertex -18.3732 -0.493484 10
      vertex -12 0 10
      vertex -18.3327 -0.331653 10
    endloop
  endfacet
  facet normal 0 0 1
    outer loop
      vertex -18.4294 -0.650561 10
      vertex -12 0 10
      vertex -18.3732 -0.493484 10
    endloop
  endfacet
  facet normal 0 0 1
    outer loop
      vertex -18.5007 -0.801374 10
      vertex -12 0 10
      vertex -18.4294 -0.650561 10
    endloop
  endfacet
  facet normal 0 0 1
    outer loop
      vertex -18.5865 -0.944468 10
      vertex -12 0 10
      vertex -18.5007 -0.801374 10
    endloop
  endfacet
  facet normal 0 0 1
    outer loop
      vertex -18.6859 -1.07847 10
      vertex -12 0 10
      vertex -18.5865 -0.944468 10
    endloop
  endfacet
  facet normal 0 0 1
    outer loop
      vertex -18.7979 -1.20208 10
      vertex -12 0 10
      vertex -18.6859 -1.07847 10
    endloop
  endfacet
  facet normal 0 0 1
    outer loop
      vertex -12 0 10
      vertex -18.3848 -18.3848 10
      vertex -16.4942 -20.0983 10
    endloop
  endfacet
  facet normal 0 0 1
    outer loop
      vertex -18.9215 -1.31412 10
      vertex -12 0 10
      vertex -18.7979 -1.20208 10
    endloop
  endfacet
  facet normal 0 0 1
    outer loop
      vertex -19.0555 -1.4135 10
      vertex -12 0 10
      vertex -18.9215 -1.31412 10
    endloop
  endfacet
  facet normal 0 0 1
    outer loop
      vertex -12 0 10
      vertex -19.0555 -1.4135 10
      vertex -21.6182 -14.4448 10
    endloop
  endfacet
  facet normal 0 0 1
    outer loop
      vertex -21.6182 -14.4448 10
      vertex -19.0555 -1.4135 10
      vertex -19.1986 -1.49927 10
    endloop
  endfacet
  facet normal 0 0 1
    outer loop
      vertex -22.93 -12.2563 10
      vertex -19.1986 -1.49927 10
      vertex -19.3494 -1.57059 10
    endloop
  endfacet
  facet normal 0 0 1
    outer loop
      vertex -22.93 -12.2563 10
      vertex -19.3494 -1.57059 10
      vertex -19.5065 -1.6268 10
    endloop
  endfacet
  facet normal 0 0 1
    outer loop
      vertex -24.0209 -9.94977 10
      vertex -19.5065 -1.6268 10
      vertex -19.6683 -1.66733 10
    endloop
  endfacet
  facet normal 0 0 1
    outer loop
      vertex -24.0209 -9.94977 10
      vertex -19.6683 -1.66733 10
      vertex -19.8334 -1.69181 10
    endloop
  endfacet
  facet normal 0 0 1
    outer loop
      vertex -24.8804 -7.5474 10
      vertex -19.8334 -1.69181 10
      vertex -20 -1.7 10
    endloop
  endfacet
  facet normal 0 0 1
    outer loop
      vertex -12 0 10
      vertex -20.0983 -16.4942 10
      vertex -18.3848 -18.3848 10
    endloop
  endfacet
  facet normal 0 0 1
    outer loop
      vertex -24.8804 -7.5474 10
      vertex -20 -1.7 10
      vertex -20.1666 -1.69181 10
    endloop
  endfacet
  facet normal 0 0 1
    outer loop
      vertex -24.8804 -7.5474 10
      vertex -20.1666 -1.69181 10
      vertex -20.3317 -1.66733 10
    endloop
  endfacet
  facet normal 0 0 1
    outer loop
      vertex -24.8804 -7.5474 10
      vertex -20.3317 -1.66733 10
      vertex -20.4935 -1.6268 10
    endloop
  endfacet
  facet normal 0 0 1
    outer loop
      vertex -25.5004 -5.07235 10
      vertex -20.4935 -1.6268 10
      vertex -20.6506 -1.57059 10
    endloop
  endfacet
  facet normal 0 0 1
    outer loop
      vertex -25.5004 -5.07235 10
      vertex -20.6506 -1.57059 10
      vertex -20.8014 -1.49927 10
    endloop
  endfacet
  facet normal 0 0 1
    outer loop
      vertex -25.5004 -5.07235 10
      vertex -20.8014 -1.49927 10
      vertex -20.9445 -1.4135 10
    endloop
  endfacet
  facet normal 0 0 1
    outer loop
      vertex -25.5004 -5.07235 10
      vertex -20.9445 -1.4135 10
      vertex -21.0785 -1.31412 10
    endloop
  endfacet
  facet normal 0 0 1
    outer loop
      vertex -25.5004 -5.07235 10
      vertex -21.0785 -1.31412 10
      vertex -21.2021 -1.20208 10
    endloop
  endfacet
  facet normal 0 0 1
    outer loop
      vertex -25.8748 -2.54844 10
      vertex -21.2021 -1.20208 10
      vertex -21.3141 -1.07847 10
    endloop
  endfacet
  facet normal 0 0 1
    outer loop
      vertex -25.8748 -2.54844 10
      vertex -21.3141 -1.07847 10
      vertex -21.4135 -0.944468 10
    endloop
  endfacet
  facet normal 0 0 1
    outer loop
      vertex -25.8748 -2.54844 10
      vertex -21.4135 -0.944468 10
      vertex -21.4993 -0.801374 10
    endloop
  endfacet
  facet normal 0 0 1
    outer loop
      vertex -25.8748 -2.54844 10
      vertex -21.4993 -0.801374 10
      vertex -21.5706 -0.650561 10
    endloop
  endfacet
  facet normal 0 0 1
    outer loop
      vertex -12 0 10
      vertex -21.6182 -14.4448 10
      vertex -20.0983 -16.4942 10
    endloop
  endfacet
  facet normal 0 0 1
    outer loop
      vertex -25.8748 -2.54844 10
      vertex -21.5706 -0.650561 10
      vertex -21.6268 -0.493484 10
    endloop
  endfacet
  facet normal 0 0 1
    outer loop
      vertex -26 0 10
      vertex -21.6268 -0.493484 10
      vertex -21.6673 -0.331653 10
    endloop
  endfacet
  facet normal 0 0 1
    outer loop
      vertex -26 0 10
      vertex -21.6673 -0.331653 10
      vertex -21.6918 -0.166629 10
    endloop
  endfacet
  facet normal -0 0 1
    outer loop
      vertex -26 0 10
      vertex -21.6918 -0.166629 10
      vertex -21.7 0 10
    endloop
  endfacet
  facet normal 0 0 1
    outer loop
      vertex -21.5706 0.650561 10
      vertex -25.8748 2.54844 10
      vertex -21.6268 0.493484 10
    endloop
  endfacet
  facet normal 0 0 1
    outer loop
      vertex -19.1986 -1.49927 10
      vertex -22.93 -12.2563 10
      vertex -21.6182 -14.4448 10
    endloop
  endfacet
  facet normal 0 0 1
    outer loop
      vertex -26 0 10
      vertex -21.6268 0.493484 10
      vertex -25.8748 2.54844 10
    endloop
  endfacet
  facet normal 0 0 1
    outer loop
      vertex -19.5065 -1.6268 10
      vertex -24.0209 -9.94977 10
      vertex -22.93 -12.2563 10
    endloop
  endfacet
  facet normal 0 0 1
    outer loop
      vertex -21.6268 0.493484 10
      vertex -26 0 10
      vertex -21.6673 0.331653 10
    endloop
  endfacet
  facet normal 0 0 1
    outer loop
      vertex -19.8334 -1.69181 10
      vertex -24.8804 -7.5474 10
      vertex -24.0209 -9.94977 10
    endloop
  endfacet
  facet normal 0 0 1
    outer loop
      vertex -21.6673 0.331653 10
      vertex -26 0 10
      vertex -21.6918 0.166629 10
    endloop
  endfacet
  facet normal 0 0 1
    outer loop
      vertex -20.4935 -1.6268 10
      vertex -25.5004 -5.07235 10
      vertex -24.8804 -7.5474 10
    endloop
  endfacet
  facet normal 0 0 1
    outer loop
      vertex -21.6918 0.166629 10
      vertex -26 0 10
      vertex -21.7 0 10
    endloop
  endfacet
  facet normal 0 0 1
    outer loop
      vertex -21.2021 -1.20208 10
      vertex -25.8748 -2.54844 10
      vertex -25.5004 -5.07235 10
    endloop
  endfacet
  facet normal 0 0 1
    outer loop
      vertex -21.6268 -0.493484 10
      vertex -26 0 10
      vertex -25.8748 -2.54844 10
    endloop
  endfacet
  facet normal 0 0 1
    outer loop
      vertex 7.5474 -24.8804 10
      vertex 1.69181 -19.8334 10
      vertex 1.7 -20 10
    endloop
  endfacet
  facet normal 0 0 1
    outer loop
      vertex 2.2961 -5.54328 10
      vertex 1.66733 -19.6683 10
      vertex 1.69181 -19.8334 10
    endloop
  endfacet
  facet normal 0 0 1
    outer loop
      vertex 2.2961 -5.54328 10
      vertex 1.6268 -19.5065 10
      vertex 1.66733 -19.6683 10
    endloop
  endfacet
  facet normal 0 0 1
    outer loop
      vertex 2.2961 -5.54328 10
      vertex 1.57059 -19.3494 10
      vertex 1.6268 -19.5065 10
    endloop
  endfacet
  facet normal 0 0 1
    outer loop
      vertex 2.2961 -5.54328 10
      vertex 1.49927 -19.1986 10
      vertex 1.57059 -19.3494 10
    endloop
  endfacet
  facet normal 0 0 1
    outer loop
      vertex 2.2961 -5.54328 10
      vertex 1.4135 -19.0555 10
      vertex 1.49927 -19.1986 10
    endloop
  endfacet
  facet normal 0 0 1
    outer loop
      vertex 2.2961 -5.54328 10
      vertex 1.31412 -18.9215 10
      vertex 1.4135 -19.0555 10
    endloop
  endfacet
  facet normal 0 0 1
    outer loop
      vertex 2.2961 -5.54328 10
      vertex 1.20208 -18.7979 10
      vertex 1.31412 -18.9215 10
    endloop
  endfacet
  facet normal 0 0 1
    outer loop
      vertex 0.650561 -18.4294 10
      vertex 1.74171 -5.74164 10
      vertex 1.17054 -5.88471 10
    endloop
  endfacet
  facet normal 0 0 1
    outer loop
      vertex 2.2961 -5.54328 10
      vertex 1.07847 -18.6859 10
      vertex 1.20208 -18.7979 10
    endloop
  endfacet
  facet normal 0 0 1
    outer loop
      vertex 2.2961 -5.54328 10
      vertex 0.944468 -18.5865 10
      vertex 1.07847 -18.6859 10
    endloop
  endfacet
  facet normal 0 0 1
    outer loop
      vertex 2.2961 -5.54328 10
      vertex 0.801374 -18.5007 10
      vertex 0.944468 -18.5865 10
    endloop
  endfacet
  facet normal 0 0 1
    outer loop
      vertex 1.74171 -5.74164 10
      vertex 0.650561 -18.4294 10
      vertex 0.801374 -18.5007 10
    endloop
  endfacet
  facet normal 0 0 1
    outer loop
      vertex 0.331653 -18.3327 10
      vertex 1.17054 -5.88471 10
      vertex 0.588102 -5.97111 10
    endloop
  endfacet
  facet normal 0 0 1
    outer loop
      vertex 1.17054 -5.88471 10
      vertex 0.493484 -18.3732 10
      vertex 0.650561 -18.4294 10
    endloop
  endfacet
  facet normal 0 0 1
    outer loop
      vertex 1.17054 -5.88471 10
      vertex 0.331653 -18.3327 10
      vertex 0.493484 -18.3732 10
    endloop
  endfacet
  facet normal 0 0 1
    outer loop
      vertex 0.588102 -5.97111 10
      vertex 0.166629 -18.3082 10
      vertex 0.331653 -18.3327 10
    endloop
  endfacet
  facet normal -0 0 1
    outer loop
      vertex 0 -6 10
      vertex 0.166629 -18.3082 10
      vertex 0.588102 -5.97111 10
    endloop
  endfacet
  facet normal 0 0 1
    outer loop
      vertex 0 -6 10
      vertex 0 -18.3 10
      vertex 0.166629 -18.3082 10
    endloop
  endfacet
  facet normal 0 0 1
    outer loop
      vertex 0 -6 10
      vertex -0.166629 -18.3082 10
      vertex 0 -18.3 10
    endloop
  endfacet
  facet normal 0 0 1
    outer loop
      vertex -0.588102 -5.97111 10
      vertex -0.166629 -18.3082 10
      vertex 0 -6 10
    endloop
  endfacet
  facet normal 0 0 1
    outer loop
      vertex -0.166629 -18.3082 10
      vertex -0.588102 -5.97111 10
      vertex -0.331653 -18.3327 10
    endloop
  endfacet
  facet normal 0 0 1
    outer loop
      vertex -1.17054 -5.88471 10
      vertex -0.331653 -18.3327 10
      vertex -0.588102 -5.97111 10
    endloop
  endfacet
  facet normal 0 0 1
    outer loop
      vertex -0.331653 -18.3327 10
      vertex -1.17054 -5.88471 10
      vertex -0.493484 -18.3732 10
    endloop
  endfacet
  facet normal 0 0 1
    outer loop
      vertex -0.493484 -18.3732 10
      vertex -1.17054 -5.88471 10
      vertex -0.650561 -18.4294 10
    endloop
  endfacet
  facet normal 0 0 1
    outer loop
      vertex -1.74171 -5.74164 10
      vertex -0.650561 -18.4294 10
      vertex -1.17054 -5.88471 10
    endloop
  endfacet
  facet normal 0 0 1
    outer loop
      vertex -0.650561 -18.4294 10
      vertex -1.74171 -5.74164 10
      vertex -0.801374 -18.5007 10
    endloop
  endfacet
  facet normal 0 0 1
    outer loop
      vertex -2.2961 -5.54328 10
      vertex -0.801374 -18.5007 10
      vertex -1.74171 -5.74164 10
    endloop
  endfacet
  facet normal 0 0 1
    outer loop
      vertex -0.801374 -18.5007 10
      vertex -2.2961 -5.54328 10
      vertex -0.944468 -18.5865 10
    endloop
  endfacet
  facet normal 0 0 1
    outer loop
      vertex -0.944468 -18.5865 10
      vertex -2.2961 -5.54328 10
      vertex -1.07847 -18.6859 10
    endloop
  endfacet
  facet normal 0 0 1
    outer loop
      vertex -2.82838 -5.29153 10
      vertex -1.07847 -18.6859 10
      vertex -2.2961 -5.54328 10
    endloop
  endfacet
  facet normal 0 0 1
    outer loop
      vertex -1.07847 -18.6859 10
      vertex -2.82838 -5.29153 10
      vertex -1.20208 -18.7979 10
    endloop
  endfacet
  facet normal 0 0 1
    outer loop
      vertex -3.33342 -4.98882 10
      vertex -1.20208 -18.7979 10
      vertex -2.82838 -5.29153 10
    endloop
  endfacet
  facet normal 0 0 1
    outer loop
      vertex -1.20208 -18.7979 10
      vertex -3.33342 -4.98882 10
      vertex -1.31412 -18.9215 10
    endloop
  endfacet
  facet normal 0 0 1
    outer loop
      vertex -1.31412 -18.9215 10
      vertex -3.33342 -4.98882 10
      vertex -1.4135 -19.0555 10
    endloop
  endfacet
  facet normal 0 0 1
    outer loop
      vertex -14.4448 -21.6182 10
      vertex -1.4135 -19.0555 10
      vertex -3.33342 -4.98882 10
    endloop
  endfacet
  facet normal 0 0 1
    outer loop
      vertex -1.4135 -19.0555 10
      vertex -14.4448 -21.6182 10
      vertex -1.49927 -19.1986 10
    endloop
  endfacet
  facet normal 0 -0 1
    outer loop
      vertex -12.2563 -22.93 10
      vertex -1.49927 -19.1986 10
      vertex -14.4448 -21.6182 10
    endloop
  endfacet
  facet normal 0 0 1
    outer loop
      vertex 7.5474 24.8804 10
      vertex 1.69181 20.1666 10
      vertex 1.7 20 10
    endloop
  endfacet
  facet normal 0 0 1
    outer loop
      vertex 5.07235 25.5004 10
      vertex 1.66733 20.3317 10
      vertex 1.69181 20.1666 10
    endloop
  endfacet
  facet normal 0 0 1
    outer loop
      vertex 5.07235 25.5004 10
      vertex 1.6268 20.4935 10
      vertex 1.66733 20.3317 10
    endloop
  endfacet
  facet normal 0 0 1
    outer loop
      vertex 5.07235 25.5004 10
      vertex 1.57059 20.6506 10
      vertex 1.6268 20.4935 10
    endloop
  endfacet
  facet normal 0 0 1
    outer loop
      vertex 5.07235 25.5004 10
      vertex 1.49927 20.8014 10
      vertex 1.57059 20.6506 10
    endloop
  endfacet
  facet normal 0 0 1
    outer loop
      vertex 5.07235 25.5004 10
      vertex 1.4135 20.9445 10
      vertex 1.49927 20.8014 10
    endloop
  endfacet
  facet normal 0 0 1
    outer loop
      vertex 5.07235 25.5004 10
      vertex 1.31412 21.0785 10
      vertex 1.4135 20.9445 10
    endloop
  endfacet
  facet normal 0 0 1
    outer loop
      vertex 2.54844 25.8748 10
      vertex 1.20208 21.2021 10
      vertex 1.31412 21.0785 10
    endloop
  endfacet
  facet normal 0 0 1
    outer loop
      vertex 2.54844 25.8748 10
      vertex 1.07847 21.3141 10
      vertex 1.20208 21.2021 10
    endloop
  endfacet
  facet normal 0 0 1
    outer loop
      vertex 2.54844 25.8748 10
      vertex 0.944468 21.4135 10
      vertex 1.07847 21.3141 10
    endloop
  endfacet
  facet normal 0 0 1
    outer loop
      vertex 2.54844 25.8748 10
      vertex 0.801374 21.4993 10
      vertex 0.944468 21.4135 10
    endloop
  endfacet
  facet normal 0 0 1
    outer loop
      vertex 2.54844 25.8748 10
      vertex 0.650561 21.5706 10
      vertex 0.801374 21.4993 10
    endloop
  endfacet
  facet normal 0 0 1
    outer loop
      vertex 2.54844 25.8748 10
      vertex 0.493484 21.6268 10
      vertex 0.650561 21.5706 10
    endloop
  endfacet
  facet normal 0 0 1
    outer loop
      vertex 0 26 10
      vertex 0.493484 21.6268 10
      vertex 2.54844 25.8748 10
    endloop
  endfacet
  facet normal 0 0 1
    outer loop
      vertex 0.493484 21.6268 10
      vertex 0 26 10
      vertex 0.331653 21.6673 10
    endloop
  endfacet
  facet normal 0 0 1
    outer loop
      vertex 0.331653 21.6673 10
      vertex 0 26 10
      vertex 0.166629 21.6918 10
    endloop
  endfacet
  facet normal 0 0 1
    outer loop
      vertex 0 26 10
      vertex 0 21.7 10
      vertex 0.166629 21.6918 10
    endloop
  endfacet
  facet normal 0 0 1
    outer loop
      vertex 0 26 10
      vertex -0.166629 21.6918 10
      vertex 0 21.7 10
    endloop
  endfacet
  facet normal 0 0 1
    outer loop
      vertex 0 26 10
      vertex -0.331653 21.6673 10
      vertex -0.166629 21.6918 10
    endloop
  endfacet
  facet normal 0 0 1
    outer loop
      vertex 0 26 10
      vertex -0.493484 21.6268 10
      vertex -0.331653 21.6673 10
    endloop
  endfacet
  facet normal -0 0 1
    outer loop
      vertex -2.54844 25.8748 10
      vertex -0.493484 21.6268 10
      vertex 0 26 10
    endloop
  endfacet
  facet normal 0 0 1
    outer loop
      vertex -0.493484 21.6268 10
      vertex -2.54844 25.8748 10
      vertex -0.650561 21.5706 10
    endloop
  endfacet
  facet normal 0 0 1
    outer loop
      vertex -0.650561 21.5706 10
      vertex -2.54844 25.8748 10
      vertex -0.801374 21.4993 10
    endloop
  endfacet
  facet normal 0 0 1
    outer loop
      vertex -0.801374 21.4993 10
      vertex -2.54844 25.8748 10
      vertex -0.944468 21.4135 10
    endloop
  endfacet
  facet normal 0 0 1
    outer loop
      vertex -0.944468 21.4135 10
      vertex -2.54844 25.8748 10
      vertex -1.07847 21.3141 10
    endloop
  endfacet
  facet normal 0 0 1
    outer loop
      vertex -1.07847 21.3141 10
      vertex -2.54844 25.8748 10
      vertex -1.20208 21.2021 10
    endloop
  endfacet
  facet normal 0 0 1
    outer loop
      vertex -1.20208 21.2021 10
      vertex -2.54844 25.8748 10
      vertex -1.31412 21.0785 10
    endloop
  endfacet
  facet normal -0 0 1
    outer loop
      vertex -5.07235 25.5004 10
      vertex -1.31412 21.0785 10
      vertex -2.54844 25.8748 10
    endloop
  endfacet
  facet normal 0 0 1
    outer loop
      vertex -1.31412 21.0785 10
      vertex -5.07235 25.5004 10
      vertex -1.4135 20.9445 10
    endloop
  endfacet
  facet normal 0 0 1
    outer loop
      vertex -1.4135 20.9445 10
      vertex -5.07235 25.5004 10
      vertex -1.49927 20.8014 10
    endloop
  endfacet
  facet normal 0 0 1
    outer loop
      vertex -1.6268 20.4935 10
      vertex -7.5474 24.8804 10
      vertex -1.66733 20.3317 10
    endloop
  endfacet
  facet normal -0 0 1
    outer loop
      vertex -7.5474 24.8804 10
      vertex -1.6268 20.4935 10
      vertex -5.07235 25.5004 10
    endloop
  endfacet
  facet normal 0 0 1
    outer loop
      vertex -1.57059 20.6506 10
      vertex -5.07235 25.5004 10
      vertex -1.6268 20.4935 10
    endloop
  endfacet
  facet normal 0 0 1
    outer loop
      vertex -1.49927 20.8014 10
      vertex -5.07235 25.5004 10
      vertex -1.57059 20.6506 10
    endloop
  endfacet
  facet normal -0 0 1
    outer loop
      vertex 3.80636 -4.63806 10
      vertex 16.4942 -20.0983 10
      vertex 4.24264 -4.24264 10
    endloop
  endfacet
  facet normal -0 0 1
    outer loop
      vertex 3.33342 -4.98882 10
      vertex 14.4448 -21.6182 10
      vertex 3.80636 -4.63806 10
    endloop
  endfacet
  facet normal 0 0 1
    outer loop
      vertex 5.97111 -0.588102 10
      vertex 12 0 10
      vertex 6 0 10
    endloop
  endfacet
  facet normal 0 0 1
    outer loop
      vertex 5.88471 -1.17054 10
      vertex 12 0 10
      vertex 5.97111 -0.588102 10
    endloop
  endfacet
  facet normal 0 0 1
    outer loop
      vertex 5.74164 -1.74171 10
      vertex 12 0 10
      vertex 5.88471 -1.17054 10
    endloop
  endfacet
  facet normal 0 0 1
    outer loop
      vertex 5.54328 -2.2961 10
      vertex 12 0 10
      vertex 5.74164 -1.74171 10
    endloop
  endfacet
  facet normal 0 0 1
    outer loop
      vertex 5.29153 -2.82838 10
      vertex 12 0 10
      vertex 5.54328 -2.2961 10
    endloop
  endfacet
  facet normal 0 0 1
    outer loop
      vertex 4.98882 -3.33342 10
      vertex 12 0 10
      vertex 5.29153 -2.82838 10
    endloop
  endfacet
  facet normal 0 0 1
    outer loop
      vertex 4.63806 -3.80636 10
      vertex 12 0 10
      vertex 4.98882 -3.33342 10
    endloop
  endfacet
  facet normal 0 0 1
    outer loop
      vertex 16.4942 -20.0983 10
      vertex 3.80636 -4.63806 10
      vertex 14.4448 -21.6182 10
    endloop
  endfacet
  facet normal -0 0 1
    outer loop
      vertex 1.69181 -19.8334 10
      vertex 14.4448 -21.6182 10
      vertex 3.33342 -4.98882 10
    endloop
  endfacet
  facet normal 0 0 1
    outer loop
      vertex 1.69181 -19.8334 10
      vertex 9.94977 -24.0209 10
      vertex 12.2563 -22.93 10
    endloop
  endfacet
  facet normal 0 0 1
    outer loop
      vertex 1.69181 -19.8334 10
      vertex 7.5474 -24.8804 10
      vertex 9.94977 -24.0209 10
    endloop
  endfacet
  facet normal 0 0 1
    outer loop
      vertex 1.69181 -19.8334 10
      vertex 12.2563 -22.93 10
      vertex 14.4448 -21.6182 10
    endloop
  endfacet
  facet normal 0 0 1
    outer loop
      vertex 1.69181 -19.8334 10
      vertex 3.33342 -4.98882 10
      vertex 2.82838 -5.29153 10
    endloop
  endfacet
  facet normal -0 0 1
    outer loop
      vertex 1.69181 -20.1666 10
      vertex 7.5474 -24.8804 10
      vertex 1.7 -20 10
    endloop
  endfacet
  facet normal 0 0 1
    outer loop
      vertex 1.69181 -19.8334 10
      vertex 2.82838 -5.29153 10
      vertex 2.2961 -5.54328 10
    endloop
  endfacet
  facet normal 0 0 1
    outer loop
      vertex 0.801374 -18.5007 10
      vertex 2.2961 -5.54328 10
      vertex 1.74171 -5.74164 10
    endloop
  endfacet
  facet normal -0 0 1
    outer loop
      vertex 1.66733 -20.3317 10
      vertex 7.5474 -24.8804 10
      vertex 1.69181 -20.1666 10
    endloop
  endfacet
  facet normal -0 0 1
    outer loop
      vertex 1.6268 -20.4935 10
      vertex 7.5474 -24.8804 10
      vertex 1.66733 -20.3317 10
    endloop
  endfacet
  facet normal 0 0 1
    outer loop
      vertex 7.5474 -24.8804 10
      vertex 1.6268 -20.4935 10
      vertex 5.07235 -25.5004 10
    endloop
  endfacet
  facet normal -0 0 1
    outer loop
      vertex 1.57059 -20.6506 10
      vertex 5.07235 -25.5004 10
      vertex 1.6268 -20.4935 10
    endloop
  endfacet
  facet normal -0 0 1
    outer loop
      vertex 1.49927 -20.8014 10
      vertex 5.07235 -25.5004 10
      vertex 1.57059 -20.6506 10
    endloop
  endfacet
  facet normal -0 0 1
    outer loop
      vertex 1.4135 -20.9445 10
      vertex 5.07235 -25.5004 10
      vertex 1.49927 -20.8014 10
    endloop
  endfacet
  facet normal -0 0 1
    outer loop
      vertex 1.31412 -21.0785 10
      vertex 5.07235 -25.5004 10
      vertex 1.4135 -20.9445 10
    endloop
  endfacet
  facet normal 0 0 1
    outer loop
      vertex 5.07235 -25.5004 10
      vertex 1.31412 -21.0785 10
      vertex 2.54844 -25.8748 10
    endloop
  endfacet
  facet normal -0 0 1
    outer loop
      vertex 1.20208 -21.2021 10
      vertex 2.54844 -25.8748 10
      vertex 1.31412 -21.0785 10
    endloop
  endfacet
  facet normal -0 0 1
    outer loop
      vertex 1.07847 -21.3141 10
      vertex 2.54844 -25.8748 10
      vertex 1.20208 -21.2021 10
    endloop
  endfacet
  facet normal -0 0 1
    outer loop
      vertex 0.944468 -21.4135 10
      vertex 2.54844 -25.8748 10
      vertex 1.07847 -21.3141 10
    endloop
  endfacet
  facet normal -0 0 1
    outer loop
      vertex 0.801374 -21.4993 10
      vertex 2.54844 -25.8748 10
      vertex 0.944468 -21.4135 10
    endloop
  endfacet
  facet normal -0 0 1
    outer loop
      vertex 0.650561 -21.5706 10
      vertex 2.54844 -25.8748 10
      vertex 0.801374 -21.4993 10
    endloop
  endfacet
  facet normal -0 0 1
    outer loop
      vertex 0.493484 -21.6268 10
      vertex 2.54844 -25.8748 10
      vertex 0.650561 -21.5706 10
    endloop
  endfacet
  facet normal 0 0 1
    outer loop
      vertex 0 -26 10
      vertex 0.493484 -21.6268 10
      vertex 0.331653 -21.6673 10
    endloop
  endfacet
  facet normal 0 0 1
    outer loop
      vertex 0 -26 10
      vertex 0.331653 -21.6673 10
      vertex 0.166629 -21.6918 10
    endloop
  endfacet
  facet normal 0 0 1
    outer loop
      vertex 0 -26 10
      vertex 0.166629 -21.6918 10
      vertex 0 -21.7 10
    endloop
  endfacet
  facet normal 0 0 1
    outer loop
      vertex 0.493484 -21.6268 10
      vertex 0 -26 10
      vertex 2.54844 -25.8748 10
    endloop
  endfacet
  facet normal 0 0 1
    outer loop
      vertex -0.166629 -21.6918 10
      vertex 0 -26 10
      vertex 0 -21.7 10
    endloop
  endfacet
  facet normal 0 0 1
    outer loop
      vertex -0.331653 -21.6673 10
      vertex 0 -26 10
      vertex -0.166629 -21.6918 10
    endloop
  endfacet
  facet normal 0 0 1
    outer loop
      vertex -0.493484 -21.6268 10
      vertex 0 -26 10
      vertex -0.331653 -21.6673 10
    endloop
  endfacet
  facet normal 0 0 1
    outer loop
      vertex -2.54844 -25.8748 10
      vertex -0.493484 -21.6268 10
      vertex -0.650561 -21.5706 10
    endloop
  endfacet
  facet normal 0 0 1
    outer loop
      vertex -2.54844 -25.8748 10
      vertex -0.650561 -21.5706 10
      vertex -0.801374 -21.4993 10
    endloop
  endfacet
  facet normal 0 0 1
    outer loop
      vertex -2.54844 -25.8748 10
      vertex -0.801374 -21.4993 10
      vertex -0.944468 -21.4135 10
    endloop
  endfacet
  facet normal 0 0 1
    outer loop
      vertex -2.54844 -25.8748 10
      vertex -0.944468 -21.4135 10
      vertex -1.07847 -21.3141 10
    endloop
  endfacet
  facet normal 0 0 1
    outer loop
      vertex -2.54844 -25.8748 10
      vertex -1.07847 -21.3141 10
      vertex -1.20208 -21.2021 10
    endloop
  endfacet
  facet normal 0 0 1
    outer loop
      vertex -2.54844 -25.8748 10
      vertex -1.20208 -21.2021 10
      vertex -1.31412 -21.0785 10
    endloop
  endfacet
  facet normal 0 0 1
    outer loop
      vertex -5.07235 -25.5004 10
      vertex -1.31412 -21.0785 10
      vertex -1.4135 -20.9445 10
    endloop
  endfacet
  facet normal 0 0 1
    outer loop
      vertex -5.07235 -25.5004 10
      vertex -1.4135 -20.9445 10
      vertex -1.49927 -20.8014 10
    endloop
  endfacet
  facet normal 0 0 1
    outer loop
      vertex -5.07235 -25.5004 10
      vertex -1.49927 -20.8014 10
      vertex -1.57059 -20.6506 10
    endloop
  endfacet
  facet normal 0 0 1
    outer loop
      vertex -5.07235 -25.5004 10
      vertex -1.57059 -20.6506 10
      vertex -1.6268 -20.4935 10
    endloop
  endfacet
  facet normal 0 0 1
    outer loop
      vertex -1.49927 -19.1986 10
      vertex -12.2563 -22.93 10
      vertex -1.57059 -19.3494 10
    endloop
  endfacet
  facet normal 0 0 1
    outer loop
      vertex -0.493484 -21.6268 10
      vertex -2.54844 -25.8748 10
      vertex 0 -26 10
    endloop
  endfacet
  facet normal 0 0 1
    outer loop
      vertex -7.5474 -24.8804 10
      vertex -1.6268 -20.4935 10
      vertex -1.66733 -20.3317 10
    endloop
  endfacet
  facet normal 0 0 1
    outer loop
      vertex -7.5474 -24.8804 10
      vertex -1.66733 -20.3317 10
      vertex -1.69181 -20.1666 10
    endloop
  endfacet
  facet normal 0 0 1
    outer loop
      vertex -7.5474 -24.8804 10
      vertex -1.69181 -20.1666 10
      vertex -1.7 -20 10
    endloop
  endfacet
  facet normal 0 0 1
    outer loop
      vertex -1.57059 -19.3494 10
      vertex -12.2563 -22.93 10
      vertex -1.6268 -19.5065 10
    endloop
  endfacet
  facet normal 0 -0 1
    outer loop
      vertex -9.94977 -24.0209 10
      vertex -1.6268 -19.5065 10
      vertex -12.2563 -22.93 10
    endloop
  endfacet
  facet normal 0 0 1
    outer loop
      vertex -1.6268 -19.5065 10
      vertex -9.94977 -24.0209 10
      vertex -1.66733 -19.6683 10
    endloop
  endfacet
  facet normal 0 0 1
    outer loop
      vertex -14.4448 -21.6182 10
      vertex -3.33342 -4.98882 10
      vertex -3.80636 -4.63806 10
    endloop
  endfacet
  facet normal 0 0 1
    outer loop
      vertex -16.4942 -20.0983 10
      vertex -3.80636 -4.63806 10
      vertex -4.24264 -4.24264 10
    endloop
  endfacet
  facet normal 0 0 1
    outer loop
      vertex -16.4942 -20.0983 10
      vertex -4.24264 -4.24264 10
      vertex -4.63806 -3.80636 10
    endloop
  endfacet
  facet normal 0 0 1
    outer loop
      vertex -12 0 10
      vertex -4.63806 -3.80636 10
      vertex -4.98882 -3.33342 10
    endloop
  endfacet
  facet normal 0 0 1
    outer loop
      vertex -1.31412 -21.0785 10
      vertex -5.07235 -25.5004 10
      vertex -2.54844 -25.8748 10
    endloop
  endfacet
  facet normal 0 0 1
    outer loop
      vertex -12 0 10
      vertex -4.98882 -3.33342 10
      vertex -5.29153 -2.82838 10
    endloop
  endfacet
  facet normal 0 0 1
    outer loop
      vertex -12 0 10
      vertex -5.29153 -2.82838 10
      vertex -5.54328 -2.2961 10
    endloop
  endfacet
  facet normal 0 0 1
    outer loop
      vertex -12 0 10
      vertex -5.54328 -2.2961 10
      vertex -5.74164 -1.74171 10
    endloop
  endfacet
  facet normal 0 0 1
    outer loop
      vertex -12 0 10
      vertex -5.74164 -1.74171 10
      vertex -5.88471 -1.17054 10
    endloop
  endfacet
  facet normal 0 0 1
    outer loop
      vertex -12 0 10
      vertex -5.88471 -1.17054 10
      vertex -5.97111 -0.588102 10
    endloop
  endfacet
  facet normal -0 0 1
    outer loop
      vertex -12 0 10
      vertex -5.97111 -0.588102 10
      vertex -6 0 10
    endloop
  endfacet
  facet normal 0 0 1
    outer loop
      vertex -1.6268 -20.4935 10
      vertex -7.5474 -24.8804 10
      vertex -5.07235 -25.5004 10
    endloop
  endfacet
  facet normal 0 0 1
    outer loop
      vertex -1.69181 -19.8334 10
      vertex -7.5474 -24.8804 10
      vertex -1.7 -20 10
    endloop
  endfacet
  facet normal 0 0 1
    outer loop
      vertex -4.63806 -3.80636 10
      vertex -12 0 10
      vertex -16.4942 -20.0983 10
    endloop
  endfacet
  facet normal 0 -0 1
    outer loop
      vertex -7.5474 -24.8804 10
      vertex -1.69181 -19.8334 10
      vertex -9.94977 -24.0209 10
    endloop
  endfacet
  facet normal -0 0 1
    outer loop
      vertex -16.4942 20.0983 10
      vertex -9 11.2 10
      vertex -14.4448 21.6182 10
    endloop
  endfacet
  facet normal -0 0 1
    outer loop
      vertex -18.3848 18.3848 10
      vertex -9 11.2 10
      vertex -16.4942 20.0983 10
    endloop
  endfacet
  facet normal 0 0 1
    outer loop
      vertex -18.3082 -0.166629 10
      vertex -12 0 10
      vertex -18.3 0 10
    endloop
  endfacet
  facet normal -0 0 1
    outer loop
      vertex -20.0983 16.4942 10
      vertex -9 11.2 10
      vertex -18.3848 18.3848 10
    endloop
  endfacet
  facet normal 0 0 1
    outer loop
      vertex -1.66733 -19.6683 10
      vertex -9.94977 -24.0209 10
      vertex -1.69181 -19.8334 10
    endloop
  endfacet
  facet normal 0 0 1
    outer loop
      vertex -3.80636 -4.63806 10
      vertex -16.4942 -20.0983 10
      vertex -14.4448 -21.6182 10
    endloop
  endfacet
  facet normal 0 0 1
    outer loop
      vertex -12 0 10
      vertex -18.3082 0.166629 10
      vertex -18.3 0 10
    endloop
  endfacet
  facet normal 0 0 1
    outer loop
      vertex -12 0 10
      vertex -18.3327 0.331653 10
      vertex -18.3082 0.166629 10
    endloop
  endfacet
  facet normal 0 0 1
    outer loop
      vertex -12 0 10
      vertex -18.3732 0.493484 10
      vertex -18.3327 0.331653 10
    endloop
  endfacet
  facet normal -0 0 1
    outer loop
      vertex -21.6182 14.4448 10
      vertex -9 11.2 10
      vertex -20.0983 16.4942 10
    endloop
  endfacet
  facet normal 0 0 1
    outer loop
      vertex -12 0 10
      vertex -18.4294 0.650561 10
      vertex -18.3732 0.493484 10
    endloop
  endfacet
  facet normal 0 0 1
    outer loop
      vertex -12 0 10
      vertex -18.5007 0.801374 10
      vertex -18.4294 0.650561 10
    endloop
  endfacet
  facet normal 0 0 1
    outer loop
      vertex -12 0 10
      vertex -18.5865 0.944468 10
      vertex -18.5007 0.801374 10
    endloop
  endfacet
  facet normal 0 0 1
    outer loop
      vertex -12 0 10
      vertex -18.6859 1.07847 10
      vertex -18.5865 0.944468 10
    endloop
  endfacet
  facet normal 0 0 1
    outer loop
      vertex -12 0 10
      vertex -18.7979 1.20208 10
      vertex -18.6859 1.07847 10
    endloop
  endfacet
  facet normal -0 0 1
    outer loop
      vertex -22.93 12.2563 10
      vertex -9 11.2 10
      vertex -21.6182 14.4448 10
    endloop
  endfacet
  facet normal 0 0 1
    outer loop
      vertex -12 0 10
      vertex -18.9215 1.31412 10
      vertex -18.7979 1.20208 10
    endloop
  endfacet
  facet normal 0 -0 1
    outer loop
      vertex -18.9215 1.31412 10
      vertex -9 11.2 10
      vertex -19.0555 1.4135 10
    endloop
  endfacet
  facet normal 0 0 1
    outer loop
      vertex -9 11.2 10
      vertex -18.9215 1.31412 10
      vertex -12 0 10
    endloop
  endfacet
  facet normal 0 0 1
    outer loop
      vertex -9 11.2 10
      vertex -19.1986 1.49927 10
      vertex -19.0555 1.4135 10
    endloop
  endfacet
  facet normal 0 -0 1
    outer loop
      vertex -19.3494 1.57059 10
      vertex -9 11.2 10
      vertex -22.93 12.2563 10
    endloop
  endfacet
  facet normal 0 0 1
    outer loop
      vertex -9 11.2 10
      vertex -19.3494 1.57059 10
      vertex -19.1986 1.49927 10
    endloop
  endfacet
  facet normal 0 0 1
    outer loop
      vertex -19.3494 1.57059 10
      vertex -22.93 12.2563 10
      vertex -19.5065 1.6268 10
    endloop
  endfacet
  facet normal -0 0 1
    outer loop
      vertex -24.0209 9.94977 10
      vertex -19.5065 1.6268 10
      vertex -22.93 12.2563 10
    endloop
  endfacet
  facet normal 0 0 1
    outer loop
      vertex -19.5065 1.6268 10
      vertex -24.0209 9.94977 10
      vertex -19.6683 1.66733 10
    endloop
  endfacet
  facet normal 0 0 1
    outer loop
      vertex -19.6683 1.66733 10
      vertex -24.0209 9.94977 10
      vertex -19.8334 1.69181 10
    endloop
  endfacet
  facet normal -0 0 1
    outer loop
      vertex -24.8804 7.5474 10
      vertex -19.8334 1.69181 10
      vertex -24.0209 9.94977 10
    endloop
  endfacet
  facet normal 0 0 1
    outer loop
      vertex -19.8334 1.69181 10
      vertex -24.8804 7.5474 10
      vertex -20 1.7 10
    endloop
  endfacet
  facet normal 0 0 1
    outer loop
      vertex -20 1.7 10
      vertex -24.8804 7.5474 10
      vertex -20.1666 1.69181 10
    endloop
  endfacet
  facet normal 0 0 1
    outer loop
      vertex -20.1666 1.69181 10
      vertex -24.8804 7.5474 10
      vertex -20.3317 1.66733 10
    endloop
  endfacet
  facet normal 0 0 1
    outer loop
      vertex -20.3317 1.66733 10
      vertex -24.8804 7.5474 10
      vertex -20.4935 1.6268 10
    endloop
  endfacet
  facet normal -0 0 1
    outer loop
      vertex -25.5004 5.07235 10
      vertex -20.4935 1.6268 10
      vertex -24.8804 7.5474 10
    endloop
  endfacet
  facet normal 0 0 1
    outer loop
      vertex -20.4935 1.6268 10
      vertex -25.5004 5.07235 10
      vertex -20.6506 1.57059 10
    endloop
  endfacet
  facet normal 0 0 1
    outer loop
      vertex -20.6506 1.57059 10
      vertex -25.5004 5.07235 10
      vertex -20.8014 1.49927 10
    endloop
  endfacet
  facet normal 0 0 1
    outer loop
      vertex -20.8014 1.49927 10
      vertex -25.5004 5.07235 10
      vertex -20.9445 1.4135 10
    endloop
  endfacet
  facet normal 0 0 1
    outer loop
      vertex -20.9445 1.4135 10
      vertex -25.5004 5.07235 10
      vertex -21.0785 1.31412 10
    endloop
  endfacet
  facet normal 0 0 1
    outer loop
      vertex -21.0785 1.31412 10
      vertex -25.5004 5.07235 10
      vertex -21.2021 1.20208 10
    endloop
  endfacet
  facet normal -0 0 1
    outer loop
      vertex -25.8748 2.54844 10
      vertex -21.2021 1.20208 10
      vertex -25.5004 5.07235 10
    endloop
  endfacet
  facet normal 0 0 1
    outer loop
      vertex -21.2021 1.20208 10
      vertex -25.8748 2.54844 10
      vertex -21.3141 1.07847 10
    endloop
  endfacet
  facet normal 0 0 1
    outer loop
      vertex -21.3141 1.07847 10
      vertex -25.8748 2.54844 10
      vertex -21.4135 0.944468 10
    endloop
  endfacet
  facet normal 0 0 1
    outer loop
      vertex -21.4135 0.944468 10
      vertex -25.8748 2.54844 10
      vertex -21.4993 0.801374 10
    endloop
  endfacet
  facet normal 0 0 1
    outer loop
      vertex -21.4993 0.801374 10
      vertex -25.8748 2.54844 10
      vertex -21.5706 0.650561 10
    endloop
  endfacet
  facet normal -0 0 1
    outer loop
      vertex 21.6268 0.493484 10
      vertex 26 0 10
      vertex 25.8748 2.54844 10
    endloop
  endfacet
  facet normal 0 0 1
    outer loop
      vertex 21.2021 1.20208 10
      vertex 25.8748 2.54844 10
      vertex 25.5004 5.07235 10
    endloop
  endfacet
  facet normal 0 0 1
    outer loop
      vertex 26 0 10
      vertex 21.6673 0.331653 10
      vertex 21.6918 0.166629 10
    endloop
  endfacet
  facet normal 0 0 1
    outer loop
      vertex 20.4935 1.6268 10
      vertex 25.5004 5.07235 10
      vertex 24.8804 7.5474 10
    endloop
  endfacet
  facet normal 0 0 1
    outer loop
      vertex 26 0 10
      vertex 21.6918 0.166629 10
      vertex 21.7 0 10
    endloop
  endfacet
  facet normal 0 0 1
    outer loop
      vertex 19.8334 1.69181 10
      vertex 24.8804 7.5474 10
      vertex 24.0209 9.94977 10
    endloop
  endfacet
  facet normal 0 0 1
    outer loop
      vertex 21.6673 -0.331653 10
      vertex 26 0 10
      vertex 21.6918 -0.166629 10
    endloop
  endfacet
  facet normal 0 0 1
    outer loop
      vertex 19.5065 1.6268 10
      vertex 24.0209 9.94977 10
      vertex 22.93 12.2563 10
    endloop
  endfacet
  facet normal 0 0 1
    outer loop
      vertex 21.6268 -0.493484 10
      vertex 26 0 10
      vertex 21.6673 -0.331653 10
    endloop
  endfacet
  facet normal -0 0 1
    outer loop
      vertex 21.5706 -0.650561 10
      vertex 25.8748 -2.54844 10
      vertex 21.6268 -0.493484 10
    endloop
  endfacet
  facet normal 0 0 1
    outer loop
      vertex 26 0 10
      vertex 21.6268 -0.493484 10
      vertex 25.8748 -2.54844 10
    endloop
  endfacet
  facet normal 0 0 1
    outer loop
      vertex 21.6918 -0.166629 10
      vertex 26 0 10
      vertex 21.7 0 10
    endloop
  endfacet
  facet normal 0 0 1
    outer loop
      vertex 26 0 10
      vertex 21.6268 0.493484 10
      vertex 21.6673 0.331653 10
    endloop
  endfacet
  facet normal 0 0 1
    outer loop
      vertex 9 11.2 10
      vertex 22.93 12.2563 10
      vertex 21.6182 14.4448 10
    endloop
  endfacet
  facet normal 0 0 1
    outer loop
      vertex 25.8748 2.54844 10
      vertex 21.5706 0.650561 10
      vertex 21.6268 0.493484 10
    endloop
  endfacet
  facet normal 0 0 1
    outer loop
      vertex 25.8748 2.54844 10
      vertex 21.4993 0.801374 10
      vertex 21.5706 0.650561 10
    endloop
  endfacet
  facet normal 0 0 1
    outer loop
      vertex 25.8748 2.54844 10
      vertex 21.4135 0.944468 10
      vertex 21.4993 0.801374 10
    endloop
  endfacet
  facet normal 0 0 1
    outer loop
      vertex 25.8748 2.54844 10
      vertex 21.3141 1.07847 10
      vertex 21.4135 0.944468 10
    endloop
  endfacet
  facet normal 0 0 1
    outer loop
      vertex 25.8748 2.54844 10
      vertex 21.2021 1.20208 10
      vertex 21.3141 1.07847 10
    endloop
  endfacet
  facet normal 0 0 1
    outer loop
      vertex 25.5004 5.07235 10
      vertex 21.0785 1.31412 10
      vertex 21.2021 1.20208 10
    endloop
  endfacet
  facet normal 0 0 1
    outer loop
      vertex 25.5004 5.07235 10
      vertex 20.9445 1.4135 10
      vertex 21.0785 1.31412 10
    endloop
  endfacet
  facet normal 0 0 1
    outer loop
      vertex 25.5004 5.07235 10
      vertex 20.8014 1.49927 10
      vertex 20.9445 1.4135 10
    endloop
  endfacet
  facet normal 0 0 1
    outer loop
      vertex 25.5004 5.07235 10
      vertex 20.6506 1.57059 10
      vertex 20.8014 1.49927 10
    endloop
  endfacet
  facet normal 0 0 1
    outer loop
      vertex 25.5004 5.07235 10
      vertex 20.4935 1.6268 10
      vertex 20.6506 1.57059 10
    endloop
  endfacet
  facet normal 0 0 1
    outer loop
      vertex 24.8804 7.5474 10
      vertex 20.3317 1.66733 10
      vertex 20.4935 1.6268 10
    endloop
  endfacet
  facet normal 0 0 1
    outer loop
      vertex 24.8804 7.5474 10
      vertex 20.1666 1.69181 10
      vertex 20.3317 1.66733 10
    endloop
  endfacet
  facet normal 0 0 1
    outer loop
      vertex 9 11.2 10
      vertex 21.6182 14.4448 10
      vertex 20.0983 16.4942 10
    endloop
  endfacet
  facet normal 0 0 1
    outer loop
      vertex 24.8804 7.5474 10
      vertex 20 1.7 10
      vertex 20.1666 1.69181 10
    endloop
  endfacet
  facet normal 0 0 1
    outer loop
      vertex 24.8804 7.5474 10
      vertex 19.8334 1.69181 10
      vertex 20 1.7 10
    endloop
  endfacet
  facet normal 0 0 1
    outer loop
      vertex 24.0209 9.94977 10
      vertex 19.6683 1.66733 10
      vertex 19.8334 1.69181 10
    endloop
  endfacet
  facet normal 0 0 1
    outer loop
      vertex 24.0209 9.94977 10
      vertex 19.5065 1.6268 10
      vertex 19.6683 1.66733 10
    endloop
  endfacet
  facet normal 0 0 1
    outer loop
      vertex 22.93 12.2563 10
      vertex 19.3494 1.57059 10
      vertex 19.5065 1.6268 10
    endloop
  endfacet
  facet normal 0 0 1
    outer loop
      vertex 22.93 12.2563 10
      vertex 9 11.2 10
      vertex 19.3494 1.57059 10
    endloop
  endfacet
  facet normal 0 0 1
    outer loop
      vertex 19.3494 1.57059 10
      vertex 9 11.2 10
      vertex 19.1986 1.49927 10
    endloop
  endfacet
  facet normal 0 0 1
    outer loop
      vertex 19.1986 1.49927 10
      vertex 9 11.2 10
      vertex 19.0555 1.4135 10
    endloop
  endfacet
  facet normal 0 0 1
    outer loop
      vertex 19.0555 1.4135 10
      vertex 9 11.2 10
      vertex 18.9215 1.31412 10
    endloop
  endfacet
  facet normal 0 -0 1
    outer loop
      vertex 12 0 10
      vertex 18.9215 1.31412 10
      vertex 9 11.2 10
    endloop
  endfacet
  facet normal 0 0 1
    outer loop
      vertex 18.9215 1.31412 10
      vertex 12 0 10
      vertex 18.7979 1.20208 10
    endloop
  endfacet
  facet normal 0 0 1
    outer loop
      vertex 18.7979 1.20208 10
      vertex 12 0 10
      vertex 18.6859 1.07847 10
    endloop
  endfacet
  facet normal 0 0 1
    outer loop
      vertex 18.6859 1.07847 10
      vertex 12 0 10
      vertex 18.5865 0.944468 10
    endloop
  endfacet
  facet normal 0 0 1
    outer loop
      vertex 9 11.2 10
      vertex 20.0983 16.4942 10
      vertex 18.3848 18.3848 10
    endloop
  endfacet
  facet normal 0 0 1
    outer loop
      vertex 18.5865 0.944468 10
      vertex 12 0 10
      vertex 18.5007 0.801374 10
    endloop
  endfacet
  facet normal 0 0 1
    outer loop
      vertex 18.5007 0.801374 10
      vertex 12 0 10
      vertex 18.4294 0.650561 10
    endloop
  endfacet
  facet normal 0 0 1
    outer loop
      vertex 18.4294 0.650561 10
      vertex 12 0 10
      vertex 18.3732 0.493484 10
    endloop
  endfacet
  facet normal 0 0 1
    outer loop
      vertex 18.3732 0.493484 10
      vertex 12 0 10
      vertex 18.3327 0.331653 10
    endloop
  endfacet
  facet normal 0 0 1
    outer loop
      vertex 9 11.2 10
      vertex 18.3848 18.3848 10
      vertex 16.4942 20.0983 10
    endloop
  endfacet
  facet normal -0 0 1
    outer loop
      vertex 21.4993 -0.801374 10
      vertex 25.8748 -2.54844 10
      vertex 21.5706 -0.650561 10
    endloop
  endfacet
  facet normal -0 0 1
    outer loop
      vertex 21.4135 -0.944468 10
      vertex 25.8748 -2.54844 10
      vertex 21.4993 -0.801374 10
    endloop
  endfacet
  facet normal -0 0 1
    outer loop
      vertex 21.3141 -1.07847 10
      vertex 25.8748 -2.54844 10
      vertex 21.4135 -0.944468 10
    endloop
  endfacet
  facet normal -0 0 1
    outer loop
      vertex 21.2021 -1.20208 10
      vertex 25.8748 -2.54844 10
      vertex 21.3141 -1.07847 10
    endloop
  endfacet
  facet normal 0 0 1
    outer loop
      vertex 25.8748 -2.54844 10
      vertex 21.2021 -1.20208 10
      vertex 25.5004 -5.07235 10
    endloop
  endfacet
  facet normal -0 0 1
    outer loop
      vertex 21.0785 -1.31412 10
      vertex 25.5004 -5.07235 10
      vertex 21.2021 -1.20208 10
    endloop
  endfacet
  facet normal -0 0 1
    outer loop
      vertex 20.9445 -1.4135 10
      vertex 25.5004 -5.07235 10
      vertex 21.0785 -1.31412 10
    endloop
  endfacet
  facet normal -0 0 1
    outer loop
      vertex 20.8014 -1.49927 10
      vertex 25.5004 -5.07235 10
      vertex 20.9445 -1.4135 10
    endloop
  endfacet
  facet normal -0 0 1
    outer loop
      vertex 20.6506 -1.57059 10
      vertex 25.5004 -5.07235 10
      vertex 20.8014 -1.49927 10
    endloop
  endfacet
  facet normal -0 0 1
    outer loop
      vertex 20.4935 -1.6268 10
      vertex 25.5004 -5.07235 10
      vertex 20.6506 -1.57059 10
    endloop
  endfacet
  facet normal 0 0 1
    outer loop
      vertex 25.5004 -5.07235 10
      vertex 20.4935 -1.6268 10
      vertex 24.8804 -7.5474 10
    endloop
  endfacet
  facet normal -0 0 1
    outer loop
      vertex 20.3317 -1.66733 10
      vertex 24.8804 -7.5474 10
      vertex 20.4935 -1.6268 10
    endloop
  endfacet
  facet normal -0 0 1
    outer loop
      vertex 20.1666 -1.69181 10
      vertex 24.8804 -7.5474 10
      vertex 20.3317 -1.66733 10
    endloop
  endfacet
  facet normal -0 0 1
    outer loop
      vertex 20 -1.7 10
      vertex 24.8804 -7.5474 10
      vertex 20.1666 -1.69181 10
    endloop
  endfacet
  facet normal 0 0 1
    outer loop
      vertex 19.8334 -1.69181 10
      vertex 24.8804 -7.5474 10
      vertex 20 -1.7 10
    endloop
  endfacet
  facet normal 0 0 1
    outer loop
      vertex 24.8804 -7.5474 10
      vertex 19.8334 -1.69181 10
      vertex 24.0209 -9.94977 10
    endloop
  endfacet
  facet normal 0 0 1
    outer loop
      vertex 19.6683 -1.66733 10
      vertex 24.0209 -9.94977 10
      vertex 19.8334 -1.69181 10
    endloop
  endfacet
  facet normal 0 0 1
    outer loop
      vertex 19.5065 -1.6268 10
      vertex 24.0209 -9.94977 10
      vertex 19.6683 -1.66733 10
    endloop
  endfacet
  facet normal 0 0 1
    outer loop
      vertex 24.0209 -9.94977 10
      vertex 19.5065 -1.6268 10
      vertex 22.93 -12.2563 10
    endloop
  endfacet
  facet normal 0 0 1
    outer loop
      vertex 19.3494 -1.57059 10
      vertex 22.93 -12.2563 10
      vertex 19.5065 -1.6268 10
    endloop
  endfacet
  facet normal 0 0 1
    outer loop
      vertex 19.1986 -1.49927 10
      vertex 22.93 -12.2563 10
      vertex 19.3494 -1.57059 10
    endloop
  endfacet
  facet normal 0 0 1
    outer loop
      vertex 22.93 -12.2563 10
      vertex 19.1986 -1.49927 10
      vertex 21.6182 -14.4448 10
    endloop
  endfacet
  facet normal 0 0 1
    outer loop
      vertex 19.0555 -1.4135 10
      vertex 21.6182 -14.4448 10
      vertex 19.1986 -1.49927 10
    endloop
  endfacet
  facet normal 0 0 1
    outer loop
      vertex 12 0 10
      vertex 21.6182 -14.4448 10
      vertex 19.0555 -1.4135 10
    endloop
  endfacet
  facet normal 0 0 1
    outer loop
      vertex 12 0 10
      vertex 19.0555 -1.4135 10
      vertex 18.9215 -1.31412 10
    endloop
  endfacet
  facet normal 0 0 1
    outer loop
      vertex 12 0 10
      vertex 18.9215 -1.31412 10
      vertex 18.7979 -1.20208 10
    endloop
  endfacet
  facet normal 0 0 1
    outer loop
      vertex 12 0 10
      vertex 18.7979 -1.20208 10
      vertex 18.6859 -1.07847 10
    endloop
  endfacet
  facet normal 0 0 1
    outer loop
      vertex 12 0 10
      vertex 18.6859 -1.07847 10
      vertex 18.5865 -0.944468 10
    endloop
  endfacet
  facet normal 0 0 1
    outer loop
      vertex 12 0 10
      vertex 18.5865 -0.944468 10
      vertex 18.5007 -0.801374 10
    endloop
  endfacet
  facet normal 0 0 1
    outer loop
      vertex 12 0 10
      vertex 18.5007 -0.801374 10
      vertex 18.4294 -0.650561 10
    endloop
  endfacet
  facet normal 0 0 1
    outer loop
      vertex 21.6182 -14.4448 10
      vertex 12 0 10
      vertex 20.0983 -16.4942 10
    endloop
  endfacet
  facet normal 0 0 1
    outer loop
      vertex 12 0 10
      vertex 18.4294 -0.650561 10
      vertex 18.3732 -0.493484 10
    endloop
  endfacet
  facet normal 0 0 1
    outer loop
      vertex 12 0 10
      vertex 18.3732 -0.493484 10
      vertex 18.3327 -0.331653 10
    endloop
  endfacet
  facet normal 0 0 1
    outer loop
      vertex 12 0 10
      vertex 18.3327 -0.331653 10
      vertex 18.3082 -0.166629 10
    endloop
  endfacet
  facet normal -0 0 1
    outer loop
      vertex 12 0 10
      vertex 18.3082 -0.166629 10
      vertex 18.3 0 10
    endloop
  endfacet
  facet normal 0 0 1
    outer loop
      vertex 18.3327 0.331653 10
      vertex 12 0 10
      vertex 18.3082 0.166629 10
    endloop
  endfacet
  facet normal -0 0 1
    outer loop
      vertex 4.63806 -3.80636 10
      vertex 20.0983 -16.4942 10
      vertex 12 0 10
    endloop
  endfacet
  facet normal 0 0 1
    outer loop
      vertex 9 11.2 10
      vertex 16.4942 20.0983 10
      vertex 14.4448 21.6182 10
    endloop
  endfacet
  facet normal 0 0 1
    outer loop
      vertex 20.0983 -16.4942 10
      vertex 4.63806 -3.80636 10
      vertex 18.3848 -18.3848 10
    endloop
  endfacet
  facet normal 0 0 1
    outer loop
      vertex 9 11.2 10
      vertex 14.4448 21.6182 10
      vertex 12.2563 22.93 10
    endloop
  endfacet
  facet normal -0 0 1
    outer loop
      vertex 4.24264 -4.24264 10
      vertex 18.3848 -18.3848 10
      vertex 4.63806 -3.80636 10
    endloop
  endfacet
  facet normal 0 0 1
    outer loop
      vertex 18.3848 -18.3848 10
      vertex 4.24264 -4.24264 10
      vertex 16.4942 -20.0983 10
    endloop
  endfacet
  facet normal 0 0 1
    outer loop
      vertex 9 11.2 10
      vertex 12.2563 22.93 10
      vertex 9.94977 24.0209 10
    endloop
  endfacet
  facet normal 0 0 1
    outer loop
      vertex 18.3082 0.166629 10
      vertex 12 0 10
      vertex 18.3 0 10
    endloop
  endfacet
  facet normal 0 0 1
    outer loop
      vertex 1.69181 19.8334 10
      vertex 9.94977 24.0209 10
      vertex 7.5474 24.8804 10
    endloop
  endfacet
  facet normal 0 0 1
    outer loop
      vertex 1.69181 20.1666 10
      vertex 7.5474 24.8804 10
      vertex 5.07235 25.5004 10
    endloop
  endfacet
  facet normal 0 0 1
    outer loop
      vertex 1.31412 21.0785 10
      vertex 5.07235 25.5004 10
      vertex 2.54844 25.8748 10
    endloop
  endfacet
  facet normal 0 0 1
    outer loop
      vertex 7.5474 24.8804 10
      vertex 1.7 20 10
      vertex 1.69181 19.8334 10
    endloop
  endfacet
  facet normal 0 0 1
    outer loop
      vertex 9.94977 24.0209 10
      vertex 1.69181 19.8334 10
      vertex 1.66733 19.6683 10
    endloop
  endfacet
  facet normal 0 0 1
    outer loop
      vertex 1.6268 19.5065 10
      vertex 9.94977 24.0209 10
      vertex 1.66733 19.6683 10
    endloop
  endfacet
  facet normal 0 0 1
    outer loop
      vertex 9.94977 24.0209 10
      vertex 1.6268 19.5065 10
      vertex 9 11.2 10
    endloop
  endfacet
  facet normal -0 0 1
    outer loop
      vertex 1.57059 19.3494 10
      vertex 9 11.2 10
      vertex 1.6268 19.5065 10
    endloop
  endfacet
  facet normal -0 0 1
    outer loop
      vertex 1.49927 19.1986 10
      vertex 9 11.2 10
      vertex 1.57059 19.3494 10
    endloop
  endfacet
  facet normal -0 0 1
    outer loop
      vertex 1.4135 19.0555 10
      vertex 9 11.2 10
      vertex 1.49927 19.1986 10
    endloop
  endfacet
  facet normal -0 0 1
    outer loop
      vertex 1.31412 18.9215 10
      vertex 9 11.2 10
      vertex 1.4135 19.0555 10
    endloop
  endfacet
  facet normal -0 0 1
    outer loop
      vertex 1.20208 18.7979 10
      vertex 9 11.2 10
      vertex 1.31412 18.9215 10
    endloop
  endfacet
  facet normal -0 0 1
    outer loop
      vertex 1.07847 18.6859 10
      vertex 9 11.2 10
      vertex 1.20208 18.7979 10
    endloop
  endfacet
  facet normal -0 0 1
    outer loop
      vertex 0.944468 18.5865 10
      vertex 9 11.2 10
      vertex 1.07847 18.6859 10
    endloop
  endfacet
  facet normal -0 0 1
    outer loop
      vertex 0.801374 18.5007 10
      vertex 9 11.2 10
      vertex 0.944468 18.5865 10
    endloop
  endfacet
  facet normal -0 0 1
    outer loop
      vertex 0.650561 18.4294 10
      vertex 9 11.2 10
      vertex 0.801374 18.5007 10
    endloop
  endfacet
  facet normal -0 0 1
    outer loop
      vertex 0.493484 18.3732 10
      vertex 9 11.2 10
      vertex 0.650561 18.4294 10
    endloop
  endfacet
  facet normal -0 0 1
    outer loop
      vertex 0.331653 18.3327 10
      vertex 9 11.2 10
      vertex 0.493484 18.3732 10
    endloop
  endfacet
  facet normal -0 0 1
    outer loop
      vertex 0.166629 18.3082 10
      vertex 9 11.2 10
      vertex 0.331653 18.3327 10
    endloop
  endfacet
  facet normal -0 0 1
    outer loop
      vertex 0 18.3 10
      vertex 9 11.2 10
      vertex 0.166629 18.3082 10
    endloop
  endfacet
  facet normal 0 0 1
    outer loop
      vertex -9 11.2 10
      vertex 0 18.3 10
      vertex -0.166629 18.3082 10
    endloop
  endfacet
  facet normal 0 0 1
    outer loop
      vertex -9 11.2 10
      vertex -0.166629 18.3082 10
      vertex -0.331653 18.3327 10
    endloop
  endfacet
  facet normal 0 0 1
    outer loop
      vertex -9 11.2 10
      vertex -0.331653 18.3327 10
      vertex -0.493484 18.3732 10
    endloop
  endfacet
  facet normal 0 0 1
    outer loop
      vertex -9 11.2 10
      vertex -0.493484 18.3732 10
      vertex -0.650561 18.4294 10
    endloop
  endfacet
  facet normal 0 0 1
    outer loop
      vertex -9 11.2 10
      vertex -0.650561 18.4294 10
      vertex -0.801374 18.5007 10
    endloop
  endfacet
  facet normal 0 0 1
    outer loop
      vertex -9 11.2 10
      vertex -0.801374 18.5007 10
      vertex -0.944468 18.5865 10
    endloop
  endfacet
  facet normal 0 0 1
    outer loop
      vertex -9 11.2 10
      vertex -0.944468 18.5865 10
      vertex -1.07847 18.6859 10
    endloop
  endfacet
  facet normal 0 0 1
    outer loop
      vertex -1.66733 20.3317 10
      vertex -7.5474 24.8804 10
      vertex -1.69181 20.1666 10
    endloop
  endfacet
  facet normal 0 0 1
    outer loop
      vertex -1.69181 20.1666 10
      vertex -7.5474 24.8804 10
      vertex -1.7 20 10
    endloop
  endfacet
  facet normal 0 0 1
    outer loop
      vertex -1.7 20 10
      vertex -7.5474 24.8804 10
      vertex -1.69181 19.8334 10
    endloop
  endfacet
  facet normal -0 0 1
    outer loop
      vertex -9.94977 24.0209 10
      vertex -1.69181 19.8334 10
      vertex -7.5474 24.8804 10
    endloop
  endfacet
  facet normal 0 0 1
    outer loop
      vertex -1.69181 19.8334 10
      vertex -9.94977 24.0209 10
      vertex -1.66733 19.6683 10
    endloop
  endfacet
  facet normal 0 0 1
    outer loop
      vertex -1.66733 19.6683 10
      vertex -9.94977 24.0209 10
      vertex -1.6268 19.5065 10
    endloop
  endfacet
  facet normal 0 -0 1
    outer loop
      vertex -9 11.2 10
      vertex -1.6268 19.5065 10
      vertex -9.94977 24.0209 10
    endloop
  endfacet
  facet normal 0 0 1
    outer loop
      vertex -1.6268 19.5065 10
      vertex -9 11.2 10
      vertex -1.57059 19.3494 10
    endloop
  endfacet
  facet normal 0 0 1
    outer loop
      vertex -1.57059 19.3494 10
      vertex -9 11.2 10
      vertex -1.49927 19.1986 10
    endloop
  endfacet
  facet normal 0 0 1
    outer loop
      vertex -1.49927 19.1986 10
      vertex -9 11.2 10
      vertex -1.4135 19.0555 10
    endloop
  endfacet
  facet normal 0 0 1
    outer loop
      vertex 0 18.3 10
      vertex -9 11.2 10
      vertex 9 11.2 10
    endloop
  endfacet
  facet normal 0 0 1
    outer loop
      vertex -1.20208 18.7979 10
      vertex -9 11.2 10
      vertex -1.07847 18.6859 10
    endloop
  endfacet
  facet normal 0 0 1
    outer loop
      vertex -1.4135 19.0555 10
      vertex -9 11.2 10
      vertex -1.31412 18.9215 10
    endloop
  endfacet
  facet normal 0 0 1
    outer loop
      vertex -1.31412 18.9215 10
      vertex -9 11.2 10
      vertex -1.20208 18.7979 10
    endloop
  endfacet
  facet normal -0 0 1
    outer loop
      vertex -12.2563 22.93 10
      vertex -9 11.2 10
      vertex -9.94977 24.0209 10
    endloop
  endfacet
  facet normal -0 0 1
    outer loop
      vertex -14.4448 21.6182 10
      vertex -9 11.2 10
      vertex -12.2563 22.93 10
    endloop
  endfacet
  facet normal -0.998795 0.0490689 0
    outer loop
      vertex -26 0 0
      vertex -25.8748 2.54844 10
      vertex -25.8748 2.54844 0
    endloop
  endfacet
  facet normal -0.998795 0.0490689 0
    outer loop
      vertex -25.8748 2.54844 10
      vertex -26 0 0
      vertex -26 0 10
    endloop
  endfacet
  facet normal -0.336861 -0.941554 0
    outer loop
      vertex -9.94977 -24.0209 0
      vertex -7.5474 -24.8804 10
      vertex -9.94977 -24.0209 10
    endloop
  endfacet
  facet normal -0.336861 -0.941554 -0
    outer loop
      vertex -7.5474 -24.8804 10
      vertex -9.94977 -24.0209 0
      vertex -7.5474 -24.8804 0
    endloop
  endfacet
  facet normal 0.67155 -0.740959 0
    outer loop
      vertex 16.4942 -20.0983 0
      vertex 18.3848 -18.3848 10
      vertex 16.4942 -20.0983 10
    endloop
  endfacet
  facet normal 0.67155 -0.740959 0
    outer loop
      vertex 18.3848 -18.3848 10
      vertex 16.4942 -20.0983 0
      vertex 18.3848 -18.3848 0
    endloop
  endfacet
  facet normal -0.965948 0.258736 0
    outer loop
      vertex -12 0 10
      vertex -9 11.2 18
      vertex -9 11.2 10
    endloop
  endfacet
  facet normal -0.965948 0.258736 0
    outer loop
      vertex -9 11.2 18
      vertex -12 0 10
      vertex -12 0 18
    endloop
  endfacet
  facet normal -0 0 1
    outer loop
      vertex -9 11.2 18
      vertex 12 0 18
      vertex 9 11.2 18
    endloop
  endfacet
  facet normal 0 0 1
    outer loop
      vertex 12 0 18
      vertex -9 11.2 18
      vertex -12 0 18
    endloop
  endfacet
  facet normal 0 1 -0
    outer loop
      vertex 9 11.2 10
      vertex -9 11.2 18
      vertex 9 11.2 18
    endloop
  endfacet
  facet normal 0 1 0
    outer loop
      vertex -9 11.2 18
      vertex 9 11.2 10
      vertex -9 11.2 10
    endloop
  endfacet
  facet normal 0 -1 0
    outer loop
      vertex -12 0 18
      vertex -6 0 10.01
      vertex 12 0 18
    endloop
  endfacet
  facet normal 0 -1 0
    outer loop
      vertex -12 0 10
      vertex -6 0 10.01
      vertex -12 0 18
    endloop
  endfacet
  facet normal 0 -1 -0
    outer loop
      vertex -6 0 10.01
      vertex -12 0 10
      vertex -6 0 10
    endloop
  endfacet
  facet normal 0 -1 0
    outer loop
      vertex 6 0 10.01
      vertex 12 0 18
      vertex -6 0 10.01
    endloop
  endfacet
  facet normal 0 -1 0
    outer loop
      vertex 12 0 10
      vertex 6 0 10.01
      vertex 6 0 10
    endloop
  endfacet
  facet normal 0 -1 0
    outer loop
      vertex 6 0 10.01
      vertex 12 0 10
      vertex 12 0 18
    endloop
  endfacet
  facet normal 0.965948 0.258736 0
    outer loop
      vertex 12 0 18
      vertex 9 11.2 10
      vertex 9 11.2 18
    endloop
  endfacet
  facet normal 0.965948 0.258736 0
    outer loop
      vertex 9 11.2 10
      vertex 12 0 18
      vertex 12 0 10
    endloop
  endfacet
  facet normal -0.989158 -0.146854 0
    outer loop
      vertex 21.6918 0.166629 0
      vertex 21.6673 0.331653 10
      vertex 21.6673 0.331653 0
    endloop
  endfacet
  facet normal -0.989158 -0.146854 0
    outer loop
      vertex 21.6673 0.331653 10
      vertex 21.6918 0.166629 0
      vertex 21.6918 0.166629 10
    endloop
  endfacet
  facet normal -0.998791 -0.0491516 0
    outer loop
      vertex 21.7 0 0
      vertex 21.6918 0.166629 10
      vertex 21.6918 0.166629 0
    endloop
  endfacet
  facet normal -0.998791 -0.0491516 0
    outer loop
      vertex 21.6918 0.166629 10
      vertex 21.7 0 0
      vertex 21.7 0 10
    endloop
  endfacet
  facet normal -0.970083 -0.242774 0
    outer loop
      vertex 21.6673 0.331653 0
      vertex 21.6268 0.493484 10
      vertex 21.6268 0.493484 0
    endloop
  endfacet
  facet normal -0.970083 -0.242774 0
    outer loop
      vertex 21.6268 0.493484 10
      vertex 21.6673 0.331653 0
      vertex 21.6673 0.331653 10
    endloop
  endfacet
  facet normal -0.42754 0.903996 0
    outer loop
      vertex 20.8014 -1.49927 0
      vertex 20.6506 -1.57059 10
      vertex 20.8014 -1.49927 10
    endloop
  endfacet
  facet normal -0.42754 0.903996 0
    outer loop
      vertex 20.6506 -1.57059 10
      vertex 20.8014 -1.49927 0
      vertex 20.6506 -1.57059 0
    endloop
  endfacet
  facet normal 0.0491004 -0.998794 0
    outer loop
      vertex 19.8334 1.69181 0
      vertex 20 1.7 10
      vertex 19.8334 1.69181 10
    endloop
  endfacet
  facet normal 0.0491004 -0.998794 0
    outer loop
      vertex 20 1.7 10
      vertex 19.8334 1.69181 0
      vertex 20 1.7 0
    endloop
  endfacet
  facet normal 0.42754 -0.903996 0
    outer loop
      vertex 19.1986 1.49927 0
      vertex 19.3494 1.57059 10
      vertex 19.1986 1.49927 10
    endloop
  endfacet
  facet normal 0.42754 -0.903996 0
    outer loop
      vertex 19.3494 1.57059 10
      vertex 19.1986 1.49927 0
      vertex 19.3494 1.57059 0
    endloop
  endfacet
  facet normal -0.741051 -0.671448 0
    outer loop
      vertex 21.3141 1.07847 0
      vertex 21.2021 1.20208 10
      vertex 21.2021 1.20208 0
    endloop
  endfacet
  facet normal -0.741051 -0.671448 0
    outer loop
      vertex 21.2021 1.20208 10
      vertex 21.3141 1.07847 0
      vertex 21.3141 1.07847 10
    endloop
  endfacet
  facet normal 0.14667 0.989185 -0
    outer loop
      vertex 19.8334 -1.69181 0
      vertex 19.6683 -1.66733 10
      vertex 19.8334 -1.69181 10
    endloop
  endfacet
  facet normal 0.14667 0.989185 0
    outer loop
      vertex 19.6683 -1.66733 10
      vertex 19.8334 -1.69181 0
      vertex 19.6683 -1.66733 0
    endloop
  endfacet
  facet normal -0.42754 -0.903996 0
    outer loop
      vertex 20.6506 1.57059 0
      vertex 20.8014 1.49927 10
      vertex 20.6506 1.57059 10
    endloop
  endfacet
  facet normal -0.42754 -0.903996 -0
    outer loop
      vertex 20.8014 1.49927 10
      vertex 20.6506 1.57059 0
      vertex 20.8014 1.49927 0
    endloop
  endfacet
  facet normal 0.14667 -0.989185 0
    outer loop
      vertex 19.6683 1.66733 0
      vertex 19.8334 1.69181 10
      vertex 19.6683 1.66733 10
    endloop
  endfacet
  facet normal 0.14667 -0.989185 0
    outer loop
      vertex 19.8334 1.69181 10
      vertex 19.6683 1.66733 0
      vertex 19.8334 1.69181 0
    endloop
  endfacet
  facet normal -0.242987 0.97003 0
    outer loop
      vertex 20.4935 -1.6268 0
      vertex 20.3317 -1.66733 10
      vertex 20.4935 -1.6268 10
    endloop
  endfacet
  facet normal -0.242987 0.97003 0
    outer loop
      vertex 20.3317 -1.66733 10
      vertex 20.4935 -1.6268 0
      vertex 20.3317 -1.66733 0
    endloop
  endfacet
  facet normal 0.595695 -0.803211 0
    outer loop
      vertex 18.9215 1.31412 0
      vertex 19.0555 1.4135 10
      vertex 18.9215 1.31412 10
    endloop
  endfacet
  facet normal 0.595695 -0.803211 0
    outer loop
      vertex 19.0555 1.4135 10
      vertex 18.9215 1.31412 0
      vertex 19.0555 1.4135 0
    endloop
  endfacet
  facet normal 0.904057 -0.427412 0
    outer loop
      vertex 18.4294 0.650561 10
      vertex 18.5007 0.801374 0
      vertex 18.5007 0.801374 10
    endloop
  endfacet
  facet normal 0.904057 -0.427412 0
    outer loop
      vertex 18.5007 0.801374 0
      vertex 18.4294 0.650561 10
      vertex 18.4294 0.650561 0
    endloop
  endfacet
  facet normal 0.42754 0.903996 -0
    outer loop
      vertex 19.3494 -1.57059 0
      vertex 19.1986 -1.49927 10
      vertex 19.3494 -1.57059 10
    endloop
  endfacet
  facet normal 0.42754 0.903996 0
    outer loop
      vertex 19.1986 -1.49927 10
      vertex 19.3494 -1.57059 0
      vertex 19.1986 -1.49927 0
    endloop
  endfacet
  facet normal 0.595695 0.803211 -0
    outer loop
      vertex 19.0555 -1.4135 0
      vertex 18.9215 -1.31412 10
      vertex 19.0555 -1.4135 10
    endloop
  endfacet
  facet normal 0.595695 0.803211 0
    outer loop
      vertex 18.9215 -1.31412 10
      vertex 19.0555 -1.4135 0
      vertex 18.9215 -1.31412 0
    endloop
  endfacet
  facet normal 0.904057 0.427412 0
    outer loop
      vertex 18.5007 -0.801374 10
      vertex 18.4294 -0.650561 0
      vertex 18.4294 -0.650561 10
    endloop
  endfacet
  facet normal 0.904057 0.427412 0
    outer loop
      vertex 18.4294 -0.650561 0
      vertex 18.5007 -0.801374 10
      vertex 18.5007 -0.801374 0
    endloop
  endfacet
  facet normal -0.514099 -0.857731 0
    outer loop
      vertex 20.8014 1.49927 0
      vertex 20.9445 1.4135 10
      vertex 20.8014 1.49927 10
    endloop
  endfacet
  facet normal -0.514099 -0.857731 -0
    outer loop
      vertex 20.9445 1.4135 10
      vertex 20.8014 1.49927 0
      vertex 20.9445 1.4135 0
    endloop
  endfacet
  facet normal 0.998791 0.0491516 0
    outer loop
      vertex 18.3082 -0.166629 10
      vertex 18.3 0 0
      vertex 18.3 0 10
    endloop
  endfacet
  facet normal 0.998791 0.0491516 0
    outer loop
      vertex 18.3 0 0
      vertex 18.3082 -0.166629 10
      vertex 18.3082 -0.166629 0
    endloop
  endfacet
  facet normal 0.336883 0.941546 -0
    outer loop
      vertex 19.5065 -1.6268 0
      vertex 19.3494 -1.57059 10
      vertex 19.5065 -1.6268 10
    endloop
  endfacet
  facet normal 0.336883 0.941546 0
    outer loop
      vertex 19.3494 -1.57059 10
      vertex 19.5065 -1.6268 0
      vertex 19.3494 -1.57059 0
    endloop
  endfacet
  facet normal -0.595695 -0.803211 0
    outer loop
      vertex 20.9445 1.4135 0
      vertex 21.0785 1.31412 10
      vertex 20.9445 1.4135 10
    endloop
  endfacet
  facet normal -0.595695 -0.803211 -0
    outer loop
      vertex 21.0785 1.31412 10
      vertex 20.9445 1.4135 0
      vertex 21.0785 1.31412 0
    endloop
  endfacet
  facet normal -0.970083 0.242774 0
    outer loop
      vertex 21.6268 -0.493484 0
      vertex 21.6673 -0.331653 10
      vertex 21.6673 -0.331653 0
    endloop
  endfacet
  facet normal -0.970083 0.242774 0
    outer loop
      vertex 21.6673 -0.331653 10
      vertex 21.6268 -0.493484 0
      vertex 21.6268 -0.493484 10
    endloop
  endfacet
  facet normal 0.94155 0.336874 0
    outer loop
      vertex 18.4294 -0.650561 10
      vertex 18.3732 -0.493484 0
      vertex 18.3732 -0.493484 10
    endloop
  endfacet
  facet normal 0.94155 0.336874 0
    outer loop
      vertex 18.3732 -0.493484 0
      vertex 18.4294 -0.650561 10
      vertex 18.4294 -0.650561 0
    endloop
  endfacet
  facet normal -0.242987 -0.97003 0
    outer loop
      vertex 20.3317 1.66733 0
      vertex 20.4935 1.6268 10
      vertex 20.3317 1.66733 10
    endloop
  endfacet
  facet normal -0.242987 -0.97003 -0
    outer loop
      vertex 20.4935 1.6268 10
      vertex 20.3317 1.66733 0
      vertex 20.4935 1.6268 0
    endloop
  endfacet
  facet normal 0.741051 -0.671448 0
    outer loop
      vertex 18.6859 1.07847 10
      vertex 18.7979 1.20208 0
      vertex 18.7979 1.20208 10
    endloop
  endfacet
  facet normal 0.741051 -0.671448 0
    outer loop
      vertex 18.7979 1.20208 0
      vertex 18.6859 1.07847 10
      vertex 18.6859 1.07847 0
    endloop
  endfacet
  facet normal -0.0491004 0.998794 0
    outer loop
      vertex 20.1666 -1.69181 0
      vertex 20 -1.7 10
      vertex 20.1666 -1.69181 10
    endloop
  endfacet
  facet normal -0.0491004 0.998794 0
    outer loop
      vertex 20 -1.7 10
      vertex 20.1666 -1.69181 0
      vertex 20 -1.7 0
    endloop
  endfacet
  facet normal -0.803158 -0.595766 0
    outer loop
      vertex 21.4135 0.944468 0
      vertex 21.3141 1.07847 10
      vertex 21.3141 1.07847 0
    endloop
  endfacet
  facet normal -0.803158 -0.595766 0
    outer loop
      vertex 21.3141 1.07847 10
      vertex 21.4135 0.944468 0
      vertex 21.4135 0.944468 10
    endloop
  endfacet
  facet normal 0.970083 0.242774 0
    outer loop
      vertex 18.3732 -0.493484 10
      vertex 18.3327 -0.331653 0
      vertex 18.3327 -0.331653 10
    endloop
  endfacet
  facet normal 0.970083 0.242774 0
    outer loop
      vertex 18.3327 -0.331653 0
      vertex 18.3732 -0.493484 10
      vertex 18.3732 -0.493484 0
    endloop
  endfacet
  facet normal -0.989158 0.146854 0
    outer loop
      vertex 21.6673 -0.331653 0
      vertex 21.6918 -0.166629 10
      vertex 21.6918 -0.166629 0
    endloop
  endfacet
  facet normal -0.989158 0.146854 0
    outer loop
      vertex 21.6918 -0.166629 10
      vertex 21.6673 -0.331653 0
      vertex 21.6673 -0.331653 10
    endloop
  endfacet
  facet normal -0.514099 0.857731 0
    outer loop
      vertex 20.9445 -1.4135 0
      vertex 20.8014 -1.49927 10
      vertex 20.9445 -1.4135 10
    endloop
  endfacet
  facet normal -0.514099 0.857731 0
    outer loop
      vertex 20.8014 -1.49927 10
      vertex 20.9445 -1.4135 0
      vertex 20.8014 -1.49927 0
    endloop
  endfacet
  facet normal 0.94155 -0.336874 0
    outer loop
      vertex 18.3732 0.493484 10
      vertex 18.4294 0.650561 0
      vertex 18.4294 0.650561 10
    endloop
  endfacet
  facet normal 0.94155 -0.336874 0
    outer loop
      vertex 18.4294 0.650561 0
      vertex 18.3732 0.493484 10
      vertex 18.3732 0.493484 0
    endloop
  endfacet
  facet normal -0.67161 -0.740905 0
    outer loop
      vertex 21.0785 1.31412 0
      vertex 21.2021 1.20208 10
      vertex 21.0785 1.31412 10
    endloop
  endfacet
  facet normal -0.67161 -0.740905 -0
    outer loop
      vertex 21.2021 1.20208 10
      vertex 21.0785 1.31412 0
      vertex 21.2021 1.20208 0
    endloop
  endfacet
  facet normal 0.989158 -0.146854 0
    outer loop
      vertex 18.3082 0.166629 10
      vertex 18.3327 0.331653 0
      vertex 18.3327 0.331653 10
    endloop
  endfacet
  facet normal 0.989158 -0.146854 0
    outer loop
      vertex 18.3327 0.331653 0
      vertex 18.3082 0.166629 10
      vertex 18.3082 0.166629 0
    endloop
  endfacet
  facet normal -0.904057 0.427412 0
    outer loop
      vertex 21.4993 -0.801374 0
      vertex 21.5706 -0.650561 10
      vertex 21.5706 -0.650561 0
    endloop
  endfacet
  facet normal -0.904057 0.427412 0
    outer loop
      vertex 21.5706 -0.650561 10
      vertex 21.4993 -0.801374 0
      vertex 21.4993 -0.801374 10
    endloop
  endfacet
  facet normal -0.336883 -0.941546 0
    outer loop
      vertex 20.4935 1.6268 0
      vertex 20.6506 1.57059 10
      vertex 20.4935 1.6268 10
    endloop
  endfacet
  facet normal -0.336883 -0.941546 -0
    outer loop
      vertex 20.6506 1.57059 10
      vertex 20.4935 1.6268 0
      vertex 20.6506 1.57059 0
    endloop
  endfacet
  facet normal -0.998791 0.0491516 0
    outer loop
      vertex 21.6918 -0.166629 0
      vertex 21.7 0 10
      vertex 21.7 0 0
    endloop
  endfacet
  facet normal -0.998791 0.0491516 0
    outer loop
      vertex 21.7 0 10
      vertex 21.6918 -0.166629 0
      vertex 21.6918 -0.166629 10
    endloop
  endfacet
  facet normal -0.14667 0.989185 0
    outer loop
      vertex 20.3317 -1.66733 0
      vertex 20.1666 -1.69181 10
      vertex 20.3317 -1.66733 10
    endloop
  endfacet
  facet normal -0.14667 0.989185 0
    outer loop
      vertex 20.1666 -1.69181 10
      vertex 20.3317 -1.66733 0
      vertex 20.1666 -1.69181 0
    endloop
  endfacet
  facet normal -0.94155 -0.336874 0
    outer loop
      vertex 21.6268 0.493484 0
      vertex 21.5706 0.650561 10
      vertex 21.5706 0.650561 0
    endloop
  endfacet
  facet normal -0.94155 -0.336874 0
    outer loop
      vertex 21.5706 0.650561 10
      vertex 21.6268 0.493484 0
      vertex 21.6268 0.493484 10
    endloop
  endfacet
  facet normal -0.803158 0.595766 0
    outer loop
      vertex 21.3141 -1.07847 0
      vertex 21.4135 -0.944468 10
      vertex 21.4135 -0.944468 0
    endloop
  endfacet
  facet normal -0.803158 0.595766 0
    outer loop
      vertex 21.4135 -0.944468 10
      vertex 21.3141 -1.07847 0
      vertex 21.3141 -1.07847 10
    endloop
  endfacet
  facet normal -0.857642 0.514247 0
    outer loop
      vertex 21.4135 -0.944468 0
      vertex 21.4993 -0.801374 10
      vertex 21.4993 -0.801374 0
    endloop
  endfacet
  facet normal -0.857642 0.514247 0
    outer loop
      vertex 21.4993 -0.801374 10
      vertex 21.4135 -0.944468 0
      vertex 21.4135 -0.944468 10
    endloop
  endfacet
  facet normal 0.242987 -0.97003 0
    outer loop
      vertex 19.5065 1.6268 0
      vertex 19.6683 1.66733 10
      vertex 19.5065 1.6268 10
    endloop
  endfacet
  facet normal 0.242987 -0.97003 0
    outer loop
      vertex 19.6683 1.66733 10
      vertex 19.5065 1.6268 0
      vertex 19.6683 1.66733 0
    endloop
  endfacet
  facet normal -0.94155 0.336874 0
    outer loop
      vertex 21.5706 -0.650561 0
      vertex 21.6268 -0.493484 10
      vertex 21.6268 -0.493484 0
    endloop
  endfacet
  facet normal -0.94155 0.336874 0
    outer loop
      vertex 21.6268 -0.493484 10
      vertex 21.5706 -0.650561 0
      vertex 21.5706 -0.650561 10
    endloop
  endfacet
  facet normal -0.0491004 -0.998794 0
    outer loop
      vertex 20 1.7 0
      vertex 20.1666 1.69181 10
      vertex 20 1.7 10
    endloop
  endfacet
  facet normal -0.0491004 -0.998794 -0
    outer loop
      vertex 20.1666 1.69181 10
      vertex 20 1.7 0
      vertex 20.1666 1.69181 0
    endloop
  endfacet
  facet normal 0.514099 -0.857731 0
    outer loop
      vertex 19.0555 1.4135 0
      vertex 19.1986 1.49927 10
      vertex 19.0555 1.4135 10
    endloop
  endfacet
  facet normal 0.514099 -0.857731 0
    outer loop
      vertex 19.1986 1.49927 10
      vertex 19.0555 1.4135 0
      vertex 19.1986 1.49927 0
    endloop
  endfacet
  facet normal -0.904057 -0.427412 0
    outer loop
      vertex 21.5706 0.650561 0
      vertex 21.4993 0.801374 10
      vertex 21.4993 0.801374 0
    endloop
  endfacet
  facet normal -0.904057 -0.427412 0
    outer loop
      vertex 21.4993 0.801374 10
      vertex 21.5706 0.650561 0
      vertex 21.5706 0.650561 10
    endloop
  endfacet
  facet normal -0.14667 -0.989185 0
    outer loop
      vertex 20.1666 1.69181 0
      vertex 20.3317 1.66733 10
      vertex 20.1666 1.69181 10
    endloop
  endfacet
  facet normal -0.14667 -0.989185 -0
    outer loop
      vertex 20.3317 1.66733 10
      vertex 20.1666 1.69181 0
      vertex 20.3317 1.66733 0
    endloop
  endfacet
  facet normal 0.242987 0.97003 -0
    outer loop
      vertex 19.6683 -1.66733 0
      vertex 19.5065 -1.6268 10
      vertex 19.6683 -1.66733 10
    endloop
  endfacet
  facet normal 0.242987 0.97003 0
    outer loop
      vertex 19.5065 -1.6268 10
      vertex 19.6683 -1.66733 0
      vertex 19.5065 -1.6268 0
    endloop
  endfacet
  facet normal 0.857642 0.514247 0
    outer loop
      vertex 18.5865 -0.944468 10
      vertex 18.5007 -0.801374 0
      vertex 18.5007 -0.801374 10
    endloop
  endfacet
  facet normal 0.857642 0.514247 0
    outer loop
      vertex 18.5007 -0.801374 0
      vertex 18.5865 -0.944468 10
      vertex 18.5865 -0.944468 0
    endloop
  endfacet
  facet normal -0.857642 -0.514247 0
    outer loop
      vertex 21.4993 0.801374 0
      vertex 21.4135 0.944468 10
      vertex 21.4135 0.944468 0
    endloop
  endfacet
  facet normal -0.857642 -0.514247 0
    outer loop
      vertex 21.4135 0.944468 10
      vertex 21.4993 0.801374 0
      vertex 21.4993 0.801374 10
    endloop
  endfacet
  facet normal 0.336883 -0.941546 0
    outer loop
      vertex 19.3494 1.57059 0
      vertex 19.5065 1.6268 10
      vertex 19.3494 1.57059 10
    endloop
  endfacet
  facet normal 0.336883 -0.941546 0
    outer loop
      vertex 19.5065 1.6268 10
      vertex 19.3494 1.57059 0
      vertex 19.5065 1.6268 0
    endloop
  endfacet
  facet normal 0.741051 0.671448 0
    outer loop
      vertex 18.7979 -1.20208 10
      vertex 18.6859 -1.07847 0
      vertex 18.6859 -1.07847 10
    endloop
  endfacet
  facet normal 0.741051 0.671448 0
    outer loop
      vertex 18.6859 -1.07847 0
      vertex 18.7979 -1.20208 10
      vertex 18.7979 -1.20208 0
    endloop
  endfacet
  facet normal 0.67161 -0.740905 0
    outer loop
      vertex 18.7979 1.20208 0
      vertex 18.9215 1.31412 10
      vertex 18.7979 1.20208 10
    endloop
  endfacet
  facet normal 0.67161 -0.740905 0
    outer loop
      vertex 18.9215 1.31412 10
      vertex 18.7979 1.20208 0
      vertex 18.9215 1.31412 0
    endloop
  endfacet
  facet normal 0.514099 0.857731 -0
    outer loop
      vertex 19.1986 -1.49927 0
      vertex 19.0555 -1.4135 10
      vertex 19.1986 -1.49927 10
    endloop
  endfacet
  facet normal 0.514099 0.857731 0
    outer loop
      vertex 19.0555 -1.4135 10
      vertex 19.1986 -1.49927 0
      vertex 19.0555 -1.4135 0
    endloop
  endfacet
  facet normal 0.970083 -0.242774 0
    outer loop
      vertex 18.3327 0.331653 10
      vertex 18.3732 0.493484 0
      vertex 18.3732 0.493484 10
    endloop
  endfacet
  facet normal 0.970083 -0.242774 0
    outer loop
      vertex 18.3732 0.493484 0
      vertex 18.3327 0.331653 10
      vertex 18.3327 0.331653 0
    endloop
  endfacet
  facet normal -0.336883 0.941546 0
    outer loop
      vertex 20.6506 -1.57059 0
      vertex 20.4935 -1.6268 10
      vertex 20.6506 -1.57059 10
    endloop
  endfacet
  facet normal -0.336883 0.941546 0
    outer loop
      vertex 20.4935 -1.6268 10
      vertex 20.6506 -1.57059 0
      vertex 20.4935 -1.6268 0
    endloop
  endfacet
  facet normal 0.803158 0.595766 0
    outer loop
      vertex 18.6859 -1.07847 10
      vertex 18.5865 -0.944468 0
      vertex 18.5865 -0.944468 10
    endloop
  endfacet
  facet normal 0.803158 0.595766 0
    outer loop
      vertex 18.5865 -0.944468 0
      vertex 18.6859 -1.07847 10
      vertex 18.6859 -1.07847 0
    endloop
  endfacet
  facet normal 0.989158 0.146854 0
    outer loop
      vertex 18.3327 -0.331653 10
      vertex 18.3082 -0.166629 0
      vertex 18.3082 -0.166629 10
    endloop
  endfacet
  facet normal 0.989158 0.146854 0
    outer loop
      vertex 18.3082 -0.166629 0
      vertex 18.3327 -0.331653 10
      vertex 18.3327 -0.331653 0
    endloop
  endfacet
  facet normal -0.595695 0.803211 0
    outer loop
      vertex 21.0785 -1.31412 0
      vertex 20.9445 -1.4135 10
      vertex 21.0785 -1.31412 10
    endloop
  endfacet
  facet normal -0.595695 0.803211 0
    outer loop
      vertex 20.9445 -1.4135 10
      vertex 21.0785 -1.31412 0
      vertex 20.9445 -1.4135 0
    endloop
  endfacet
  facet normal 0.67161 0.740905 -0
    outer loop
      vertex 18.9215 -1.31412 0
      vertex 18.7979 -1.20208 10
      vertex 18.9215 -1.31412 10
    endloop
  endfacet
  facet normal 0.67161 0.740905 0
    outer loop
      vertex 18.7979 -1.20208 10
      vertex 18.9215 -1.31412 0
      vertex 18.7979 -1.20208 0
    endloop
  endfacet
  facet normal 0.803158 -0.595766 0
    outer loop
      vertex 18.5865 0.944468 10
      vertex 18.6859 1.07847 0
      vertex 18.6859 1.07847 10
    endloop
  endfacet
  facet normal 0.803158 -0.595766 0
    outer loop
      vertex 18.6859 1.07847 0
      vertex 18.5865 0.944468 10
      vertex 18.5865 0.944468 0
    endloop
  endfacet
  facet normal 0.857642 -0.514247 0
    outer loop
      vertex 18.5007 0.801374 10
      vertex 18.5865 0.944468 0
      vertex 18.5865 0.944468 10
    endloop
  endfacet
  facet normal 0.857642 -0.514247 0
    outer loop
      vertex 18.5865 0.944468 0
      vertex 18.5007 0.801374 10
      vertex 18.5007 0.801374 0
    endloop
  endfacet
  facet normal 0.0491004 0.998794 -0
    outer loop
      vertex 20 -1.7 0
      vertex 19.8334 -1.69181 10
      vertex 20 -1.7 10
    endloop
  endfacet
  facet normal 0.0491004 0.998794 0
    outer loop
      vertex 19.8334 -1.69181 10
      vertex 20 -1.7 0
      vertex 19.8334 -1.69181 0
    endloop
  endfacet
  facet normal 0.998791 -0.0491516 0
    outer loop
      vertex 18.3 0 10
      vertex 18.3082 0.166629 0
      vertex 18.3082 0.166629 10
    endloop
  endfacet
  facet normal 0.998791 -0.0491516 0
    outer loop
      vertex 18.3082 0.166629 0
      vertex 18.3 0 10
      vertex 18.3 0 0
    endloop
  endfacet
  facet normal -0.741051 0.671448 0
    outer loop
      vertex 21.2021 -1.20208 0
      vertex 21.3141 -1.07847 10
      vertex 21.3141 -1.07847 0
    endloop
  endfacet
  facet normal -0.741051 0.671448 0
    outer loop
      vertex 21.3141 -1.07847 10
      vertex 21.2021 -1.20208 0
      vertex 21.2021 -1.20208 10
    endloop
  endfacet
  facet normal -0.67161 0.740905 0
    outer loop
      vertex 21.2021 -1.20208 0
      vertex 21.0785 -1.31412 10
      vertex 21.2021 -1.20208 10
    endloop
  endfacet
  facet normal -0.67161 0.740905 0
    outer loop
      vertex 21.0785 -1.31412 10
      vertex 21.2021 -1.20208 0
      vertex 21.0785 -1.31412 0
    endloop
  endfacet
  facet normal 0.146854 -0.989158 0
    outer loop
      vertex -0.331653 21.6673 0
      vertex -0.166629 21.6918 10
      vertex -0.331653 21.6673 10
    endloop
  endfacet
  facet normal 0.146854 -0.989158 0
    outer loop
      vertex -0.166629 21.6918 10
      vertex -0.331653 21.6673 0
      vertex -0.166629 21.6918 0
    endloop
  endfacet
  facet normal 0.0491516 -0.998791 0
    outer loop
      vertex -0.166629 21.6918 0
      vertex 0 21.7 10
      vertex -0.166629 21.6918 10
    endloop
  endfacet
  facet normal 0.0491516 -0.998791 0
    outer loop
      vertex 0 21.7 10
      vertex -0.166629 21.6918 0
      vertex 0 21.7 0
    endloop
  endfacet
  facet normal 0.242774 -0.970083 0
    outer loop
      vertex -0.493484 21.6268 0
      vertex -0.331653 21.6673 10
      vertex -0.493484 21.6268 10
    endloop
  endfacet
  facet normal 0.242774 -0.970083 0
    outer loop
      vertex -0.331653 21.6673 10
      vertex -0.493484 21.6268 0
      vertex -0.331653 21.6673 0
    endloop
  endfacet
  facet normal 0.998794 0.0491004 0
    outer loop
      vertex -1.69181 19.8334 10
      vertex -1.7 20 0
      vertex -1.7 20 10
    endloop
  endfacet
  facet normal 0.998794 0.0491004 0
    outer loop
      vertex -1.7 20 0
      vertex -1.69181 19.8334 10
      vertex -1.69181 19.8334 0
    endloop
  endfacet
  facet normal 0.671448 -0.741051 0
    outer loop
      vertex -1.20208 21.2021 0
      vertex -1.07847 21.3141 10
      vertex -1.20208 21.2021 10
    endloop
  endfacet
  facet normal 0.671448 -0.741051 0
    outer loop
      vertex -1.07847 21.3141 10
      vertex -1.20208 21.2021 0
      vertex -1.07847 21.3141 0
    endloop
  endfacet
  facet normal -0.989185 0.14667 0
    outer loop
      vertex 1.66733 19.6683 0
      vertex 1.69181 19.8334 10
      vertex 1.69181 19.8334 0
    endloop
  endfacet
  facet normal -0.989185 0.14667 0
    outer loop
      vertex 1.69181 19.8334 10
      vertex 1.66733 19.6683 0
      vertex 1.66733 19.6683 10
    endloop
  endfacet
  facet normal 0.903996 -0.42754 0
    outer loop
      vertex -1.57059 20.6506 10
      vertex -1.49927 20.8014 0
      vertex -1.49927 20.8014 10
    endloop
  endfacet
  facet normal 0.903996 -0.42754 0
    outer loop
      vertex -1.49927 20.8014 0
      vertex -1.57059 20.6506 10
      vertex -1.57059 20.6506 0
    endloop
  endfacet
  facet normal -0.97003 -0.242987 0
    outer loop
      vertex 1.66733 20.3317 0
      vertex 1.6268 20.4935 10
      vertex 1.6268 20.4935 0
    endloop
  endfacet
  facet normal -0.97003 -0.242987 0
    outer loop
      vertex 1.6268 20.4935 10
      vertex 1.66733 20.3317 0
      vertex 1.66733 20.3317 10
    endloop
  endfacet
  facet normal 0.595766 0.803158 -0
    outer loop
      vertex -0.944468 18.5865 0
      vertex -1.07847 18.6859 10
      vertex -0.944468 18.5865 10
    endloop
  endfacet
  facet normal 0.595766 0.803158 0
    outer loop
      vertex -1.07847 18.6859 10
      vertex -0.944468 18.5865 0
      vertex -1.07847 18.6859 0
    endloop
  endfacet
  facet normal 0.941546 0.336883 0
    outer loop
      vertex -1.57059 19.3494 10
      vertex -1.6268 19.5065 0
      vertex -1.6268 19.5065 10
    endloop
  endfacet
  facet normal 0.941546 0.336883 0
    outer loop
      vertex -1.6268 19.5065 0
      vertex -1.57059 19.3494 10
      vertex -1.57059 19.3494 0
    endloop
  endfacet
  facet normal 0.803211 0.595695 0
    outer loop
      vertex -1.31412 18.9215 10
      vertex -1.4135 19.0555 0
      vertex -1.4135 19.0555 10
    endloop
  endfacet
  facet normal 0.803211 0.595695 0
    outer loop
      vertex -1.4135 19.0555 0
      vertex -1.31412 18.9215 10
      vertex -1.31412 18.9215 0
    endloop
  endfacet
  facet normal 0.427412 0.904057 -0
    outer loop
      vertex -0.650561 18.4294 0
      vertex -0.801374 18.5007 10
      vertex -0.650561 18.4294 10
    endloop
  endfacet
  facet normal 0.427412 0.904057 0
    outer loop
      vertex -0.801374 18.5007 10
      vertex -0.650561 18.4294 0
      vertex -0.801374 18.5007 0
    endloop
  endfacet
  facet normal -0.903996 0.42754 0
    outer loop
      vertex 1.49927 19.1986 0
      vertex 1.57059 19.3494 10
      vertex 1.57059 19.3494 0
    endloop
  endfacet
  facet normal -0.903996 0.42754 0
    outer loop
      vertex 1.57059 19.3494 10
      vertex 1.49927 19.1986 0
      vertex 1.49927 19.1986 10
    endloop
  endfacet
  facet normal -0.941546 -0.336883 0
    outer loop
      vertex 1.6268 20.4935 0
      vertex 1.57059 20.6506 10
      vertex 1.57059 20.6506 0
    endloop
  endfacet
  facet normal -0.941546 -0.336883 0
    outer loop
      vertex 1.57059 20.6506 10
      vertex 1.6268 20.4935 0
      vertex 1.6268 20.4935 10
    endloop
  endfacet
  facet normal -0.803211 0.595695 0
    outer loop
      vertex 1.31412 18.9215 0
      vertex 1.4135 19.0555 10
      vertex 1.4135 19.0555 0
    endloop
  endfacet
  facet normal -0.803211 0.595695 0
    outer loop
      vertex 1.4135 19.0555 10
      vertex 1.31412 18.9215 0
      vertex 1.31412 18.9215 10
    endloop
  endfacet
  facet normal -0.427412 0.904057 0
    outer loop
      vertex 0.801374 18.5007 0
      vertex 0.650561 18.4294 10
      vertex 0.801374 18.5007 10
    endloop
  endfacet
  facet normal -0.427412 0.904057 0
    outer loop
      vertex 0.650561 18.4294 10
      vertex 0.801374 18.5007 0
      vertex 0.650561 18.4294 0
    endloop
  endfacet
  facet normal 0.857731 -0.514099 0
    outer loop
      vertex -1.49927 20.8014 10
      vertex -1.4135 20.9445 0
      vertex -1.4135 20.9445 10
    endloop
  endfacet
  facet normal 0.857731 -0.514099 0
    outer loop
      vertex -1.4135 20.9445 0
      vertex -1.49927 20.8014 10
      vertex -1.49927 20.8014 0
    endloop
  endfacet
  facet normal -0.903996 -0.42754 0
    outer loop
      vertex 1.57059 20.6506 0
      vertex 1.49927 20.8014 10
      vertex 1.49927 20.8014 0
    endloop
  endfacet
  facet normal -0.903996 -0.42754 0
    outer loop
      vertex 1.49927 20.8014 10
      vertex 1.57059 20.6506 0
      vertex 1.57059 20.6506 10
    endloop
  endfacet
  facet normal -0.146854 -0.989158 0
    outer loop
      vertex 0.166629 21.6918 0
      vertex 0.331653 21.6673 10
      vertex 0.166629 21.6918 10
    endloop
  endfacet
  facet normal -0.146854 -0.989158 -0
    outer loop
      vertex 0.331653 21.6673 10
      vertex 0.166629 21.6918 0
      vertex 0.331653 21.6673 0
    endloop
  endfacet
  facet normal -0.0491516 0.998791 0
    outer loop
      vertex 0.166629 18.3082 0
      vertex 0 18.3 10
      vertex 0.166629 18.3082 10
    endloop
  endfacet
  facet normal -0.0491516 0.998791 0
    outer loop
      vertex 0 18.3 10
      vertex 0.166629 18.3082 0
      vertex 0 18.3 0
    endloop
  endfacet
  facet normal -0.941546 0.336883 0
    outer loop
      vertex 1.57059 19.3494 0
      vertex 1.6268 19.5065 10
      vertex 1.6268 19.5065 0
    endloop
  endfacet
  facet normal -0.941546 0.336883 0
    outer loop
      vertex 1.6268 19.5065 10
      vertex 1.57059 19.3494 0
      vertex 1.57059 19.3494 10
    endloop
  endfacet
  facet normal 0.803211 -0.595695 0
    outer loop
      vertex -1.4135 20.9445 10
      vertex -1.31412 21.0785 0
      vertex -1.31412 21.0785 10
    endloop
  endfacet
  facet normal 0.803211 -0.595695 0
    outer loop
      vertex -1.31412 21.0785 0
      vertex -1.4135 20.9445 10
      vertex -1.4135 20.9445 0
    endloop
  endfacet
  facet normal -0.242774 -0.970083 0
    outer loop
      vertex 0.331653 21.6673 0
      vertex 0.493484 21.6268 10
      vertex 0.331653 21.6673 10
    endloop
  endfacet
  facet normal -0.242774 -0.970083 -0
    outer loop
      vertex 0.493484 21.6268 10
      vertex 0.331653 21.6673 0
      vertex 0.493484 21.6268 0
    endloop
  endfacet
  facet normal 0.857731 0.514099 0
    outer loop
      vertex -1.4135 19.0555 10
      vertex -1.49927 19.1986 0
      vertex -1.49927 19.1986 10
    endloop
  endfacet
  facet normal 0.857731 0.514099 0
    outer loop
      vertex -1.49927 19.1986 0
      vertex -1.4135 19.0555 10
      vertex -1.4135 19.0555 0
    endloop
  endfacet
  facet normal -0.336874 0.94155 0
    outer loop
      vertex 0.650561 18.4294 0
      vertex 0.493484 18.3732 10
      vertex 0.650561 18.4294 10
    endloop
  endfacet
  facet normal -0.336874 0.94155 0
    outer loop
      vertex 0.493484 18.3732 10
      vertex 0.650561 18.4294 0
      vertex 0.493484 18.3732 0
    endloop
  endfacet
  facet normal 0.97003 -0.242987 0
    outer loop
      vertex -1.66733 20.3317 10
      vertex -1.6268 20.4935 0
      vertex -1.6268 20.4935 10
    endloop
  endfacet
  facet normal 0.97003 -0.242987 0
    outer loop
      vertex -1.6268 20.4935 0
      vertex -1.66733 20.3317 10
      vertex -1.66733 20.3317 0
    endloop
  endfacet
  facet normal 0.671448 0.741051 -0
    outer loop
      vertex -1.07847 18.6859 0
      vertex -1.20208 18.7979 10
      vertex -1.07847 18.6859 10
    endloop
  endfacet
  facet normal 0.671448 0.741051 0
    outer loop
      vertex -1.20208 18.7979 10
      vertex -1.07847 18.6859 0
      vertex -1.20208 18.7979 0
    endloop
  endfacet
  facet normal 0.595766 -0.803158 0
    outer loop
      vertex -1.07847 21.3141 0
      vertex -0.944468 21.4135 10
      vertex -1.07847 21.3141 10
    endloop
  endfacet
  facet normal 0.595766 -0.803158 0
    outer loop
      vertex -0.944468 21.4135 10
      vertex -1.07847 21.3141 0
      vertex -0.944468 21.4135 0
    endloop
  endfacet
  facet normal -0.242774 0.970083 0
    outer loop
      vertex 0.493484 18.3732 0
      vertex 0.331653 18.3327 10
      vertex 0.493484 18.3732 10
    endloop
  endfacet
  facet normal -0.242774 0.970083 0
    outer loop
      vertex 0.331653 18.3327 10
      vertex 0.493484 18.3732 0
      vertex 0.331653 18.3327 0
    endloop
  endfacet
  facet normal -0.857731 -0.514099 0
    outer loop
      vertex 1.49927 20.8014 0
      vertex 1.4135 20.9445 10
      vertex 1.4135 20.9445 0
    endloop
  endfacet
  facet normal -0.857731 -0.514099 0
    outer loop
      vertex 1.4135 20.9445 10
      vertex 1.49927 20.8014 0
      vertex 1.49927 20.8014 10
    endloop
  endfacet
  facet normal -0.427412 -0.904057 0
    outer loop
      vertex 0.650561 21.5706 0
      vertex 0.801374 21.4993 10
      vertex 0.650561 21.5706 10
    endloop
  endfacet
  facet normal -0.427412 -0.904057 -0
    outer loop
      vertex 0.801374 21.4993 10
      vertex 0.650561 21.5706 0
      vertex 0.801374 21.4993 0
    endloop
  endfacet
  facet normal 0.941546 -0.336883 0
    outer loop
      vertex -1.6268 20.4935 10
      vertex -1.57059 20.6506 0
      vertex -1.57059 20.6506 10
    endloop
  endfacet
  facet normal 0.941546 -0.336883 0
    outer loop
      vertex -1.57059 20.6506 0
      vertex -1.6268 20.4935 10
      vertex -1.6268 20.4935 0
    endloop
  endfacet
  facet normal 0.146854 0.989158 -0
    outer loop
      vertex -0.166629 18.3082 0
      vertex -0.331653 18.3327 10
      vertex -0.166629 18.3082 10
    endloop
  endfacet
  facet normal 0.146854 0.989158 0
    outer loop
      vertex -0.331653 18.3327 10
      vertex -0.166629 18.3082 0
      vertex -0.331653 18.3327 0
    endloop
  endfacet
  facet normal -0.595766 -0.803158 0
    outer loop
      vertex 0.944468 21.4135 0
      vertex 1.07847 21.3141 10
      vertex 0.944468 21.4135 10
    endloop
  endfacet
  facet normal -0.595766 -0.803158 -0
    outer loop
      vertex 1.07847 21.3141 10
      vertex 0.944468 21.4135 0
      vertex 1.07847 21.3141 0
    endloop
  endfacet
  facet normal -0.998794 -0.0491004 0
    outer loop
      vertex 1.7 20 0
      vertex 1.69181 20.1666 10
      vertex 1.69181 20.1666 0
    endloop
  endfacet
  facet normal -0.998794 -0.0491004 0
    outer loop
      vertex 1.69181 20.1666 10
      vertex 1.7 20 0
      vertex 1.7 20 10
    endloop
  endfacet
  facet normal -0.989185 -0.14667 0
    outer loop
      vertex 1.69181 20.1666 0
      vertex 1.66733 20.3317 10
      vertex 1.66733 20.3317 0
    endloop
  endfacet
  facet normal -0.989185 -0.14667 0
    outer loop
      vertex 1.66733 20.3317 10
      vertex 1.69181 20.1666 0
      vertex 1.69181 20.1666 10
    endloop
  endfacet
  facet normal 0.336874 -0.94155 0
    outer loop
      vertex -0.650561 21.5706 0
      vertex -0.493484 21.6268 10
      vertex -0.650561 21.5706 10
    endloop
  endfacet
  facet normal 0.336874 -0.94155 0
    outer loop
      vertex -0.493484 21.6268 10
      vertex -0.650561 21.5706 0
      vertex -0.493484 21.6268 0
    endloop
  endfacet
  facet normal -0.514247 -0.857642 0
    outer loop
      vertex 0.801374 21.4993 0
      vertex 0.944468 21.4135 10
      vertex 0.801374 21.4993 10
    endloop
  endfacet
  facet normal -0.514247 -0.857642 -0
    outer loop
      vertex 0.944468 21.4135 10
      vertex 0.801374 21.4993 0
      vertex 0.944468 21.4135 0
    endloop
  endfacet
  facet normal 0.97003 0.242987 0
    outer loop
      vertex -1.6268 19.5065 10
      vertex -1.66733 19.6683 0
      vertex -1.66733 19.6683 10
    endloop
  endfacet
  facet normal 0.97003 0.242987 0
    outer loop
      vertex -1.66733 19.6683 0
      vertex -1.6268 19.5065 10
      vertex -1.6268 19.5065 0
    endloop
  endfacet
  facet normal 0.998794 -0.0491004 0
    outer loop
      vertex -1.7 20 10
      vertex -1.69181 20.1666 0
      vertex -1.69181 20.1666 10
    endloop
  endfacet
  facet normal 0.998794 -0.0491004 0
    outer loop
      vertex -1.69181 20.1666 0
      vertex -1.7 20 10
      vertex -1.7 20 0
    endloop
  endfacet
  facet normal 0.427412 -0.904057 0
    outer loop
      vertex -0.801374 21.4993 0
      vertex -0.650561 21.5706 10
      vertex -0.801374 21.4993 10
    endloop
  endfacet
  facet normal 0.427412 -0.904057 0
    outer loop
      vertex -0.650561 21.5706 10
      vertex -0.801374 21.4993 0
      vertex -0.650561 21.5706 0
    endloop
  endfacet
  facet normal 0.989185 -0.14667 0
    outer loop
      vertex -1.69181 20.1666 10
      vertex -1.66733 20.3317 0
      vertex -1.66733 20.3317 10
    endloop
  endfacet
  facet normal 0.989185 -0.14667 0
    outer loop
      vertex -1.66733 20.3317 0
      vertex -1.69181 20.1666 10
      vertex -1.69181 20.1666 0
    endloop
  endfacet
  facet normal -0.97003 0.242987 0
    outer loop
      vertex 1.6268 19.5065 0
      vertex 1.66733 19.6683 10
      vertex 1.66733 19.6683 0
    endloop
  endfacet
  facet normal -0.97003 0.242987 0
    outer loop
      vertex 1.66733 19.6683 10
      vertex 1.6268 19.5065 0
      vertex 1.6268 19.5065 10
    endloop
  endfacet
  facet normal -0.514247 0.857642 0
    outer loop
      vertex 0.944468 18.5865 0
      vertex 0.801374 18.5007 10
      vertex 0.944468 18.5865 10
    endloop
  endfacet
  facet normal -0.514247 0.857642 0
    outer loop
      vertex 0.801374 18.5007 10
      vertex 0.944468 18.5865 0
      vertex 0.801374 18.5007 0
    endloop
  endfacet
  facet normal 0.514247 -0.857642 0
    outer loop
      vertex -0.944468 21.4135 0
      vertex -0.801374 21.4993 10
      vertex -0.944468 21.4135 10
    endloop
  endfacet
  facet normal 0.514247 -0.857642 0
    outer loop
      vertex -0.801374 21.4993 10
      vertex -0.944468 21.4135 0
      vertex -0.801374 21.4993 0
    endloop
  endfacet
  facet normal -0.0491516 -0.998791 0
    outer loop
      vertex 0 21.7 0
      vertex 0.166629 21.6918 10
      vertex 0 21.7 10
    endloop
  endfacet
  facet normal -0.0491516 -0.998791 -0
    outer loop
      vertex 0.166629 21.6918 10
      vertex 0 21.7 0
      vertex 0.166629 21.6918 0
    endloop
  endfacet
  facet normal 0.740905 0.67161 0
    outer loop
      vertex -1.20208 18.7979 10
      vertex -1.31412 18.9215 0
      vertex -1.31412 18.9215 10
    endloop
  endfacet
  facet normal 0.740905 0.67161 0
    outer loop
      vertex -1.31412 18.9215 0
      vertex -1.20208 18.7979 10
      vertex -1.20208 18.7979 0
    endloop
  endfacet
  facet normal -0.671448 0.741051 0
    outer loop
      vertex 1.20208 18.7979 0
      vertex 1.07847 18.6859 10
      vertex 1.20208 18.7979 10
    endloop
  endfacet
  facet normal -0.671448 0.741051 0
    outer loop
      vertex 1.07847 18.6859 10
      vertex 1.20208 18.7979 0
      vertex 1.07847 18.6859 0
    endloop
  endfacet
  facet normal 0.903996 0.42754 0
    outer loop
      vertex -1.49927 19.1986 10
      vertex -1.57059 19.3494 0
      vertex -1.57059 19.3494 10
    endloop
  endfacet
  facet normal 0.903996 0.42754 0
    outer loop
      vertex -1.57059 19.3494 0
      vertex -1.49927 19.1986 10
      vertex -1.49927 19.1986 0
    endloop
  endfacet
  facet normal -0.857731 0.514099 0
    outer loop
      vertex 1.4135 19.0555 0
      vertex 1.49927 19.1986 10
      vertex 1.49927 19.1986 0
    endloop
  endfacet
  facet normal -0.857731 0.514099 0
    outer loop
      vertex 1.49927 19.1986 10
      vertex 1.4135 19.0555 0
      vertex 1.4135 19.0555 10
    endloop
  endfacet
  facet normal 0.242774 0.970083 -0
    outer loop
      vertex -0.331653 18.3327 0
      vertex -0.493484 18.3732 10
      vertex -0.331653 18.3327 10
    endloop
  endfacet
  facet normal 0.242774 0.970083 0
    outer loop
      vertex -0.493484 18.3732 10
      vertex -0.331653 18.3327 0
      vertex -0.493484 18.3732 0
    endloop
  endfacet
  facet normal 0.989185 0.14667 0
    outer loop
      vertex -1.66733 19.6683 10
      vertex -1.69181 19.8334 0
      vertex -1.69181 19.8334 10
    endloop
  endfacet
  facet normal 0.989185 0.14667 0
    outer loop
      vertex -1.69181 19.8334 0
      vertex -1.66733 19.6683 10
      vertex -1.66733 19.6683 0
    endloop
  endfacet
  facet normal 0.740905 -0.67161 0
    outer loop
      vertex -1.31412 21.0785 10
      vertex -1.20208 21.2021 0
      vertex -1.20208 21.2021 10
    endloop
  endfacet
  facet normal 0.740905 -0.67161 0
    outer loop
      vertex -1.20208 21.2021 0
      vertex -1.31412 21.0785 10
      vertex -1.31412 21.0785 0
    endloop
  endfacet
  facet normal 0.336874 0.94155 -0
    outer loop
      vertex -0.493484 18.3732 0
      vertex -0.650561 18.4294 10
      vertex -0.493484 18.3732 10
    endloop
  endfacet
  facet normal 0.336874 0.94155 0
    outer loop
      vertex -0.650561 18.4294 10
      vertex -0.493484 18.3732 0
      vertex -0.650561 18.4294 0
    endloop
  endfacet
  facet normal -0.595766 0.803158 0
    outer loop
      vertex 1.07847 18.6859 0
      vertex 0.944468 18.5865 10
      vertex 1.07847 18.6859 10
    endloop
  endfacet
  facet normal -0.595766 0.803158 0
    outer loop
      vertex 0.944468 18.5865 10
      vertex 1.07847 18.6859 0
      vertex 0.944468 18.5865 0
    endloop
  endfacet
  facet normal -0.146854 0.989158 0
    outer loop
      vertex 0.331653 18.3327 0
      vertex 0.166629 18.3082 10
      vertex 0.331653 18.3327 10
    endloop
  endfacet
  facet normal -0.146854 0.989158 0
    outer loop
      vertex 0.166629 18.3082 10
      vertex 0.331653 18.3327 0
      vertex 0.166629 18.3082 0
    endloop
  endfacet
  facet normal 0.514247 0.857642 -0
    outer loop
      vertex -0.801374 18.5007 0
      vertex -0.944468 18.5865 10
      vertex -0.801374 18.5007 10
    endloop
  endfacet
  facet normal 0.514247 0.857642 0
    outer loop
      vertex -0.944468 18.5865 10
      vertex -0.801374 18.5007 0
      vertex -0.944468 18.5865 0
    endloop
  endfacet
  facet normal -0.803211 -0.595695 0
    outer loop
      vertex 1.4135 20.9445 0
      vertex 1.31412 21.0785 10
      vertex 1.31412 21.0785 0
    endloop
  endfacet
  facet normal -0.803211 -0.595695 0
    outer loop
      vertex 1.31412 21.0785 10
      vertex 1.4135 20.9445 0
      vertex 1.4135 20.9445 10
    endloop
  endfacet
  facet normal -0.336874 -0.94155 0
    outer loop
      vertex 0.493484 21.6268 0
      vertex 0.650561 21.5706 10
      vertex 0.493484 21.6268 10
    endloop
  endfacet
  facet normal -0.336874 -0.94155 -0
    outer loop
      vertex 0.650561 21.5706 10
      vertex 0.493484 21.6268 0
      vertex 0.650561 21.5706 0
    endloop
  endfacet
  facet normal -0.740905 0.67161 0
    outer loop
      vertex 1.20208 18.7979 0
      vertex 1.31412 18.9215 10
      vertex 1.31412 18.9215 0
    endloop
  endfacet
  facet normal -0.740905 0.67161 0
    outer loop
      vertex 1.31412 18.9215 10
      vertex 1.20208 18.7979 0
      vertex 1.20208 18.7979 10
    endloop
  endfacet
  facet normal -0.998794 0.0491004 0
    outer loop
      vertex 1.69181 19.8334 0
      vertex 1.7 20 10
      vertex 1.7 20 0
    endloop
  endfacet
  facet normal -0.998794 0.0491004 0
    outer loop
      vertex 1.7 20 10
      vertex 1.69181 19.8334 0
      vertex 1.69181 19.8334 10
    endloop
  endfacet
  facet normal 0.0491516 0.998791 -0
    outer loop
      vertex 0 18.3 0
      vertex -0.166629 18.3082 10
      vertex 0 18.3 10
    endloop
  endfacet
  facet normal 0.0491516 0.998791 0
    outer loop
      vertex -0.166629 18.3082 10
      vertex 0 18.3 0
      vertex -0.166629 18.3082 0
    endloop
  endfacet
  facet normal -0.671448 -0.741051 0
    outer loop
      vertex 1.07847 21.3141 0
      vertex 1.20208 21.2021 10
      vertex 1.07847 21.3141 10
    endloop
  endfacet
  facet normal -0.671448 -0.741051 -0
    outer loop
      vertex 1.20208 21.2021 10
      vertex 1.07847 21.3141 0
      vertex 1.20208 21.2021 0
    endloop
  endfacet
  facet normal -0.740905 -0.67161 0
    outer loop
      vertex 1.31412 21.0785 0
      vertex 1.20208 21.2021 10
      vertex 1.20208 21.2021 0
    endloop
  endfacet
  facet normal -0.740905 -0.67161 0
    outer loop
      vertex 1.20208 21.2021 10
      vertex 1.31412 21.0785 0
      vertex 1.31412 21.0785 10
    endloop
  endfacet
  facet normal 0.970083 0.242774 0
    outer loop
      vertex -21.6268 -0.493484 10
      vertex -21.6673 -0.331653 0
      vertex -21.6673 -0.331653 10
    endloop
  endfacet
  facet normal 0.970083 0.242774 0
    outer loop
      vertex -21.6673 -0.331653 0
      vertex -21.6268 -0.493484 10
      vertex -21.6268 -0.493484 0
    endloop
  endfacet
  facet normal 0.42754 0.903996 -0
    outer loop
      vertex -20.6506 -1.57059 0
      vertex -20.8014 -1.49927 10
      vertex -20.6506 -1.57059 10
    endloop
  endfacet
  facet normal 0.42754 0.903996 0
    outer loop
      vertex -20.8014 -1.49927 10
      vertex -20.6506 -1.57059 0
      vertex -20.8014 -1.49927 0
    endloop
  endfacet
  facet normal -0.0491004 0.998794 0
    outer loop
      vertex -19.8334 -1.69181 0
      vertex -20 -1.7 10
      vertex -19.8334 -1.69181 10
    endloop
  endfacet
  facet normal -0.0491004 0.998794 0
    outer loop
      vertex -20 -1.7 10
      vertex -19.8334 -1.69181 0
      vertex -20 -1.7 0
    endloop
  endfacet
  facet normal 0.998791 0.0491516 0
    outer loop
      vertex -21.6918 -0.166629 10
      vertex -21.7 0 0
      vertex -21.7 0 10
    endloop
  endfacet
  facet normal 0.998791 0.0491516 0
    outer loop
      vertex -21.7 0 0
      vertex -21.6918 -0.166629 10
      vertex -21.6918 -0.166629 0
    endloop
  endfacet
  facet normal 0.242987 0.97003 -0
    outer loop
      vertex -20.3317 -1.66733 0
      vertex -20.4935 -1.6268 10
      vertex -20.3317 -1.66733 10
    endloop
  endfacet
  facet normal 0.242987 0.97003 0
    outer loop
      vertex -20.4935 -1.6268 10
      vertex -20.3317 -1.66733 0
      vertex -20.4935 -1.6268 0
    endloop
  endfacet
  facet normal -0.514099 -0.857731 0
    outer loop
      vertex -19.1986 1.49927 0
      vertex -19.0555 1.4135 10
      vertex -19.1986 1.49927 10
    endloop
  endfacet
  facet normal -0.514099 -0.857731 -0
    outer loop
      vertex -19.0555 1.4135 10
      vertex -19.1986 1.49927 0
      vertex -19.0555 1.4135 0
    endloop
  endfacet
  facet normal 0.904057 0.427412 0
    outer loop
      vertex -21.4993 -0.801374 10
      vertex -21.5706 -0.650561 0
      vertex -21.5706 -0.650561 10
    endloop
  endfacet
  facet normal 0.904057 0.427412 0
    outer loop
      vertex -21.5706 -0.650561 0
      vertex -21.4993 -0.801374 10
      vertex -21.4993 -0.801374 0
    endloop
  endfacet
  facet normal 0.242987 -0.97003 0
    outer loop
      vertex -20.4935 1.6268 0
      vertex -20.3317 1.66733 10
      vertex -20.4935 1.6268 10
    endloop
  endfacet
  facet normal 0.242987 -0.97003 0
    outer loop
      vertex -20.3317 1.66733 10
      vertex -20.4935 1.6268 0
      vertex -20.3317 1.66733 0
    endloop
  endfacet
  facet normal -0.803158 0.595766 0
    outer loop
      vertex -18.6859 -1.07847 0
      vertex -18.5865 -0.944468 10
      vertex -18.5865 -0.944468 0
    endloop
  endfacet
  facet normal -0.803158 0.595766 0
    outer loop
      vertex -18.5865 -0.944468 10
      vertex -18.6859 -1.07847 0
      vertex -18.6859 -1.07847 10
    endloop
  endfacet
  facet normal -0.336883 0.941546 0
    outer loop
      vertex -19.3494 -1.57059 0
      vertex -19.5065 -1.6268 10
      vertex -19.3494 -1.57059 10
    endloop
  endfacet
  facet normal -0.336883 0.941546 0
    outer loop
      vertex -19.5065 -1.6268 10
      vertex -19.3494 -1.57059 0
      vertex -19.5065 -1.6268 0
    endloop
  endfacet
  facet normal -0.595695 0.803211 0
    outer loop
      vertex -18.9215 -1.31412 0
      vertex -19.0555 -1.4135 10
      vertex -18.9215 -1.31412 10
    endloop
  endfacet
  facet normal -0.595695 0.803211 0
    outer loop
      vertex -19.0555 -1.4135 10
      vertex -18.9215 -1.31412 0
      vertex -19.0555 -1.4135 0
    endloop
  endfacet
  facet normal -0.904057 0.427412 0
    outer loop
      vertex -18.5007 -0.801374 0
      vertex -18.4294 -0.650561 10
      vertex -18.4294 -0.650561 0
    endloop
  endfacet
  facet normal -0.904057 0.427412 0
    outer loop
      vertex -18.4294 -0.650561 10
      vertex -18.5007 -0.801374 0
      vertex -18.5007 -0.801374 10
    endloop
  endfacet
  facet normal -0.42754 -0.903996 0
    outer loop
      vertex -19.3494 1.57059 0
      vertex -19.1986 1.49927 10
      vertex -19.3494 1.57059 10
    endloop
  endfacet
  facet normal -0.42754 -0.903996 -0
    outer loop
      vertex -19.1986 1.49927 10
      vertex -19.3494 1.57059 0
      vertex -19.1986 1.49927 0
    endloop
  endfacet
  facet normal 0.336883 -0.941546 0
    outer loop
      vertex -20.6506 1.57059 0
      vertex -20.4935 1.6268 10
      vertex -20.6506 1.57059 10
    endloop
  endfacet
  facet normal 0.336883 -0.941546 0
    outer loop
      vertex -20.4935 1.6268 10
      vertex -20.6506 1.57059 0
      vertex -20.4935 1.6268 0
    endloop
  endfacet
  facet normal 0.42754 -0.903996 0
    outer loop
      vertex -20.8014 1.49927 0
      vertex -20.6506 1.57059 10
      vertex -20.8014 1.49927 10
    endloop
  endfacet
  facet normal 0.42754 -0.903996 0
    outer loop
      vertex -20.6506 1.57059 10
      vertex -20.8014 1.49927 0
      vertex -20.6506 1.57059 0
    endloop
  endfacet
  facet normal 0.989158 -0.146854 0
    outer loop
      vertex -21.6918 0.166629 10
      vertex -21.6673 0.331653 0
      vertex -21.6673 0.331653 10
    endloop
  endfacet
  facet normal 0.989158 -0.146854 0
    outer loop
      vertex -21.6673 0.331653 0
      vertex -21.6918 0.166629 10
      vertex -21.6918 0.166629 0
    endloop
  endfacet
  facet normal 0.14667 0.989185 -0
    outer loop
      vertex -20.1666 -1.69181 0
      vertex -20.3317 -1.66733 10
      vertex -20.1666 -1.69181 10
    endloop
  endfacet
  facet normal 0.14667 0.989185 0
    outer loop
      vertex -20.3317 -1.66733 10
      vertex -20.1666 -1.69181 0
      vertex -20.3317 -1.66733 0
    endloop
  endfacet
  facet normal 0.514099 0.857731 -0
    outer loop
      vertex -20.8014 -1.49927 0
      vertex -20.9445 -1.4135 10
      vertex -20.8014 -1.49927 10
    endloop
  endfacet
  facet normal 0.514099 0.857731 0
    outer loop
      vertex -20.9445 -1.4135 10
      vertex -20.8014 -1.49927 0
      vertex -20.9445 -1.4135 0
    endloop
  endfacet
  facet normal 0.595695 0.803211 -0
    outer loop
      vertex -20.9445 -1.4135 0
      vertex -21.0785 -1.31412 10
      vertex -20.9445 -1.4135 10
    endloop
  endfacet
  facet normal 0.595695 0.803211 0
    outer loop
      vertex -21.0785 -1.31412 10
      vertex -20.9445 -1.4135 0
      vertex -21.0785 -1.31412 0
    endloop
  endfacet
  facet normal 0.970083 -0.242774 0
    outer loop
      vertex -21.6673 0.331653 10
      vertex -21.6268 0.493484 0
      vertex -21.6268 0.493484 10
    endloop
  endfacet
  facet normal 0.970083 -0.242774 0
    outer loop
      vertex -21.6268 0.493484 0
      vertex -21.6673 0.331653 10
      vertex -21.6673 0.331653 0
    endloop
  endfacet
  facet normal -0.514099 0.857731 0
    outer loop
      vertex -19.0555 -1.4135 0
      vertex -19.1986 -1.49927 10
      vertex -19.0555 -1.4135 10
    endloop
  endfacet
  facet normal -0.514099 0.857731 0
    outer loop
      vertex -19.1986 -1.49927 10
      vertex -19.0555 -1.4135 0
      vertex -19.1986 -1.49927 0
    endloop
  endfacet
  facet normal 0.803158 0.595766 0
    outer loop
      vertex -21.3141 -1.07847 10
      vertex -21.4135 -0.944468 0
      vertex -21.4135 -0.944468 10
    endloop
  endfacet
  facet normal 0.803158 0.595766 0
    outer loop
      vertex -21.4135 -0.944468 0
      vertex -21.3141 -1.07847 10
      vertex -21.3141 -1.07847 0
    endloop
  endfacet
  facet normal -0.741051 0.671448 0
    outer loop
      vertex -18.7979 -1.20208 0
      vertex -18.6859 -1.07847 10
      vertex -18.6859 -1.07847 0
    endloop
  endfacet
  facet normal -0.741051 0.671448 0
    outer loop
      vertex -18.6859 -1.07847 10
      vertex -18.7979 -1.20208 0
      vertex -18.7979 -1.20208 10
    endloop
  endfacet
  facet normal -0.970083 -0.242774 0
    outer loop
      vertex -18.3327 0.331653 0
      vertex -18.3732 0.493484 10
      vertex -18.3732 0.493484 0
    endloop
  endfacet
  facet normal -0.970083 -0.242774 0
    outer loop
      vertex -18.3732 0.493484 10
      vertex -18.3327 0.331653 0
      vertex -18.3327 0.331653 10
    endloop
  endfacet
  facet normal 0.989158 0.146854 0
    outer loop
      vertex -21.6673 -0.331653 10
      vertex -21.6918 -0.166629 0
      vertex -21.6918 -0.166629 10
    endloop
  endfacet
  facet normal 0.989158 0.146854 0
    outer loop
      vertex -21.6918 -0.166629 0
      vertex -21.6673 -0.331653 10
      vertex -21.6673 -0.331653 0
    endloop
  endfacet
  facet normal 0.514099 -0.857731 0
    outer loop
      vertex -20.9445 1.4135 0
      vertex -20.8014 1.49927 10
      vertex -20.9445 1.4135 10
    endloop
  endfacet
  facet normal 0.514099 -0.857731 0
    outer loop
      vertex -20.8014 1.49927 10
      vertex -20.9445 1.4135 0
      vertex -20.8014 1.49927 0
    endloop
  endfacet
  facet normal 0.904057 -0.427412 0
    outer loop
      vertex -21.5706 0.650561 10
      vertex -21.4993 0.801374 0
      vertex -21.4993 0.801374 10
    endloop
  endfacet
  facet normal 0.904057 -0.427412 0
    outer loop
      vertex -21.4993 0.801374 0
      vertex -21.5706 0.650561 10
      vertex -21.5706 0.650561 0
    endloop
  endfacet
  facet normal -0.94155 -0.336874 0
    outer loop
      vertex -18.3732 0.493484 0
      vertex -18.4294 0.650561 10
      vertex -18.4294 0.650561 0
    endloop
  endfacet
  facet normal -0.94155 -0.336874 0
    outer loop
      vertex -18.4294 0.650561 10
      vertex -18.3732 0.493484 0
      vertex -18.3732 0.493484 10
    endloop
  endfacet
  facet normal -0.989158 0.146854 0
    outer loop
      vertex -18.3327 -0.331653 0
      vertex -18.3082 -0.166629 10
      vertex -18.3082 -0.166629 0
    endloop
  endfacet
  facet normal -0.989158 0.146854 0
    outer loop
      vertex -18.3082 -0.166629 10
      vertex -18.3327 -0.331653 0
      vertex -18.3327 -0.331653 10
    endloop
  endfacet
  facet normal 0.803158 -0.595766 0
    outer loop
      vertex -21.4135 0.944468 10
      vertex -21.3141 1.07847 0
      vertex -21.3141 1.07847 10
    endloop
  endfacet
  facet normal 0.803158 -0.595766 0
    outer loop
      vertex -21.3141 1.07847 0
      vertex -21.4135 0.944468 10
      vertex -21.4135 0.944468 0
    endloop
  endfacet
  facet normal -0.904057 -0.427412 0
    outer loop
      vertex -18.4294 0.650561 0
      vertex -18.5007 0.801374 10
      vertex -18.5007 0.801374 0
    endloop
  endfacet
  facet normal -0.904057 -0.427412 0
    outer loop
      vertex -18.5007 0.801374 10
      vertex -18.4294 0.650561 0
      vertex -18.4294 0.650561 10
    endloop
  endfacet
  facet normal 0.0491004 -0.998794 0
    outer loop
      vertex -20.1666 1.69181 0
      vertex -20 1.7 10
      vertex -20.1666 1.69181 10
    endloop
  endfacet
  facet normal 0.0491004 -0.998794 0
    outer loop
      vertex -20 1.7 10
      vertex -20.1666 1.69181 0
      vertex -20 1.7 0
    endloop
  endfacet
  facet normal 0.14667 -0.989185 0
    outer loop
      vertex -20.3317 1.66733 0
      vertex -20.1666 1.69181 10
      vertex -20.3317 1.66733 10
    endloop
  endfacet
  facet normal 0.14667 -0.989185 0
    outer loop
      vertex -20.1666 1.69181 10
      vertex -20.3317 1.66733 0
      vertex -20.1666 1.69181 0
    endloop
  endfacet
  facet normal 0.94155 0.336874 0
    outer loop
      vertex -21.5706 -0.650561 10
      vertex -21.6268 -0.493484 0
      vertex -21.6268 -0.493484 10
    endloop
  endfacet
  facet normal 0.94155 0.336874 0
    outer loop
      vertex -21.6268 -0.493484 0
      vertex -21.5706 -0.650561 10
      vertex -21.5706 -0.650561 0
    endloop
  endfacet
  facet normal 0.857642 -0.514247 0
    outer loop
      vertex -21.4993 0.801374 10
      vertex -21.4135 0.944468 0
      vertex -21.4135 0.944468 10
    endloop
  endfacet
  facet normal 0.857642 -0.514247 0
    outer loop
      vertex -21.4135 0.944468 0
      vertex -21.4993 0.801374 10
      vertex -21.4993 0.801374 0
    endloop
  endfacet
  facet normal -0.242987 0.97003 0
    outer loop
      vertex -19.5065 -1.6268 0
      vertex -19.6683 -1.66733 10
      vertex -19.5065 -1.6268 10
    endloop
  endfacet
  facet normal -0.242987 0.97003 0
    outer loop
      vertex -19.6683 -1.66733 10
      vertex -19.5065 -1.6268 0
      vertex -19.6683 -1.66733 0
    endloop
  endfacet
  facet normal 0.0491004 0.998794 -0
    outer loop
      vertex -20 -1.7 0
      vertex -20.1666 -1.69181 10
      vertex -20 -1.7 10
    endloop
  endfacet
  facet normal 0.0491004 0.998794 0
    outer loop
      vertex -20.1666 -1.69181 10
      vertex -20 -1.7 0
      vertex -20.1666 -1.69181 0
    endloop
  endfacet
  facet normal -0.242987 -0.97003 0
    outer loop
      vertex -19.6683 1.66733 0
      vertex -19.5065 1.6268 10
      vertex -19.6683 1.66733 10
    endloop
  endfacet
  facet normal -0.242987 -0.97003 -0
    outer loop
      vertex -19.5065 1.6268 10
      vertex -19.6683 1.66733 0
      vertex -19.5065 1.6268 0
    endloop
  endfacet
  facet normal -0.857642 -0.514247 0
    outer loop
      vertex -18.5007 0.801374 0
      vertex -18.5865 0.944468 10
      vertex -18.5865 0.944468 0
    endloop
  endfacet
  facet normal -0.857642 -0.514247 0
    outer loop
      vertex -18.5865 0.944468 10
      vertex -18.5007 0.801374 0
      vertex -18.5007 0.801374 10
    endloop
  endfacet
  facet normal 0.857642 0.514247 0
    outer loop
      vertex -21.4135 -0.944468 10
      vertex -21.4993 -0.801374 0
      vertex -21.4993 -0.801374 10
    endloop
  endfacet
  facet normal 0.857642 0.514247 0
    outer loop
      vertex -21.4993 -0.801374 0
      vertex -21.4135 -0.944468 10
      vertex -21.4135 -0.944468 0
    endloop
  endfacet
  facet normal 0.998791 -0.0491516 0
    outer loop
      vertex -21.7 0 10
      vertex -21.6918 0.166629 0
      vertex -21.6918 0.166629 10
    endloop
  endfacet
  facet normal 0.998791 -0.0491516 0
    outer loop
      vertex -21.6918 0.166629 0
      vertex -21.7 0 10
      vertex -21.7 0 0
    endloop
  endfacet
  facet normal -0.67161 0.740905 0
    outer loop
      vertex -18.7979 -1.20208 0
      vertex -18.9215 -1.31412 10
      vertex -18.7979 -1.20208 10
    endloop
  endfacet
  facet normal -0.67161 0.740905 0
    outer loop
      vertex -18.9215 -1.31412 10
      vertex -18.7979 -1.20208 0
      vertex -18.9215 -1.31412 0
    endloop
  endfacet
  facet normal 0.336883 0.941546 -0
    outer loop
      vertex -20.4935 -1.6268 0
      vertex -20.6506 -1.57059 10
      vertex -20.4935 -1.6268 10
    endloop
  endfacet
  facet normal 0.336883 0.941546 0
    outer loop
      vertex -20.6506 -1.57059 10
      vertex -20.4935 -1.6268 0
      vertex -20.6506 -1.57059 0
    endloop
  endfacet
  facet normal -0.42754 0.903996 0
    outer loop
      vertex -19.1986 -1.49927 0
      vertex -19.3494 -1.57059 10
      vertex -19.1986 -1.49927 10
    endloop
  endfacet
  facet normal -0.42754 0.903996 0
    outer loop
      vertex -19.3494 -1.57059 10
      vertex -19.1986 -1.49927 0
      vertex -19.3494 -1.57059 0
    endloop
  endfacet
  facet normal -0.970083 0.242774 0
    outer loop
      vertex -18.3732 -0.493484 0
      vertex -18.3327 -0.331653 10
      vertex -18.3327 -0.331653 0
    endloop
  endfacet
  facet normal -0.970083 0.242774 0
    outer loop
      vertex -18.3327 -0.331653 10
      vertex -18.3732 -0.493484 0
      vertex -18.3732 -0.493484 10
    endloop
  endfacet
  facet normal -0.14667 0.989185 0
    outer loop
      vertex -19.6683 -1.66733 0
      vertex -19.8334 -1.69181 10
      vertex -19.6683 -1.66733 10
    endloop
  endfacet
  facet normal -0.14667 0.989185 0
    outer loop
      vertex -19.8334 -1.69181 10
      vertex -19.6683 -1.66733 0
      vertex -19.8334 -1.69181 0
    endloop
  endfacet
  facet normal 0.741051 0.671448 0
    outer loop
      vertex -21.2021 -1.20208 10
      vertex -21.3141 -1.07847 0
      vertex -21.3141 -1.07847 10
    endloop
  endfacet
  facet normal 0.741051 0.671448 0
    outer loop
      vertex -21.3141 -1.07847 0
      vertex -21.2021 -1.20208 10
      vertex -21.2021 -1.20208 0
    endloop
  endfacet
  facet normal 0.67161 0.740905 -0
    outer loop
      vertex -21.0785 -1.31412 0
      vertex -21.2021 -1.20208 10
      vertex -21.0785 -1.31412 10
    endloop
  endfacet
  facet normal 0.67161 0.740905 0
    outer loop
      vertex -21.2021 -1.20208 10
      vertex -21.0785 -1.31412 0
      vertex -21.2021 -1.20208 0
    endloop
  endfacet
  facet normal -0.989158 -0.146854 0
    outer loop
      vertex -18.3082 0.166629 0
      vertex -18.3327 0.331653 10
      vertex -18.3327 0.331653 0
    endloop
  endfacet
  facet normal -0.989158 -0.146854 0
    outer loop
      vertex -18.3327 0.331653 10
      vertex -18.3082 0.166629 0
      vertex -18.3082 0.166629 10
    endloop
  endfacet
  facet normal -0.741051 -0.671448 0
    outer loop
      vertex -18.6859 1.07847 0
      vertex -18.7979 1.20208 10
      vertex -18.7979 1.20208 0
    endloop
  endfacet
  facet normal -0.741051 -0.671448 0
    outer loop
      vertex -18.7979 1.20208 10
      vertex -18.6859 1.07847 0
      vertex -18.6859 1.07847 10
    endloop
  endfacet
  facet normal -0.94155 0.336874 0
    outer loop
      vertex -18.4294 -0.650561 0
      vertex -18.3732 -0.493484 10
      vertex -18.3732 -0.493484 0
    endloop
  endfacet
  facet normal -0.94155 0.336874 0
    outer loop
      vertex -18.3732 -0.493484 10
      vertex -18.4294 -0.650561 0
      vertex -18.4294 -0.650561 10
    endloop
  endfacet
  facet normal -0.803158 -0.595766 0
    outer loop
      vertex -18.5865 0.944468 0
      vertex -18.6859 1.07847 10
      vertex -18.6859 1.07847 0
    endloop
  endfacet
  facet normal -0.803158 -0.595766 0
    outer loop
      vertex -18.6859 1.07847 10
      vertex -18.5865 0.944468 0
      vertex -18.5865 0.944468 10
    endloop
  endfacet
  facet normal -0.998791 -0.0491516 0
    outer loop
      vertex -18.3 0 0
      vertex -18.3082 0.166629 10
      vertex -18.3082 0.166629 0
    endloop
  endfacet
  facet normal -0.998791 -0.0491516 0
    outer loop
      vertex -18.3082 0.166629 10
      vertex -18.3 0 0
      vertex -18.3 0 10
    endloop
  endfacet
  facet normal -0.857642 0.514247 0
    outer loop
      vertex -18.5865 -0.944468 0
      vertex -18.5007 -0.801374 10
      vertex -18.5007 -0.801374 0
    endloop
  endfacet
  facet normal -0.857642 0.514247 0
    outer loop
      vertex -18.5007 -0.801374 10
      vertex -18.5865 -0.944468 0
      vertex -18.5865 -0.944468 10
    endloop
  endfacet
  facet normal 0.595695 -0.803211 0
    outer loop
      vertex -21.0785 1.31412 0
      vertex -20.9445 1.4135 10
      vertex -21.0785 1.31412 10
    endloop
  endfacet
  facet normal 0.595695 -0.803211 0
    outer loop
      vertex -20.9445 1.4135 10
      vertex -21.0785 1.31412 0
      vertex -20.9445 1.4135 0
    endloop
  endfacet
  facet normal 0.94155 -0.336874 0
    outer loop
      vertex -21.6268 0.493484 10
      vertex -21.5706 0.650561 0
      vertex -21.5706 0.650561 10
    endloop
  endfacet
  facet normal 0.94155 -0.336874 0
    outer loop
      vertex -21.5706 0.650561 0
      vertex -21.6268 0.493484 10
      vertex -21.6268 0.493484 0
    endloop
  endfacet
  facet normal -0.595695 -0.803211 0
    outer loop
      vertex -19.0555 1.4135 0
      vertex -18.9215 1.31412 10
      vertex -19.0555 1.4135 10
    endloop
  endfacet
  facet normal -0.595695 -0.803211 -0
    outer loop
      vertex -18.9215 1.31412 10
      vertex -19.0555 1.4135 0
      vertex -18.9215 1.31412 0
    endloop
  endfacet
  facet normal -0.67161 -0.740905 0
    outer loop
      vertex -18.9215 1.31412 0
      vertex -18.7979 1.20208 10
      vertex -18.9215 1.31412 10
    endloop
  endfacet
  facet normal -0.67161 -0.740905 -0
    outer loop
      vertex -18.7979 1.20208 10
      vertex -18.9215 1.31412 0
      vertex -18.7979 1.20208 0
    endloop
  endfacet
  facet normal -0.0491004 -0.998794 0
    outer loop
      vertex -20 1.7 0
      vertex -19.8334 1.69181 10
      vertex -20 1.7 10
    endloop
  endfacet
  facet normal -0.0491004 -0.998794 -0
    outer loop
      vertex -19.8334 1.69181 10
      vertex -20 1.7 0
      vertex -19.8334 1.69181 0
    endloop
  endfacet
  facet normal -0.14667 -0.989185 0
    outer loop
      vertex -19.8334 1.69181 0
      vertex -19.6683 1.66733 10
      vertex -19.8334 1.69181 10
    endloop
  endfacet
  facet normal -0.14667 -0.989185 -0
    outer loop
      vertex -19.6683 1.66733 10
      vertex -19.8334 1.69181 0
      vertex -19.6683 1.66733 0
    endloop
  endfacet
  facet normal -0.998791 0.0491516 0
    outer loop
      vertex -18.3082 -0.166629 0
      vertex -18.3 0 10
      vertex -18.3 0 0
    endloop
  endfacet
  facet normal -0.998791 0.0491516 0
    outer loop
      vertex -18.3 0 10
      vertex -18.3082 -0.166629 0
      vertex -18.3082 -0.166629 10
    endloop
  endfacet
  facet normal -0.336883 -0.941546 0
    outer loop
      vertex -19.5065 1.6268 0
      vertex -19.3494 1.57059 10
      vertex -19.5065 1.6268 10
    endloop
  endfacet
  facet normal -0.336883 -0.941546 -0
    outer loop
      vertex -19.3494 1.57059 10
      vertex -19.5065 1.6268 0
      vertex -19.3494 1.57059 0
    endloop
  endfacet
  facet normal 0.741051 -0.671448 0
    outer loop
      vertex -21.3141 1.07847 10
      vertex -21.2021 1.20208 0
      vertex -21.2021 1.20208 10
    endloop
  endfacet
  facet normal 0.741051 -0.671448 0
    outer loop
      vertex -21.2021 1.20208 0
      vertex -21.3141 1.07847 10
      vertex -21.3141 1.07847 0
    endloop
  endfacet
  facet normal 0.67161 -0.740905 0
    outer loop
      vertex -21.2021 1.20208 0
      vertex -21.0785 1.31412 10
      vertex -21.2021 1.20208 10
    endloop
  endfacet
  facet normal 0.67161 -0.740905 0
    outer loop
      vertex -21.0785 1.31412 10
      vertex -21.2021 1.20208 0
      vertex -21.0785 1.31412 0
    endloop
  endfacet
  facet normal -0.242774 0.970083 0
    outer loop
      vertex 0.493484 -21.6268 0
      vertex 0.331653 -21.6673 10
      vertex 0.493484 -21.6268 10
    endloop
  endfacet
  facet normal -0.242774 0.970083 0
    outer loop
      vertex 0.331653 -21.6673 10
      vertex 0.493484 -21.6268 0
      vertex 0.331653 -21.6673 0
    endloop
  endfacet
  facet normal 0.903996 0.42754 0
    outer loop
      vertex -1.49927 -20.8014 10
      vertex -1.57059 -20.6506 0
      vertex -1.57059 -20.6506 10
    endloop
  endfacet
  facet normal 0.903996 0.42754 0
    outer loop
      vertex -1.57059 -20.6506 0
      vertex -1.49927 -20.8014 10
      vertex -1.49927 -20.8014 0
    endloop
  endfacet
  facet normal -0.903996 0.42754 0
    outer loop
      vertex 1.49927 -20.8014 0
      vertex 1.57059 -20.6506 10
      vertex 1.57059 -20.6506 0
    endloop
  endfacet
  facet normal -0.903996 0.42754 0
    outer loop
      vertex 1.57059 -20.6506 10
      vertex 1.49927 -20.8014 0
      vertex 1.49927 -20.8014 10
    endloop
  endfacet
  facet normal -0.998794 -0.0491004 0
    outer loop
      vertex 1.7 -20 0
      vertex 1.69181 -19.8334 10
      vertex 1.69181 -19.8334 0
    endloop
  endfacet
  facet normal -0.998794 -0.0491004 0
    outer loop
      vertex 1.69181 -19.8334 10
      vertex 1.7 -20 0
      vertex 1.7 -20 10
    endloop
  endfacet
  facet normal -0.903996 -0.42754 0
    outer loop
      vertex 1.57059 -19.3494 0
      vertex 1.49927 -19.1986 10
      vertex 1.49927 -19.1986 0
    endloop
  endfacet
  facet normal -0.903996 -0.42754 0
    outer loop
      vertex 1.49927 -19.1986 10
      vertex 1.57059 -19.3494 0
      vertex 1.57059 -19.3494 10
    endloop
  endfacet
  facet normal -0.0491516 0.998791 0
    outer loop
      vertex 0.166629 -21.6918 0
      vertex 0 -21.7 10
      vertex 0.166629 -21.6918 10
    endloop
  endfacet
  facet normal -0.0491516 0.998791 0
    outer loop
      vertex 0 -21.7 10
      vertex 0.166629 -21.6918 0
      vertex 0 -21.7 0
    endloop
  endfacet
  facet normal -0.97003 0.242987 0
    outer loop
      vertex 1.6268 -20.4935 0
      vertex 1.66733 -20.3317 10
      vertex 1.66733 -20.3317 0
    endloop
  endfacet
  facet normal -0.97003 0.242987 0
    outer loop
      vertex 1.66733 -20.3317 10
      vertex 1.6268 -20.4935 0
      vertex 1.6268 -20.4935 10
    endloop
  endfacet
  facet normal 0.857731 -0.514099 0
    outer loop
      vertex -1.49927 -19.1986 10
      vertex -1.4135 -19.0555 0
      vertex -1.4135 -19.0555 10
    endloop
  endfacet
  facet normal 0.857731 -0.514099 0
    outer loop
      vertex -1.4135 -19.0555 0
      vertex -1.49927 -19.1986 10
      vertex -1.49927 -19.1986 0
    endloop
  endfacet
  facet normal -0.427412 0.904057 0
    outer loop
      vertex 0.801374 -21.4993 0
      vertex 0.650561 -21.5706 10
      vertex 0.801374 -21.4993 10
    endloop
  endfacet
  facet normal -0.427412 0.904057 0
    outer loop
      vertex 0.650561 -21.5706 10
      vertex 0.801374 -21.4993 0
      vertex 0.650561 -21.5706 0
    endloop
  endfacet
  facet normal -0.989185 -0.14667 0
    outer loop
      vertex 1.69181 -19.8334 0
      vertex 1.66733 -19.6683 10
      vertex 1.66733 -19.6683 0
    endloop
  endfacet
  facet normal -0.989185 -0.14667 0
    outer loop
      vertex 1.66733 -19.6683 10
      vertex 1.69181 -19.8334 0
      vertex 1.69181 -19.8334 10
    endloop
  endfacet
  facet normal 0.97003 0.242987 0
    outer loop
      vertex -1.6268 -20.4935 10
      vertex -1.66733 -20.3317 0
      vertex -1.66733 -20.3317 10
    endloop
  endfacet
  facet normal 0.97003 0.242987 0
    outer loop
      vertex -1.66733 -20.3317 0
      vertex -1.6268 -20.4935 10
      vertex -1.6268 -20.4935 0
    endloop
  endfacet
  facet normal -0.803211 -0.595695 0
    outer loop
      vertex 1.4135 -19.0555 0
      vertex 1.31412 -18.9215 10
      vertex 1.31412 -18.9215 0
    endloop
  endfacet
  facet normal -0.803211 -0.595695 0
    outer loop
      vertex 1.31412 -18.9215 10
      vertex 1.4135 -19.0555 0
      vertex 1.4135 -19.0555 10
    endloop
  endfacet
  facet normal -0.427412 -0.904057 0
    outer loop
      vertex 0.650561 -18.4294 0
      vertex 0.801374 -18.5007 10
      vertex 0.650561 -18.4294 10
    endloop
  endfacet
  facet normal -0.427412 -0.904057 -0
    outer loop
      vertex 0.801374 -18.5007 10
      vertex 0.650561 -18.4294 0
      vertex 0.801374 -18.5007 0
    endloop
  endfacet
  facet normal 0.903996 -0.42754 0
    outer loop
      vertex -1.57059 -19.3494 10
      vertex -1.49927 -19.1986 0
      vertex -1.49927 -19.1986 10
    endloop
  endfacet
  facet normal 0.903996 -0.42754 0
    outer loop
      vertex -1.49927 -19.1986 0
      vertex -1.57059 -19.3494 10
      vertex -1.57059 -19.3494 0
    endloop
  endfacet
  facet normal 0.941546 0.336883 0
    outer loop
      vertex -1.57059 -20.6506 10
      vertex -1.6268 -20.4935 0
      vertex -1.6268 -20.4935 10
    endloop
  endfacet
  facet normal 0.941546 0.336883 0
    outer loop
      vertex -1.6268 -20.4935 0
      vertex -1.57059 -20.6506 10
      vertex -1.57059 -20.6506 0
    endloop
  endfacet
  facet normal 0.803211 0.595695 0
    outer loop
      vertex -1.31412 -21.0785 10
      vertex -1.4135 -20.9445 0
      vertex -1.4135 -20.9445 10
    endloop
  endfacet
  facet normal 0.803211 0.595695 0
    outer loop
      vertex -1.4135 -20.9445 0
      vertex -1.31412 -21.0785 10
      vertex -1.31412 -21.0785 0
    endloop
  endfacet
  facet normal -0.989185 0.14667 0
    outer loop
      vertex 1.66733 -20.3317 0
      vertex 1.69181 -20.1666 10
      vertex 1.69181 -20.1666 0
    endloop
  endfacet
  facet normal -0.989185 0.14667 0
    outer loop
      vertex 1.69181 -20.1666 10
      vertex 1.66733 -20.3317 0
      vertex 1.66733 -20.3317 10
    endloop
  endfacet
  facet normal -0.857731 0.514099 0
    outer loop
      vertex 1.4135 -20.9445 0
      vertex 1.49927 -20.8014 10
      vertex 1.49927 -20.8014 0
    endloop
  endfacet
  facet normal -0.857731 0.514099 0
    outer loop
      vertex 1.49927 -20.8014 10
      vertex 1.4135 -20.9445 0
      vertex 1.4135 -20.9445 10
    endloop
  endfacet
  facet normal -0.803211 0.595695 0
    outer loop
      vertex 1.31412 -21.0785 0
      vertex 1.4135 -20.9445 10
      vertex 1.4135 -20.9445 0
    endloop
  endfacet
  facet normal -0.803211 0.595695 0
    outer loop
      vertex 1.4135 -20.9445 10
      vertex 1.31412 -21.0785 0
      vertex 1.31412 -21.0785 10
    endloop
  endfacet
  facet normal 0.242774 0.970083 -0
    outer loop
      vertex -0.331653 -21.6673 0
      vertex -0.493484 -21.6268 10
      vertex -0.331653 -21.6673 10
    endloop
  endfacet
  facet normal 0.242774 0.970083 0
    outer loop
      vertex -0.493484 -21.6268 10
      vertex -0.331653 -21.6673 0
      vertex -0.493484 -21.6268 0
    endloop
  endfacet
  facet normal -0.857731 -0.514099 0
    outer loop
      vertex 1.49927 -19.1986 0
      vertex 1.4135 -19.0555 10
      vertex 1.4135 -19.0555 0
    endloop
  endfacet
  facet normal -0.857731 -0.514099 0
    outer loop
      vertex 1.4135 -19.0555 10
      vertex 1.49927 -19.1986 0
      vertex 1.49927 -19.1986 10
    endloop
  endfacet
  facet normal -0.595766 0.803158 0
    outer loop
      vertex 1.07847 -21.3141 0
      vertex 0.944468 -21.4135 10
      vertex 1.07847 -21.3141 10
    endloop
  endfacet
  facet normal -0.595766 0.803158 0
    outer loop
      vertex 0.944468 -21.4135 10
      vertex 1.07847 -21.3141 0
      vertex 0.944468 -21.4135 0
    endloop
  endfacet
  facet normal -0.671448 -0.741051 0
    outer loop
      vertex 1.07847 -18.6859 0
      vertex 1.20208 -18.7979 10
      vertex 1.07847 -18.6859 10
    endloop
  endfacet
  facet normal -0.671448 -0.741051 -0
    outer loop
      vertex 1.20208 -18.7979 10
      vertex 1.07847 -18.6859 0
      vertex 1.20208 -18.7979 0
    endloop
  endfacet
  facet normal 0.998794 0.0491004 0
    outer loop
      vertex -1.69181 -20.1666 10
      vertex -1.7 -20 0
      vertex -1.7 -20 10
    endloop
  endfacet
  facet normal 0.998794 0.0491004 0
    outer loop
      vertex -1.7 -20 0
      vertex -1.69181 -20.1666 10
      vertex -1.69181 -20.1666 0
    endloop
  endfacet
  facet normal 0.242774 -0.970083 0
    outer loop
      vertex -0.493484 -18.3732 0
      vertex -0.331653 -18.3327 10
      vertex -0.493484 -18.3732 10
    endloop
  endfacet
  facet normal 0.242774 -0.970083 0
    outer loop
      vertex -0.331653 -18.3327 10
      vertex -0.493484 -18.3732 0
      vertex -0.331653 -18.3327 0
    endloop
  endfacet
  facet normal -0.146854 0.989158 0
    outer loop
      vertex 0.331653 -21.6673 0
      vertex 0.166629 -21.6918 10
      vertex 0.331653 -21.6673 10
    endloop
  endfacet
  facet normal -0.146854 0.989158 0
    outer loop
      vertex 0.166629 -21.6918 10
      vertex 0.331653 -21.6673 0
      vertex 0.166629 -21.6918 0
    endloop
  endfacet
  facet normal 0.146854 0.989158 -0
    outer loop
      vertex -0.166629 -21.6918 0
      vertex -0.331653 -21.6673 10
      vertex -0.166629 -21.6918 10
    endloop
  endfacet
  facet normal 0.146854 0.989158 0
    outer loop
      vertex -0.331653 -21.6673 10
      vertex -0.166629 -21.6918 0
      vertex -0.331653 -21.6673 0
    endloop
  endfacet
  facet normal 0.857731 0.514099 0
    outer loop
      vertex -1.4135 -20.9445 10
      vertex -1.49927 -20.8014 0
      vertex -1.49927 -20.8014 10
    endloop
  endfacet
  facet normal 0.857731 0.514099 0
    outer loop
      vertex -1.49927 -20.8014 0
      vertex -1.4135 -20.9445 10
      vertex -1.4135 -20.9445 0
    endloop
  endfacet
  facet normal -0.336874 -0.94155 0
    outer loop
      vertex 0.493484 -18.3732 0
      vertex 0.650561 -18.4294 10
      vertex 0.493484 -18.3732 10
    endloop
  endfacet
  facet normal -0.336874 -0.94155 -0
    outer loop
      vertex 0.650561 -18.4294 10
      vertex 0.493484 -18.3732 0
      vertex 0.650561 -18.4294 0
    endloop
  endfacet
  facet normal -0.146854 -0.989158 0
    outer loop
      vertex 0.166629 -18.3082 0
      vertex 0.331653 -18.3327 10
      vertex 0.166629 -18.3082 10
    endloop
  endfacet
  facet normal -0.146854 -0.989158 -0
    outer loop
      vertex 0.331653 -18.3327 10
      vertex 0.166629 -18.3082 0
      vertex 0.331653 -18.3327 0
    endloop
  endfacet
  facet normal 0.427412 0.904057 -0
    outer loop
      vertex -0.650561 -21.5706 0
      vertex -0.801374 -21.4993 10
      vertex -0.650561 -21.5706 10
    endloop
  endfacet
  facet normal 0.427412 0.904057 0
    outer loop
      vertex -0.801374 -21.4993 10
      vertex -0.650561 -21.5706 0
      vertex -0.801374 -21.4993 0
    endloop
  endfacet
  facet normal 0.0491516 0.998791 -0
    outer loop
      vertex 0 -21.7 0
      vertex -0.166629 -21.6918 10
      vertex 0 -21.7 10
    endloop
  endfacet
  facet normal 0.0491516 0.998791 0
    outer loop
      vertex -0.166629 -21.6918 10
      vertex 0 -21.7 0
      vertex -0.166629 -21.6918 0
    endloop
  endfacet
  facet normal 0.336874 -0.94155 0
    outer loop
      vertex -0.650561 -18.4294 0
      vertex -0.493484 -18.3732 10
      vertex -0.650561 -18.4294 10
    endloop
  endfacet
  facet normal 0.336874 -0.94155 0
    outer loop
      vertex -0.493484 -18.3732 10
      vertex -0.650561 -18.4294 0
      vertex -0.493484 -18.3732 0
    endloop
  endfacet
  facet normal 0.427412 -0.904057 0
    outer loop
      vertex -0.801374 -18.5007 0
      vertex -0.650561 -18.4294 10
      vertex -0.801374 -18.5007 10
    endloop
  endfacet
  facet normal 0.427412 -0.904057 0
    outer loop
      vertex -0.650561 -18.4294 10
      vertex -0.801374 -18.5007 0
      vertex -0.650561 -18.4294 0
    endloop
  endfacet
  facet normal 0.989185 0.14667 0
    outer loop
      vertex -1.66733 -20.3317 10
      vertex -1.69181 -20.1666 0
      vertex -1.69181 -20.1666 10
    endloop
  endfacet
  facet normal 0.989185 0.14667 0
    outer loop
      vertex -1.69181 -20.1666 0
      vertex -1.66733 -20.3317 10
      vertex -1.66733 -20.3317 0
    endloop
  endfacet
  facet normal -0.336874 0.94155 0
    outer loop
      vertex 0.650561 -21.5706 0
      vertex 0.493484 -21.6268 10
      vertex 0.650561 -21.5706 10
    endloop
  endfacet
  facet normal -0.336874 0.94155 0
    outer loop
      vertex 0.493484 -21.6268 10
      vertex 0.650561 -21.5706 0
      vertex 0.493484 -21.6268 0
    endloop
  endfacet
  facet normal 0.595766 0.803158 -0
    outer loop
      vertex -0.944468 -21.4135 0
      vertex -1.07847 -21.3141 10
      vertex -0.944468 -21.4135 10
    endloop
  endfacet
  facet normal 0.595766 0.803158 0
    outer loop
      vertex -1.07847 -21.3141 10
      vertex -0.944468 -21.4135 0
      vertex -1.07847 -21.3141 0
    endloop
  endfacet
  facet normal 0.514247 0.857642 -0
    outer loop
      vertex -0.801374 -21.4993 0
      vertex -0.944468 -21.4135 10
      vertex -0.801374 -21.4993 10
    endloop
  endfacet
  facet normal 0.514247 0.857642 0
    outer loop
      vertex -0.944468 -21.4135 10
      vertex -0.801374 -21.4993 0
      vertex -0.944468 -21.4135 0
    endloop
  endfacet
  facet normal -0.97003 -0.242987 0
    outer loop
      vertex 1.66733 -19.6683 0
      vertex 1.6268 -19.5065 10
      vertex 1.6268 -19.5065 0
    endloop
  endfacet
  facet normal -0.97003 -0.242987 0
    outer loop
      vertex 1.6268 -19.5065 10
      vertex 1.66733 -19.6683 0
      vertex 1.66733 -19.6683 10
    endloop
  endfacet
  facet normal 0.336874 0.94155 -0
    outer loop
      vertex -0.493484 -21.6268 0
      vertex -0.650561 -21.5706 10
      vertex -0.493484 -21.6268 10
    endloop
  endfacet
  facet normal 0.336874 0.94155 0
    outer loop
      vertex -0.650561 -21.5706 10
      vertex -0.493484 -21.6268 0
      vertex -0.650561 -21.5706 0
    endloop
  endfacet
  facet normal -0.998794 0.0491004 0
    outer loop
      vertex 1.69181 -20.1666 0
      vertex 1.7 -20 10
      vertex 1.7 -20 0
    endloop
  endfacet
  facet normal -0.998794 0.0491004 0
    outer loop
      vertex 1.7 -20 10
      vertex 1.69181 -20.1666 0
      vertex 1.69181 -20.1666 10
    endloop
  endfacet
  facet normal 0.97003 -0.242987 0
    outer loop
      vertex -1.66733 -19.6683 10
      vertex -1.6268 -19.5065 0
      vertex -1.6268 -19.5065 10
    endloop
  endfacet
  facet normal 0.97003 -0.242987 0
    outer loop
      vertex -1.6268 -19.5065 0
      vertex -1.66733 -19.6683 10
      vertex -1.66733 -19.6683 0
    endloop
  endfacet
  facet normal 0.514247 -0.857642 0
    outer loop
      vertex -0.944468 -18.5865 0
      vertex -0.801374 -18.5007 10
      vertex -0.944468 -18.5865 10
    endloop
  endfacet
  facet normal 0.514247 -0.857642 0
    outer loop
      vertex -0.801374 -18.5007 10
      vertex -0.944468 -18.5865 0
      vertex -0.801374 -18.5007 0
    endloop
  endfacet
  facet normal -0.514247 0.857642 0
    outer loop
      vertex 0.944468 -21.4135 0
      vertex 0.801374 -21.4993 10
      vertex 0.944468 -21.4135 10
    endloop
  endfacet
  facet normal -0.514247 0.857642 0
    outer loop
      vertex 0.801374 -21.4993 10
      vertex 0.944468 -21.4135 0
      vertex 0.801374 -21.4993 0
    endloop
  endfacet
  facet normal -0.941546 -0.336883 0
    outer loop
      vertex 1.6268 -19.5065 0
      vertex 1.57059 -19.3494 10
      vertex 1.57059 -19.3494 0
    endloop
  endfacet
  facet normal -0.941546 -0.336883 0
    outer loop
      vertex 1.57059 -19.3494 10
      vertex 1.6268 -19.5065 0
      vertex 1.6268 -19.5065 10
    endloop
  endfacet
  facet normal -0.740905 -0.67161 0
    outer loop
      vertex 1.31412 -18.9215 0
      vertex 1.20208 -18.7979 10
      vertex 1.20208 -18.7979 0
    endloop
  endfacet
  facet normal -0.740905 -0.67161 0
    outer loop
      vertex 1.20208 -18.7979 10
      vertex 1.31412 -18.9215 0
      vertex 1.31412 -18.9215 10
    endloop
  endfacet
  facet normal -0.941546 0.336883 0
    outer loop
      vertex 1.57059 -20.6506 0
      vertex 1.6268 -20.4935 10
      vertex 1.6268 -20.4935 0
    endloop
  endfacet
  facet normal -0.941546 0.336883 0
    outer loop
      vertex 1.6268 -20.4935 10
      vertex 1.57059 -20.6506 0
      vertex 1.57059 -20.6506 10
    endloop
  endfacet
  facet normal -0.242774 -0.970083 0
    outer loop
      vertex 0.331653 -18.3327 0
      vertex 0.493484 -18.3732 10
      vertex 0.331653 -18.3327 10
    endloop
  endfacet
  facet normal -0.242774 -0.970083 -0
    outer loop
      vertex 0.493484 -18.3732 10
      vertex 0.331653 -18.3327 0
      vertex 0.493484 -18.3732 0
    endloop
  endfacet
  facet normal -0.671448 0.741051 0
    outer loop
      vertex 1.20208 -21.2021 0
      vertex 1.07847 -21.3141 10
      vertex 1.20208 -21.2021 10
    endloop
  endfacet
  facet normal -0.671448 0.741051 0
    outer loop
      vertex 1.07847 -21.3141 10
      vertex 1.20208 -21.2021 0
      vertex 1.07847 -21.3141 0
    endloop
  endfacet
  facet normal -0.740905 0.67161 0
    outer loop
      vertex 1.20208 -21.2021 0
      vertex 1.31412 -21.0785 10
      vertex 1.31412 -21.0785 0
    endloop
  endfacet
  facet normal -0.740905 0.67161 0
    outer loop
      vertex 1.31412 -21.0785 10
      vertex 1.20208 -21.2021 0
      vertex 1.20208 -21.2021 10
    endloop
  endfacet
  facet normal 0.146854 -0.989158 0
    outer loop
      vertex -0.331653 -18.3327 0
      vertex -0.166629 -18.3082 10
      vertex -0.331653 -18.3327 10
    endloop
  endfacet
  facet normal 0.146854 -0.989158 0
    outer loop
      vertex -0.166629 -18.3082 10
      vertex -0.331653 -18.3327 0
      vertex -0.166629 -18.3082 0
    endloop
  endfacet
  facet normal 0.671448 -0.741051 0
    outer loop
      vertex -1.20208 -18.7979 0
      vertex -1.07847 -18.6859 10
      vertex -1.20208 -18.7979 10
    endloop
  endfacet
  facet normal 0.671448 -0.741051 0
    outer loop
      vertex -1.07847 -18.6859 10
      vertex -1.20208 -18.7979 0
      vertex -1.07847 -18.6859 0
    endloop
  endfacet
  facet normal 0.595766 -0.803158 0
    outer loop
      vertex -1.07847 -18.6859 0
      vertex -0.944468 -18.5865 10
      vertex -1.07847 -18.6859 10
    endloop
  endfacet
  facet normal 0.595766 -0.803158 0
    outer loop
      vertex -0.944468 -18.5865 10
      vertex -1.07847 -18.6859 0
      vertex -0.944468 -18.5865 0
    endloop
  endfacet
  facet normal 0.0491516 -0.998791 0
    outer loop
      vertex -0.166629 -18.3082 0
      vertex 0 -18.3 10
      vertex -0.166629 -18.3082 10
    endloop
  endfacet
  facet normal 0.0491516 -0.998791 0
    outer loop
      vertex 0 -18.3 10
      vertex -0.166629 -18.3082 0
      vertex 0 -18.3 0
    endloop
  endfacet
  facet normal 0.803211 -0.595695 0
    outer loop
      vertex -1.4135 -19.0555 10
      vertex -1.31412 -18.9215 0
      vertex -1.31412 -18.9215 10
    endloop
  endfacet
  facet normal 0.803211 -0.595695 0
    outer loop
      vertex -1.31412 -18.9215 0
      vertex -1.4135 -19.0555 10
      vertex -1.4135 -19.0555 0
    endloop
  endfacet
  facet normal 0.740905 -0.67161 0
    outer loop
      vertex -1.31412 -18.9215 10
      vertex -1.20208 -18.7979 0
      vertex -1.20208 -18.7979 10
    endloop
  endfacet
  facet normal 0.740905 -0.67161 0
    outer loop
      vertex -1.20208 -18.7979 0
      vertex -1.31412 -18.9215 10
      vertex -1.31412 -18.9215 0
    endloop
  endfacet
  facet normal -0.595766 -0.803158 0
    outer loop
      vertex 0.944468 -18.5865 0
      vertex 1.07847 -18.6859 10
      vertex 0.944468 -18.5865 10
    endloop
  endfacet
  facet normal -0.595766 -0.803158 -0
    outer loop
      vertex 1.07847 -18.6859 10
      vertex 0.944468 -18.5865 0
      vertex 1.07847 -18.6859 0
    endloop
  endfacet
  facet normal -0.514247 -0.857642 0
    outer loop
      vertex 0.801374 -18.5007 0
      vertex 0.944468 -18.5865 10
      vertex 0.801374 -18.5007 10
    endloop
  endfacet
  facet normal -0.514247 -0.857642 -0
    outer loop
      vertex 0.944468 -18.5865 10
      vertex 0.801374 -18.5007 0
      vertex 0.944468 -18.5865 0
    endloop
  endfacet
  facet normal 0.998794 -0.0491004 0
    outer loop
      vertex -1.7 -20 10
      vertex -1.69181 -19.8334 0
      vertex -1.69181 -19.8334 10
    endloop
  endfacet
  facet normal 0.998794 -0.0491004 0
    outer loop
      vertex -1.69181 -19.8334 0
      vertex -1.7 -20 10
      vertex -1.7 -20 0
    endloop
  endfacet
  facet normal 0.989185 -0.14667 0
    outer loop
      vertex -1.69181 -19.8334 10
      vertex -1.66733 -19.6683 0
      vertex -1.66733 -19.6683 10
    endloop
  endfacet
  facet normal 0.989185 -0.14667 0
    outer loop
      vertex -1.66733 -19.6683 0
      vertex -1.69181 -19.8334 10
      vertex -1.69181 -19.8334 0
    endloop
  endfacet
  facet normal -0.0491516 -0.998791 0
    outer loop
      vertex 0 -18.3 0
      vertex 0.166629 -18.3082 10
      vertex 0 -18.3 10
    endloop
  endfacet
  facet normal -0.0491516 -0.998791 -0
    outer loop
      vertex 0.166629 -18.3082 10
      vertex 0 -18.3 0
      vertex 0.166629 -18.3082 0
    endloop
  endfacet
  facet normal 0.941546 -0.336883 0
    outer loop
      vertex -1.6268 -19.5065 10
      vertex -1.57059 -19.3494 0
      vertex -1.57059 -19.3494 10
    endloop
  endfacet
  facet normal 0.941546 -0.336883 0
    outer loop
      vertex -1.57059 -19.3494 0
      vertex -1.6268 -19.5065 10
      vertex -1.6268 -19.5065 0
    endloop
  endfacet
  facet normal 0.671448 0.741051 -0
    outer loop
      vertex -1.07847 -21.3141 0
      vertex -1.20208 -21.2021 10
      vertex -1.07847 -21.3141 10
    endloop
  endfacet
  facet normal 0.671448 0.741051 0
    outer loop
      vertex -1.20208 -21.2021 10
      vertex -1.07847 -21.3141 0
      vertex -1.20208 -21.2021 0
    endloop
  endfacet
  facet normal 0.740905 0.67161 0
    outer loop
      vertex -1.20208 -21.2021 10
      vertex -1.31412 -21.0785 0
      vertex -1.31412 -21.0785 10
    endloop
  endfacet
  facet normal 0.740905 0.67161 0
    outer loop
      vertex -1.31412 -21.0785 0
      vertex -1.20208 -21.2021 10
      vertex -1.20208 -21.2021 0
    endloop
  endfacet
  facet normal 0.146736 0.989176 -0
    outer loop
      vertex -0.588102 -5.97111 0
      vertex -1.17054 -5.88471 10
      vertex -0.588102 -5.97111 10
    endloop
  endfacet
  facet normal 0.146736 0.989176 0
    outer loop
      vertex -1.17054 -5.88471 10
      vertex -0.588102 -5.97111 0
      vertex -1.17054 -5.88471 0
    endloop
  endfacet
  facet normal 0.671558 0.740952 -0
    outer loop
      vertex -3.80636 -4.63806 0
      vertex -4.24264 -4.24264 10
      vertex -3.80636 -4.63806 10
    endloop
  endfacet
  facet normal 0.671558 0.740952 0
    outer loop
      vertex -4.24264 -4.24264 10
      vertex -3.80636 -4.63806 0
      vertex -4.24264 -4.24264 0
    endloop
  endfacet
  facet normal -0.857728 0.514104 0
    outer loop
      vertex 4.98882 -3.33342 0
      vertex 5.29153 -2.82838 10
      vertex 5.29153 -2.82838 0
    endloop
  endfacet
  facet normal -0.857728 0.514104 0
    outer loop
      vertex 5.29153 -2.82838 10
      vertex 4.98882 -3.33342 0
      vertex 4.98882 -3.33342 10
    endloop
  endfacet
  facet normal -0.989176 -0.146736 0
    outer loop
      vertex 5.97111 0.588102 0
      vertex 5.88471 1.17054 10.01
      vertex 5.88471 1.17054 0
    endloop
  endfacet
  facet normal -0.989176 -0.146736 0
    outer loop
      vertex 5.88471 1.17054 10.01
      vertex 5.97111 0.588102 0
      vertex 5.97111 0.588102 10.01
    endloop
  endfacet
  facet normal -0.146736 0.989176 0
    outer loop
      vertex 1.17054 -5.88471 0
      vertex 0.588102 -5.97111 10
      vertex 1.17054 -5.88471 10
    endloop
  endfacet
  facet normal -0.146736 0.989176 0
    outer loop
      vertex 0.588102 -5.97111 10
      vertex 1.17054 -5.88471 0
      vertex 0.588102 -5.97111 0
    endloop
  endfacet
  facet normal 0.941546 0.336884 0
    outer loop
      vertex -5.54328 -2.2961 10
      vertex -5.74164 -1.74171 0
      vertex -5.74164 -1.74171 10
    endloop
  endfacet
  facet normal 0.941546 0.336884 0
    outer loop
      vertex -5.74164 -1.74171 0
      vertex -5.54328 -2.2961 10
      vertex -5.54328 -2.2961 0
    endloop
  endfacet
  facet normal 0.049065 0.998796 -0
    outer loop
      vertex 0 -6 0
      vertex -0.588102 -5.97111 10
      vertex 0 -6 10
    endloop
  endfacet
  facet normal 0.049065 0.998796 0
    outer loop
      vertex -0.588102 -5.97111 10
      vertex 0 -6 0
      vertex -0.588102 -5.97111 0
    endloop
  endfacet
  facet normal 0.336884 0.941546 -0
    outer loop
      vertex -1.74171 -5.74164 0
      vertex -2.2961 -5.54328 10
      vertex -1.74171 -5.74164 10
    endloop
  endfacet
  facet normal 0.336884 0.941546 0
    outer loop
      vertex -2.2961 -5.54328 10
      vertex -1.74171 -5.74164 0
      vertex -2.2961 -5.54328 0
    endloop
  endfacet
  facet normal 0.336884 -0.941546 0
    outer loop
      vertex -2.2961 5.54328 0
      vertex -1.74171 5.74164 10.01
      vertex -2.2961 5.54328 10.01
    endloop
  endfacet
  facet normal 0.336884 -0.941546 0
    outer loop
      vertex -1.74171 5.74164 10.01
      vertex -2.2961 5.54328 0
      vertex -1.74171 5.74164 0
    endloop
  endfacet
  facet normal 0.242979 -0.970032 0
    outer loop
      vertex -1.74171 5.74164 0
      vertex -1.17054 5.88471 10.01
      vertex -1.74171 5.74164 10.01
    endloop
  endfacet
  facet normal 0.242979 -0.970032 0
    outer loop
      vertex -1.17054 5.88471 10.01
      vertex -1.74171 5.74164 0
      vertex -1.17054 5.88471 0
    endloop
  endfacet
  facet normal 0.427556 0.903989 -0
    outer loop
      vertex -2.2961 -5.54328 0
      vertex -2.82838 -5.29153 10
      vertex -2.2961 -5.54328 10
    endloop
  endfacet
  facet normal 0.427556 0.903989 0
    outer loop
      vertex -2.82838 -5.29153 10
      vertex -2.2961 -5.54328 0
      vertex -2.82838 -5.29153 0
    endloop
  endfacet
  facet normal 0 0 -1
    outer loop
      vertex 6 0 10.01
      vertex 5.88471 1.17054 10.01
      vertex 5.97111 0.588102 10.01
    endloop
  endfacet
  facet normal 0 0 -1
    outer loop
      vertex 6 0 10.01
      vertex 5.74164 1.74171 10.01
      vertex 5.88471 1.17054 10.01
    endloop
  endfacet
  facet normal 0 0 -1
    outer loop
      vertex 6 0 10.01
      vertex 5.54328 2.2961 10.01
      vertex 5.74164 1.74171 10.01
    endloop
  endfacet
  facet normal 0 0 -1
    outer loop
      vertex 6 0 10.01
      vertex 5.29153 2.82838 10.01
      vertex 5.54328 2.2961 10.01
    endloop
  endfacet
  facet normal 0 0 -1
    outer loop
      vertex 6 0 10.01
      vertex 4.98882 3.33342 10.01
      vertex 5.29153 2.82838 10.01
    endloop
  endfacet
  facet normal 0 0 -1
    outer loop
      vertex 6 0 10.01
      vertex 4.63806 3.80636 10.01
      vertex 4.98882 3.33342 10.01
    endloop
  endfacet
  facet normal 0 0 -1
    outer loop
      vertex 6 0 10.01
      vertex 4.24264 4.24264 10.01
      vertex 4.63806 3.80636 10.01
    endloop
  endfacet
  facet normal 0 0 -1
    outer loop
      vertex 6 0 10.01
      vertex 3.80636 4.63806 10.01
      vertex 4.24264 4.24264 10.01
    endloop
  endfacet
  facet normal 0 0 -1
    outer loop
      vertex 6 0 10.01
      vertex 3.33342 4.98882 10.01
      vertex 3.80636 4.63806 10.01
    endloop
  endfacet
  facet normal 0 0 -1
    outer loop
      vertex 6 0 10.01
      vertex 2.82838 5.29153 10.01
      vertex 3.33342 4.98882 10.01
    endloop
  endfacet
  facet normal 0 0 -1
    outer loop
      vertex 6 0 10.01
      vertex 2.2961 5.54328 10.01
      vertex 2.82838 5.29153 10.01
    endloop
  endfacet
  facet normal 0 0 -1
    outer loop
      vertex 6 0 10.01
      vertex 1.74171 5.74164 10.01
      vertex 2.2961 5.54328 10.01
    endloop
  endfacet
  facet normal 0 0 -1
    outer loop
      vertex 6 0 10.01
      vertex 1.17054 5.88471 10.01
      vertex 1.74171 5.74164 10.01
    endloop
  endfacet
  facet normal 0 0 -1
    outer loop
      vertex 6 0 10.01
      vertex 0.588102 5.97111 10.01
      vertex 1.17054 5.88471 10.01
    endloop
  endfacet
  facet normal 0 0 -1
    outer loop
      vertex 6 0 10.01
      vertex 0 6 10.01
      vertex 0.588102 5.97111 10.01
    endloop
  endfacet
  facet normal 0 0 -1
    outer loop
      vertex 6 0 10.01
      vertex -0.588102 5.97111 10.01
      vertex 0 6 10.01
    endloop
  endfacet
  facet normal 0 0 -1
    outer loop
      vertex 6 0 10.01
      vertex -1.17054 5.88471 10.01
      vertex -0.588102 5.97111 10.01
    endloop
  endfacet
  facet normal 0 0 -1
    outer loop
      vertex 6 0 10.01
      vertex -1.74171 5.74164 10.01
      vertex -1.17054 5.88471 10.01
    endloop
  endfacet
  facet normal 0 0 -1
    outer loop
      vertex 6 0 10.01
      vertex -2.2961 5.54328 10.01
      vertex -1.74171 5.74164 10.01
    endloop
  endfacet
  facet normal 0 0 -1
    outer loop
      vertex 6 0 10.01
      vertex -2.82838 5.29153 10.01
      vertex -2.2961 5.54328 10.01
    endloop
  endfacet
  facet normal 0 0 -1
    outer loop
      vertex 6 0 10.01
      vertex -3.33342 4.98882 10.01
      vertex -2.82838 5.29153 10.01
    endloop
  endfacet
  facet normal 0 0 -1
    outer loop
      vertex 6 0 10.01
      vertex -3.80636 4.63806 10.01
      vertex -3.33342 4.98882 10.01
    endloop
  endfacet
  facet normal 0 0 -1
    outer loop
      vertex 6 0 10.01
      vertex -4.24264 4.24264 10.01
      vertex -3.80636 4.63806 10.01
    endloop
  endfacet
  facet normal 0 0 -1
    outer loop
      vertex 6 0 10.01
      vertex -4.63806 3.80636 10.01
      vertex -4.24264 4.24264 10.01
    endloop
  endfacet
  facet normal 0 0 -1
    outer loop
      vertex 6 0 10.01
      vertex -4.98882 3.33342 10.01
      vertex -4.63806 3.80636 10.01
    endloop
  endfacet
  facet normal 0 0 -1
    outer loop
      vertex 6 0 10.01
      vertex -5.29153 2.82838 10.01
      vertex -4.98882 3.33342 10.01
    endloop
  endfacet
  facet normal 0 0 -1
    outer loop
      vertex 6 0 10.01
      vertex -5.54328 2.2961 10.01
      vertex -5.29153 2.82838 10.01
    endloop
  endfacet
  facet normal 0 0 -1
    outer loop
      vertex 6 0 10.01
      vertex -5.74164 1.74171 10.01
      vertex -5.54328 2.2961 10.01
    endloop
  endfacet
  facet normal 0 0 -1
    outer loop
      vertex 6 0 10.01
      vertex -5.88471 1.17054 10.01
      vertex -5.74164 1.74171 10.01
    endloop
  endfacet
  facet normal 0 0 -1
    outer loop
      vertex 6 0 10.01
      vertex -5.97111 0.588102 10.01
      vertex -5.88471 1.17054 10.01
    endloop
  endfacet
  facet normal 0 -0 -1
    outer loop
      vertex -5.97111 0.588102 10.01
      vertex 6 0 10.01
      vertex -6 0 10.01
    endloop
  endfacet
  facet normal -0.941546 -0.336884 0
    outer loop
      vertex 5.74164 1.74171 0
      vertex 5.54328 2.2961 10.01
      vertex 5.54328 2.2961 0
    endloop
  endfacet
  facet normal -0.941546 -0.336884 0
    outer loop
      vertex 5.54328 2.2961 10.01
      vertex 5.74164 1.74171 0
      vertex 5.74164 1.74171 10.01
    endloop
  endfacet
  facet normal -0.857728 -0.514104 0
    outer loop
      vertex 5.29153 2.82838 0
      vertex 4.98882 3.33342 10.01
      vertex 4.98882 3.33342 0
    endloop
  endfacet
  facet normal -0.857728 -0.514104 0
    outer loop
      vertex 4.98882 3.33342 10.01
      vertex 5.29153 2.82838 0
      vertex 5.29153 2.82838 10.01
    endloop
  endfacet
  facet normal 0.989176 -0.146736 0
    outer loop
      vertex -5.97111 0.588102 10.01
      vertex -5.88471 1.17054 0
      vertex -5.88471 1.17054 10.01
    endloop
  endfacet
  facet normal 0.989176 -0.146736 0
    outer loop
      vertex -5.88471 1.17054 0
      vertex -5.97111 0.588102 10.01
      vertex -5.97111 0.588102 0
    endloop
  endfacet
  facet normal 0.803204 -0.595703 0
    outer loop
      vertex -4.98882 3.33342 10.01
      vertex -4.63806 3.80636 0
      vertex -4.63806 3.80636 10.01
    endloop
  endfacet
  facet normal 0.803204 -0.595703 0
    outer loop
      vertex -4.63806 3.80636 0
      vertex -4.98882 3.33342 10.01
      vertex -4.98882 3.33342 0
    endloop
  endfacet
  facet normal -0.903989 -0.427556 0
    outer loop
      vertex 5.54328 2.2961 0
      vertex 5.29153 2.82838 10.01
      vertex 5.29153 2.82838 0
    endloop
  endfacet
  facet normal -0.903989 -0.427556 0
    outer loop
      vertex 5.29153 2.82838 10.01
      vertex 5.54328 2.2961 0
      vertex 5.54328 2.2961 10.01
    endloop
  endfacet
  facet normal -0.998796 -0.049065 -0
    outer loop
      vertex 6 0 10
      vertex 5.97111 0.588102 0
      vertex 6 0 0
    endloop
  endfacet
  facet normal -0.998796 -0.049065 0
    outer loop
      vertex 5.97111 0.588102 0
      vertex 6 0 10
      vertex 5.97111 0.588102 10.01
    endloop
  endfacet
  facet normal -0.998796 -0.049065 0
    outer loop
      vertex 5.97111 0.588102 10.01
      vertex 6 0 10
      vertex 6 0 10.01
    endloop
  endfacet
  facet normal -0.989176 0.146736 0
    outer loop
      vertex 5.88471 -1.17054 0
      vertex 5.97111 -0.588102 10
      vertex 5.97111 -0.588102 0
    endloop
  endfacet
  facet normal -0.989176 0.146736 0
    outer loop
      vertex 5.97111 -0.588102 10
      vertex 5.88471 -1.17054 0
      vertex 5.88471 -1.17054 10
    endloop
  endfacet
  facet normal 0.049065 -0.998796 0
    outer loop
      vertex -0.588102 5.97111 0
      vertex 0 6 10.01
      vertex -0.588102 5.97111 10.01
    endloop
  endfacet
  facet normal 0.049065 -0.998796 0
    outer loop
      vertex 0 6 10.01
      vertex -0.588102 5.97111 0
      vertex 0 6 0
    endloop
  endfacet
  facet normal 0.903989 0.427556 0
    outer loop
      vertex -5.29153 -2.82838 10
      vertex -5.54328 -2.2961 0
      vertex -5.54328 -2.2961 10
    endloop
  endfacet
  facet normal 0.903989 0.427556 0
    outer loop
      vertex -5.54328 -2.2961 0
      vertex -5.29153 -2.82838 10
      vertex -5.29153 -2.82838 0
    endloop
  endfacet
  facet normal -0.998796 0.049065 0
    outer loop
      vertex 5.97111 -0.588102 0
      vertex 6 0 10
      vertex 6 0 0
    endloop
  endfacet
  facet normal -0.998796 0.049065 0
    outer loop
      vertex 6 0 10
      vertex 5.97111 -0.588102 0
      vertex 5.97111 -0.588102 10
    endloop
  endfacet
  facet normal -0.595703 0.803204 0
    outer loop
      vertex 3.80636 -4.63806 0
      vertex 3.33342 -4.98882 10
      vertex 3.80636 -4.63806 10
    endloop
  endfacet
  facet normal -0.595703 0.803204 0
    outer loop
      vertex 3.33342 -4.98882 10
      vertex 3.80636 -4.63806 0
      vertex 3.33342 -4.98882 0
    endloop
  endfacet
  facet normal -0.970032 -0.242979 0
    outer loop
      vertex 5.88471 1.17054 0
      vertex 5.74164 1.74171 10.01
      vertex 5.74164 1.74171 0
    endloop
  endfacet
  facet normal -0.970032 -0.242979 0
    outer loop
      vertex 5.74164 1.74171 10.01
      vertex 5.88471 1.17054 0
      vertex 5.88471 1.17054 10.01
    endloop
  endfacet
  facet normal 0.970032 -0.242979 0
    outer loop
      vertex -5.88471 1.17054 10.01
      vertex -5.74164 1.74171 0
      vertex -5.74164 1.74171 10.01
    endloop
  endfacet
  facet normal 0.970032 -0.242979 0
    outer loop
      vertex -5.74164 1.74171 0
      vertex -5.88471 1.17054 10.01
      vertex -5.88471 1.17054 0
    endloop
  endfacet
  facet normal 0.146736 -0.989176 0
    outer loop
      vertex -1.17054 5.88471 0
      vertex -0.588102 5.97111 10.01
      vertex -1.17054 5.88471 10.01
    endloop
  endfacet
  facet normal 0.146736 -0.989176 0
    outer loop
      vertex -0.588102 5.97111 10.01
      vertex -1.17054 5.88471 0
      vertex -0.588102 5.97111 0
    endloop
  endfacet
  facet normal 0.857728 0.514104 0
    outer loop
      vertex -4.98882 -3.33342 10
      vertex -5.29153 -2.82838 0
      vertex -5.29153 -2.82838 10
    endloop
  endfacet
  facet normal 0.857728 0.514104 0
    outer loop
      vertex -5.29153 -2.82838 0
      vertex -4.98882 -3.33342 10
      vertex -4.98882 -3.33342 0
    endloop
  endfacet
  facet normal -0.514104 0.857728 0
    outer loop
      vertex 3.33342 -4.98882 0
      vertex 2.82838 -5.29153 10
      vertex 3.33342 -4.98882 10
    endloop
  endfacet
  facet normal -0.514104 0.857728 0
    outer loop
      vertex 2.82838 -5.29153 10
      vertex 3.33342 -4.98882 0
      vertex 2.82838 -5.29153 0
    endloop
  endfacet
  facet normal -0.671558 -0.740952 0
    outer loop
      vertex 3.80636 4.63806 0
      vertex 4.24264 4.24264 10.01
      vertex 3.80636 4.63806 10.01
    endloop
  endfacet
  facet normal -0.671558 -0.740952 -0
    outer loop
      vertex 4.24264 4.24264 10.01
      vertex 3.80636 4.63806 0
      vertex 4.24264 4.24264 0
    endloop
  endfacet
  facet normal -0.049065 0.998796 0
    outer loop
      vertex 0.588102 -5.97111 0
      vertex 0 -6 10
      vertex 0.588102 -5.97111 10
    endloop
  endfacet
  facet normal -0.049065 0.998796 0
    outer loop
      vertex 0 -6 10
      vertex 0.588102 -5.97111 0
      vertex 0 -6 0
    endloop
  endfacet
  facet normal 0.595703 -0.803204 0
    outer loop
      vertex -3.80636 4.63806 0
      vertex -3.33342 4.98882 10.01
      vertex -3.80636 4.63806 10.01
    endloop
  endfacet
  facet normal 0.595703 -0.803204 0
    outer loop
      vertex -3.33342 4.98882 10.01
      vertex -3.80636 4.63806 0
      vertex -3.33342 4.98882 0
    endloop
  endfacet
  facet normal 0.427556 -0.903989 0
    outer loop
      vertex -2.82838 5.29153 0
      vertex -2.2961 5.54328 10.01
      vertex -2.82838 5.29153 10.01
    endloop
  endfacet
  facet normal 0.427556 -0.903989 0
    outer loop
      vertex -2.2961 5.54328 10.01
      vertex -2.82838 5.29153 0
      vertex -2.2961 5.54328 0
    endloop
  endfacet
  facet normal -0.427556 -0.903989 0
    outer loop
      vertex 2.2961 5.54328 0
      vertex 2.82838 5.29153 10.01
      vertex 2.2961 5.54328 10.01
    endloop
  endfacet
  facet normal -0.427556 -0.903989 -0
    outer loop
      vertex 2.82838 5.29153 10.01
      vertex 2.2961 5.54328 0
      vertex 2.82838 5.29153 0
    endloop
  endfacet
  facet normal -0.803204 0.595703 0
    outer loop
      vertex 4.63806 -3.80636 0
      vertex 4.98882 -3.33342 10
      vertex 4.98882 -3.33342 0
    endloop
  endfacet
  facet normal -0.803204 0.595703 0
    outer loop
      vertex 4.98882 -3.33342 10
      vertex 4.63806 -3.80636 0
      vertex 4.63806 -3.80636 10
    endloop
  endfacet
  facet normal -0.595703 -0.803204 0
    outer loop
      vertex 3.33342 4.98882 0
      vertex 3.80636 4.63806 10.01
      vertex 3.33342 4.98882 10.01
    endloop
  endfacet
  facet normal -0.595703 -0.803204 -0
    outer loop
      vertex 3.80636 4.63806 10.01
      vertex 3.33342 4.98882 0
      vertex 3.80636 4.63806 0
    endloop
  endfacet
  facet normal 0.514104 -0.857728 0
    outer loop
      vertex -3.33342 4.98882 0
      vertex -2.82838 5.29153 10.01
      vertex -3.33342 4.98882 10.01
    endloop
  endfacet
  facet normal 0.514104 -0.857728 0
    outer loop
      vertex -2.82838 5.29153 10.01
      vertex -3.33342 4.98882 0
      vertex -2.82838 5.29153 0
    endloop
  endfacet
  facet normal -0.242979 0.970032 0
    outer loop
      vertex 1.74171 -5.74164 0
      vertex 1.17054 -5.88471 10
      vertex 1.74171 -5.74164 10
    endloop
  endfacet
  facet normal -0.242979 0.970032 0
    outer loop
      vertex 1.17054 -5.88471 10
      vertex 1.74171 -5.74164 0
      vertex 1.17054 -5.88471 0
    endloop
  endfacet
  facet normal -0.903989 0.427556 0
    outer loop
      vertex 5.29153 -2.82838 0
      vertex 5.54328 -2.2961 10
      vertex 5.54328 -2.2961 0
    endloop
  endfacet
  facet normal -0.903989 0.427556 0
    outer loop
      vertex 5.54328 -2.2961 10
      vertex 5.29153 -2.82838 0
      vertex 5.29153 -2.82838 10
    endloop
  endfacet
  facet normal -0.740952 -0.671558 0
    outer loop
      vertex 4.63806 3.80636 0
      vertex 4.24264 4.24264 10.01
      vertex 4.24264 4.24264 0
    endloop
  endfacet
  facet normal -0.740952 -0.671558 0
    outer loop
      vertex 4.24264 4.24264 10.01
      vertex 4.63806 3.80636 0
      vertex 4.63806 3.80636 10.01
    endloop
  endfacet
  facet normal -0.514104 -0.857728 0
    outer loop
      vertex 2.82838 5.29153 0
      vertex 3.33342 4.98882 10.01
      vertex 2.82838 5.29153 10.01
    endloop
  endfacet
  facet normal -0.514104 -0.857728 -0
    outer loop
      vertex 3.33342 4.98882 10.01
      vertex 2.82838 5.29153 0
      vertex 3.33342 4.98882 0
    endloop
  endfacet
  facet normal 0.671558 -0.740952 0
    outer loop
      vertex -4.24264 4.24264 0
      vertex -3.80636 4.63806 10.01
      vertex -4.24264 4.24264 10.01
    endloop
  endfacet
  facet normal 0.671558 -0.740952 0
    outer loop
      vertex -3.80636 4.63806 10.01
      vertex -4.24264 4.24264 0
      vertex -3.80636 4.63806 0
    endloop
  endfacet
  facet normal 0.740952 -0.671558 0
    outer loop
      vertex -4.63806 3.80636 10.01
      vertex -4.24264 4.24264 0
      vertex -4.24264 4.24264 10.01
    endloop
  endfacet
  facet normal 0.740952 -0.671558 0
    outer loop
      vertex -4.24264 4.24264 0
      vertex -4.63806 3.80636 10.01
      vertex -4.63806 3.80636 0
    endloop
  endfacet
  facet normal 0.998796 0.049065 0
    outer loop
      vertex -5.97111 -0.588102 10
      vertex -6 0 0
      vertex -6 0 10
    endloop
  endfacet
  facet normal 0.998796 0.049065 0
    outer loop
      vertex -6 0 0
      vertex -5.97111 -0.588102 10
      vertex -5.97111 -0.588102 0
    endloop
  endfacet
  facet normal 0.803204 0.595703 0
    outer loop
      vertex -4.63806 -3.80636 10
      vertex -4.98882 -3.33342 0
      vertex -4.98882 -3.33342 10
    endloop
  endfacet
  facet normal 0.803204 0.595703 0
    outer loop
      vertex -4.98882 -3.33342 0
      vertex -4.63806 -3.80636 10
      vertex -4.63806 -3.80636 0
    endloop
  endfacet
  facet normal -0.242979 -0.970032 0
    outer loop
      vertex 1.17054 5.88471 0
      vertex 1.74171 5.74164 10.01
      vertex 1.17054 5.88471 10.01
    endloop
  endfacet
  facet normal -0.242979 -0.970032 -0
    outer loop
      vertex 1.74171 5.74164 10.01
      vertex 1.17054 5.88471 0
      vertex 1.74171 5.74164 0
    endloop
  endfacet
  facet normal -0.049065 -0.998796 0
    outer loop
      vertex 0 6 0
      vertex 0.588102 5.97111 10.01
      vertex 0 6 10.01
    endloop
  endfacet
  facet normal -0.049065 -0.998796 -0
    outer loop
      vertex 0.588102 5.97111 10.01
      vertex 0 6 0
      vertex 0.588102 5.97111 0
    endloop
  endfacet
  facet normal -0.941546 0.336884 0
    outer loop
      vertex 5.54328 -2.2961 0
      vertex 5.74164 -1.74171 10
      vertex 5.74164 -1.74171 0
    endloop
  endfacet
  facet normal -0.941546 0.336884 0
    outer loop
      vertex 5.74164 -1.74171 10
      vertex 5.54328 -2.2961 0
      vertex 5.54328 -2.2961 10
    endloop
  endfacet
  facet normal 0.740952 0.671558 0
    outer loop
      vertex -4.24264 -4.24264 10
      vertex -4.63806 -3.80636 0
      vertex -4.63806 -3.80636 10
    endloop
  endfacet
  facet normal 0.740952 0.671558 0
    outer loop
      vertex -4.63806 -3.80636 0
      vertex -4.24264 -4.24264 10
      vertex -4.24264 -4.24264 0
    endloop
  endfacet
  facet normal 0.998796 -0.049065 0
    outer loop
      vertex -6 0 10
      vertex -5.97111 0.588102 10.01
      vertex -6 0 10.01
    endloop
  endfacet
  facet normal 0.998796 -0.049065 0
    outer loop
      vertex -5.97111 0.588102 10.01
      vertex -6 0 10
      vertex -5.97111 0.588102 0
    endloop
  endfacet
  facet normal 0.998796 -0.049065 0
    outer loop
      vertex -5.97111 0.588102 0
      vertex -6 0 10
      vertex -6 0 0
    endloop
  endfacet
  facet normal 0.970032 0.242979 0
    outer loop
      vertex -5.74164 -1.74171 10
      vertex -5.88471 -1.17054 0
      vertex -5.88471 -1.17054 10
    endloop
  endfacet
  facet normal 0.970032 0.242979 0
    outer loop
      vertex -5.88471 -1.17054 0
      vertex -5.74164 -1.74171 10
      vertex -5.74164 -1.74171 0
    endloop
  endfacet
  facet normal -0.146736 -0.989176 0
    outer loop
      vertex 0.588102 5.97111 0
      vertex 1.17054 5.88471 10.01
      vertex 0.588102 5.97111 10.01
    endloop
  endfacet
  facet normal -0.146736 -0.989176 -0
    outer loop
      vertex 1.17054 5.88471 10.01
      vertex 0.588102 5.97111 0
      vertex 1.17054 5.88471 0
    endloop
  endfacet
  facet normal 0.903989 -0.427556 0
    outer loop
      vertex -5.54328 2.2961 10.01
      vertex -5.29153 2.82838 0
      vertex -5.29153 2.82838 10.01
    endloop
  endfacet
  facet normal 0.903989 -0.427556 0
    outer loop
      vertex -5.29153 2.82838 0
      vertex -5.54328 2.2961 10.01
      vertex -5.54328 2.2961 0
    endloop
  endfacet
  facet normal -0.336884 0.941546 0
    outer loop
      vertex 2.2961 -5.54328 0
      vertex 1.74171 -5.74164 10
      vertex 2.2961 -5.54328 10
    endloop
  endfacet
  facet normal -0.336884 0.941546 0
    outer loop
      vertex 1.74171 -5.74164 10
      vertex 2.2961 -5.54328 0
      vertex 1.74171 -5.74164 0
    endloop
  endfacet
  facet normal -0.970032 0.242979 0
    outer loop
      vertex 5.74164 -1.74171 0
      vertex 5.88471 -1.17054 10
      vertex 5.88471 -1.17054 0
    endloop
  endfacet
  facet normal -0.970032 0.242979 0
    outer loop
      vertex 5.88471 -1.17054 10
      vertex 5.74164 -1.74171 0
      vertex 5.74164 -1.74171 10
    endloop
  endfacet
  facet normal 0.989176 0.146736 0
    outer loop
      vertex -5.88471 -1.17054 10
      vertex -5.97111 -0.588102 0
      vertex -5.97111 -0.588102 10
    endloop
  endfacet
  facet normal 0.989176 0.146736 0
    outer loop
      vertex -5.97111 -0.588102 0
      vertex -5.88471 -1.17054 10
      vertex -5.88471 -1.17054 0
    endloop
  endfacet
  facet normal -0.803204 -0.595703 0
    outer loop
      vertex 4.98882 3.33342 0
      vertex 4.63806 3.80636 10.01
      vertex 4.63806 3.80636 0
    endloop
  endfacet
  facet normal -0.803204 -0.595703 0
    outer loop
      vertex 4.63806 3.80636 10.01
      vertex 4.98882 3.33342 0
      vertex 4.98882 3.33342 10.01
    endloop
  endfacet
  facet normal -0.740952 0.671558 0
    outer loop
      vertex 4.24264 -4.24264 0
      vertex 4.63806 -3.80636 10
      vertex 4.63806 -3.80636 0
    endloop
  endfacet
  facet normal -0.740952 0.671558 0
    outer loop
      vertex 4.63806 -3.80636 10
      vertex 4.24264 -4.24264 0
      vertex 4.24264 -4.24264 10
    endloop
  endfacet
  facet normal 0.595703 0.803204 -0
    outer loop
      vertex -3.33342 -4.98882 0
      vertex -3.80636 -4.63806 10
      vertex -3.33342 -4.98882 10
    endloop
  endfacet
  facet normal 0.595703 0.803204 0
    outer loop
      vertex -3.80636 -4.63806 10
      vertex -3.33342 -4.98882 0
      vertex -3.80636 -4.63806 0
    endloop
  endfacet
  facet normal 0.242979 0.970032 -0
    outer loop
      vertex -1.17054 -5.88471 0
      vertex -1.74171 -5.74164 10
      vertex -1.17054 -5.88471 10
    endloop
  endfacet
  facet normal 0.242979 0.970032 0
    outer loop
      vertex -1.74171 -5.74164 10
      vertex -1.17054 -5.88471 0
      vertex -1.74171 -5.74164 0
    endloop
  endfacet
  facet normal -0.427556 0.903989 0
    outer loop
      vertex 2.82838 -5.29153 0
      vertex 2.2961 -5.54328 10
      vertex 2.82838 -5.29153 10
    endloop
  endfacet
  facet normal -0.427556 0.903989 0
    outer loop
      vertex 2.2961 -5.54328 10
      vertex 2.82838 -5.29153 0
      vertex 2.2961 -5.54328 0
    endloop
  endfacet
  facet normal -0.336884 -0.941546 0
    outer loop
      vertex 1.74171 5.74164 0
      vertex 2.2961 5.54328 10.01
      vertex 1.74171 5.74164 10.01
    endloop
  endfacet
  facet normal -0.336884 -0.941546 -0
    outer loop
      vertex 2.2961 5.54328 10.01
      vertex 1.74171 5.74164 0
      vertex 2.2961 5.54328 0
    endloop
  endfacet
  facet normal 0.857728 -0.514104 0
    outer loop
      vertex -5.29153 2.82838 10.01
      vertex -4.98882 3.33342 0
      vertex -4.98882 3.33342 10.01
    endloop
  endfacet
  facet normal 0.857728 -0.514104 0
    outer loop
      vertex -4.98882 3.33342 0
      vertex -5.29153 2.82838 10.01
      vertex -5.29153 2.82838 0
    endloop
  endfacet
  facet normal 0.941546 -0.336884 0
    outer loop
      vertex -5.74164 1.74171 10.01
      vertex -5.54328 2.2961 0
      vertex -5.54328 2.2961 10.01
    endloop
  endfacet
  facet normal 0.941546 -0.336884 0
    outer loop
      vertex -5.54328 2.2961 0
      vertex -5.74164 1.74171 10.01
      vertex -5.74164 1.74171 0
    endloop
  endfacet
  facet normal 0.514104 0.857728 -0
    outer loop
      vertex -2.82838 -5.29153 0
      vertex -3.33342 -4.98882 10
      vertex -2.82838 -5.29153 10
    endloop
  endfacet
  facet normal 0.514104 0.857728 0
    outer loop
      vertex -3.33342 -4.98882 10
      vertex -2.82838 -5.29153 0
      vertex -3.33342 -4.98882 0
    endloop
  endfacet
  facet normal -0.671558 0.740952 0
    outer loop
      vertex 4.24264 -4.24264 0
      vertex 3.80636 -4.63806 10
      vertex 4.24264 -4.24264 10
    endloop
  endfacet
  facet normal -0.671558 0.740952 0
    outer loop
      vertex 3.80636 -4.63806 10
      vertex 4.24264 -4.24264 0
      vertex 3.80636 -4.63806 0
    endloop
  endfacet
endsolid OpenSCAD_Model
